{
"type": "FeatureCollection",
"name": "kc_tracts",
"crs": { "type": "name", "properties": { "name": "urn:ogc:def:crs:EPSG::4269" } },
"features": [
{ "type": "Feature", "properties": { "GEOID": "29095013704", "NAME": "Census Tract 137.04, Jackson County, Missouri", "pop": 6023.0, "income": 73750.0, "rent": 988.0, "home_value": 179900.0, "vacancy_rate": 0.0396, "ami_60": 49620.0, "below_60_ami": 0, "PovertyRate": 8.4, "LILATracts_1And10": 0.0, "lapop1share": "5.17", "LATracts_half": 1.0, "TractHUNV": 93.0, "TractSNAP": 104.0, "snap_pct": 0.0173, "hunv_pct": 0.0154 }, "geometry": { "type": "MultiPolygon", "coordinates": [ [ [ [ -94.414269, 38.902947 ], [ -94.414783, 38.904584 ], [ -94.413818, 38.907593 ], [ -94.413527, 38.911908 ], [ -94.404291, 38.911516 ], [ -94.395898, 38.911316 ], [ -94.393802, 38.911275 ], [ -94.391948, 38.909715 ], [ -94.380244, 38.903873 ], [ -94.377123, 38.903122 ], [ -94.376672, 38.902085 ], [ -94.375885, 38.900105 ], [ -94.375275, 38.896111 ], [ -94.37348, 38.892635 ], [ -94.373219, 38.891738 ], [ -94.373694, 38.88088 ], [ -94.374965, 38.881154 ], [ -94.376885, 38.881125 ], [ -94.378409, 38.879994 ], [ -94.377817, 38.888919 ], [ -94.396553, 38.889665 ], [ -94.399275, 38.889577 ], [ -94.414986, 38.890151 ], [ -94.414269, 38.902947 ] ] ] ] } },
{ "type": "Feature", "properties": { "GEOID": "29095012804", "NAME": "Census Tract 128.04, Jackson County, Missouri", "pop": 6087.0, "income": 44947.0, "rent": 1095.0, "home_value": 103300.0, "vacancy_rate": 0.0465, "ami_60": 49620.0, "below_60_ami": 1, "PovertyRate": 18.1, "LILATracts_1And10": 1.0, "lapop1share": "48.74", "LATracts_half": 1.0, "TractHUNV": 67.0, "TractSNAP": 444.0, "snap_pct": 0.0729, "hunv_pct": 0.011 }, "geometry": { "type": "MultiPolygon", "coordinates": [ [ [ [ -94.495599, 38.969385 ], [ -94.494663, 38.972263 ], [ -94.493056, 38.973661 ], [ -94.485182, 38.980658 ], [ -94.483408, 38.980597 ], [ -94.473078, 38.980131 ], [ -94.472885, 38.980122 ], [ -94.464731, 38.979754 ], [ -94.465054, 38.972415 ], [ -94.465405, 38.965132 ], [ -94.474746, 38.965614 ], [ -94.479396, 38.965827 ], [ -94.481243, 38.965923 ], [ -94.482303, 38.965959 ], [ -94.488127, 38.966143 ], [ -94.488315, 38.966147 ], [ -94.493376, 38.96629 ], [ -94.499009, 38.966403 ], [ -94.495599, 38.969385 ] ] ] ] } },
{ "type": "Feature", "properties": { "GEOID": "29095016600", "NAME": "Census Tract 166, Jackson County, Missouri", "pop": 1396.0, "income": 26944.0, "rent": 756.0, "home_value": 46300.0, "vacancy_rate": 0.275, "ami_60": 49620.0, "below_60_ami": 1, "PovertyRate": 29.9, "LILATracts_1And10": 0.0, "lapop1share": "24.04", "LATracts_half": 1.0, "TractHUNV": 180.0, "TractSNAP": 264.0, "snap_pct": 0.1891, "hunv_pct": 0.1289 }, "geometry": { "type": "MultiPolygon", "coordinates": [ [ [ [ -94.562562, 39.077368 ], [ -94.561708, 39.077401 ], [ -94.561346, 39.084641 ], [ -94.552146, 39.084331 ], [ -94.55248, 39.077094 ], [ -94.552639, 39.073808 ], [ -94.552845, 39.069866 ], [ -94.562091, 39.070185 ], [ -94.561854, 39.073791 ], [ -94.562562, 39.077368 ] ] ] ] } },
{ "type": "Feature", "properties": { "GEOID": "29095016400", "NAME": "Census Tract 164, Jackson County, Missouri", "pop": 1696.0, "income": 25795.0, "rent": 845.0, "home_value": 44200.0, "vacancy_rate": 0.311, "ami_60": 49620.0, "below_60_ami": 1, "PovertyRate": 48.0, "LILATracts_1And10": 0.0, "lapop1share": "17.21", "LATracts_half": 1.0, "TractHUNV": 159.0, "TractSNAP": 201.0, "snap_pct": 0.1185, "hunv_pct": 0.0938 }, "geometry": { "type": "MultiPolygon", "coordinates": [ [ [ [ -94.53423, 39.073492 ], [ -94.534101, 39.076482 ], [ -94.528849, 39.07632 ], [ -94.524871, 39.0762 ], [ -94.520262, 39.076063 ], [ -94.515662, 39.075917 ], [ -94.515941, 39.070229 ], [ -94.516, 39.068626 ], [ -94.516457, 39.068669 ], [ -94.51855, 39.068715 ], [ -94.519479, 39.068792 ], [ -94.520247, 39.068831 ], [ -94.52021, 39.068782 ], [ -94.521059, 39.068845 ], [ -94.529831, 39.069125 ], [ -94.534482, 39.069272 ], [ -94.53423, 39.073492 ] ] ] ] } },
{ "type": "Feature", "properties": { "GEOID": "29095003800", "NAME": "Census Tract 38, Jackson County, Missouri", "pop": 1531.0, "income": 30417.0, "rent": 582.0, "home_value": 64500.0, "vacancy_rate": 0.3638, "ami_60": 49620.0, "below_60_ami": 1, "PovertyRate": 17.4, "LILATracts_1And10": 0.0, "lapop1share": "NULL", "LATracts_half": 0.0, "TractHUNV": 175.0, "TractSNAP": 190.0, "snap_pct": 0.1241, "hunv_pct": 0.1143 }, "geometry": { "type": "MultiPolygon", "coordinates": [ [ [ [ -94.552639, 39.073808 ], [ -94.55248, 39.077094 ], [ -94.54327, 39.076773 ], [ -94.543369, 39.074986 ], [ -94.543444, 39.073413 ], [ -94.543626, 39.069558 ], [ -94.54823, 39.069711 ], [ -94.552845, 39.069866 ], [ -94.552639, 39.073808 ] ] ] ] } },
{ "type": "Feature", "properties": { "GEOID": "29095012904", "NAME": "Census Tract 129.04, Jackson County, Missouri", "pop": 2964.0, "income": 63125.0, "rent": 1126.0, "home_value": 110100.0, "vacancy_rate": 0.0711, "ami_60": 49620.0, "below_60_ami": 0, "PovertyRate": 7.4, "LILATracts_1And10": 0.0, "lapop1share": "51.71", "LATracts_half": 1.0, "TractHUNV": 30.0, "TractSNAP": 76.0, "snap_pct": 0.0256, "hunv_pct": 0.0101 }, "geometry": { "type": "MultiPolygon", "coordinates": [ [ [ [ -94.48815, 38.9655 ], [ -94.488127, 38.966143 ], [ -94.482303, 38.965959 ], [ -94.481243, 38.965923 ], [ -94.479396, 38.965827 ], [ -94.474746, 38.965614 ], [ -94.465405, 38.965132 ], [ -94.465428, 38.964631 ], [ -94.466093, 38.950632 ], [ -94.475395, 38.951052 ], [ -94.480074, 38.951263 ], [ -94.484219, 38.951432 ], [ -94.483969, 38.956978 ], [ -94.485071, 38.956929 ], [ -94.486131, 38.958128 ], [ -94.486424, 38.958262 ], [ -94.488448, 38.958471 ], [ -94.48815, 38.9655 ] ] ] ] } },
{ "type": "Feature", "properties": { "GEOID": "29095005602", "NAME": "Census Tract 56.02, Jackson County, Missouri", "pop": 1424.0, "income": 28958.0, "rent": 1021.0, "home_value": 57900.0, "vacancy_rate": 0.3751, "ami_60": 49620.0, "below_60_ami": 1, "PovertyRate": 49.1, "LILATracts_1And10": 0.0, "lapop1share": "NULL", "LATracts_half": 0.0, "TractHUNV": 186.0, "TractSNAP": 271.0, "snap_pct": 0.1903, "hunv_pct": 0.1306 }, "geometry": { "type": "MultiPolygon", "coordinates": [ [ [ [ -94.553203, 39.062627 ], [ -94.548599, 39.062482 ], [ -94.544, 39.062339 ], [ -94.544373, 39.055122 ], [ -94.546711, 39.055222 ], [ -94.548987, 39.055283 ], [ -94.55359, 39.055445 ], [ -94.553203, 39.062627 ] ] ] ] } },
{ "type": "Feature", "properties": { "GEOID": "29095004400", "NAME": "Census Tract 44, Jackson County, Missouri", "pop": 1440.0, "income": 74178.0, "rent": 1302.0, "home_value": 248100.0, "vacancy_rate": 0.0928, "ami_60": 49620.0, "below_60_ami": 0, "PovertyRate": 13.0, "LILATracts_1And10": 0.0, "lapop1share": "38.62", "LATracts_half": 1.0, "TractHUNV": 26.0, "TractSNAP": 5.0, "snap_pct": 0.0035, "hunv_pct": 0.0181 }, "geometry": { "type": "MultiPolygon", "coordinates": [ [ [ [ -94.593932, 39.079211 ], [ -94.59434, 39.080628 ], [ -94.59388, 39.083735 ], [ -94.589208, 39.085337 ], [ -94.589256, 39.08338 ], [ -94.583299, 39.084108 ], [ -94.579924, 39.083895 ], [ -94.578616, 39.081632 ], [ -94.580607, 39.081678 ], [ -94.580826, 39.078089 ], [ -94.579868, 39.076403 ], [ -94.579384, 39.075574 ], [ -94.580043, 39.070835 ], [ -94.58532, 39.071032 ], [ -94.594482, 39.071405 ], [ -94.593932, 39.079211 ] ] ] ] } },
{ "type": "Feature", "properties": { "GEOID": "29095007900", "NAME": "Census Tract 79, Jackson County, Missouri", "pop": 3612.0, "income": 27672.0, "rent": 872.0, "home_value": 59100.0, "vacancy_rate": 0.2379, "ami_60": 49620.0, "below_60_ami": 1, "PovertyRate": 20.4, "LILATracts_1And10": 1.0, "lapop1share": "59.76", "LATracts_half": 1.0, "TractHUNV": 364.0, "TractSNAP": 465.0, "snap_pct": 0.1287, "hunv_pct": 0.1008 }, "geometry": { "type": "MultiPolygon", "coordinates": [ [ [ [ -94.555755, 39.019307 ], [ -94.555166, 39.026535 ], [ -94.547195, 39.026248 ], [ -94.54191, 39.026079 ], [ -94.541361, 39.026059 ], [ -94.536719, 39.025898 ], [ -94.53682, 39.024089 ], [ -94.5369, 39.022646 ], [ -94.537156, 39.018643 ], [ -94.537569, 39.011486 ], [ -94.54126, 39.011691 ], [ -94.542364, 39.011909 ], [ -94.548038, 39.012139 ], [ -94.549193, 39.012191 ], [ -94.556159, 39.012489 ], [ -94.555755, 39.019307 ] ] ] ] } },
{ "type": "Feature", "properties": { "GEOID": "29095012701", "NAME": "Census Tract 127.01, Jackson County, Missouri", "pop": 6771.0, "income": 62331.0, "rent": 867.0, "home_value": 123300.0, "vacancy_rate": 0.0787, "ami_60": 49620.0, "below_60_ami": 0, "PovertyRate": 8.2, "LILATracts_1And10": 0.0, "lapop1share": "3.80", "LATracts_half": 1.0, "TractHUNV": 61.0, "TractSNAP": 292.0, "snap_pct": 0.0431, "hunv_pct": 0.009 }, "geometry": { "type": "MultiPolygon", "coordinates": [ [ [ [ -94.46444, 38.986995 ], [ -94.463781, 39.001035 ], [ -94.462973, 39.006827 ], [ -94.461816, 39.008749 ], [ -94.444882, 39.007955 ], [ -94.44417, 39.007796 ], [ -94.444289, 39.005521 ], [ -94.44443, 39.000576 ], [ -94.444965, 38.990553 ], [ -94.445253, 38.989222 ], [ -94.445273, 38.98712 ], [ -94.442636, 38.986714 ], [ -94.440341, 38.986616 ], [ -94.441106, 38.970473 ], [ -94.442148, 38.971548 ], [ -94.446442, 38.975885 ], [ -94.447817, 38.976774 ], [ -94.45997, 38.982437 ], [ -94.463159, 38.98488 ], [ -94.464462, 38.986453 ], [ -94.46444, 38.986995 ] ] ] ] } },
{ "type": "Feature", "properties": { "GEOID": "29095002000", "NAME": "Census Tract 20, Jackson County, Missouri", "pop": 2443.0, "income": 40335.0, "rent": 864.0, "home_value": 44300.0, "vacancy_rate": 0.22, "ami_60": 49620.0, "below_60_ami": 1, "PovertyRate": 38.7, "LILATracts_1And10": 0.0, "lapop1share": "0.31", "LATracts_half": 1.0, "TractHUNV": 68.0, "TractSNAP": 211.0, "snap_pct": 0.0864, "hunv_pct": 0.0278 }, "geometry": { "type": "MultiPolygon", "coordinates": [ [ [ [ -94.514419, 39.101285 ], [ -94.514454, 39.101287 ], [ -94.511288, 39.103138 ], [ -94.511209, 39.104926 ], [ -94.488102, 39.104092 ], [ -94.487396, 39.104364 ], [ -94.48619, 39.103958 ], [ -94.486269, 39.102753 ], [ -94.486918, 39.10009 ], [ -94.487816, 39.096965 ], [ -94.487883, 39.095864 ], [ -94.488165, 39.095934 ], [ -94.491468, 39.096911 ], [ -94.500824, 39.097247 ], [ -94.503135, 39.097311 ], [ -94.509993, 39.097492 ], [ -94.514563, 39.097597 ], [ -94.514419, 39.101285 ] ] ] ] } },
{ "type": "Feature", "properties": { "GEOID": "29095000700", "NAME": "Census Tract 7, Jackson County, Missouri", "pop": 3469.0, "income": 38571.0, "rent": 809.0, "home_value": 64900.0, "vacancy_rate": 0.1899, "ami_60": 49620.0, "below_60_ami": 1, "PovertyRate": 18.6, "LILATracts_1And10": 0.0, "lapop1share": "NULL", "LATracts_half": 0.0, "TractHUNV": 147.0, "TractSNAP": 278.0, "snap_pct": 0.0801, "hunv_pct": 0.0424 }, "geometry": { "type": "MultiPolygon", "coordinates": [ [ [ [ -94.528186, 39.109143 ], [ -94.527989, 39.112775 ], [ -94.527709, 39.118227 ], [ -94.527449, 39.12004 ], [ -94.518209, 39.120063 ], [ -94.518318, 39.118645 ], [ -94.518686, 39.11247 ], [ -94.518905, 39.108846 ], [ -94.519107, 39.105208 ], [ -94.52799, 39.105529 ], [ -94.528375, 39.105544 ], [ -94.528186, 39.109143 ] ] ] ] } },
{ "type": "Feature", "properties": { "GEOID": "29095001100", "NAME": "Census Tract 11, Jackson County, Missouri", "pop": 1744.0, "income": 42760.0, "rent": 996.0, "home_value": 142500.0, "vacancy_rate": 0.1828, "ami_60": 49620.0, "below_60_ami": 1, "PovertyRate": 23.2, "LILATracts_1And10": 0.0, "lapop1share": "NULL", "LATracts_half": 0.0, "TractHUNV": 252.0, "TractSNAP": 97.0, "snap_pct": 0.0556, "hunv_pct": 0.1445 }, "geometry": { "type": "MultiPolygon", "coordinates": [ [ [ [ -94.594761, 39.102455 ], [ -94.594291, 39.103751 ], [ -94.593434, 39.105198 ], [ -94.591916, 39.10668 ], [ -94.588226, 39.10688 ], [ -94.58832, 39.102389 ], [ -94.588599, 39.096242 ], [ -94.588602, 39.096171 ], [ -94.591961, 39.095794 ], [ -94.596521, 39.09698 ], [ -94.594761, 39.102455 ] ] ] ] } },
{ "type": "Feature", "properties": { "GEOID": "29095007200", "NAME": "Census Tract 72, Jackson County, Missouri", "pop": 1918.0, "income": 113000.0, "rent": 1547.0, "home_value": 458800.0, "vacancy_rate": 0.1254, "ami_60": 49620.0, "below_60_ami": 0, "PovertyRate": 4.4, "LILATracts_1And10": 0.0, "lapop1share": "NULL", "LATracts_half": 1.0, "TractHUNV": 16.0, "TractSNAP": 0.0, "snap_pct": 0.0, "hunv_pct": 0.0083 }, "geometry": { "type": "MultiPolygon", "coordinates": [ [ [ [ -94.607691961467097, 39.030774862574098 ], [ -94.607658132125707, 39.033355057199003 ], [ -94.607646846178497, 39.034215846656593 ], [ -94.6076467216309, 39.034225346012995 ], [ -94.607610761586798, 39.036968051266804 ], [ -94.607560102038789, 39.040831901045394 ], [ -94.607534039453995, 39.042819718079102 ], [ -94.598526, 39.042537 ], [ -94.598718, 39.039194 ], [ -94.598753, 39.03829 ], [ -94.591657, 39.039861 ], [ -94.591726, 39.038685 ], [ -94.592004, 39.03418 ], [ -94.592367, 39.027833 ], [ -94.607723805593196, 39.028346082125296 ], [ -94.607691961467097, 39.030774862574098 ] ] ] ] } },
{ "type": "Feature", "properties": { "GEOID": "29095014603", "NAME": "Census Tract 146.03, Jackson County, Missouri", "pop": 3597.0, "income": 69919.0, "rent": 1164.0, "home_value": 123000.0, "vacancy_rate": 0.0662, "ami_60": 49620.0, "below_60_ami": 0, "PovertyRate": 5.6, "LILATracts_1And10": 0.0, "lapop1share": "28.36", "LATracts_half": 1.0, "TractHUNV": 57.0, "TractSNAP": 103.0, "snap_pct": 0.0286, "hunv_pct": 0.0158 }, "geometry": { "type": "MultiPolygon", "coordinates": [ [ [ [ -94.391552, 39.060117 ], [ -94.39134, 39.064872 ], [ -94.389074, 39.064838 ], [ -94.388465, 39.063203 ], [ -94.386902, 39.063168 ], [ -94.385508, 39.064359 ], [ -94.38591, 39.065755 ], [ -94.380073, 39.062662 ], [ -94.37758, 39.063425 ], [ -94.378686, 39.06156 ], [ -94.383043, 39.060152 ], [ -94.384695, 39.058568 ], [ -94.380847, 39.058769 ], [ -94.380159, 39.057931 ], [ -94.37996, 39.057659 ], [ -94.379425, 39.056048 ], [ -94.377688, 39.055889 ], [ -94.377756, 39.054058 ], [ -94.374824, 39.053995 ], [ -94.373602, 39.053332 ], [ -94.372735, 39.050498 ], [ -94.373109, 39.043213 ], [ -94.381289, 39.044317 ], [ -94.387435, 39.044802 ], [ -94.387236, 39.0489 ], [ -94.387203, 39.050449 ], [ -94.387176, 39.051716 ], [ -94.387168, 39.054644 ], [ -94.387451, 39.055206 ], [ -94.388262, 39.05585 ], [ -94.390922, 39.056745 ], [ -94.391524, 39.05753 ], [ -94.391552, 39.060117 ] ] ] ] } },
{ "type": "Feature", "properties": { "GEOID": "29095013100", "NAME": "Census Tract 131, Jackson County, Missouri", "pop": 2454.0, "income": 46016.0, "rent": 1018.0, "home_value": 86200.0, "vacancy_rate": 0.176, "ami_60": 49620.0, "below_60_ami": 1, "PovertyRate": 17.5, "LILATracts_1And10": 0.0, "lapop1share": "0.00", "LATracts_half": 1.0, "TractHUNV": 118.0, "TractSNAP": 137.0, "snap_pct": 0.0558, "hunv_pct": 0.0481 }, "geometry": { "type": "MultiPolygon", "coordinates": [ [ [ [ -94.529986, 38.93362 ], [ -94.526152, 38.932269 ], [ -94.522804, 38.933 ], [ -94.520236, 38.933844 ], [ -94.510446, 38.938442 ], [ -94.508596, 38.938722 ], [ -94.508636, 38.937846 ], [ -94.507737, 38.930535 ], [ -94.507726, 38.929677 ], [ -94.508141, 38.926396 ], [ -94.509309, 38.922436 ], [ -94.511429, 38.917202 ], [ -94.513293, 38.915457 ], [ -94.522932, 38.908822 ], [ -94.523691, 38.908897 ], [ -94.523868, 38.909368 ], [ -94.524109, 38.91083 ], [ -94.527827, 38.918242 ], [ -94.528008, 38.919655 ], [ -94.527881, 38.924236 ], [ -94.528054, 38.930684 ], [ -94.529986, 38.93362 ] ] ] ] } },
{ "type": "Feature", "properties": { "GEOID": "29095017300", "NAME": "Census Tract 173, Jackson County, Missouri", "pop": 3431.0, "income": 82692.0, "rent": 1101.0, "home_value": 184100.0, "vacancy_rate": 0.0494, "ami_60": 49620.0, "below_60_ami": 0, "PovertyRate": 2.7, "LILATracts_1And10": 0.0, "lapop1share": "0.81", "LATracts_half": 1.0, "TractHUNV": 26.0, "TractSNAP": 9.0, "snap_pct": 0.0026, "hunv_pct": 0.0076 }, "geometry": { "type": "MultiPolygon", "coordinates": [ [ [ [ -94.596863, 38.936701 ], [ -94.596676, 38.940298 ], [ -94.594152, 38.940648 ], [ -94.582817, 38.940393 ], [ -94.582644, 38.940386 ], [ -94.567702, 38.939695 ], [ -94.56898, 38.9355 ], [ -94.570228, 38.933245 ], [ -94.571978, 38.930438 ], [ -94.572203, 38.92999 ], [ -94.573115, 38.927571 ], [ -94.573498, 38.925363 ], [ -94.574238, 38.918149 ], [ -94.583916, 38.918577 ], [ -94.583691, 38.921261 ], [ -94.588788, 38.921596 ], [ -94.589868, 38.920832 ], [ -94.590003, 38.918847 ], [ -94.590126, 38.917794 ], [ -94.593296, 38.916353 ], [ -94.593086, 38.919191 ], [ -94.593008, 38.919938 ], [ -94.592513, 38.926407 ], [ -94.595985, 38.933204 ], [ -94.596919, 38.935347 ], [ -94.596863, 38.936701 ] ] ] ] } },
{ "type": "Feature", "properties": { "GEOID": "29095014006", "NAME": "Census Tract 140.06, Jackson County, Missouri", "pop": 6307.0, "income": 79254.0, "rent": 1032.0, "home_value": 170800.0, "vacancy_rate": 0.0295, "ami_60": 49620.0, "below_60_ami": 0, "PovertyRate": 7.8, "LILATracts_1And10": 0.0, "lapop1share": "98.46", "LATracts_half": 1.0, "TractHUNV": 66.0, "TractSNAP": 87.0, "snap_pct": 0.0138, "hunv_pct": 0.0105 }, "geometry": { "type": "MultiPolygon", "coordinates": [ [ [ [ -94.22709, 38.989767 ], [ -94.226927, 38.993382 ], [ -94.226781, 38.996551 ], [ -94.226583, 39.000519 ], [ -94.226278, 39.007315 ], [ -94.226203, 39.008702 ], [ -94.219366, 39.008492 ], [ -94.213643, 39.010793 ], [ -94.207708, 39.010615 ], [ -94.198409, 39.01037 ], [ -94.198468, 39.007567 ], [ -94.198797, 38.997883 ], [ -94.199039, 38.992414 ], [ -94.199563, 38.981035 ], [ -94.203745, 38.981689 ], [ -94.213493, 38.982175 ], [ -94.213828, 38.98574 ], [ -94.222541, 38.986052 ], [ -94.222708, 38.986974 ], [ -94.227192, 38.987093 ], [ -94.22709, 38.989767 ] ] ] ] } },
{ "type": "Feature", "properties": { "GEOID": "29095013504", "NAME": "Census Tract 135.04, Jackson County, Missouri", "pop": 3512.0, "income": 98050.0, "rent": 1289.0, "home_value": 256300.0, "vacancy_rate": 0.0, "ami_60": 49620.0, "below_60_ami": 0, "PovertyRate": 4.9, "LILATracts_1And10": 0.0, "lapop1share": "64.35", "LATracts_half": 0.0, "TractHUNV": 9.0, "TractSNAP": 0.0, "snap_pct": 0.0, "hunv_pct": 0.0026 }, "geometry": { "type": "MultiPolygon", "coordinates": [ [ [ [ -94.481609, 38.863282 ], [ -94.481511, 38.864765 ], [ -94.481236, 38.867487 ], [ -94.476706, 38.87261 ], [ -94.476418, 38.874016 ], [ -94.470468, 38.873799 ], [ -94.462546, 38.873497 ], [ -94.462697, 38.87025 ], [ -94.434988, 38.868849 ], [ -94.432351, 38.868849 ], [ -94.429605, 38.868753 ], [ -94.416284, 38.868404 ], [ -94.414986, 38.890151 ], [ -94.399275, 38.889577 ], [ -94.396553, 38.889665 ], [ -94.377817, 38.888919 ], [ -94.378409, 38.879994 ], [ -94.376885, 38.881125 ], [ -94.374965, 38.881154 ], [ -94.373694, 38.88088 ], [ -94.371447, 38.880836 ], [ -94.370914, 38.882604 ], [ -94.351853, 38.870287 ], [ -94.350463, 38.869045 ], [ -94.348823, 38.866296 ], [ -94.360899, 38.866553 ], [ -94.361222, 38.85208 ], [ -94.37562, 38.852567 ], [ -94.395042, 38.85317 ], [ -94.398681, 38.853232 ], [ -94.417199, 38.853682 ], [ -94.430077, 38.854035 ], [ -94.435742, 38.854178 ], [ -94.480297, 38.856008 ], [ -94.482084, 38.855595 ], [ -94.481609, 38.863282 ] ] ] ] } },
{ "type": "Feature", "properties": { "GEOID": "29095013410", "NAME": "Census Tract 134.10, Jackson County, Missouri", "pop": 3663.0, "income": 44055.0, "rent": 857.0, "home_value": 61700.0, "vacancy_rate": 0.1558, "ami_60": 49620.0, "below_60_ami": 1, "PovertyRate": 13.3, "LILATracts_1And10": 1.0, "lapop1share": "100.00", "LATracts_half": 1.0, "TractHUNV": 132.0, "TractSNAP": 287.0, "snap_pct": 0.0784, "hunv_pct": 0.036 }, "geometry": { "type": "MultiPolygon", "coordinates": [ [ [ [ -94.528767, 38.854117 ], [ -94.528074, 38.857931 ], [ -94.525077, 38.858064 ], [ -94.512736, 38.857506 ], [ -94.51001, 38.857011 ], [ -94.493322, 38.856384 ], [ -94.4913, 38.855847 ], [ -94.49213, 38.841707 ], [ -94.50673, 38.842407 ], [ -94.509068, 38.842302 ], [ -94.510121, 38.842464 ], [ -94.526849, 38.843281 ], [ -94.529564, 38.843652 ], [ -94.528767, 38.854117 ] ] ] ] } },
{ "type": "Feature", "properties": { "GEOID": "29095016100", "NAME": "Census Tract 161, Jackson County, Missouri", "pop": 2134.0, "income": 38170.0, "rent": 695.0, "home_value": 160200.0, "vacancy_rate": 0.1532, "ami_60": 49620.0, "below_60_ami": 1, "PovertyRate": 26.4, "LILATracts_1And10": 0.0, "lapop1share": "10.26", "LATracts_half": 1.0, "TractHUNV": 243.0, "TractSNAP": 216.0, "snap_pct": 0.1012, "hunv_pct": 0.1139 }, "geometry": { "type": "MultiPolygon", "coordinates": [ [ [ [ -94.570396, 39.085821 ], [ -94.570163, 39.08637 ], [ -94.570106, 39.086562 ], [ -94.570074, 39.08681 ], [ -94.570084, 39.087046 ], [ -94.570164, 39.087349 ], [ -94.570409, 39.088234 ], [ -94.570273, 39.09137 ], [ -94.569998, 39.096142 ], [ -94.560796, 39.095882 ], [ -94.560651, 39.099107 ], [ -94.559599, 39.099141 ], [ -94.551413, 39.098848 ], [ -94.551811, 39.090807 ], [ -94.552135, 39.084558 ], [ -94.552146, 39.084331 ], [ -94.561346, 39.084641 ], [ -94.561317, 39.085113 ], [ -94.565818, 39.08479 ], [ -94.570583, 39.084957 ], [ -94.570396, 39.085821 ] ] ] ] } },
{ "type": "Feature", "properties": { "GEOID": "29095000600", "NAME": "Census Tract 6, Jackson County, Missouri", "pop": 4402.0, "income": 35280.0, "rent": 809.0, "home_value": 42800.0, "vacancy_rate": 0.2525, "ami_60": 49620.0, "below_60_ami": 1, "PovertyRate": 30.6, "LILATracts_1And10": 0.0, "lapop1share": "NULL", "LATracts_half": 1.0, "TractHUNV": 125.0, "TractSNAP": 363.0, "snap_pct": 0.0825, "hunv_pct": 0.0284 }, "geometry": { "type": "MultiPolygon", "coordinates": [ [ [ [ -94.518905, 39.108846 ], [ -94.518686, 39.11247 ], [ -94.518318, 39.118645 ], [ -94.518209, 39.120063 ], [ -94.509381, 39.119811 ], [ -94.507772, 39.119405 ], [ -94.509187, 39.114672 ], [ -94.509348, 39.112126 ], [ -94.509504, 39.108986 ], [ -94.509931, 39.108454 ], [ -94.510102, 39.106787 ], [ -94.514491, 39.105036 ], [ -94.51874, 39.105194 ], [ -94.519107, 39.105208 ], [ -94.518905, 39.108846 ] ] ] ] } },
{ "type": "Feature", "properties": { "GEOID": "29095008800", "NAME": "Census Tract 88, Jackson County, Missouri", "pop": 3684.0, "income": 37817.0, "rent": 867.0, "home_value": 59300.0, "vacancy_rate": 0.2541, "ami_60": 49620.0, "below_60_ami": 1, "PovertyRate": 30.4, "LILATracts_1And10": 1.0, "lapop1share": "86.73", "LATracts_half": 1.0, "TractHUNV": 386.0, "TractSNAP": 385.0, "snap_pct": 0.1045, "hunv_pct": 0.1048 }, "geometry": { "type": "MultiPolygon", "coordinates": [ [ [ [ -94.556528, 39.005292 ], [ -94.556434, 39.00706 ], [ -94.556159, 39.012489 ], [ -94.549193, 39.012191 ], [ -94.548038, 39.012139 ], [ -94.542364, 39.011909 ], [ -94.542432, 39.007277 ], [ -94.54258, 39.004661 ], [ -94.533241, 39.004238 ], [ -94.533504, 38.996941 ], [ -94.535934, 38.997603 ], [ -94.54288, 38.998307 ], [ -94.543923, 38.997949 ], [ -94.545254, 38.997519 ], [ -94.551084, 38.997776 ], [ -94.556907, 38.998039 ], [ -94.556528, 39.005292 ] ] ] ] } },
{ "type": "Feature", "properties": { "GEOID": "29095000900", "NAME": "Census Tract 9, Jackson County, Missouri", "pop": 2640.0, "income": 33854.0, "rent": 754.0, "home_value": 74300.0, "vacancy_rate": 0.1944, "ami_60": 49620.0, "below_60_ami": 1, "PovertyRate": 43.5, "LILATracts_1And10": 0.0, "lapop1share": "NULL", "LATracts_half": 0.0, "TractHUNV": 167.0, "TractSNAP": 300.0, "snap_pct": 0.1136, "hunv_pct": 0.0633 }, "geometry": { "type": "MultiPolygon", "coordinates": [ [ [ [ -94.548174, 39.110909 ], [ -94.548152, 39.113575 ], [ -94.548026, 39.117348 ], [ -94.548182, 39.118183 ], [ -94.538426, 39.119655 ], [ -94.537194, 39.119739 ], [ -94.535804, 39.119799 ], [ -94.536099, 39.11713 ], [ -94.536104, 39.116119 ], [ -94.537153, 39.115143 ], [ -94.537272, 39.113081 ], [ -94.537526, 39.107659 ], [ -94.537657, 39.105841 ], [ -94.544071, 39.106088 ], [ -94.548484, 39.106223 ], [ -94.548174, 39.110909 ] ] ] ] } },
{ "type": "Feature", "properties": { "GEOID": "29095015400", "NAME": "Census Tract 154, Jackson County, Missouri", "pop": 3900.0, "income": 14701.0, "rent": 638.0, "home_value": 100900.0, "vacancy_rate": 0.1268, "ami_60": 49620.0, "below_60_ami": 1, "PovertyRate": 59.3, "LILATracts_1And10": 0.0, "lapop1share": "NULL", "LATracts_half": 0.0, "TractHUNV": 330.0, "TractSNAP": 716.0, "snap_pct": 0.1836, "hunv_pct": 0.0846 }, "geometry": { "type": "MultiPolygon", "coordinates": [ [ [ [ -94.571269, 39.105654 ], [ -94.570599, 39.10633 ], [ -94.569861, 39.106912 ], [ -94.569746, 39.106994 ], [ -94.568363, 39.107932 ], [ -94.567435, 39.108418 ], [ -94.56557, 39.110281 ], [ -94.564795, 39.11236 ], [ -94.564666, 39.111127 ], [ -94.564179, 39.108851 ], [ -94.563757, 39.108102 ], [ -94.563426, 39.106769 ], [ -94.560244, 39.10665 ], [ -94.551037, 39.106302 ], [ -94.551213, 39.102471 ], [ -94.551413, 39.098848 ], [ -94.559599, 39.099141 ], [ -94.560651, 39.099107 ], [ -94.560796, 39.095882 ], [ -94.569998, 39.096142 ], [ -94.569958, 39.096533 ], [ -94.569778, 39.101887 ], [ -94.569586, 39.105445 ], [ -94.571205, 39.105399 ], [ -94.571475, 39.105389 ], [ -94.571269, 39.105654 ] ] ] ] } },
{ "type": "Feature", "properties": { "GEOID": "29095016000", "NAME": "Census Tract 160, Jackson County, Missouri", "pop": 1484.0, "income": 28994.0, "rent": 833.0, "home_value": 81900.0, "vacancy_rate": 0.2957, "ami_60": 49620.0, "below_60_ami": 1, "PovertyRate": 37.2, "LILATracts_1And10": 0.0, "lapop1share": "NULL", "LATracts_half": 1.0, "TractHUNV": 186.0, "TractSNAP": 195.0, "snap_pct": 0.1314, "hunv_pct": 0.1253 }, "geometry": { "type": "MultiPolygon", "coordinates": [ [ [ [ -94.551811, 39.090807 ], [ -94.551413, 39.098848 ], [ -94.544466, 39.098616 ], [ -94.537609, 39.098364 ], [ -94.537973, 39.091112 ], [ -94.53802, 39.090331 ], [ -94.538025, 39.090234 ], [ -94.538353, 39.083845 ], [ -94.54113, 39.083959 ], [ -94.542921, 39.084268 ], [ -94.552135, 39.084558 ], [ -94.551811, 39.090807 ] ] ] ] } },
{ "type": "Feature", "properties": { "GEOID": "29095007600", "NAME": "Census Tract 76, Jackson County, Missouri", "pop": 2018.0, "income": 40347.0, "rent": 888.0, "home_value": 51600.0, "vacancy_rate": 0.3159, "ami_60": 49620.0, "below_60_ami": 1, "PovertyRate": 23.9, "LILATracts_1And10": 1.0, "lapop1share": "87.44", "LATracts_half": 1.0, "TractHUNV": 132.0, "TractSNAP": 230.0, "snap_pct": 0.114, "hunv_pct": 0.0654 }, "geometry": { "type": "MultiPolygon", "coordinates": [ [ [ [ -94.564262, 39.0305 ], [ -94.564065, 39.03414 ], [ -94.563694, 39.04103 ], [ -94.560187, 39.040897 ], [ -94.559549, 39.040867 ], [ -94.554467, 39.038871 ], [ -94.554586, 39.036525 ], [ -94.554734, 39.033759 ], [ -94.554945, 39.030146 ], [ -94.555166, 39.026535 ], [ -94.559827, 39.026699 ], [ -94.564493, 39.026861 ], [ -94.564262, 39.0305 ] ] ] ] } },
{ "type": "Feature", "properties": { "GEOID": "29095015700", "NAME": "Census Tract 157, Jackson County, Missouri", "pop": 3601.0, "income": 58839.0, "rent": 1136.0, "home_value": 201600.0, "vacancy_rate": 0.0744, "ami_60": 49620.0, "below_60_ami": 0, "PovertyRate": 9.6, "LILATracts_1And10": 0.0, "lapop1share": "NULL", "LATracts_half": 0.0, "TractHUNV": 273.0, "TractSNAP": 25.0, "snap_pct": 0.0069, "hunv_pct": 0.0758 }, "geometry": { "type": "MultiPolygon", "coordinates": [ [ [ [ -94.58832, 39.102389 ], [ -94.588226, 39.10688 ], [ -94.582591, 39.106719 ], [ -94.576924, 39.106582 ], [ -94.57803, 39.106157 ], [ -94.578282, 39.104339 ], [ -94.578741, 39.095794 ], [ -94.583396, 39.096038 ], [ -94.587847, 39.09631 ], [ -94.588599, 39.096242 ], [ -94.58832, 39.102389 ] ] ] ] } },
{ "type": "Feature", "properties": { "GEOID": "29095008500", "NAME": "Census Tract 85, Jackson County, Missouri", "pop": 3788.0, "income": 150542.0, "rent": null, "home_value": 481200.0, "vacancy_rate": 0.0, "ami_60": 49620.0, "below_60_ami": 0, "PovertyRate": 1.0, "LILATracts_1And10": 0.0, "lapop1share": "NULL", "LATracts_half": 1.0, "TractHUNV": 12.0, "TractSNAP": 0.0, "snap_pct": 0.0, "hunv_pct": 0.0032 }, "geometry": { "type": "MultiPolygon", "coordinates": [ [ [ [ -94.608088182175493, 39.000554748941902 ], [ -94.607992364788004, 39.007862828196195 ], [ -94.607927906469001, 39.012779122781396 ], [ -94.607912971401603, 39.013918233952595 ], [ -94.60789662202869, 39.015165215486398 ], [ -94.607896585341095, 39.015168013681794 ], [ -94.607252, 39.015097 ], [ -94.606303, 39.014709 ], [ -94.593153, 39.014125 ], [ -94.593183, 39.01025 ], [ -94.593445, 39.004791 ], [ -94.593813, 38.999614 ], [ -94.603002, 39.000023 ], [ -94.608093083785903, 39.000180898664603 ], [ -94.608088182175493, 39.000554748941902 ] ] ] ] } },
{ "type": "Feature", "properties": { "GEOID": "29095009000", "NAME": "Census Tract 90, Jackson County, Missouri", "pop": 4533.0, "income": 46034.0, "rent": 952.0, "home_value": 74600.0, "vacancy_rate": 0.1739, "ami_60": 49620.0, "below_60_ami": 1, "PovertyRate": 28.2, "LILATracts_1And10": 1.0, "lapop1share": "67.95", "LATracts_half": 1.0, "TractHUNV": 102.0, "TractSNAP": 426.0, "snap_pct": 0.094, "hunv_pct": 0.0225 }, "geometry": { "type": "MultiPolygon", "coordinates": [ [ [ [ -94.576007, 38.984711 ], [ -94.57585, 38.987941 ], [ -94.57567, 38.991557 ], [ -94.575305, 38.998797 ], [ -94.564362, 38.99834 ], [ -94.564037, 38.998329 ], [ -94.561493, 38.998233 ], [ -94.556907, 38.998039 ], [ -94.557456, 38.987181 ], [ -94.557505, 38.986198 ], [ -94.557625, 38.983555 ], [ -94.562224, 38.983773 ], [ -94.566854, 38.983946 ], [ -94.576025, 38.984334 ], [ -94.576007, 38.984711 ] ] ] ] } },
{ "type": "Feature", "properties": { "GEOID": "29095005400", "NAME": "Census Tract 54, Jackson County, Missouri", "pop": 868.0, "income": 28167.0, "rent": 696.0, "home_value": null, "vacancy_rate": 0.3199, "ami_60": 49620.0, "below_60_ami": 1, "PovertyRate": 25.6, "LILATracts_1And10": 0.0, "lapop1share": "NULL", "LATracts_half": 0.0, "TractHUNV": 138.0, "TractSNAP": 144.0, "snap_pct": 0.1659, "hunv_pct": 0.159 }, "geometry": { "type": "MultiPolygon", "coordinates": [ [ [ [ -94.562091, 39.070185 ], [ -94.552845, 39.069866 ], [ -94.553203, 39.062627 ], [ -94.562457, 39.062937 ], [ -94.562091, 39.070185 ] ] ] ] } },
{ "type": "Feature", "properties": { "GEOID": "29095006300", "NAME": "Census Tract 63, Jackson County, Missouri", "pop": 1587.0, "income": 20408.0, "rent": 729.0, "home_value": 37500.0, "vacancy_rate": 0.3603, "ami_60": 49620.0, "below_60_ami": 1, "PovertyRate": 41.4, "LILATracts_1And10": 1.0, "lapop1share": "60.49", "LATracts_half": 1.0, "TractHUNV": 317.0, "TractSNAP": 313.0, "snap_pct": 0.1972, "hunv_pct": 0.1997 }, "geometry": { "type": "MultiPolygon", "coordinates": [ [ [ [ -94.572529, 39.04891 ], [ -94.567909, 39.048751 ], [ -94.563253, 39.048576 ], [ -94.553967, 39.048245 ], [ -94.554348, 39.041103 ], [ -94.554467, 39.038871 ], [ -94.559549, 39.040867 ], [ -94.560187, 39.040897 ], [ -94.563694, 39.04103 ], [ -94.566217, 39.041087 ], [ -94.56688, 39.040908 ], [ -94.566758, 39.041121 ], [ -94.567051, 39.041013 ], [ -94.5675, 39.04077 ], [ -94.568082, 39.040266 ], [ -94.56838, 39.040002 ], [ -94.568908, 39.041244 ], [ -94.569792, 39.04157 ], [ -94.572942, 39.041669 ], [ -94.572529, 39.04891 ] ] ] ] } },
{ "type": "Feature", "properties": { "GEOID": "29095005300", "NAME": "Census Tract 53, Jackson County, Missouri", "pop": 1528.0, "income": 50909.0, "rent": 784.0, "home_value": 155100.0, "vacancy_rate": 0.2463, "ami_60": 49620.0, "below_60_ami": 0, "PovertyRate": 18.3, "LILATracts_1And10": 0.0, "lapop1share": "NULL", "LATracts_half": 0.0, "TractHUNV": 132.0, "TractSNAP": 168.0, "snap_pct": 0.1099, "hunv_pct": 0.0864 }, "geometry": { "type": "MultiPolygon", "coordinates": [ [ [ [ -94.571818, 39.061403 ], [ -94.571723, 39.063246 ], [ -94.567098, 39.063097 ], [ -94.562457, 39.062937 ], [ -94.562865, 39.055749 ], [ -94.567486, 39.055915 ], [ -94.57212, 39.05608 ], [ -94.571818, 39.061403 ] ] ] ] } },
{ "type": "Feature", "properties": { "GEOID": "29095005700", "NAME": "Census Tract 57, Jackson County, Missouri", "pop": 2371.0, "income": 31250.0, "rent": 864.0, "home_value": 39800.0, "vacancy_rate": 0.322, "ami_60": 49620.0, "below_60_ami": 1, "PovertyRate": 28.5, "LILATracts_1And10": 0.0, "lapop1share": "NULL", "LATracts_half": 1.0, "TractHUNV": 117.0, "TractSNAP": 192.0, "snap_pct": 0.081, "hunv_pct": 0.0493 }, "geometry": { "type": "MultiPolygon", "coordinates": [ [ [ [ -94.544, 39.062339 ], [ -94.543626, 39.069558 ], [ -94.542481, 39.06952 ], [ -94.539052, 39.069409 ], [ -94.534482, 39.069272 ], [ -94.534619, 39.065662 ], [ -94.534782, 39.062066 ], [ -94.53517, 39.054831 ], [ -94.539783, 39.054972 ], [ -94.544373, 39.055122 ], [ -94.544, 39.062339 ] ] ] ] } },
{ "type": "Feature", "properties": { "GEOID": "29095006500", "NAME": "Census Tract 65, Jackson County, Missouri", "pop": 1630.0, "income": 47179.0, "rent": 872.0, "home_value": 186800.0, "vacancy_rate": 0.2067, "ami_60": 49620.0, "below_60_ami": 1, "PovertyRate": 15.4, "LILATracts_1And10": 0.0, "lapop1share": "NULL", "LATracts_half": 1.0, "TractHUNV": 67.0, "TractSNAP": 25.0, "snap_pct": 0.0153, "hunv_pct": 0.0411 }, "geometry": { "type": "MultiPolygon", "coordinates": [ [ [ [ -94.58, 39.056349 ], [ -94.57212, 39.05608 ], [ -94.57233, 39.052523 ], [ -94.572529, 39.04891 ], [ -94.578721, 39.049099 ], [ -94.578966, 39.049632 ], [ -94.579358, 39.052166 ], [ -94.579365, 39.052769 ], [ -94.579651, 39.055729 ], [ -94.58, 39.056349 ] ] ] ] } },
{ "type": "Feature", "properties": { "GEOID": "29095008200", "NAME": "Census Tract 82, Jackson County, Missouri", "pop": 2950.0, "income": 100716.0, "rent": 1408.0, "home_value": 205300.0, "vacancy_rate": 0.0, "ami_60": 49620.0, "below_60_ami": 0, "PovertyRate": 6.7, "LILATracts_1And10": 0.0, "lapop1share": "NULL", "LATracts_half": 1.0, "TractHUNV": 34.0, "TractSNAP": 0.0, "snap_pct": 0.0, "hunv_pct": 0.0115 }, "geometry": { "type": "MultiPolygon", "coordinates": [ [ [ [ -94.583618, 39.01699 ], [ -94.583487, 39.020267 ], [ -94.583281, 39.023888 ], [ -94.583071, 39.027508 ], [ -94.573794, 39.027183 ], [ -94.573997, 39.023571 ], [ -94.574202, 39.019965 ], [ -94.574387, 39.016625 ], [ -94.574554, 39.01325 ], [ -94.579182, 39.013448 ], [ -94.583796, 39.013667 ], [ -94.583618, 39.01699 ] ] ] ] } },
{ "type": "Feature", "properties": { "GEOID": "29095001800", "NAME": "Census Tract 18, Jackson County, Missouri", "pop": 2579.0, "income": 27656.0, "rent": 759.0, "home_value": 61000.0, "vacancy_rate": 0.3381, "ami_60": 49620.0, "below_60_ami": 1, "PovertyRate": 37.2, "LILATracts_1And10": 0.0, "lapop1share": "NULL", "LATracts_half": 0.0, "TractHUNV": 174.0, "TractSNAP": 327.0, "snap_pct": 0.1268, "hunv_pct": 0.0675 }, "geometry": { "type": "MultiPolygon", "coordinates": [ [ [ [ -94.551213, 39.102471 ], [ -94.551037, 39.106302 ], [ -94.548484, 39.106223 ], [ -94.544071, 39.106088 ], [ -94.537657, 39.105841 ], [ -94.537224, 39.10583 ], [ -94.537414, 39.102022 ], [ -94.537609, 39.098364 ], [ -94.544466, 39.098616 ], [ -94.551413, 39.098848 ], [ -94.551213, 39.102471 ] ] ] ] } },
{ "type": "Feature", "properties": { "GEOID": "29095013502", "NAME": "Census Tract 135.02, Jackson County, Missouri", "pop": 6059.0, "income": 88963.0, "rent": 1454.0, "home_value": 171700.0, "vacancy_rate": 0.0127, "ami_60": 49620.0, "below_60_ami": 0, "PovertyRate": 5.3, "LILATracts_1And10": 0.0, "lapop1share": "97.98", "LATracts_half": 1.0, "TractHUNV": 24.0, "TractSNAP": 10.0, "snap_pct": 0.0017, "hunv_pct": 0.004 }, "geometry": { "type": "MultiPolygon", "coordinates": [ [ [ [ -94.361222, 38.85208 ], [ -94.360899, 38.866553 ], [ -94.348823, 38.866296 ], [ -94.341842, 38.866 ], [ -94.323836, 38.865423 ], [ -94.311143, 38.864926 ], [ -94.308646, 38.863108 ], [ -94.306567, 38.8653 ], [ -94.304657, 38.865542 ], [ -94.304234, 38.872022 ], [ -94.290273, 38.871593 ], [ -94.291817, 38.844857 ], [ -94.287135, 38.84437 ], [ -94.287593, 38.835084 ], [ -94.31657, 38.836101 ], [ -94.320327, 38.836055 ], [ -94.324627, 38.83659 ], [ -94.327195, 38.836599 ], [ -94.335364, 38.836923 ], [ -94.343622, 38.837021 ], [ -94.348105, 38.837115 ], [ -94.361971, 38.837602 ], [ -94.361222, 38.85208 ] ] ] ] } },
{ "type": "Feature", "properties": { "GEOID": "29095006700", "NAME": "Census Tract 67, Jackson County, Missouri", "pop": 1811.0, "income": 53182.0, "rent": 841.0, "home_value": 147500.0, "vacancy_rate": 0.163, "ami_60": 49620.0, "below_60_ami": 0, "PovertyRate": 18.5, "LILATracts_1And10": 0.0, "lapop1share": "NULL", "LATracts_half": 1.0, "TractHUNV": 160.0, "TractSNAP": 52.0, "snap_pct": 0.0287, "hunv_pct": 0.0883 }, "geometry": { "type": "MultiPolygon", "coordinates": [ [ [ [ -94.58639, 39.051768 ], [ -94.586105, 39.056576 ], [ -94.58, 39.056349 ], [ -94.579651, 39.055729 ], [ -94.579365, 39.052769 ], [ -94.579358, 39.052166 ], [ -94.578966, 39.049632 ], [ -94.578721, 39.049099 ], [ -94.579954, 39.048575 ], [ -94.583024, 39.049235 ], [ -94.586536, 39.049331 ], [ -94.58639, 39.051768 ] ] ] ] } },
{ "type": "Feature", "properties": { "GEOID": "29095013407", "NAME": "Census Tract 134.07, Jackson County, Missouri", "pop": 2519.0, "income": 96776.0, "rent": 879.0, "home_value": 262500.0, "vacancy_rate": 0.1661, "ami_60": 49620.0, "below_60_ami": 0, "PovertyRate": 2.4, "LILATracts_1And10": 0.0, "lapop1share": "66.47", "LATracts_half": 1.0, "TractHUNV": 217.0, "TractSNAP": 0.0, "snap_pct": 0.0, "hunv_pct": 0.0861 }, "geometry": { "type": "MultiPolygon", "coordinates": [ [ [ [ -94.608017594407087, 38.898670035857194 ], [ -94.608010380116397, 38.905630252443693 ], [ -94.608009274390596, 38.906697036562008 ], [ -94.608002819766796, 38.912924340284299 ], [ -94.603641, 38.913123 ], [ -94.593296, 38.916353 ], [ -94.593754, 38.909934 ], [ -94.594003, 38.906913 ], [ -94.594347, 38.902744 ], [ -94.594704, 38.897476 ], [ -94.59522, 38.89025 ], [ -94.6080256044728, 38.890942070072299 ], [ -94.608017594407087, 38.898670035857194 ] ] ] ] } },
{ "type": "Feature", "properties": { "GEOID": "29095009300", "NAME": "Census Tract 93, Jackson County, Missouri", "pop": 2618.0, "income": 57959.0, "rent": 1275.0, "home_value": 156900.0, "vacancy_rate": 0.028, "ami_60": 49620.0, "below_60_ami": 0, "PovertyRate": 8.0, "LILATracts_1And10": 0.0, "lapop1share": "NULL", "LATracts_half": 0.0, "TractHUNV": 66.0, "TractSNAP": 0.0, "snap_pct": 0.0, "hunv_pct": 0.0252 }, "geometry": { "type": "MultiPolygon", "coordinates": [ [ [ [ -94.608334, 38.981806 ], [ -94.608300616654702, 38.984352178091704 ], [ -94.608283832015204, 38.985632357806097 ], [ -94.608257739496494, 38.987622457930399 ], [ -94.603662, 38.988606 ], [ -94.60364, 38.989093 ], [ -94.594368, 38.988716 ], [ -94.594546, 38.985066 ], [ -94.595078, 38.974192 ], [ -94.602035, 38.974476 ], [ -94.608298290742894, 38.974699857835503 ], [ -94.608318515554799, 38.9787245953992 ], [ -94.608334, 38.981806 ] ] ] ] } },
{ "type": "Feature", "properties": { "GEOID": "29095018000", "NAME": "Census Tract 180, Jackson County, Missouri", "pop": 3566.0, "income": 49404.0, "rent": 1004.0, "home_value": 129500.0, "vacancy_rate": 0.0314, "ami_60": 49620.0, "below_60_ami": 1, "PovertyRate": 10.1, "LILATracts_1And10": 0.0, "lapop1share": "0.74", "LATracts_half": 1.0, "TractHUNV": 94.0, "TractSNAP": 99.0, "snap_pct": 0.0278, "hunv_pct": 0.0264 }, "geometry": { "type": "MultiPolygon", "coordinates": [ [ [ [ -94.404393, 38.925964 ], [ -94.387731, 38.925248 ], [ -94.386373, 38.921331 ], [ -94.3851, 38.919797 ], [ -94.381086, 38.916591 ], [ -94.379701, 38.914746 ], [ -94.377255, 38.911152 ], [ -94.376595, 38.908752 ], [ -94.375953, 38.907036 ], [ -94.373181, 38.903131 ], [ -94.37309, 38.902989 ], [ -94.377123, 38.903122 ], [ -94.380244, 38.903873 ], [ -94.391948, 38.909715 ], [ -94.393802, 38.911275 ], [ -94.400386, 38.917069 ], [ -94.401332, 38.918858 ], [ -94.404393, 38.925964 ] ] ] ] } },
{ "type": "Feature", "properties": { "GEOID": "29095014004", "NAME": "Census Tract 140.04, Jackson County, Missouri", "pop": 3053.0, "income": 52394.0, "rent": 887.0, "home_value": 148800.0, "vacancy_rate": 0.0989, "ami_60": 49620.0, "below_60_ami": 0, "PovertyRate": 16.6, "LILATracts_1And10": 1.0, "lapop1share": "24.84", "LATracts_half": 1.0, "TractHUNV": 33.0, "TractSNAP": 132.0, "snap_pct": 0.0432, "hunv_pct": 0.0108 }, "geometry": { "type": "MultiPolygon", "coordinates": [ [ [ [ -94.161131, 39.016711 ], [ -94.160793, 39.017472 ], [ -94.160713, 39.017653 ], [ -94.156532, 39.017023 ], [ -94.147553, 39.016843 ], [ -94.141219, 39.016727 ], [ -94.140159, 39.016711 ], [ -94.128657, 39.016445 ], [ -94.12821, 39.026566 ], [ -94.128065, 39.030047 ], [ -94.12798, 39.032067 ], [ -94.127909, 39.033776 ], [ -94.118304, 39.033532 ], [ -94.114086, 39.033347 ], [ -94.109925, 39.033144 ], [ -94.109325, 39.033189 ], [ -94.109664, 39.017146 ], [ -94.110005, 39.015087 ], [ -94.110006, 39.014808 ], [ -94.109988, 39.01434 ], [ -94.110136, 39.010383 ], [ -94.111367, 39.009878 ], [ -94.119156, 39.005895 ], [ -94.119837, 39.005653 ], [ -94.121623, 39.005381 ], [ -94.129145, 39.005988 ], [ -94.129158, 39.005807 ], [ -94.135565, 39.006439 ], [ -94.138245, 39.006063 ], [ -94.143357, 39.005102 ], [ -94.145518, 39.004734 ], [ -94.148378, 39.004525 ], [ -94.150602, 39.004635 ], [ -94.15261, 39.004948 ], [ -94.156484, 39.006094 ], [ -94.159241, 39.007498 ], [ -94.159797, 39.007863 ], [ -94.16146, 39.009168 ], [ -94.161131, 39.016711 ] ] ] ] } },
{ "type": "Feature", "properties": { "GEOID": "29095013208", "NAME": "Census Tract 132.08, Jackson County, Missouri", "pop": 2683.0, "income": 37382.0, "rent": 797.0, "home_value": 98600.0, "vacancy_rate": 0.1291, "ami_60": 49620.0, "below_60_ami": 1, "PovertyRate": 29.6, "LILATracts_1And10": 0.0, "lapop1share": "5.72", "LATracts_half": 1.0, "TractHUNV": 259.0, "TractSNAP": 228.0, "snap_pct": 0.085, "hunv_pct": 0.0965 }, "geometry": { "type": "MultiPolygon", "coordinates": [ [ [ [ -94.513293, 38.915457 ], [ -94.505721, 38.914992 ], [ -94.505286, 38.914979 ], [ -94.496594, 38.914751 ], [ -94.489084, 38.914536 ], [ -94.488033, 38.914561 ], [ -94.487861, 38.915825 ], [ -94.484272, 38.915864 ], [ -94.484424, 38.908841 ], [ -94.487248, 38.909527 ], [ -94.487429, 38.907188 ], [ -94.488569, 38.907211 ], [ -94.505797, 38.907791 ], [ -94.522932, 38.908822 ], [ -94.513293, 38.915457 ] ] ] ] } },
{ "type": "Feature", "properties": { "GEOID": "29095013405", "NAME": "Census Tract 134.05, Jackson County, Missouri", "pop": 2058.0, "income": 52348.0, "rent": 808.0, "home_value": 245900.0, "vacancy_rate": 0.1725, "ami_60": 49620.0, "below_60_ami": 0, "PovertyRate": 30.1, "LILATracts_1And10": 0.0, "lapop1share": "23.04", "LATracts_half": 0.0, "TractHUNV": 124.0, "TractSNAP": 246.0, "snap_pct": 0.1195, "hunv_pct": 0.0603 }, "geometry": { "type": "MultiPolygon", "coordinates": [ [ [ [ -94.608033, 38.850194846153798 ], [ -94.608033, 38.855007 ], [ -94.608033, 38.859882 ], [ -94.608033, 38.861207 ], [ -94.607995895782906, 38.866831999312495 ], [ -94.607993, 38.867271 ], [ -94.608033, 38.868107 ], [ -94.608033, 38.869207 ], [ -94.608033, 38.869749013333298 ], [ -94.608033, 38.883807 ], [ -94.608032984062291, 38.883822376370595 ], [ -94.608027991308589, 38.888639294334695 ], [ -94.6080256044728, 38.890942070072299 ], [ -94.59522, 38.89025 ], [ -94.586002, 38.889703 ], [ -94.578608, 38.889321 ], [ -94.57696, 38.890013 ], [ -94.576108, 38.893648 ], [ -94.574765, 38.89525 ], [ -94.572839, 38.896257 ], [ -94.561711, 38.896053 ], [ -94.563115, 38.874247 ], [ -94.563841, 38.866933 ], [ -94.557239, 38.866764 ], [ -94.5274, 38.865328 ], [ -94.526921, 38.865305 ], [ -94.528074, 38.857931 ], [ -94.528767, 38.854117 ], [ -94.529564, 38.843652 ], [ -94.532213, 38.843784 ], [ -94.537827, 38.84403 ], [ -94.541828, 38.843994 ], [ -94.56208, 38.845002 ], [ -94.56269, 38.844992 ], [ -94.564633, 38.845207 ], [ -94.585572, 38.8462 ], [ -94.593789, 38.846564 ], [ -94.608033, 38.847207 ], [ -94.608033, 38.850194846153798 ] ] ] ] } },
{ "type": "Feature", "properties": { "GEOID": "29095009100", "NAME": "Census Tract 91, Jackson County, Missouri", "pop": 3805.0, "income": 79763.0, "rent": 1093.0, "home_value": 205200.0, "vacancy_rate": 0.0673, "ami_60": 49620.0, "below_60_ami": 0, "PovertyRate": 2.9, "LILATracts_1And10": 0.0, "lapop1share": "NULL", "LATracts_half": 1.0, "TractHUNV": 52.0, "TractSNAP": 0.0, "snap_pct": 0.0, "hunv_pct": 0.0137 }, "geometry": { "type": "MultiPolygon", "coordinates": [ [ [ [ -94.594328, 38.992413 ], [ -94.593813, 38.999614 ], [ -94.584594, 38.999222 ], [ -94.584518, 38.999219 ], [ -94.579913, 38.999018 ], [ -94.575305, 38.998797 ], [ -94.57567, 38.991557 ], [ -94.57585, 38.987941 ], [ -94.580471, 38.988142 ], [ -94.593692, 38.988711 ], [ -94.594368, 38.988716 ], [ -94.594328, 38.992413 ] ] ] ] } },
{ "type": "Feature", "properties": { "GEOID": "29095013401", "NAME": "Census Tract 134.01, Jackson County, Missouri", "pop": 2648.0, "income": 43681.0, "rent": 793.0, "home_value": 150800.0, "vacancy_rate": 0.2127, "ami_60": 49620.0, "below_60_ami": 1, "PovertyRate": 20.4, "LILATracts_1And10": 1.0, "lapop1share": "57.99", "LATracts_half": 1.0, "TractHUNV": 97.0, "TractSNAP": 253.0, "snap_pct": 0.0955, "hunv_pct": 0.0366 }, "geometry": { "type": "MultiPolygon", "coordinates": [ [ [ [ -94.563115, 38.874247 ], [ -94.561711, 38.896053 ], [ -94.561442, 38.900334 ], [ -94.560828, 38.910095 ], [ -94.543056, 38.909243 ], [ -94.542977, 38.909731 ], [ -94.543002, 38.910253 ], [ -94.538167, 38.910027 ], [ -94.538384, 38.908588 ], [ -94.536122, 38.903957 ], [ -94.536276, 38.902324 ], [ -94.538586, 38.898181 ], [ -94.539181, 38.894996 ], [ -94.540734, 38.888453 ], [ -94.542446, 38.885604 ], [ -94.539798, 38.885459 ], [ -94.540166, 38.880456 ], [ -94.544573, 38.880697 ], [ -94.545288, 38.873425 ], [ -94.530419, 38.872626 ], [ -94.529224, 38.871667 ], [ -94.528631, 38.872527 ], [ -94.526424, 38.872451 ], [ -94.526921, 38.865305 ], [ -94.5274, 38.865328 ], [ -94.557239, 38.866764 ], [ -94.563841, 38.866933 ], [ -94.563115, 38.874247 ] ] ] ] } },
{ "type": "Feature", "properties": { "GEOID": "29095009900", "NAME": "Census Tract 99, Jackson County, Missouri", "pop": 2158.0, "income": 65223.0, "rent": 1041.0, "home_value": 151400.0, "vacancy_rate": 0.0268, "ami_60": 49620.0, "below_60_ami": 0, "PovertyRate": 9.9, "LILATracts_1And10": 0.0, "lapop1share": "0.00", "LATracts_half": 1.0, "TractHUNV": 40.0, "TractSNAP": 22.0, "snap_pct": 0.0102, "hunv_pct": 0.0185 }, "geometry": { "type": "MultiPolygon", "coordinates": [ [ [ [ -94.608298290742894, 38.974699857835503 ], [ -94.602035, 38.974476 ], [ -94.595078, 38.974192 ], [ -94.595406, 38.966933 ], [ -94.59555, 38.963514 ], [ -94.595093, 38.962052 ], [ -94.594796, 38.961239 ], [ -94.595817, 38.956097 ], [ -94.605758, 38.956438 ], [ -94.608207947805695, 38.956721613327602 ], [ -94.60820799442169, 38.956730889918198 ], [ -94.608249908885497, 38.965071868204305 ], [ -94.608262108024903, 38.967499496944598 ], [ -94.608298290742894, 38.974699857835503 ] ] ] ] } },
{ "type": "Feature", "properties": { "GEOID": "29095010702", "NAME": "Census Tract 107.02, Jackson County, Missouri", "pop": 3468.0, "income": 35992.0, "rent": 937.0, "home_value": 94400.0, "vacancy_rate": 0.1204, "ami_60": 49620.0, "below_60_ami": 1, "PovertyRate": 30.5, "LILATracts_1And10": 0.0, "lapop1share": "8.09", "LATracts_half": 1.0, "TractHUNV": 233.0, "TractSNAP": 430.0, "snap_pct": 0.124, "hunv_pct": 0.0672 }, "geometry": { "type": "MultiPolygon", "coordinates": [ [ [ [ -94.476244, 39.037828 ], [ -94.475779, 39.044999 ], [ -94.475525, 39.050112 ], [ -94.474442, 39.051776 ], [ -94.468498, 39.049022 ], [ -94.465722, 39.048157 ], [ -94.461605, 39.047863 ], [ -94.451889, 39.047461 ], [ -94.447654, 39.047285 ], [ -94.443504, 39.047115 ], [ -94.436441, 39.043753 ], [ -94.433316, 39.041693 ], [ -94.433527, 39.039744 ], [ -94.43566, 39.039815 ], [ -94.435933, 39.036422 ], [ -94.448138, 39.036914 ], [ -94.462033, 39.037533 ], [ -94.465373, 39.03754 ], [ -94.470711, 39.035941 ], [ -94.473861, 39.034532 ], [ -94.476348, 39.03681 ], [ -94.476244, 39.037828 ] ] ] ] } },
{ "type": "Feature", "properties": { "GEOID": "29095010201", "NAME": "Census Tract 102.01, Jackson County, Missouri", "pop": 2362.0, "income": 29130.0, "rent": 688.0, "home_value": 83100.0, "vacancy_rate": 0.1744, "ami_60": 49620.0, "below_60_ami": 1, "PovertyRate": 38.0, "LILATracts_1And10": 1.0, "lapop1share": "100.00", "LATracts_half": 1.0, "TractHUNV": 144.0, "TractSNAP": 379.0, "snap_pct": 0.1605, "hunv_pct": 0.061 }, "geometry": { "type": "MultiPolygon", "coordinates": [ [ [ [ -94.563186, 38.945241 ], [ -94.558855, 38.948321 ], [ -94.556703, 38.951738 ], [ -94.55798, 38.956318 ], [ -94.558899, 38.956858 ], [ -94.558732, 38.957906 ], [ -94.557943, 38.960434 ], [ -94.555016, 38.963766 ], [ -94.55239, 38.965521 ], [ -94.548088, 38.969831 ], [ -94.546488, 38.970482 ], [ -94.545693, 38.970978 ], [ -94.545421, 38.970081 ], [ -94.54484, 38.968839 ], [ -94.544787, 38.968726 ], [ -94.54285, 38.963936 ], [ -94.537502, 38.942861 ], [ -94.537096, 38.941724 ], [ -94.539519, 38.940079 ], [ -94.543943, 38.938678 ], [ -94.543914, 38.938549 ], [ -94.544968, 38.938603 ], [ -94.545448, 38.938626 ], [ -94.559746, 38.93931 ], [ -94.560249, 38.939334 ], [ -94.560501, 38.939346 ], [ -94.560519, 38.939553 ], [ -94.561936, 38.942253 ], [ -94.564008, 38.944066 ], [ -94.563186, 38.945241 ] ] ] ] } },
{ "type": "Feature", "properties": { "GEOID": "29095017900", "NAME": "Census Tract 179, Jackson County, Missouri", "pop": 4709.0, "income": 64387.0, "rent": 1001.0, "home_value": 178300.0, "vacancy_rate": 0.043, "ami_60": 49620.0, "below_60_ami": 0, "PovertyRate": 8.1, "LILATracts_1And10": 0.0, "lapop1share": "3.26", "LATracts_half": 1.0, "TractHUNV": 187.0, "TractSNAP": 40.0, "snap_pct": 0.0085, "hunv_pct": 0.0397 }, "geometry": { "type": "MultiPolygon", "coordinates": [ [ [ [ -94.409139, 38.944243 ], [ -94.403, 38.944595 ], [ -94.401038, 38.944735 ], [ -94.387092, 38.94572 ], [ -94.382787, 38.946628 ], [ -94.381575, 38.94671 ], [ -94.378133, 38.946622 ], [ -94.363278, 38.946239 ], [ -94.36305, 38.946724 ], [ -94.361357, 38.946193 ], [ -94.361038, 38.946189 ], [ -94.359557, 38.941935 ], [ -94.359671, 38.939329 ], [ -94.359952, 38.93159 ], [ -94.360279, 38.924374 ], [ -94.360619, 38.924386 ], [ -94.375678, 38.924946 ], [ -94.387731, 38.925248 ], [ -94.404393, 38.925964 ], [ -94.408398, 38.940738 ], [ -94.409139, 38.944243 ] ] ] ] } },
{ "type": "Feature", "properties": { "GEOID": "29095004300", "NAME": "Census Tract 43, Jackson County, Missouri", "pop": 2370.0, "income": 41700.0, "rent": 1009.0, "home_value": 248300.0, "vacancy_rate": 0.1441, "ami_60": 49620.0, "below_60_ami": 1, "PovertyRate": 23.5, "LILATracts_1And10": 1.0, "lapop1share": "34.18", "LATracts_half": 1.0, "TractHUNV": 205.0, "TractSNAP": 170.0, "snap_pct": 0.0717, "hunv_pct": 0.0865 }, "geometry": { "type": "MultiPolygon", "coordinates": [ [ [ [ -94.580607, 39.081678 ], [ -94.578616, 39.081632 ], [ -94.578193, 39.084044 ], [ -94.57833, 39.085262 ], [ -94.570583, 39.084957 ], [ -94.571049, 39.076108 ], [ -94.571313, 39.070502 ], [ -94.578898, 39.07079 ], [ -94.580043, 39.070835 ], [ -94.579384, 39.075574 ], [ -94.579868, 39.076403 ], [ -94.580826, 39.078089 ], [ -94.580607, 39.081678 ] ] ] ] } },
{ "type": "Feature", "properties": { "GEOID": "29095006900", "NAME": "Census Tract 69, Jackson County, Missouri", "pop": 1497.0, "income": 75208.0, "rent": 1084.0, "home_value": 201500.0, "vacancy_rate": 0.215, "ami_60": 49620.0, "below_60_ami": 0, "PovertyRate": 9.5, "LILATracts_1And10": 0.0, "lapop1share": "NULL", "LATracts_half": 0.0, "TractHUNV": 80.0, "TractSNAP": 0.0, "snap_pct": 0.0, "hunv_pct": 0.0534 }, "geometry": { "type": "MultiPolygon", "coordinates": [ [ [ [ -94.59592, 39.047959 ], [ -94.594581, 39.049559 ], [ -94.592049, 39.049483 ], [ -94.586536, 39.049331 ], [ -94.586735, 39.042101 ], [ -94.588037, 39.042149 ], [ -94.588212, 39.043187 ], [ -94.592332, 39.044129 ], [ -94.594566, 39.044216 ], [ -94.596105, 39.04425 ], [ -94.59592, 39.047959 ] ] ] ] } },
{ "type": "Feature", "properties": { "GEOID": "29095010002", "NAME": "Census Tract 100.02, Jackson County, Missouri", "pop": 3875.0, "income": 46021.0, "rent": 945.0, "home_value": 128400.0, "vacancy_rate": 0.1003, "ami_60": 49620.0, "below_60_ami": 1, "PovertyRate": 11.6, "LILATracts_1And10": 0.0, "lapop1share": "29.15", "LATracts_half": 1.0, "TractHUNV": 180.0, "TractSNAP": 57.0, "snap_pct": 0.0147, "hunv_pct": 0.0465 }, "geometry": { "type": "MultiPolygon", "coordinates": [ [ [ [ -94.596665, 38.940518 ], [ -94.596496, 38.944025 ], [ -94.596263, 38.948821 ], [ -94.595817, 38.956097 ], [ -94.588585, 38.955412 ], [ -94.587932, 38.955459 ], [ -94.58538, 38.955665 ], [ -94.582003, 38.955523 ], [ -94.582344, 38.94828 ], [ -94.582601, 38.941881 ], [ -94.582638, 38.940603 ], [ -94.582644, 38.940386 ], [ -94.582817, 38.940393 ], [ -94.594152, 38.940648 ], [ -94.596676, 38.940298 ], [ -94.596665, 38.940518 ] ] ] ] } },
{ "type": "Feature", "properties": { "GEOID": "29095005100", "NAME": "Census Tract 51, Jackson County, Missouri", "pop": 1623.0, "income": 73750.0, "rent": 1011.0, "home_value": 331700.0, "vacancy_rate": 0.1689, "ami_60": 49620.0, "below_60_ami": 0, "PovertyRate": 10.3, "LILATracts_1And10": 0.0, "lapop1share": "NULL", "LATracts_half": 0.0, "TractHUNV": 86.0, "TractSNAP": 41.0, "snap_pct": 0.0253, "hunv_pct": 0.053 }, "geometry": { "type": "MultiPolygon", "coordinates": [ [ [ [ -94.585784, 39.061983 ], [ -94.582271, 39.061861 ], [ -94.581151, 39.061817 ], [ -94.571818, 39.061403 ], [ -94.57212, 39.05608 ], [ -94.58, 39.056349 ], [ -94.586105, 39.056576 ], [ -94.585784, 39.061983 ] ] ] ] } },
{ "type": "Feature", "properties": { "GEOID": "29095012903", "NAME": "Census Tract 129.03, Jackson County, Missouri", "pop": 3428.0, "income": 38257.0, "rent": 1074.0, "home_value": 84100.0, "vacancy_rate": 0.1344, "ami_60": 49620.0, "below_60_ami": 1, "PovertyRate": 25.7, "LILATracts_1And10": 0.0, "lapop1share": "NULL", "LATracts_half": 1.0, "TractHUNV": 78.0, "TractSNAP": 162.0, "snap_pct": 0.0473, "hunv_pct": 0.0228 }, "geometry": { "type": "MultiPolygon", "coordinates": [ [ [ [ -94.507093, 38.955 ], [ -94.503031, 38.957687 ], [ -94.499448, 38.958214 ], [ -94.498259, 38.958882 ], [ -94.497617, 38.960113 ], [ -94.497984, 38.962945 ], [ -94.499631, 38.966413 ], [ -94.499009, 38.966403 ], [ -94.493376, 38.96629 ], [ -94.488315, 38.966147 ], [ -94.488127, 38.966143 ], [ -94.48815, 38.9655 ], [ -94.488448, 38.958471 ], [ -94.486424, 38.958262 ], [ -94.486131, 38.958128 ], [ -94.485071, 38.956929 ], [ -94.483969, 38.956978 ], [ -94.484219, 38.951432 ], [ -94.487633, 38.951571 ], [ -94.494046, 38.951764 ], [ -94.499221, 38.951982 ], [ -94.507942, 38.952392 ], [ -94.507093, 38.955 ] ] ] ] } },
{ "type": "Feature", "properties": { "GEOID": "29095012200", "NAME": "Census Tract 122, Jackson County, Missouri", "pop": 6386.0, "income": 52269.0, "rent": 989.0, "home_value": 106200.0, "vacancy_rate": 0.0947, "ami_60": 49620.0, "below_60_ami": 0, "PovertyRate": 16.4, "LILATracts_1And10": 0.0, "lapop1share": "4.22", "LATracts_half": 1.0, "TractHUNV": 28.0, "TractSNAP": 271.0, "snap_pct": 0.0424, "hunv_pct": 0.0044 }, "geometry": { "type": "MultiPolygon", "coordinates": [ [ [ [ -94.433549, 39.050819 ], [ -94.43323, 39.058009 ], [ -94.43301, 39.063453 ], [ -94.432581, 39.0733 ], [ -94.432522, 39.074982 ], [ -94.432326, 39.079805 ], [ -94.429866, 39.079706 ], [ -94.421923, 39.079372 ], [ -94.418767, 39.079251 ], [ -94.413892, 39.079106 ], [ -94.413948, 39.077499 ], [ -94.414016, 39.075531 ], [ -94.414146, 39.071832 ], [ -94.414899, 39.067687 ], [ -94.414618, 39.065038 ], [ -94.414614, 39.064576 ], [ -94.414968, 39.058363 ], [ -94.414886, 39.05736 ], [ -94.415021, 39.05007 ], [ -94.415175, 39.045946 ], [ -94.433708, 39.046713 ], [ -94.433549, 39.050819 ] ] ] ] } },
{ "type": "Feature", "properties": { "GEOID": "29095011900", "NAME": "Census Tract 119, Jackson County, Missouri", "pop": 3361.0, "income": 52013.0, "rent": 949.0, "home_value": 80300.0, "vacancy_rate": 0.0891, "ami_60": 49620.0, "below_60_ami": 0, "PovertyRate": 9.2, "LILATracts_1And10": 1.0, "lapop1share": "21.07", "LATracts_half": 1.0, "TractHUNV": 65.0, "TractSNAP": 111.0, "snap_pct": 0.033, "hunv_pct": 0.0193 }, "geometry": { "type": "MultiPolygon", "coordinates": [ [ [ [ -94.47076, 39.073811 ], [ -94.470425, 39.074189 ], [ -94.470183, 39.081314 ], [ -94.468028, 39.081225 ], [ -94.467147, 39.08124 ], [ -94.458588, 39.080865 ], [ -94.455523, 39.080747 ], [ -94.450886, 39.080551 ], [ -94.447724, 39.080413 ], [ -94.44616, 39.08035 ], [ -94.446318, 39.075524 ], [ -94.446729, 39.066993 ], [ -94.448506, 39.066043 ], [ -94.456095, 39.066258 ], [ -94.463883, 39.066601 ], [ -94.468969, 39.066795 ], [ -94.468465, 39.068863 ], [ -94.470809, 39.072717 ], [ -94.47076, 39.073811 ] ] ] ] } },
{ "type": "Feature", "properties": { "GEOID": "29095012600", "NAME": "Census Tract 126, Jackson County, Missouri", "pop": 5159.0, "income": 43964.0, "rent": 796.0, "home_value": 87600.0, "vacancy_rate": 0.1011, "ami_60": 49620.0, "below_60_ami": 1, "PovertyRate": 16.5, "LILATracts_1And10": 0.0, "lapop1share": "NULL", "LATracts_half": 1.0, "TractHUNV": 141.0, "TractSNAP": 302.0, "snap_pct": 0.0585, "hunv_pct": 0.0273 }, "geometry": { "type": "MultiPolygon", "coordinates": [ [ [ [ -94.482754, 39.009664 ], [ -94.482425, 39.016628 ], [ -94.467731, 39.016186 ], [ -94.467253, 39.016182 ], [ -94.464268, 39.016097 ], [ -94.46356, 39.015913 ], [ -94.463083, 39.015403 ], [ -94.462959, 39.008769 ], [ -94.461816, 39.008749 ], [ -94.462973, 39.006827 ], [ -94.463781, 39.001035 ], [ -94.46444, 38.986995 ], [ -94.464462, 38.986453 ], [ -94.46491, 38.987002 ], [ -94.468908, 38.99124 ], [ -94.473945, 38.994765 ], [ -94.47978, 38.998384 ], [ -94.482312, 39.001259 ], [ -94.483173, 39.001465 ], [ -94.482754, 39.009664 ] ] ] ] } },
{ "type": "Feature", "properties": { "GEOID": "29095014601", "NAME": "Census Tract 146.01, Jackson County, Missouri", "pop": 5276.0, "income": 59375.0, "rent": 838.0, "home_value": 128200.0, "vacancy_rate": 0.0671, "ami_60": 49620.0, "below_60_ami": 0, "PovertyRate": 8.1, "LILATracts_1And10": 1.0, "lapop1share": "19.74", "LATracts_half": 1.0, "TractHUNV": 110.0, "TractSNAP": 169.0, "snap_pct": 0.032, "hunv_pct": 0.0208 }, "geometry": { "type": "MultiPolygon", "coordinates": [ [ [ [ -94.415021, 39.05007 ], [ -94.414886, 39.05736 ], [ -94.414968, 39.058363 ], [ -94.414614, 39.064576 ], [ -94.414618, 39.065038 ], [ -94.412691, 39.064644 ], [ -94.407076, 39.060939 ], [ -94.403495, 39.059238 ], [ -94.396388, 39.057443 ], [ -94.392359, 39.055213 ], [ -94.389859, 39.054843 ], [ -94.387451, 39.055206 ], [ -94.387168, 39.054644 ], [ -94.387176, 39.051716 ], [ -94.387203, 39.050449 ], [ -94.387236, 39.0489 ], [ -94.387435, 39.044802 ], [ -94.405215, 39.045528 ], [ -94.415175, 39.045946 ], [ -94.415021, 39.05007 ] ] ] ] } },
{ "type": "Feature", "properties": { "GEOID": "29095013703", "NAME": "Census Tract 137.03, Jackson County, Missouri", "pop": 5327.0, "income": 51217.0, "rent": 820.0, "home_value": 146000.0, "vacancy_rate": 0.0643, "ami_60": 49620.0, "below_60_ami": 0, "PovertyRate": 25.0, "LILATracts_1And10": 0.0, "lapop1share": "4.06", "LATracts_half": 1.0, "TractHUNV": 124.0, "TractSNAP": 399.0, "snap_pct": 0.0749, "hunv_pct": 0.0233 }, "geometry": { "type": "MultiPolygon", "coordinates": [ [ [ [ -94.387731, 38.925248 ], [ -94.375678, 38.924946 ], [ -94.360619, 38.924386 ], [ -94.360279, 38.924374 ], [ -94.360851, 38.921639 ], [ -94.3619, 38.917631 ], [ -94.362056, 38.916874 ], [ -94.362321, 38.913829 ], [ -94.362454, 38.912063 ], [ -94.363072, 38.902884 ], [ -94.36307, 38.902741 ], [ -94.37309, 38.902989 ], [ -94.373181, 38.903131 ], [ -94.375953, 38.907036 ], [ -94.376595, 38.908752 ], [ -94.377255, 38.911152 ], [ -94.379701, 38.914746 ], [ -94.381086, 38.916591 ], [ -94.3851, 38.919797 ], [ -94.386373, 38.921331 ], [ -94.387731, 38.925248 ] ] ] ] } },
{ "type": "Feature", "properties": { "GEOID": "29095008600", "NAME": "Census Tract 86, Jackson County, Missouri", "pop": 5449.0, "income": 88021.0, "rent": 983.0, "home_value": 251800.0, "vacancy_rate": 0.0412, "ami_60": 49620.0, "below_60_ami": 0, "PovertyRate": 13.4, "LILATracts_1And10": 0.0, "lapop1share": "NULL", "LATracts_half": 1.0, "TractHUNV": 58.0, "TractSNAP": 85.0, "snap_pct": 0.0156, "hunv_pct": 0.0106 }, "geometry": { "type": "MultiPolygon", "coordinates": [ [ [ [ -94.593445, 39.004791 ], [ -94.593183, 39.01025 ], [ -94.593153, 39.014125 ], [ -94.591455, 39.014033 ], [ -94.583796, 39.013667 ], [ -94.579182, 39.013448 ], [ -94.574554, 39.01325 ], [ -94.575305, 38.998797 ], [ -94.579913, 38.999018 ], [ -94.584518, 38.999219 ], [ -94.584594, 38.999222 ], [ -94.593813, 38.999614 ], [ -94.593445, 39.004791 ] ] ] ] } },
{ "type": "Feature", "properties": { "GEOID": "29095006000", "NAME": "Census Tract 60, Jackson County, Missouri", "pop": 1327.0, "income": 29625.0, "rent": 782.0, "home_value": 42100.0, "vacancy_rate": 0.2969, "ami_60": 49620.0, "below_60_ami": 1, "PovertyRate": 20.1, "LILATracts_1And10": 0.0, "lapop1share": "NULL", "LATracts_half": 1.0, "TractHUNV": 121.0, "TractSNAP": 202.0, "snap_pct": 0.1522, "hunv_pct": 0.0912 }, "geometry": { "type": "MultiPolygon", "coordinates": [ [ [ [ -94.54503, 39.042437 ], [ -94.544373, 39.055122 ], [ -94.539783, 39.054972 ], [ -94.53517, 39.054831 ], [ -94.535742, 39.043967 ], [ -94.540323, 39.044104 ], [ -94.540517, 39.040514 ], [ -94.543214, 39.040582 ], [ -94.545375, 39.042442 ], [ -94.54503, 39.042437 ] ] ] ] } },
{ "type": "Feature", "properties": { "GEOID": "29095005801", "NAME": "Census Tract 58.01, Jackson County, Missouri", "pop": 2022.0, "income": 26466.0, "rent": 680.0, "home_value": 45000.0, "vacancy_rate": 0.1727, "ami_60": 49620.0, "below_60_ami": 1, "PovertyRate": 34.2, "LILATracts_1And10": 0.0, "lapop1share": "0.87", "LATracts_half": 1.0, "TractHUNV": 312.0, "TractSNAP": 450.0, "snap_pct": 0.2226, "hunv_pct": 0.1543 }, "geometry": { "type": "MultiPolygon", "coordinates": [ [ [ [ -94.534782, 39.062066 ], [ -94.534619, 39.065662 ], [ -94.534482, 39.069272 ], [ -94.529831, 39.069125 ], [ -94.521059, 39.068845 ], [ -94.52021, 39.068782 ], [ -94.51823, 39.066391 ], [ -94.517621, 39.06524 ], [ -94.515709, 39.061506 ], [ -94.512909, 39.058963 ], [ -94.513501, 39.057233 ], [ -94.514561, 39.056423 ], [ -94.515901, 39.056183 ], [ -94.521229, 39.056483 ], [ -94.520828, 39.055633 ], [ -94.520655, 39.054353 ], [ -94.527578, 39.055632 ], [ -94.530525, 39.054687 ], [ -94.53517, 39.054831 ], [ -94.534782, 39.062066 ] ] ] ] } },
{ "type": "Feature", "properties": { "GEOID": "29095009200", "NAME": "Census Tract 92, Jackson County, Missouri", "pop": 3048.0, "income": 86792.0, "rent": 1135.0, "home_value": 243600.0, "vacancy_rate": 0.0177, "ami_60": 49620.0, "below_60_ami": 0, "PovertyRate": 4.2, "LILATracts_1And10": 0.0, "lapop1share": "NULL", "LATracts_half": 0.0, "TractHUNV": 46.0, "TractSNAP": 32.0, "snap_pct": 0.0105, "hunv_pct": 0.0151 }, "geometry": { "type": "MultiPolygon", "coordinates": [ [ [ [ -94.608187153294907, 38.993006131692901 ], [ -94.608093663377801, 39.000136692665897 ], [ -94.608093083785903, 39.000180898664603 ], [ -94.603002, 39.000023 ], [ -94.593813, 38.999614 ], [ -94.594328, 38.992413 ], [ -94.594368, 38.988716 ], [ -94.60364, 38.989093 ], [ -94.603662, 38.988606 ], [ -94.608257739496494, 38.987622457930399 ], [ -94.608187153294907, 38.993006131692901 ] ] ] ] } },
{ "type": "Feature", "properties": { "GEOID": "29095017800", "NAME": "Census Tract 178, Jackson County, Missouri", "pop": 3289.0, "income": 33571.0, "rent": 857.0, "home_value": 226000.0, "vacancy_rate": 0.2317, "ami_60": 49620.0, "below_60_ami": 1, "PovertyRate": 27.1, "LILATracts_1And10": 0.0, "lapop1share": "NULL", "LATracts_half": 0.0, "TractHUNV": 414.0, "TractSNAP": 350.0, "snap_pct": 0.1064, "hunv_pct": 0.1259 }, "geometry": { "type": "MultiPolygon", "coordinates": [ [ [ [ -94.585681, 39.063787 ], [ -94.58532, 39.071032 ], [ -94.580043, 39.070835 ], [ -94.578898, 39.07079 ], [ -94.571313, 39.070502 ], [ -94.571641, 39.064841 ], [ -94.571723, 39.063246 ], [ -94.571818, 39.061403 ], [ -94.581151, 39.061817 ], [ -94.582271, 39.061861 ], [ -94.585784, 39.061983 ], [ -94.585681, 39.063787 ] ] ] ] } },
{ "type": "Feature", "properties": { "GEOID": "29095003400", "NAME": "Census Tract 34, Jackson County, Missouri", "pop": 2886.0, "income": 25571.0, "rent": 928.0, "home_value": 30200.0, "vacancy_rate": 0.3233, "ami_60": 49620.0, "below_60_ami": 1, "PovertyRate": 30.5, "LILATracts_1And10": 1.0, "lapop1share": "36.59", "LATracts_half": 1.0, "TractHUNV": 141.0, "TractSNAP": 243.0, "snap_pct": 0.0842, "hunv_pct": 0.0489 }, "geometry": { "type": "MultiPolygon", "coordinates": [ [ [ [ -94.533736, 39.0837 ], [ -94.52854, 39.083566 ], [ -94.527591, 39.083533 ], [ -94.524514, 39.083422 ], [ -94.521088, 39.083299 ], [ -94.515285, 39.083118 ], [ -94.515662, 39.075917 ], [ -94.520262, 39.076063 ], [ -94.524871, 39.0762 ], [ -94.528849, 39.07632 ], [ -94.534101, 39.076482 ], [ -94.533736, 39.0837 ] ] ] ] } },
{ "type": "Feature", "properties": { "GEOID": "29095008000", "NAME": "Census Tract 80, Jackson County, Missouri", "pop": 3239.0, "income": 33703.0, "rent": 794.0, "home_value": 64500.0, "vacancy_rate": 0.1912, "ami_60": 49620.0, "below_60_ami": 1, "PovertyRate": 23.6, "LILATracts_1And10": 0.0, "lapop1share": "6.82", "LATracts_half": 1.0, "TractHUNV": 434.0, "TractSNAP": 246.0, "snap_pct": 0.0759, "hunv_pct": 0.134 }, "geometry": { "type": "MultiPolygon", "coordinates": [ [ [ [ -94.568672, 39.013972 ], [ -94.568398, 39.01975 ], [ -94.564947, 39.01963 ], [ -94.564493, 39.026861 ], [ -94.559827, 39.026699 ], [ -94.555166, 39.026535 ], [ -94.555755, 39.019307 ], [ -94.556159, 39.012489 ], [ -94.559438, 39.012632 ], [ -94.568156, 39.012999 ], [ -94.568858, 39.013026 ], [ -94.568672, 39.013972 ] ] ] ] } },
{ "type": "Feature", "properties": { "GEOID": "29095013203", "NAME": "Census Tract 132.03, Jackson County, Missouri", "pop": 4997.0, "income": 32500.0, "rent": 1044.0, "home_value": 65800.0, "vacancy_rate": 0.1044, "ami_60": 49620.0, "below_60_ami": 1, "PovertyRate": 47.0, "LILATracts_1And10": 0.0, "lapop1share": "NULL", "LATracts_half": 1.0, "TractHUNV": 343.0, "TractSNAP": 486.0, "snap_pct": 0.0973, "hunv_pct": 0.0686 }, "geometry": { "type": "MultiPolygon", "coordinates": [ [ [ [ -94.511429, 38.917202 ], [ -94.509309, 38.922436 ], [ -94.508141, 38.926396 ], [ -94.507726, 38.929677 ], [ -94.507737, 38.930535 ], [ -94.494201, 38.930002 ], [ -94.493741, 38.929986 ], [ -94.494208, 38.924157 ], [ -94.495645, 38.924194 ], [ -94.496252, 38.920434 ], [ -94.496697, 38.915327 ], [ -94.496594, 38.914751 ], [ -94.505286, 38.914979 ], [ -94.505721, 38.914992 ], [ -94.513293, 38.915457 ], [ -94.511429, 38.917202 ] ] ] ] } },
{ "type": "Feature", "properties": { "GEOID": "29095011406", "NAME": "Census Tract 114.06, Jackson County, Missouri", "pop": 5670.0, "income": 61061.0, "rent": 1073.0, "home_value": 97200.0, "vacancy_rate": 0.0262, "ami_60": 49620.0, "below_60_ami": 0, "PovertyRate": 16.1, "LILATracts_1And10": 0.0, "lapop1share": "3.64", "LATracts_half": 1.0, "TractHUNV": 168.0, "TractSNAP": 308.0, "snap_pct": 0.0543, "hunv_pct": 0.0296 }, "geometry": { "type": "MultiPolygon", "coordinates": [ [ [ [ -94.374651, 39.11396 ], [ -94.374498, 39.116814 ], [ -94.372415, 39.115824 ], [ -94.367517, 39.114796 ], [ -94.365927, 39.116404 ], [ -94.370089, 39.117118 ], [ -94.372369, 39.120143 ], [ -94.370159, 39.120818 ], [ -94.368782, 39.121364 ], [ -94.364646, 39.123156 ], [ -94.356906, 39.127721 ], [ -94.355108, 39.126618 ], [ -94.353942, 39.125118 ], [ -94.350201, 39.122944 ], [ -94.34993, 39.120515 ], [ -94.346396, 39.120405 ], [ -94.346877, 39.110805 ], [ -94.355905, 39.111003 ], [ -94.357318, 39.109445 ], [ -94.357894, 39.109316 ], [ -94.360431, 39.108896 ], [ -94.360978, 39.108419 ], [ -94.361697, 39.107713 ], [ -94.362042, 39.107054 ], [ -94.362462, 39.106673 ], [ -94.363117, 39.106462 ], [ -94.364129, 39.106513 ], [ -94.365724, 39.106593 ], [ -94.374122, 39.106917 ], [ -94.374175, 39.107492 ], [ -94.373563, 39.107673 ], [ -94.37348, 39.108157 ], [ -94.373765, 39.10967 ], [ -94.374773, 39.109702 ], [ -94.374651, 39.11396 ] ] ] ] } },
{ "type": "Feature", "properties": { "GEOID": "29095018100", "NAME": "Census Tract 181, Jackson County, Missouri", "pop": 7997.0, "income": 123608.0, "rent": 2041.0, "home_value": 284800.0, "vacancy_rate": 0.043, "ami_60": 49620.0, "below_60_ami": 0, "PovertyRate": 3.8, "LILATracts_1And10": 0.0, "lapop1share": "32.86", "LATracts_half": 1.0, "TractHUNV": 51.0, "TractSNAP": 44.0, "snap_pct": 0.0055, "hunv_pct": 0.0064 }, "geometry": { "type": "MultiPolygon", "coordinates": [ [ [ [ -94.4913, 38.855847 ], [ -94.490792, 38.865323 ], [ -94.486136, 38.86519 ], [ -94.486215, 38.86334 ], [ -94.481609, 38.863282 ], [ -94.482084, 38.855595 ], [ -94.480297, 38.856008 ], [ -94.435742, 38.854178 ], [ -94.430077, 38.854035 ], [ -94.417199, 38.853682 ], [ -94.398681, 38.853232 ], [ -94.395042, 38.85317 ], [ -94.37562, 38.852567 ], [ -94.361222, 38.85208 ], [ -94.361971, 38.837602 ], [ -94.376002, 38.838005 ], [ -94.378466, 38.838088 ], [ -94.39001, 38.838543 ], [ -94.399447, 38.838809 ], [ -94.418523, 38.839316 ], [ -94.426801, 38.839506 ], [ -94.430756, 38.839608 ], [ -94.432321, 38.839634 ], [ -94.436649, 38.839707 ], [ -94.436806, 38.839713 ], [ -94.436905, 38.839783 ], [ -94.441401, 38.839943 ], [ -94.45503, 38.840419 ], [ -94.490031, 38.841713 ], [ -94.49213, 38.841707 ], [ -94.4913, 38.855847 ] ] ] ] } },
{ "type": "Feature", "properties": { "GEOID": "29095014204", "NAME": "Census Tract 142.04, Jackson County, Missouri", "pop": 8210.0, "income": 89643.0, "rent": 1064.0, "home_value": 290800.0, "vacancy_rate": 0.0584, "ami_60": 49620.0, "below_60_ami": 0, "PovertyRate": 4.8, "LILATracts_1And10": 0.0, "lapop1share": "33.02", "LATracts_half": 1.0, "TractHUNV": 30.0, "TractSNAP": 141.0, "snap_pct": 0.0172, "hunv_pct": 0.0037 }, "geometry": { "type": "MultiPolygon", "coordinates": [ [ [ [ -94.389998, 38.976267 ], [ -94.389194, 38.981655 ], [ -94.389196, 38.983462 ], [ -94.389196, 38.98349 ], [ -94.389495, 38.994492 ], [ -94.389417, 38.997933 ], [ -94.38842, 38.997887 ], [ -94.383598, 38.997713 ], [ -94.380189, 38.996399 ], [ -94.376808, 38.995845 ], [ -94.375673, 38.99597 ], [ -94.372635, 38.996468 ], [ -94.371887, 38.996799 ], [ -94.368543, 39.000992 ], [ -94.364675, 39.001843 ], [ -94.361242, 39.003968 ], [ -94.359094, 39.004398 ], [ -94.357007, 39.004344 ], [ -94.356698, 39.004332 ], [ -94.357372, 38.989635 ], [ -94.356036, 38.982496 ], [ -94.356065, 38.981452 ], [ -94.358122, 38.968017 ], [ -94.360533, 38.952375 ], [ -94.361038, 38.946189 ], [ -94.361357, 38.946193 ], [ -94.36305, 38.946724 ], [ -94.363278, 38.946239 ], [ -94.378133, 38.946622 ], [ -94.377827, 38.952153 ], [ -94.378399, 38.952877 ], [ -94.384037, 38.956126 ], [ -94.385966, 38.959757 ], [ -94.387837, 38.963778 ], [ -94.388587, 38.970296 ], [ -94.38995, 38.972477 ], [ -94.390195, 38.973132 ], [ -94.389998, 38.976267 ] ] ] ] } },
{ "type": "Feature", "properties": { "GEOID": "29095008300", "NAME": "Census Tract 83, Jackson County, Missouri", "pop": 2528.0, "income": 127250.0, "rent": 1600.0, "home_value": 359300.0, "vacancy_rate": 0.005, "ami_60": 49620.0, "below_60_ami": 0, "PovertyRate": 3.9, "LILATracts_1And10": 0.0, "lapop1share": "NULL", "LATracts_half": 1.0, "TractHUNV": 18.0, "TractSNAP": 5.0, "snap_pct": 0.002, "hunv_pct": 0.0071 }, "geometry": { "type": "MultiPolygon", "coordinates": [ [ [ [ -94.593074, 39.017148 ], [ -94.592574, 39.02423 ], [ -94.592367, 39.027833 ], [ -94.58478, 39.027565 ], [ -94.583071, 39.027508 ], [ -94.583281, 39.023888 ], [ -94.583487, 39.020267 ], [ -94.583618, 39.01699 ], [ -94.583796, 39.013667 ], [ -94.591455, 39.014033 ], [ -94.593153, 39.014125 ], [ -94.593074, 39.017148 ] ] ] ] } },
{ "type": "Feature", "properties": { "GEOID": "29095013901", "NAME": "Census Tract 139.01, Jackson County, Missouri", "pop": 6904.0, "income": 98886.0, "rent": 1122.0, "home_value": 351100.0, "vacancy_rate": 0.1986, "ami_60": 49620.0, "below_60_ami": 0, "PovertyRate": 2.8, "LILATracts_1And10": 0.0, "lapop1share": "99.89", "LATracts_half": 0.0, "TractHUNV": 85.0, "TractSNAP": 72.0, "snap_pct": 0.0104, "hunv_pct": 0.0123 }, "geometry": { "type": "MultiPolygon", "coordinates": [ [ [ [ -94.340208, 38.895054 ], [ -94.330591, 38.894874 ], [ -94.329823, 38.90201 ], [ -94.326141, 38.9019 ], [ -94.311257, 38.901448 ], [ -94.301206, 38.900956 ], [ -94.298563, 38.900187 ], [ -94.298409, 38.900113 ], [ -94.298135, 38.900539 ], [ -94.297285, 38.915653 ], [ -94.297124, 38.918726 ], [ -94.297093, 38.919329 ], [ -94.297045, 38.920268 ], [ -94.296826, 38.922586 ], [ -94.296063, 38.923314 ], [ -94.290494, 38.92553 ], [ -94.28962, 38.944259 ], [ -94.277755, 38.944061 ], [ -94.27554, 38.943957 ], [ -94.275466, 38.943954 ], [ -94.261624, 38.943571 ], [ -94.261437, 38.943565 ], [ -94.260404, 38.943537 ], [ -94.257013, 38.943443 ], [ -94.25574, 38.943395 ], [ -94.247321, 38.943098 ], [ -94.245935, 38.943054 ], [ -94.232891, 38.94272 ], [ -94.215448, 38.942408 ], [ -94.215475, 38.9416 ], [ -94.210187, 38.941167 ], [ -94.205894, 38.938498 ], [ -94.201178, 38.938328 ], [ -94.185597, 38.938006 ], [ -94.178475, 38.941034 ], [ -94.177233, 38.941189 ], [ -94.169317, 38.940959 ], [ -94.161291, 38.940667 ], [ -94.153941, 38.940717 ], [ -94.15207, 38.94044 ], [ -94.146748, 38.937671 ], [ -94.14169, 38.937632 ], [ -94.137166, 38.936229 ], [ -94.132476, 38.932824 ], [ -94.123193, 38.932488 ], [ -94.123303, 38.929927 ], [ -94.12236, 38.92884 ], [ -94.11427, 38.928542 ], [ -94.11418, 38.917995 ], [ -94.114175, 38.917304 ], [ -94.113634, 38.916964 ], [ -94.114092, 38.906242 ], [ -94.11596, 38.870998 ], [ -94.11651, 38.869673 ], [ -94.117158, 38.853598 ], [ -94.117699, 38.850222 ], [ -94.118498, 38.837189 ], [ -94.118786, 38.833208 ], [ -94.119096, 38.833167 ], [ -94.120778, 38.833006 ], [ -94.126038, 38.833109 ], [ -94.128154, 38.833398 ], [ -94.165433, 38.834562 ], [ -94.212074, 38.834854 ], [ -94.230672, 38.834874 ], [ -94.263003, 38.835032 ], [ -94.267951, 38.835037 ], [ -94.272497, 38.835044 ], [ -94.278167, 38.835056 ], [ -94.287593, 38.835084 ], [ -94.287135, 38.84437 ], [ -94.291817, 38.844857 ], [ -94.290273, 38.871593 ], [ -94.304234, 38.872022 ], [ -94.304657, 38.865542 ], [ -94.306567, 38.8653 ], [ -94.308646, 38.863108 ], [ -94.311143, 38.864926 ], [ -94.323836, 38.865423 ], [ -94.341842, 38.866 ], [ -94.340208, 38.895054 ] ], [ [ -94.219372, 38.881784 ], [ -94.191758, 38.872583 ], [ -94.191779, 38.872186 ], [ -94.191938, 38.869292 ], [ -94.192251, 38.86385 ], [ -94.179438, 38.864187 ], [ -94.173628, 38.86435 ], [ -94.174066, 38.856987 ], [ -94.165581, 38.856694 ], [ -94.159906, 38.856557 ], [ -94.145987, 38.856097 ], [ -94.145796, 38.859265 ], [ -94.144934, 38.875791 ], [ -94.140474, 38.881759 ], [ -94.139083, 38.881874 ], [ -94.13472, 38.885376 ], [ -94.134363, 38.891621 ], [ -94.135288, 38.892593 ], [ -94.137537, 38.892844 ], [ -94.139011, 38.894195 ], [ -94.138959, 38.896314 ], [ -94.140024, 38.896925 ], [ -94.141933, 38.896855 ], [ -94.144408, 38.898563 ], [ -94.149596, 38.898555 ], [ -94.151759, 38.900623 ], [ -94.172381, 38.901226 ], [ -94.176304, 38.900994 ], [ -94.176562, 38.893779 ], [ -94.185817, 38.893106 ], [ -94.186391, 38.885827 ], [ -94.190979, 38.885583 ], [ -94.204939, 38.885595 ], [ -94.218896, 38.885617 ], [ -94.218988, 38.882792 ], [ -94.219372, 38.881784 ] ] ] ] } },
{ "type": "Feature", "properties": { "GEOID": "29095016900", "NAME": "Census Tract 169, Jackson County, Missouri", "pop": 2721.0, "income": 35197.0, "rent": 772.0, "home_value": 48200.0, "vacancy_rate": 0.2413, "ami_60": 49620.0, "below_60_ami": 1, "PovertyRate": 25.7, "LILATracts_1And10": 0.0, "lapop1share": "NULL", "LATracts_half": 1.0, "TractHUNV": 271.0, "TractSNAP": 269.0, "snap_pct": 0.0989, "hunv_pct": 0.0996 }, "geometry": { "type": "MultiPolygon", "coordinates": [ [ [ [ -94.57233, 39.052523 ], [ -94.57212, 39.05608 ], [ -94.567486, 39.055915 ], [ -94.562865, 39.055749 ], [ -94.55359, 39.055445 ], [ -94.553967, 39.048245 ], [ -94.563253, 39.048576 ], [ -94.567909, 39.048751 ], [ -94.572529, 39.04891 ], [ -94.57233, 39.052523 ] ] ] ] } },
{ "type": "Feature", "properties": { "GEOID": "29095012906", "NAME": "Census Tract 129.06, Jackson County, Missouri", "pop": 4786.0, "income": 48147.0, "rent": 1196.0, "home_value": 82600.0, "vacancy_rate": 0.1054, "ami_60": 49620.0, "below_60_ami": 1, "PovertyRate": 15.0, "LILATracts_1And10": 0.0, "lapop1share": "4.56", "LATracts_half": 0.0, "TractHUNV": 105.0, "TractSNAP": 329.0, "snap_pct": 0.0687, "hunv_pct": 0.0219 }, "geometry": { "type": "MultiPolygon", "coordinates": [ [ [ [ -94.508596, 38.938722 ], [ -94.508586, 38.938885 ], [ -94.50827, 38.945161 ], [ -94.507942, 38.952392 ], [ -94.499221, 38.951982 ], [ -94.494046, 38.951764 ], [ -94.487633, 38.951571 ], [ -94.484219, 38.951432 ], [ -94.480074, 38.951263 ], [ -94.475395, 38.951052 ], [ -94.466093, 38.950632 ], [ -94.466449, 38.943312 ], [ -94.466827, 38.942072 ], [ -94.470388, 38.939576 ], [ -94.471481, 38.937684 ], [ -94.471524, 38.937603 ], [ -94.472455, 38.936043 ], [ -94.472578, 38.93568 ], [ -94.472873, 38.934047 ], [ -94.473298, 38.925394 ], [ -94.473379, 38.924935 ], [ -94.477858, 38.925013 ], [ -94.477815, 38.929313 ], [ -94.485748, 38.929675 ], [ -94.489439, 38.929759 ], [ -94.493741, 38.929986 ], [ -94.494201, 38.930002 ], [ -94.507737, 38.930535 ], [ -94.508636, 38.937846 ], [ -94.508596, 38.938722 ] ] ] ] } },
{ "type": "Feature", "properties": { "GEOID": "29095014904", "NAME": "Census Tract 149.04, Jackson County, Missouri", "pop": 6153.0, "income": 95030.0, "rent": 1004.0, "home_value": 170900.0, "vacancy_rate": 0.0278, "ami_60": 49620.0, "below_60_ami": 0, "PovertyRate": 6.4, "LILATracts_1And10": 0.0, "lapop1share": "53.83", "LATracts_half": 1.0, "TractHUNV": 15.0, "TractSNAP": 55.0, "snap_pct": 0.0089, "hunv_pct": 0.0024 }, "geometry": { "type": "MultiPolygon", "coordinates": [ [ [ [ -94.278526, 39.066305 ], [ -94.277838, 39.066312 ], [ -94.274615, 39.066213 ], [ -94.274167, 39.067303 ], [ -94.268192, 39.067252 ], [ -94.256309, 39.066734 ], [ -94.256666, 39.057732 ], [ -94.2567, 39.056764 ], [ -94.256854, 39.052279 ], [ -94.257072, 39.04863 ], [ -94.257258, 39.045018 ], [ -94.252635, 39.044838 ], [ -94.252908, 39.037556 ], [ -94.253222, 39.028106 ], [ -94.271791, 39.030312 ], [ -94.271483, 39.038297 ], [ -94.271132, 39.04579 ], [ -94.270813, 39.052824 ], [ -94.270791, 39.053412 ], [ -94.270961, 39.05635 ], [ -94.272743, 39.058393 ], [ -94.27827, 39.064301 ], [ -94.278526, 39.066305 ] ] ] ] } },
{ "type": "Feature", "properties": { "GEOID": "29095014902", "NAME": "Census Tract 149.02, Jackson County, Missouri", "pop": 2052.0, "income": 53598.0, "rent": 873.0, "home_value": 104300.0, "vacancy_rate": 0.0656, "ami_60": 49620.0, "below_60_ami": 0, "PovertyRate": 20.7, "LILATracts_1And10": 0.0, "lapop1share": "22.88", "LATracts_half": 1.0, "TractHUNV": 18.0, "TractSNAP": 115.0, "snap_pct": 0.056, "hunv_pct": 0.0088 }, "geometry": { "type": "MultiPolygon", "coordinates": [ [ [ [ -94.216289, 39.136056 ], [ -94.215923, 39.138646 ], [ -94.209947, 39.138425 ], [ -94.206442, 39.138295 ], [ -94.202034, 39.138135 ], [ -94.201197, 39.138109 ], [ -94.192119, 39.137818 ], [ -94.192397, 39.133796 ], [ -94.196669, 39.132859 ], [ -94.194441, 39.132591 ], [ -94.19286, 39.132751 ], [ -94.193123, 39.123378 ], [ -94.188278, 39.123187 ], [ -94.188799, 39.115866 ], [ -94.198571, 39.11621 ], [ -94.217294, 39.116987 ], [ -94.216289, 39.136056 ] ] ] ] } },
{ "type": "Feature", "properties": { "GEOID": "29095014604", "NAME": "Census Tract 146.04, Jackson County, Missouri", "pop": 4487.0, "income": 45797.0, "rent": 897.0, "home_value": 128000.0, "vacancy_rate": 0.0766, "ami_60": 49620.0, "below_60_ami": 1, "PovertyRate": 11.6, "LILATracts_1And10": 0.0, "lapop1share": "0.47", "LATracts_half": 1.0, "TractHUNV": 302.0, "TractSNAP": 219.0, "snap_pct": 0.0488, "hunv_pct": 0.0673 }, "geometry": { "type": "MultiPolygon", "coordinates": [ [ [ [ -94.390959, 39.070657 ], [ -94.39084, 39.073975 ], [ -94.390667, 39.078302 ], [ -94.379097, 39.077839 ], [ -94.379126, 39.076094 ], [ -94.378572, 39.072312 ], [ -94.377058, 39.068361 ], [ -94.373951, 39.063428 ], [ -94.37143, 39.060593 ], [ -94.367254, 39.057325 ], [ -94.366657, 39.055715 ], [ -94.366467, 39.053975 ], [ -94.365752, 39.051146 ], [ -94.36318, 39.047115 ], [ -94.362333, 39.041747 ], [ -94.373109, 39.043213 ], [ -94.372735, 39.050498 ], [ -94.373602, 39.053332 ], [ -94.374824, 39.053995 ], [ -94.377756, 39.054058 ], [ -94.377688, 39.055889 ], [ -94.379425, 39.056048 ], [ -94.37996, 39.057659 ], [ -94.380159, 39.057931 ], [ -94.380847, 39.058769 ], [ -94.384695, 39.058568 ], [ -94.383043, 39.060152 ], [ -94.378686, 39.06156 ], [ -94.37758, 39.063425 ], [ -94.380073, 39.062662 ], [ -94.38591, 39.065755 ], [ -94.385508, 39.064359 ], [ -94.386902, 39.063168 ], [ -94.388465, 39.063203 ], [ -94.389074, 39.064838 ], [ -94.39134, 39.064872 ], [ -94.390959, 39.070657 ] ] ] ] } },
{ "type": "Feature", "properties": { "GEOID": "29095015800", "NAME": "Census Tract 158, Jackson County, Missouri", "pop": 1578.0, "income": 80203.0, "rent": 1405.0, "home_value": 230100.0, "vacancy_rate": 0.0719, "ami_60": 49620.0, "below_60_ami": 0, "PovertyRate": 12.2, "LILATracts_1And10": 0.0, "lapop1share": "0.07", "LATracts_half": 1.0, "TractHUNV": 26.0, "TractSNAP": 9.0, "snap_pct": 0.0057, "hunv_pct": 0.0165 }, "geometry": { "type": "MultiPolygon", "coordinates": [ [ [ [ -94.593837, 39.084721 ], [ -94.589512, 39.087424 ], [ -94.589026, 39.087728 ], [ -94.58878, 39.091932 ], [ -94.588602, 39.096171 ], [ -94.588599, 39.096242 ], [ -94.587847, 39.09631 ], [ -94.583396, 39.096038 ], [ -94.578741, 39.095794 ], [ -94.572312, 39.096963 ], [ -94.569998, 39.096142 ], [ -94.570273, 39.09137 ], [ -94.570409, 39.088234 ], [ -94.570164, 39.087349 ], [ -94.570084, 39.087046 ], [ -94.570074, 39.08681 ], [ -94.570106, 39.086562 ], [ -94.570163, 39.08637 ], [ -94.570396, 39.085821 ], [ -94.570583, 39.084957 ], [ -94.57833, 39.085262 ], [ -94.578193, 39.084044 ], [ -94.578616, 39.081632 ], [ -94.579924, 39.083895 ], [ -94.583299, 39.084108 ], [ -94.589256, 39.08338 ], [ -94.589208, 39.085337 ], [ -94.59388, 39.083735 ], [ -94.593837, 39.084721 ] ] ] ] } },
{ "type": "Feature", "properties": { "GEOID": "29095005200", "NAME": "Census Tract 52, Jackson County, Missouri", "pop": 1092.0, "income": 18984.0, "rent": 574.0, "home_value": 58100.0, "vacancy_rate": 0.1729, "ami_60": 49620.0, "below_60_ami": 1, "PovertyRate": 41.2, "LILATracts_1And10": 0.0, "lapop1share": "NULL", "LATracts_half": 1.0, "TractHUNV": 189.0, "TractSNAP": 200.0, "snap_pct": 0.1832, "hunv_pct": 0.1731 }, "geometry": { "type": "MultiPolygon", "coordinates": [ [ [ [ -94.571641, 39.064841 ], [ -94.571313, 39.070502 ], [ -94.56683, 39.070348 ], [ -94.566733, 39.070344 ], [ -94.562091, 39.070185 ], [ -94.562457, 39.062937 ], [ -94.567098, 39.063097 ], [ -94.571723, 39.063246 ], [ -94.571641, 39.064841 ] ] ] ] } },
{ "type": "Feature", "properties": { "GEOID": "29095012400", "NAME": "Census Tract 124, Jackson County, Missouri", "pop": 3945.0, "income": 48646.0, "rent": 883.0, "home_value": 101500.0, "vacancy_rate": 0.0653, "ami_60": 49620.0, "below_60_ami": 1, "PovertyRate": 9.9, "LILATracts_1And10": 0.0, "lapop1share": "4.96", "LATracts_half": 1.0, "TractHUNV": 50.0, "TractSNAP": 131.0, "snap_pct": 0.0332, "hunv_pct": 0.0127 }, "geometry": { "type": "MultiPolygon", "coordinates": [ [ [ [ -94.443504, 39.047115 ], [ -94.433708, 39.046713 ], [ -94.415175, 39.045946 ], [ -94.415651, 39.035617 ], [ -94.415684, 39.035048 ], [ -94.425029, 39.035205 ], [ -94.425375, 39.026309 ], [ -94.429995, 39.026444 ], [ -94.437686, 39.026777 ], [ -94.437636, 39.029236 ], [ -94.437239, 39.036002 ], [ -94.435933, 39.036422 ], [ -94.43566, 39.039815 ], [ -94.433527, 39.039744 ], [ -94.433316, 39.041693 ], [ -94.436441, 39.043753 ], [ -94.443504, 39.047115 ] ] ] ] } },
{ "type": "Feature", "properties": { "GEOID": "29095013301", "NAME": "Census Tract 133.01, Jackson County, Missouri", "pop": 3756.0, "income": 36081.0, "rent": 743.0, "home_value": 86500.0, "vacancy_rate": 0.0638, "ami_60": 49620.0, "below_60_ami": 1, "PovertyRate": 16.8, "LILATracts_1And10": 1.0, "lapop1share": "14.60", "LATracts_half": 1.0, "TractHUNV": 178.0, "TractSNAP": 259.0, "snap_pct": 0.069, "hunv_pct": 0.0474 }, "geometry": { "type": "MultiPolygon", "coordinates": [ [ [ [ -94.544573, 38.880697 ], [ -94.540166, 38.880456 ], [ -94.539798, 38.885459 ], [ -94.542446, 38.885604 ], [ -94.540734, 38.888453 ], [ -94.539181, 38.894996 ], [ -94.538586, 38.898181 ], [ -94.536276, 38.902324 ], [ -94.536122, 38.903957 ], [ -94.538384, 38.908588 ], [ -94.538167, 38.910027 ], [ -94.523868, 38.909368 ], [ -94.523691, 38.908897 ], [ -94.524468, 38.897913 ], [ -94.524656, 38.897942 ], [ -94.525284, 38.888877 ], [ -94.525402, 38.887163 ], [ -94.525919, 38.879682 ], [ -94.526424, 38.872451 ], [ -94.528631, 38.872527 ], [ -94.529224, 38.871667 ], [ -94.530419, 38.872626 ], [ -94.545288, 38.873425 ], [ -94.544573, 38.880697 ] ] ] ] } },
{ "type": "Feature", "properties": { "GEOID": "29095015200", "NAME": "Census Tract 152, Jackson County, Missouri", "pop": 2485.0, "income": 77700.0, "rent": 1284.0, "home_value": 252800.0, "vacancy_rate": 0.121, "ami_60": 49620.0, "below_60_ami": 0, "PovertyRate": 10.3, "LILATracts_1And10": 0.0, "lapop1share": "0.00", "LATracts_half": 0.0, "TractHUNV": 40.0, "TractSNAP": 92.0, "snap_pct": 0.037, "hunv_pct": 0.0161 }, "geometry": { "type": "MultiPolygon", "coordinates": [ [ [ [ -94.607354, 39.113444 ], [ -94.603901, 39.110916 ], [ -94.597756, 39.109763 ], [ -94.595725, 39.110004 ], [ -94.592248, 39.111174 ], [ -94.589685, 39.11253 ], [ -94.579922, 39.116735 ], [ -94.579019, 39.117367 ], [ -94.578148, 39.113921 ], [ -94.577791, 39.112688 ], [ -94.577908, 39.112674 ], [ -94.57823, 39.112653 ], [ -94.578213, 39.112298 ], [ -94.577897, 39.110965 ], [ -94.578094, 39.110347 ], [ -94.57702, 39.109475 ], [ -94.576869, 39.108616 ], [ -94.576924, 39.106582 ], [ -94.582591, 39.106719 ], [ -94.588226, 39.10688 ], [ -94.591916, 39.10668 ], [ -94.593434, 39.105198 ], [ -94.594291, 39.103751 ], [ -94.594761, 39.102455 ], [ -94.596521, 39.09698 ], [ -94.597505, 39.094564 ], [ -94.597981, 39.095263 ], [ -94.60277, 39.087438 ], [ -94.603234, 39.085948 ], [ -94.602775, 39.084768 ], [ -94.600697, 39.083118 ], [ -94.607313772028192, 39.083302009772495 ], [ -94.607234, 39.089604 ], [ -94.607234542711794, 39.089711818752299 ], [ -94.607354, 39.113444 ] ] ] ] } },
{ "type": "Feature", "properties": { "GEOID": "29095014108", "NAME": "Census Tract 141.08, Jackson County, Missouri", "pop": 6753.0, "income": 60164.0, "rent": 958.0, "home_value": 129600.0, "vacancy_rate": 0.0407, "ami_60": 49620.0, "below_60_ami": 0, "PovertyRate": 22.6, "LILATracts_1And10": 1.0, "lapop1share": "83.59", "LATracts_half": 1.0, "TractHUNV": 200.0, "TractSNAP": 337.0, "snap_pct": 0.0499, "hunv_pct": 0.0296 }, "geometry": { "type": "MultiPolygon", "coordinates": [ [ [ [ -94.305385, 39.03432 ], [ -94.28551, 39.031966 ], [ -94.28552, 39.031807 ], [ -94.285749, 39.028261 ], [ -94.281109, 39.027709 ], [ -94.28117, 39.024069 ], [ -94.281346, 39.02125 ], [ -94.28158, 39.016805 ], [ -94.281949, 39.009399 ], [ -94.286116, 39.009451 ], [ -94.286624, 39.009417 ], [ -94.293616, 39.008618 ], [ -94.299628, 39.008759 ], [ -94.300628, 39.008796 ], [ -94.300577, 39.010129 ], [ -94.300497, 39.011912 ], [ -94.300372, 39.01457 ], [ -94.300311, 39.015902 ], [ -94.300251, 39.01726 ], [ -94.300224, 39.017627 ], [ -94.300364, 39.017851 ], [ -94.301727, 39.019247 ], [ -94.304469, 39.020953 ], [ -94.304694, 39.02158 ], [ -94.304537, 39.024692 ], [ -94.30435, 39.028291 ], [ -94.304411, 39.029399 ], [ -94.304939, 39.030915 ], [ -94.305364, 39.034168 ], [ -94.305385, 39.03432 ] ] ] ] } },
{ "type": "Feature", "properties": { "GEOID": "29095003700", "NAME": "Census Tract 37, Jackson County, Missouri", "pop": 864.0, "income": 26923.0, "rent": 804.0, "home_value": 26500.0, "vacancy_rate": 0.3702, "ami_60": 49620.0, "below_60_ami": 1, "PovertyRate": 27.9, "LILATracts_1And10": 0.0, "lapop1share": "NULL", "LATracts_half": 1.0, "TractHUNV": 88.0, "TractSNAP": 82.0, "snap_pct": 0.0949, "hunv_pct": 0.1019 }, "geometry": { "type": "MultiPolygon", "coordinates": [ [ [ [ -94.552146, 39.084331 ], [ -94.552135, 39.084558 ], [ -94.542921, 39.084268 ], [ -94.54327, 39.076773 ], [ -94.55248, 39.077094 ], [ -94.552146, 39.084331 ] ] ] ] } },
{ "type": "Feature", "properties": { "GEOID": "29095005500", "NAME": "Census Tract 55, Jackson County, Missouri", "pop": 701.0, "income": 37689.0, "rent": 817.0, "home_value": 47000.0, "vacancy_rate": 0.3537, "ami_60": 49620.0, "below_60_ami": 1, "PovertyRate": 16.7, "LILATracts_1And10": 0.0, "lapop1share": "NULL", "LATracts_half": 1.0, "TractHUNV": 31.0, "TractSNAP": 86.0, "snap_pct": 0.1227, "hunv_pct": 0.0442 }, "geometry": { "type": "MultiPolygon", "coordinates": [ [ [ [ -94.562457, 39.062937 ], [ -94.553203, 39.062627 ], [ -94.55359, 39.055445 ], [ -94.562865, 39.055749 ], [ -94.562457, 39.062937 ] ] ] ] } },
{ "type": "Feature", "properties": { "GEOID": "29095002100", "NAME": "Census Tract 21, Jackson County, Missouri", "pop": 4114.0, "income": 26097.0, "rent": 773.0, "home_value": 47800.0, "vacancy_rate": 0.2263, "ami_60": 49620.0, "below_60_ami": 1, "PovertyRate": 50.4, "LILATracts_1And10": 1.0, "lapop1share": "44.10", "LATracts_half": 1.0, "TractHUNV": 332.0, "TractSNAP": 631.0, "snap_pct": 0.1534, "hunv_pct": 0.0807 }, "geometry": { "type": "MultiPolygon", "coordinates": [ [ [ [ -94.514943, 39.090332 ], [ -94.514752, 39.09394 ], [ -94.514591, 39.097598 ], [ -94.514563, 39.097597 ], [ -94.509993, 39.097492 ], [ -94.503135, 39.097311 ], [ -94.500824, 39.097247 ], [ -94.491468, 39.096911 ], [ -94.488165, 39.095934 ], [ -94.487883, 39.095864 ], [ -94.487558, 39.092879 ], [ -94.48729, 39.08814 ], [ -94.488083, 39.085992 ], [ -94.490458, 39.082128 ], [ -94.492465, 39.082516 ], [ -94.494572, 39.082614 ], [ -94.497924, 39.082772 ], [ -94.515285, 39.083118 ], [ -94.514943, 39.090332 ] ] ] ] } },
{ "type": "Feature", "properties": { "GEOID": "29095012100", "NAME": "Census Tract 121, Jackson County, Missouri", "pop": 5512.0, "income": 43790.0, "rent": 860.0, "home_value": 96500.0, "vacancy_rate": 0.0589, "ami_60": 49620.0, "below_60_ami": 1, "PovertyRate": 9.7, "LILATracts_1And10": 0.0, "lapop1share": "NULL", "LATracts_half": 1.0, "TractHUNV": 138.0, "TractSNAP": 119.0, "snap_pct": 0.0216, "hunv_pct": 0.025 }, "geometry": { "type": "MultiPolygon", "coordinates": [ [ [ [ -94.44746, 39.051334 ], [ -94.44713, 39.058565 ], [ -94.446729, 39.066993 ], [ -94.446318, 39.075524 ], [ -94.44616, 39.08035 ], [ -94.438673, 39.080054 ], [ -94.432326, 39.079805 ], [ -94.432522, 39.074982 ], [ -94.432581, 39.0733 ], [ -94.43301, 39.063453 ], [ -94.43323, 39.058009 ], [ -94.433549, 39.050819 ], [ -94.433708, 39.046713 ], [ -94.443504, 39.047115 ], [ -94.447586, 39.048753 ], [ -94.44746, 39.051334 ] ] ] ] } },
{ "type": "Feature", "properties": { "GEOID": "29095017600", "NAME": "Census Tract 176, Jackson County, Missouri", "pop": 5264.0, "income": 72315.0, "rent": 879.0, "home_value": 144900.0, "vacancy_rate": 0.0639, "ami_60": 49620.0, "below_60_ami": 0, "PovertyRate": 4.9, "LILATracts_1And10": 0.0, "lapop1share": "29.37", "LATracts_half": 1.0, "TractHUNV": 70.0, "TractSNAP": 96.0, "snap_pct": 0.0182, "hunv_pct": 0.0133 }, "geometry": { "type": "MultiPolygon", "coordinates": [ [ [ [ -94.445253, 38.989222 ], [ -94.444965, 38.990553 ], [ -94.44443, 39.000576 ], [ -94.444289, 39.005521 ], [ -94.44417, 39.007796 ], [ -94.444139, 39.008329 ], [ -94.444095, 39.009971 ], [ -94.44392, 39.014991 ], [ -94.443561, 39.02224 ], [ -94.443475, 39.024395 ], [ -94.442208, 39.024647 ], [ -94.440755, 39.026821 ], [ -94.437686, 39.026777 ], [ -94.429995, 39.026444 ], [ -94.43059, 39.014447 ], [ -94.430762, 39.010684 ], [ -94.431102, 39.003537 ], [ -94.429677, 39.002441 ], [ -94.428375, 39.001681 ], [ -94.426638, 38.998862 ], [ -94.41892, 38.998866 ], [ -94.416623, 38.999847 ], [ -94.416124, 38.99755 ], [ -94.417082, 38.994883 ], [ -94.417417, 38.991073 ], [ -94.417256, 38.985819 ], [ -94.417808, 38.984751 ], [ -94.418777, 38.983946 ], [ -94.421999, 38.982601 ], [ -94.424923, 38.980221 ], [ -94.425807, 38.978351 ], [ -94.426415, 38.970893 ], [ -94.42653, 38.970204 ], [ -94.42667, 38.969767 ], [ -94.426859, 38.96934 ], [ -94.428014, 38.967486 ], [ -94.429234, 38.965529 ], [ -94.432324, 38.966819 ], [ -94.436967, 38.967424 ], [ -94.43846, 38.968055 ], [ -94.441106, 38.970473 ], [ -94.440341, 38.986616 ], [ -94.442636, 38.986714 ], [ -94.445273, 38.98712 ], [ -94.445253, 38.989222 ] ] ] ] } },
{ "type": "Feature", "properties": { "GEOID": "29095016200", "NAME": "Census Tract 162, Jackson County, Missouri", "pop": 1393.0, "income": 29474.0, "rent": 653.0, "home_value": 95300.0, "vacancy_rate": 0.1831, "ami_60": 49620.0, "below_60_ami": 1, "PovertyRate": 29.0, "LILATracts_1And10": 0.0, "lapop1share": "24.57", "LATracts_half": 1.0, "TractHUNV": 187.0, "TractSNAP": 110.0, "snap_pct": 0.079, "hunv_pct": 0.1342 }, "geometry": { "type": "MultiPolygon", "coordinates": [ [ [ [ -94.571049, 39.076108 ], [ -94.570583, 39.084957 ], [ -94.565818, 39.08479 ], [ -94.561317, 39.085113 ], [ -94.561346, 39.084641 ], [ -94.561708, 39.077401 ], [ -94.562562, 39.077368 ], [ -94.561854, 39.073791 ], [ -94.562091, 39.070185 ], [ -94.566733, 39.070344 ], [ -94.56683, 39.070348 ], [ -94.571313, 39.070502 ], [ -94.571049, 39.076108 ] ] ] ] } },
{ "type": "Feature", "properties": { "GEOID": "29095001900", "NAME": "Census Tract 19, Jackson County, Missouri", "pop": 3632.0, "income": 26016.0, "rent": 661.0, "home_value": 42000.0, "vacancy_rate": 0.1562, "ami_60": 49620.0, "below_60_ami": 1, "PovertyRate": 42.1, "LILATracts_1And10": 0.0, "lapop1share": "NULL", "LATracts_half": 0.0, "TractHUNV": 354.0, "TractSNAP": 443.0, "snap_pct": 0.122, "hunv_pct": 0.0975 }, "geometry": { "type": "MultiPolygon", "coordinates": [ [ [ [ -94.537414, 39.102022 ], [ -94.537224, 39.10583 ], [ -94.533024, 39.1057 ], [ -94.530709, 39.105623 ], [ -94.528375, 39.105544 ], [ -94.52799, 39.105529 ], [ -94.519107, 39.105208 ], [ -94.51874, 39.105194 ], [ -94.514491, 39.105036 ], [ -94.511209, 39.104926 ], [ -94.511288, 39.103138 ], [ -94.514454, 39.101287 ], [ -94.514419, 39.101285 ], [ -94.514563, 39.097597 ], [ -94.514591, 39.097598 ], [ -94.519172, 39.097744 ], [ -94.523151, 39.097897 ], [ -94.528347, 39.098053 ], [ -94.529388, 39.098076 ], [ -94.537609, 39.098364 ], [ -94.537414, 39.102022 ] ] ] ] } },
{ "type": "Feature", "properties": { "GEOID": "29095002200", "NAME": "Census Tract 22, Jackson County, Missouri", "pop": 2689.0, "income": 16823.0, "rent": 616.0, "home_value": 41700.0, "vacancy_rate": 0.2666, "ami_60": 49620.0, "below_60_ami": 1, "PovertyRate": 30.4, "LILATracts_1And10": 1.0, "lapop1share": "27.52", "LATracts_half": 1.0, "TractHUNV": 322.0, "TractSNAP": 445.0, "snap_pct": 0.1655, "hunv_pct": 0.1197 }, "geometry": { "type": "MultiPolygon", "coordinates": [ [ [ [ -94.528347, 39.098053 ], [ -94.523151, 39.097897 ], [ -94.519172, 39.097744 ], [ -94.514591, 39.097598 ], [ -94.514752, 39.09394 ], [ -94.514943, 39.090332 ], [ -94.515285, 39.083118 ], [ -94.521088, 39.083299 ], [ -94.524514, 39.083422 ], [ -94.527591, 39.083533 ], [ -94.526917, 39.089983 ], [ -94.526874, 39.090734 ], [ -94.526716, 39.0942 ], [ -94.528862, 39.094181 ], [ -94.528347, 39.098053 ] ] ] ] } },
{ "type": "Feature", "properties": { "GEOID": "29095007300", "NAME": "Census Tract 73, Jackson County, Missouri", "pop": 3091.0, "income": 62411.0, "rent": 1102.0, "home_value": 473100.0, "vacancy_rate": 0.177, "ami_60": 49620.0, "below_60_ami": 0, "PovertyRate": 16.8, "LILATracts_1And10": 0.0, "lapop1share": "NULL", "LATracts_half": 1.0, "TractHUNV": 155.0, "TractSNAP": 35.0, "snap_pct": 0.0113, "hunv_pct": 0.0501 }, "geometry": { "type": "MultiPolygon", "coordinates": [ [ [ [ -94.598718, 39.039194 ], [ -94.598526, 39.042537 ], [ -94.598465, 39.04362 ], [ -94.598427, 39.044341 ], [ -94.596105, 39.04425 ], [ -94.594566, 39.044216 ], [ -94.592332, 39.044129 ], [ -94.588212, 39.043187 ], [ -94.588037, 39.042149 ], [ -94.586735, 39.042101 ], [ -94.586371, 39.042092 ], [ -94.5823, 39.041964 ], [ -94.582477, 39.038679 ], [ -94.584045, 39.038789 ], [ -94.585312, 39.039267 ], [ -94.584887, 39.038455 ], [ -94.587129, 39.038522 ], [ -94.590319, 39.038749 ], [ -94.591726, 39.038685 ], [ -94.591657, 39.039861 ], [ -94.598753, 39.03829 ], [ -94.598718, 39.039194 ] ] ] ] } },
{ "type": "Feature", "properties": { "GEOID": "29095011600", "NAME": "Census Tract 116, Jackson County, Missouri", "pop": 5181.0, "income": 31310.0, "rent": 588.0, "home_value": 89200.0, "vacancy_rate": 0.1434, "ami_60": 49620.0, "below_60_ami": 1, "PovertyRate": 18.2, "LILATracts_1And10": 1.0, "lapop1share": "16.48", "LATracts_half": 1.0, "TractHUNV": 391.0, "TractSNAP": 532.0, "snap_pct": 0.1027, "hunv_pct": 0.0755 }, "geometry": { "type": "MultiPolygon", "coordinates": [ [ [ [ -94.43619, 39.102153 ], [ -94.431468, 39.101995 ], [ -94.427358, 39.10184 ], [ -94.423472, 39.101694 ], [ -94.419485, 39.101541 ], [ -94.416695, 39.101429 ], [ -94.412833, 39.101259 ], [ -94.413064, 39.097439 ], [ -94.413064, 39.095514 ], [ -94.410924, 39.09544 ], [ -94.41103, 39.093596 ], [ -94.409135, 39.093531 ], [ -94.408727, 39.090828 ], [ -94.411731, 39.09094 ], [ -94.411805, 39.089863 ], [ -94.413468, 39.089897 ], [ -94.413561, 39.089392 ], [ -94.413628, 39.086875 ], [ -94.413892, 39.079106 ], [ -94.418767, 39.079251 ], [ -94.421923, 39.079372 ], [ -94.422085, 39.080342 ], [ -94.421527, 39.086656 ], [ -94.426592, 39.086865 ], [ -94.427525, 39.086984 ], [ -94.427378, 39.090281 ], [ -94.427307, 39.091699 ], [ -94.427219, 39.094173 ], [ -94.431766, 39.094341 ], [ -94.436413, 39.094529 ], [ -94.43619, 39.102153 ] ] ] ] } },
{ "type": "Feature", "properties": { "GEOID": "29095018600", "NAME": "Census Tract 186, Jackson County, Missouri", "pop": 3065.0, "income": 93657.0, "rent": 1695.0, "home_value": 181500.0, "vacancy_rate": 0.0082, "ami_60": 49620.0, "below_60_ami": 0, "PovertyRate": 2.0, "LILATracts_1And10": 0.0, "lapop1share": "12.21", "LATracts_half": 1.0, "TractHUNV": 15.0, "TractSNAP": 16.0, "snap_pct": 0.0052, "hunv_pct": 0.0049 }, "geometry": { "type": "MultiPolygon", "coordinates": [ [ [ [ -94.361038, 38.946189 ], [ -94.345044, 38.945841 ], [ -94.336059, 38.945612 ], [ -94.336096, 38.944853 ], [ -94.336125, 38.944273 ], [ -94.336223, 38.94349 ], [ -94.336236, 38.942524 ], [ -94.338732, 38.939262 ], [ -94.341186, 38.939153 ], [ -94.338233, 38.937602 ], [ -94.338279, 38.936095 ], [ -94.339021, 38.934825 ], [ -94.341107, 38.934877 ], [ -94.349736, 38.935075 ], [ -94.350631, 38.934669 ], [ -94.35077, 38.931445 ], [ -94.359952, 38.93159 ], [ -94.359671, 38.939329 ], [ -94.359557, 38.941935 ], [ -94.361038, 38.946189 ] ] ] ] } },
{ "type": "Feature", "properties": { "GEOID": "29095012802", "NAME": "Census Tract 128.02, Jackson County, Missouri", "pop": 3502.0, "income": 55156.0, "rent": 788.0, "home_value": 123900.0, "vacancy_rate": 0.0678, "ami_60": 49620.0, "below_60_ami": 0, "PovertyRate": 5.9, "LILATracts_1And10": 0.0, "lapop1share": "47.05", "LATracts_half": 1.0, "TractHUNV": 58.0, "TractSNAP": 78.0, "snap_pct": 0.0223, "hunv_pct": 0.0166 }, "geometry": { "type": "MultiPolygon", "coordinates": [ [ [ [ -94.465054, 38.972415 ], [ -94.464731, 38.979754 ], [ -94.464462, 38.986453 ], [ -94.463159, 38.98488 ], [ -94.45997, 38.982437 ], [ -94.447817, 38.976774 ], [ -94.446442, 38.975885 ], [ -94.442148, 38.971548 ], [ -94.441106, 38.970473 ], [ -94.43846, 38.968055 ], [ -94.436967, 38.967424 ], [ -94.432324, 38.966819 ], [ -94.429234, 38.965529 ], [ -94.432048, 38.960885 ], [ -94.433083, 38.95757 ], [ -94.43425, 38.956887 ], [ -94.435784, 38.956498 ], [ -94.437823, 38.956647 ], [ -94.439406, 38.956811 ], [ -94.442378, 38.958544 ], [ -94.444601, 38.958442 ], [ -94.447032, 38.95963 ], [ -94.450248, 38.959798 ], [ -94.450209, 38.960185 ], [ -94.450494, 38.960871 ], [ -94.45074, 38.961354 ], [ -94.45268, 38.963765 ], [ -94.457428, 38.964364 ], [ -94.459424, 38.964854 ], [ -94.465405, 38.965132 ], [ -94.465054, 38.972415 ] ] ] ] } },
{ "type": "Feature", "properties": { "GEOID": "29095018500", "NAME": "Census Tract 185, Jackson County, Missouri", "pop": 4152.0, "income": 125114.0, "rent": 1128.0, "home_value": 290100.0, "vacancy_rate": 0.0059, "ami_60": 49620.0, "below_60_ami": 0, "PovertyRate": 0.0, "LILATracts_1And10": 0.0, "lapop1share": "36.69", "LATracts_half": 0.0, "TractHUNV": 6.0, "TractSNAP": 10.0, "snap_pct": 0.0024, "hunv_pct": 0.0014 }, "geometry": { "type": "MultiPolygon", "coordinates": [ [ [ [ -94.360533, 38.952375 ], [ -94.358122, 38.968017 ], [ -94.356065, 38.981452 ], [ -94.356036, 38.982496 ], [ -94.357372, 38.989635 ], [ -94.356698, 39.004332 ], [ -94.356551, 39.013684 ], [ -94.357212, 39.015365 ], [ -94.359348, 39.019092 ], [ -94.360332, 39.026157 ], [ -94.354575, 39.026137 ], [ -94.344672, 39.025916 ], [ -94.343491, 39.025882 ], [ -94.343778, 39.025071 ], [ -94.346547, 39.0255 ], [ -94.34685, 39.021813 ], [ -94.346291, 39.021286 ], [ -94.346873, 39.018554 ], [ -94.351523, 39.018704 ], [ -94.351875, 39.004217 ], [ -94.348537, 39.004256 ], [ -94.348672, 39.000701 ], [ -94.344881, 39.000402 ], [ -94.345132, 38.996773 ], [ -94.343134, 38.996735 ], [ -94.343183, 38.994916 ], [ -94.334279, 38.994724 ], [ -94.333874, 38.992796 ], [ -94.331088, 38.992796 ], [ -94.331088, 38.990381 ], [ -94.329488, 38.988791 ], [ -94.330897, 38.988363 ], [ -94.330852, 38.986431 ], [ -94.334203, 38.98643 ], [ -94.334307, 38.983847 ], [ -94.340112, 38.983969 ], [ -94.340159, 38.98209 ], [ -94.346353, 38.98211 ], [ -94.346933, 38.967847 ], [ -94.347319, 38.958665 ], [ -94.34045, 38.958513 ], [ -94.340548, 38.952983 ], [ -94.33586, 38.952906 ], [ -94.336059, 38.945612 ], [ -94.345044, 38.945841 ], [ -94.361038, 38.946189 ], [ -94.360533, 38.952375 ] ] ] ] } },
{ "type": "Feature", "properties": { "GEOID": "29095011200", "NAME": "Census Tract 112, Jackson County, Missouri", "pop": 3056.0, "income": 45824.0, "rent": 1002.0, "home_value": 90200.0, "vacancy_rate": 0.1071, "ami_60": 49620.0, "below_60_ami": 1, "PovertyRate": 25.7, "LILATracts_1And10": 1.0, "lapop1share": "57.71", "LATracts_half": 1.0, "TractHUNV": 103.0, "TractSNAP": 241.0, "snap_pct": 0.0789, "hunv_pct": 0.0337 }, "geometry": { "type": "MultiPolygon", "coordinates": [ [ [ [ -94.437035, 39.102807 ], [ -94.432386, 39.102673 ], [ -94.431992, 39.108317 ], [ -94.431378, 39.109815 ], [ -94.427703, 39.10971 ], [ -94.427129, 39.112704 ], [ -94.427092, 39.113396 ], [ -94.42594, 39.113569 ], [ -94.422874, 39.114224 ], [ -94.422739, 39.116161 ], [ -94.422779, 39.120402 ], [ -94.423561, 39.121523 ], [ -94.424786, 39.123006 ], [ -94.424622, 39.126825 ], [ -94.423666, 39.130618 ], [ -94.415681, 39.130346 ], [ -94.416157, 39.123146 ], [ -94.416258, 39.10877 ], [ -94.416382, 39.108337 ], [ -94.416695, 39.101429 ], [ -94.419485, 39.101541 ], [ -94.423472, 39.101694 ], [ -94.427358, 39.10184 ], [ -94.431468, 39.101995 ], [ -94.43619, 39.102153 ], [ -94.437034, 39.102186 ], [ -94.437035, 39.102807 ] ] ] ] } },
{ "type": "Feature", "properties": { "GEOID": "29095013606", "NAME": "Census Tract 136.06, Jackson County, Missouri", "pop": 1390.0, "income": 130119.0, "rent": null, "home_value": 276400.0, "vacancy_rate": 0.0, "ami_60": 49620.0, "below_60_ami": 0, "PovertyRate": 0.7, "LILATracts_1And10": 0.0, "lapop1share": "16.48", "LATracts_half": 1.0, "TractHUNV": 23.0, "TractSNAP": 5.0, "snap_pct": 0.0036, "hunv_pct": 0.0165 }, "geometry": { "type": "MultiPolygon", "coordinates": [ [ [ [ -94.448226, 38.933905 ], [ -94.448266, 38.935647 ], [ -94.448234, 38.936302 ], [ -94.448024, 38.942331 ], [ -94.439635, 38.941949 ], [ -94.43874, 38.942029 ], [ -94.438015, 38.942095 ], [ -94.436979, 38.941959 ], [ -94.426967, 38.941689 ], [ -94.424253, 38.941422 ], [ -94.410162, 38.940865 ], [ -94.408398, 38.940738 ], [ -94.404393, 38.925964 ], [ -94.412483, 38.926328 ], [ -94.433152, 38.927314 ], [ -94.434532, 38.927608 ], [ -94.437336, 38.927515 ], [ -94.44301, 38.927825 ], [ -94.444036, 38.928436 ], [ -94.448776, 38.928064 ], [ -94.448226, 38.933905 ] ] ] ] } },
{ "type": "Feature", "properties": { "GEOID": "29095014120", "NAME": "Census Tract 141.20, Jackson County, Missouri", "pop": 2895.0, "income": 92500.0, "rent": 1066.0, "home_value": 200600.0, "vacancy_rate": 0.0285, "ami_60": 49620.0, "below_60_ami": 0, "PovertyRate": 7.0, "LILATracts_1And10": 0.0, "lapop1share": "100.00", "LATracts_half": 1.0, "TractHUNV": 33.0, "TractSNAP": 76.0, "snap_pct": 0.0263, "hunv_pct": 0.0114 }, "geometry": { "type": "MultiPolygon", "coordinates": [ [ [ [ -94.312114, 38.959423 ], [ -94.311023, 38.959398 ], [ -94.311091, 38.963033 ], [ -94.308011, 38.962945 ], [ -94.307817, 38.966629 ], [ -94.307633, 38.972791 ], [ -94.303226, 38.972731 ], [ -94.29756, 38.972603 ], [ -94.296658, 38.973627 ], [ -94.29427, 38.970337 ], [ -94.297696, 38.970449 ], [ -94.297869, 38.966482 ], [ -94.293296, 38.966311 ], [ -94.293191, 38.970302 ], [ -94.293235, 38.973326 ], [ -94.288423, 38.973211 ], [ -94.288032, 38.98039 ], [ -94.287207, 38.980643 ], [ -94.291992, 38.980797 ], [ -94.292602, 38.982817 ], [ -94.294689, 38.982868 ], [ -94.296234, 38.984898 ], [ -94.296183, 38.986146 ], [ -94.292374, 38.985984 ], [ -94.291583, 38.987262 ], [ -94.29349, 38.987943 ], [ -94.288847, 38.988037 ], [ -94.290569, 38.987465 ], [ -94.291144, 38.98574 ], [ -94.290224, 38.98427 ], [ -94.285506, 38.982974 ], [ -94.28551, 38.9823 ], [ -94.283291, 38.982287 ], [ -94.273843, 38.982014 ], [ -94.273931, 38.980255 ], [ -94.274078, 38.974527 ], [ -94.274151, 38.973076 ], [ -94.274492, 38.965714 ], [ -94.275488, 38.944975 ], [ -94.275533, 38.944082 ], [ -94.27554, 38.943957 ], [ -94.277755, 38.944061 ], [ -94.28962, 38.944259 ], [ -94.305476, 38.944685 ], [ -94.311179, 38.944865 ], [ -94.311031, 38.948437 ], [ -94.312541, 38.948475 ], [ -94.312114, 38.959423 ] ] ] ] } },
{ "type": "Feature", "properties": { "GEOID": "29095012501", "NAME": "Census Tract 125.01, Jackson County, Missouri", "pop": 3334.0, "income": 50735.0, "rent": 901.0, "home_value": 93700.0, "vacancy_rate": 0.0624, "ami_60": 49620.0, "below_60_ami": 0, "PovertyRate": 16.8, "LILATracts_1And10": 0.0, "lapop1share": "NULL", "LATracts_half": 1.0, "TractHUNV": 15.0, "TractSNAP": 95.0, "snap_pct": 0.0285, "hunv_pct": 0.0045 }, "geometry": { "type": "MultiPolygon", "coordinates": [ [ [ [ -94.482195, 39.023856 ], [ -94.482089, 39.028001 ], [ -94.481174, 39.027985 ], [ -94.469713, 39.027512 ], [ -94.466049, 39.027354 ], [ -94.462514, 39.027216 ], [ -94.449501, 39.026672 ], [ -94.449325, 39.029679 ], [ -94.448439, 39.029681 ], [ -94.448844, 39.021963 ], [ -94.452049, 39.021021 ], [ -94.453135, 39.020198 ], [ -94.453888, 39.019169 ], [ -94.45737, 39.017549 ], [ -94.45939, 39.01569 ], [ -94.461258, 39.012931 ], [ -94.461816, 39.008749 ], [ -94.462959, 39.008769 ], [ -94.463083, 39.015403 ], [ -94.46356, 39.015913 ], [ -94.464268, 39.016097 ], [ -94.467253, 39.016182 ], [ -94.467731, 39.016186 ], [ -94.482425, 39.016628 ], [ -94.482195, 39.023856 ] ] ] ] } },
{ "type": "Feature", "properties": { "GEOID": "29095012502", "NAME": "Census Tract 125.02, Jackson County, Missouri", "pop": 2677.0, "income": 60950.0, "rent": 1067.0, "home_value": 107500.0, "vacancy_rate": 0.1142, "ami_60": 49620.0, "below_60_ami": 0, "PovertyRate": 5.8, "LILATracts_1And10": 0.0, "lapop1share": "1.75", "LATracts_half": 1.0, "TractHUNV": 69.0, "TractSNAP": 61.0, "snap_pct": 0.0228, "hunv_pct": 0.0258 }, "geometry": { "type": "MultiPolygon", "coordinates": [ [ [ [ -94.461258, 39.012931 ], [ -94.45939, 39.01569 ], [ -94.45737, 39.017549 ], [ -94.453888, 39.019169 ], [ -94.453135, 39.020198 ], [ -94.452049, 39.021021 ], [ -94.448844, 39.021963 ], [ -94.448439, 39.029681 ], [ -94.447099, 39.029534 ], [ -94.437636, 39.029236 ], [ -94.437686, 39.026777 ], [ -94.440755, 39.026821 ], [ -94.442208, 39.024647 ], [ -94.443475, 39.024395 ], [ -94.443561, 39.02224 ], [ -94.44392, 39.014991 ], [ -94.444095, 39.009971 ], [ -94.444139, 39.008329 ], [ -94.44417, 39.007796 ], [ -94.444882, 39.007955 ], [ -94.461816, 39.008749 ], [ -94.461258, 39.012931 ] ] ] ] } },
{ "type": "Feature", "properties": { "GEOID": "29095010204", "NAME": "Census Tract 102.04, Jackson County, Missouri", "pop": 4573.0, "income": 47184.0, "rent": 1020.0, "home_value": 105100.0, "vacancy_rate": 0.1167, "ami_60": 49620.0, "below_60_ami": 1, "PovertyRate": 30.4, "LILATracts_1And10": 1.0, "lapop1share": "72.34", "LATracts_half": 1.0, "TractHUNV": 200.0, "TractSNAP": 242.0, "snap_pct": 0.0529, "hunv_pct": 0.0437 }, "geometry": { "type": "MultiPolygon", "coordinates": [ [ [ [ -94.569722, 38.918047 ], [ -94.569022, 38.918004 ], [ -94.566926, 38.921549 ], [ -94.566043, 38.925122 ], [ -94.546196, 38.924434 ], [ -94.541601, 38.924242 ], [ -94.532291, 38.92385 ], [ -94.531881, 38.925615 ], [ -94.529067, 38.92538 ], [ -94.527881, 38.924236 ], [ -94.528008, 38.919655 ], [ -94.527827, 38.918242 ], [ -94.524109, 38.91083 ], [ -94.523868, 38.909368 ], [ -94.538167, 38.910027 ], [ -94.543002, 38.910253 ], [ -94.542977, 38.909731 ], [ -94.543056, 38.909243 ], [ -94.560828, 38.910095 ], [ -94.560799, 38.910472 ], [ -94.566365, 38.910541 ], [ -94.567728, 38.910838 ], [ -94.567518, 38.911654 ], [ -94.569826, 38.916842 ], [ -94.569722, 38.918047 ] ] ] ] } },
{ "type": "Feature", "properties": { "GEOID": "29095010203", "NAME": "Census Tract 102.03, Jackson County, Missouri", "pop": 4556.0, "income": 62334.0, "rent": 1003.0, "home_value": 144700.0, "vacancy_rate": 0.0624, "ami_60": 49620.0, "below_60_ami": 0, "PovertyRate": 4.9, "LILATracts_1And10": 0.0, "lapop1share": "97.44", "LATracts_half": 1.0, "TractHUNV": 9.0, "TractSNAP": 43.0, "snap_pct": 0.0094, "hunv_pct": 0.002 }, "geometry": { "type": "MultiPolygon", "coordinates": [ [ [ [ -94.573115, 38.927571 ], [ -94.572203, 38.92999 ], [ -94.571978, 38.930438 ], [ -94.570228, 38.933245 ], [ -94.56898, 38.9355 ], [ -94.567702, 38.939695 ], [ -94.565071, 38.939568 ], [ -94.560501, 38.939346 ], [ -94.560249, 38.939334 ], [ -94.559746, 38.93931 ], [ -94.545448, 38.938626 ], [ -94.544968, 38.938603 ], [ -94.543914, 38.938549 ], [ -94.543943, 38.938678 ], [ -94.539519, 38.940079 ], [ -94.537096, 38.941724 ], [ -94.536779, 38.940999 ], [ -94.53675, 38.940924 ], [ -94.534149, 38.937241 ], [ -94.529986, 38.93362 ], [ -94.528054, 38.930684 ], [ -94.527881, 38.924236 ], [ -94.529067, 38.92538 ], [ -94.531881, 38.925615 ], [ -94.532291, 38.92385 ], [ -94.541601, 38.924242 ], [ -94.546196, 38.924434 ], [ -94.566043, 38.925122 ], [ -94.567759, 38.925212 ], [ -94.570957, 38.92562 ], [ -94.572882, 38.925497 ], [ -94.573498, 38.925363 ], [ -94.573115, 38.927571 ] ] ] ] } },
{ "type": "Feature", "properties": { "GEOID": "29095007802", "NAME": "Census Tract 78.02, Jackson County, Missouri", "pop": 2130.0, "income": 21886.0, "rent": 712.0, "home_value": 68600.0, "vacancy_rate": 0.177, "ami_60": 49620.0, "below_60_ami": 1, "PovertyRate": 32.6, "LILATracts_1And10": 0.0, "lapop1share": "22.35", "LATracts_half": 1.0, "TractHUNV": 306.0, "TractSNAP": 295.0, "snap_pct": 0.1385, "hunv_pct": 0.1437 }, "geometry": { "type": "MultiPolygon", "coordinates": [ [ [ [ -94.543325, 39.036485 ], [ -94.542004, 39.036067 ], [ -94.540762, 39.035998 ], [ -94.536378, 39.034978 ], [ -94.527409, 39.034489 ], [ -94.526305, 39.034445 ], [ -94.526381, 39.033237 ], [ -94.524044, 39.030906 ], [ -94.523769, 39.028481 ], [ -94.528532, 39.026805 ], [ -94.529272, 39.023845 ], [ -94.528604, 39.023836 ], [ -94.526536, 39.026144 ], [ -94.525507, 39.026311 ], [ -94.525003, 39.026259 ], [ -94.524319, 39.025779 ], [ -94.524264, 39.025498 ], [ -94.524749, 39.024145 ], [ -94.524586, 39.022833 ], [ -94.522215, 39.021379 ], [ -94.523039, 39.018718 ], [ -94.522585, 39.017386 ], [ -94.519696, 39.0165 ], [ -94.522449, 39.015163 ], [ -94.525535, 39.015026 ], [ -94.525209, 39.014009 ], [ -94.532424, 39.012173 ], [ -94.537569, 39.011486 ], [ -94.537156, 39.018643 ], [ -94.5369, 39.022646 ], [ -94.53682, 39.024089 ], [ -94.536719, 39.025898 ], [ -94.541361, 39.026059 ], [ -94.54191, 39.026079 ], [ -94.542388, 39.027284 ], [ -94.542456, 39.029714 ], [ -94.542396, 39.032031 ], [ -94.542993, 39.033346 ], [ -94.543325, 39.036485 ] ] ] ] } },
{ "type": "Feature", "properties": { "GEOID": "29095017000", "NAME": "Census Tract 170, Jackson County, Missouri", "pop": 2652.0, "income": 34094.0, "rent": 831.0, "home_value": 82600.0, "vacancy_rate": 0.0724, "ami_60": 49620.0, "below_60_ami": 1, "PovertyRate": 20.0, "LILATracts_1And10": 0.0, "lapop1share": "18.32", "LATracts_half": 1.0, "TractHUNV": 104.0, "TractSNAP": 283.0, "snap_pct": 0.1067, "hunv_pct": 0.0392 }, "geometry": { "type": "MultiPolygon", "coordinates": [ [ [ [ -94.490458, 39.082128 ], [ -94.485665, 39.080995 ], [ -94.477951, 39.081652 ], [ -94.471135, 39.081358 ], [ -94.470183, 39.081314 ], [ -94.470425, 39.074189 ], [ -94.47076, 39.073811 ], [ -94.470809, 39.072717 ], [ -94.468465, 39.068863 ], [ -94.468969, 39.066795 ], [ -94.474706, 39.067085 ], [ -94.474714, 39.06534 ], [ -94.474983, 39.060647 ], [ -94.472529, 39.0591 ], [ -94.461263, 39.054522 ], [ -94.456686, 39.052789 ], [ -94.452592, 39.05096 ], [ -94.448552, 39.048979 ], [ -94.447586, 39.048753 ], [ -94.443504, 39.047115 ], [ -94.447654, 39.047285 ], [ -94.451889, 39.047461 ], [ -94.461605, 39.047863 ], [ -94.465722, 39.048157 ], [ -94.468498, 39.049022 ], [ -94.474442, 39.051776 ], [ -94.490479, 39.059208 ], [ -94.488432, 39.062361 ], [ -94.488007, 39.062711 ], [ -94.487807, 39.070113 ], [ -94.488099, 39.072172 ], [ -94.490513, 39.0785 ], [ -94.490458, 39.082128 ] ] ] ] } },
{ "type": "Feature", "properties": { "GEOID": "29095013916", "NAME": "Census Tract 139.16, Jackson County, Missouri", "pop": 6337.0, "income": 112801.0, "rent": 1029.0, "home_value": 241500.0, "vacancy_rate": 0.0152, "ami_60": 49620.0, "below_60_ami": 0, "PovertyRate": 2.4, "LILATracts_1And10": 0.0, "lapop1share": "89.45", "LATracts_half": 1.0, "TractHUNV": 26.0, "TractSNAP": 59.0, "snap_pct": 0.0093, "hunv_pct": 0.0041 }, "geometry": { "type": "MultiPolygon", "coordinates": [ [ [ [ -94.338784, 38.923521 ], [ -94.337562, 38.925009 ], [ -94.337055, 38.925641 ], [ -94.336807, 38.931091 ], [ -94.336636, 38.934759 ], [ -94.339021, 38.934825 ], [ -94.338279, 38.936095 ], [ -94.337299, 38.93616 ], [ -94.336635, 38.938739 ], [ -94.333, 38.941154 ], [ -94.330336, 38.941896 ], [ -94.329358, 38.942738 ], [ -94.327507, 38.942352 ], [ -94.32662, 38.941654 ], [ -94.329374, 38.939717 ], [ -94.329021, 38.938193 ], [ -94.331871, 38.938286 ], [ -94.332102, 38.930969 ], [ -94.322864, 38.930665 ], [ -94.322586, 38.935692 ], [ -94.32136, 38.936078 ], [ -94.326289, 38.938324 ], [ -94.324723, 38.940245 ], [ -94.324524, 38.942625 ], [ -94.329228, 38.945437 ], [ -94.316973, 38.945056 ], [ -94.317624, 38.93593 ], [ -94.317218, 38.93061 ], [ -94.317025, 38.929127 ], [ -94.318387, 38.926112 ], [ -94.318432, 38.923396 ], [ -94.315488, 38.923127 ], [ -94.30494, 38.922822 ], [ -94.303809, 38.943281 ], [ -94.305514, 38.943292 ], [ -94.305476, 38.944685 ], [ -94.28962, 38.944259 ], [ -94.290494, 38.92553 ], [ -94.296063, 38.923314 ], [ -94.296826, 38.922586 ], [ -94.297045, 38.920268 ], [ -94.297093, 38.919329 ], [ -94.297124, 38.918726 ], [ -94.297285, 38.915653 ], [ -94.297445, 38.915657 ], [ -94.304819, 38.915893 ], [ -94.31083, 38.916033 ], [ -94.311702, 38.916064 ], [ -94.313974, 38.916154 ], [ -94.316946, 38.916221 ], [ -94.318811, 38.916281 ], [ -94.319537, 38.916293 ], [ -94.32009, 38.916302 ], [ -94.339056, 38.916865 ], [ -94.338784, 38.923521 ] ] ] ] } },
{ "type": "Feature", "properties": { "GEOID": "29095014300", "NAME": "Census Tract 143, Jackson County, Missouri", "pop": 5115.0, "income": 61806.0, "rent": 929.0, "home_value": 172600.0, "vacancy_rate": 0.0803, "ami_60": 49620.0, "below_60_ami": 0, "PovertyRate": 13.1, "LILATracts_1And10": 0.0, "lapop1share": "64.17", "LATracts_half": 0.0, "TractHUNV": 264.0, "TractSNAP": 300.0, "snap_pct": 0.0587, "hunv_pct": 0.0516 }, "geometry": { "type": "MultiPolygon", "coordinates": [ [ [ [ -94.430762, 39.010684 ], [ -94.43059, 39.014447 ], [ -94.429995, 39.026444 ], [ -94.425375, 39.026309 ], [ -94.425029, 39.035205 ], [ -94.415684, 39.035048 ], [ -94.41466, 39.03558 ], [ -94.400616, 39.035023 ], [ -94.388035, 39.034417 ], [ -94.38816, 39.028369 ], [ -94.38891, 39.020355 ], [ -94.38876, 39.019449 ], [ -94.388463, 39.018704 ], [ -94.387554, 39.017369 ], [ -94.386764, 39.016094 ], [ -94.386654, 39.015556 ], [ -94.387191, 39.012577 ], [ -94.388285, 39.006692 ], [ -94.388967, 39.005376 ], [ -94.38872, 39.001166 ], [ -94.389417, 38.997933 ], [ -94.389495, 38.994492 ], [ -94.389196, 38.98349 ], [ -94.389196, 38.983462 ], [ -94.389194, 38.981655 ], [ -94.389998, 38.976267 ], [ -94.390195, 38.973132 ], [ -94.38995, 38.972477 ], [ -94.388587, 38.970296 ], [ -94.387837, 38.963778 ], [ -94.385966, 38.959757 ], [ -94.384037, 38.956126 ], [ -94.378399, 38.952877 ], [ -94.377827, 38.952153 ], [ -94.378133, 38.946622 ], [ -94.381575, 38.94671 ], [ -94.382787, 38.946628 ], [ -94.387092, 38.94572 ], [ -94.401038, 38.944735 ], [ -94.403, 38.944595 ], [ -94.409139, 38.944243 ], [ -94.409855, 38.946766 ], [ -94.411175, 38.948797 ], [ -94.412577, 38.950067 ], [ -94.41479, 38.951325 ], [ -94.420996, 38.954048 ], [ -94.421249, 38.954574 ], [ -94.421897, 38.957825 ], [ -94.426196, 38.963107 ], [ -94.427872, 38.964891 ], [ -94.428504, 38.965192 ], [ -94.429234, 38.965529 ], [ -94.428014, 38.967486 ], [ -94.426859, 38.96934 ], [ -94.42667, 38.969767 ], [ -94.42653, 38.970204 ], [ -94.426415, 38.970893 ], [ -94.425807, 38.978351 ], [ -94.424923, 38.980221 ], [ -94.421999, 38.982601 ], [ -94.418777, 38.983946 ], [ -94.417808, 38.984751 ], [ -94.417256, 38.985819 ], [ -94.417417, 38.991073 ], [ -94.417082, 38.994883 ], [ -94.416124, 38.99755 ], [ -94.416623, 38.999847 ], [ -94.41892, 38.998866 ], [ -94.426638, 38.998862 ], [ -94.428375, 39.001681 ], [ -94.429677, 39.002441 ], [ -94.431102, 39.003537 ], [ -94.430762, 39.010684 ] ] ] ] } },
{ "type": "Feature", "properties": { "GEOID": "29095013801", "NAME": "Census Tract 138.01, Jackson County, Missouri", "pop": 5244.0, "income": 75651.0, "rent": 848.0, "home_value": 182600.0, "vacancy_rate": 0.1091, "ami_60": 49620.0, "below_60_ami": 0, "PovertyRate": 8.7, "LILATracts_1And10": 0.0, "lapop1share": "3.26", "LATracts_half": 1.0, "TractHUNV": 61.0, "TractSNAP": 163.0, "snap_pct": 0.0311, "hunv_pct": 0.0116 }, "geometry": { "type": "MultiPolygon", "coordinates": [ [ [ [ -94.360851, 38.921639 ], [ -94.360279, 38.924374 ], [ -94.359952, 38.93159 ], [ -94.35077, 38.931445 ], [ -94.350631, 38.934669 ], [ -94.349736, 38.935075 ], [ -94.341107, 38.934877 ], [ -94.339021, 38.934825 ], [ -94.336636, 38.934759 ], [ -94.336807, 38.931091 ], [ -94.337055, 38.925641 ], [ -94.337562, 38.925009 ], [ -94.338784, 38.923521 ], [ -94.339056, 38.916865 ], [ -94.340821, 38.916946 ], [ -94.353588, 38.917305 ], [ -94.355955, 38.917376 ], [ -94.35943, 38.917503 ], [ -94.3619, 38.917631 ], [ -94.360851, 38.921639 ] ] ] ] } },
{ "type": "Feature", "properties": { "GEOID": "29095013802", "NAME": "Census Tract 138.02, Jackson County, Missouri", "pop": 8711.0, "income": 92468.0, "rent": 1339.0, "home_value": 178000.0, "vacancy_rate": 0.0305, "ami_60": 49620.0, "below_60_ami": 0, "PovertyRate": 1.2, "LILATracts_1And10": 0.0, "lapop1share": "4.63", "LATracts_half": 1.0, "TractHUNV": 0.0, "TractSNAP": 58.0, "snap_pct": 0.0067, "hunv_pct": 0.0 }, "geometry": { "type": "MultiPolygon", "coordinates": [ [ [ [ -94.377123, 38.903122 ], [ -94.37309, 38.902989 ], [ -94.36307, 38.902741 ], [ -94.363072, 38.902884 ], [ -94.362454, 38.912063 ], [ -94.362321, 38.913829 ], [ -94.362056, 38.916874 ], [ -94.3619, 38.917631 ], [ -94.35943, 38.917503 ], [ -94.355955, 38.917376 ], [ -94.353588, 38.917305 ], [ -94.340821, 38.916946 ], [ -94.339056, 38.916865 ], [ -94.339442, 38.910006 ], [ -94.339821, 38.902344 ], [ -94.340208, 38.895054 ], [ -94.341842, 38.866 ], [ -94.348823, 38.866296 ], [ -94.350463, 38.869045 ], [ -94.351853, 38.870287 ], [ -94.370914, 38.882604 ], [ -94.371447, 38.880836 ], [ -94.373694, 38.88088 ], [ -94.373219, 38.891738 ], [ -94.37348, 38.892635 ], [ -94.375275, 38.896111 ], [ -94.375885, 38.900105 ], [ -94.376672, 38.902085 ], [ -94.377123, 38.903122 ] ] ] ] } },
{ "type": "Feature", "properties": { "GEOID": "29095011000", "NAME": "Census Tract 110, Jackson County, Missouri", "pop": 4961.0, "income": 37955.0, "rent": 843.0, "home_value": 61000.0, "vacancy_rate": 0.2, "ami_60": 49620.0, "below_60_ami": 1, "PovertyRate": 25.7, "LILATracts_1And10": 1.0, "lapop1share": "20.96", "LATracts_half": 1.0, "TractHUNV": 100.0, "TractSNAP": 317.0, "snap_pct": 0.0639, "hunv_pct": 0.0202 }, "geometry": { "type": "MultiPolygon", "coordinates": [ [ [ [ -94.47374, 39.111615 ], [ -94.472001, 39.111554 ], [ -94.471093, 39.111123 ], [ -94.47043, 39.112007 ], [ -94.470613, 39.114126 ], [ -94.469016, 39.114493 ], [ -94.467841, 39.115085 ], [ -94.467546, 39.12478 ], [ -94.46723, 39.124304 ], [ -94.46159, 39.120372 ], [ -94.455429, 39.123104 ], [ -94.455432, 39.121544 ], [ -94.460667, 39.11848 ], [ -94.460732, 39.116856 ], [ -94.458599, 39.116864 ], [ -94.45646, 39.115418 ], [ -94.456282, 39.116876 ], [ -94.453135, 39.117014 ], [ -94.453241, 39.113566 ], [ -94.453407, 39.10996 ], [ -94.453575, 39.106335 ], [ -94.45374, 39.102775 ], [ -94.452386, 39.102725 ], [ -94.445217, 39.10247 ], [ -94.440797, 39.102327 ], [ -94.440592, 39.10232 ], [ -94.437034, 39.102186 ], [ -94.43619, 39.102153 ], [ -94.436413, 39.094529 ], [ -94.439462, 39.094653 ], [ -94.441084, 39.094719 ], [ -94.445668, 39.094873 ], [ -94.451602, 39.095106 ], [ -94.459768, 39.095407 ], [ -94.460849, 39.095449 ], [ -94.461156, 39.097702 ], [ -94.462488, 39.099591 ], [ -94.466256, 39.102897 ], [ -94.467124, 39.106472 ], [ -94.468122, 39.107995 ], [ -94.470624, 39.11003 ], [ -94.474026, 39.111367 ], [ -94.47374, 39.111615 ] ] ] ] } },
{ "type": "Feature", "properties": { "GEOID": "29095014804", "NAME": "Census Tract 148.04, Jackson County, Missouri", "pop": 2955.0, "income": 121250.0, "rent": 675.0, "home_value": 280400.0, "vacancy_rate": 0.0217, "ami_60": 49620.0, "below_60_ami": 0, "PovertyRate": 2.2, "LILATracts_1And10": 0.0, "lapop1share": "98.65", "LATracts_half": 1.0, "TractHUNV": 14.0, "TractSNAP": 0.0, "snap_pct": 0.0, "hunv_pct": 0.0047 }, "geometry": { "type": "MultiPolygon", "coordinates": [ [ [ [ -94.350052, 39.042377 ], [ -94.34888, 39.043202 ], [ -94.347174, 39.043643 ], [ -94.343818, 39.043538 ], [ -94.34235, 39.044406 ], [ -94.340946, 39.044587 ], [ -94.337695, 39.045017 ], [ -94.337349, 39.047367 ], [ -94.337074, 39.049383 ], [ -94.331986, 39.050776 ], [ -94.332177, 39.053869 ], [ -94.332094, 39.05442 ], [ -94.33288, 39.057707 ], [ -94.335913, 39.059349 ], [ -94.336858, 39.060095 ], [ -94.337155, 39.061258 ], [ -94.336352, 39.061951 ], [ -94.33575, 39.062514 ], [ -94.333784, 39.063276 ], [ -94.332498, 39.066702 ], [ -94.331717, 39.067465 ], [ -94.326842, 39.069724 ], [ -94.325236, 39.071002 ], [ -94.323942, 39.071715 ], [ -94.323105, 39.07188 ], [ -94.32055, 39.072208 ], [ -94.319672, 39.073777 ], [ -94.321066, 39.078662 ], [ -94.321093, 39.079265 ], [ -94.321036, 39.07972 ], [ -94.320863, 39.080071 ], [ -94.320712, 39.080237 ], [ -94.318233, 39.081979 ], [ -94.317096, 39.084999 ], [ -94.316429, 39.085557 ], [ -94.315854, 39.085719 ], [ -94.315034, 39.085745 ], [ -94.31358, 39.086233 ], [ -94.312478, 39.086912 ], [ -94.311197, 39.08844 ], [ -94.31086, 39.090267 ], [ -94.310621, 39.091135 ], [ -94.307523, 39.094086 ], [ -94.306105, 39.094874 ], [ -94.303991, 39.096637 ], [ -94.303344, 39.097374 ], [ -94.299522, 39.098382 ], [ -94.300703, 39.100305 ], [ -94.30073, 39.100418 ], [ -94.295948, 39.101269 ], [ -94.291175, 39.103455 ], [ -94.287075, 39.104257 ], [ -94.283183, 39.104241 ], [ -94.282437, 39.104546 ], [ -94.282337, 39.103734 ], [ -94.281939, 39.103357 ], [ -94.282099, 39.096725 ], [ -94.282107, 39.096568 ], [ -94.282461, 39.085497 ], [ -94.280875, 39.083746 ], [ -94.278711, 39.082431 ], [ -94.278253, 39.081773 ], [ -94.278764, 39.068657 ], [ -94.278526, 39.066305 ], [ -94.27827, 39.064301 ], [ -94.272743, 39.058393 ], [ -94.270961, 39.05635 ], [ -94.270791, 39.053412 ], [ -94.270813, 39.052824 ], [ -94.274967, 39.052998 ], [ -94.275534, 39.053023 ], [ -94.279462, 39.053161 ], [ -94.283875, 39.053233 ], [ -94.283645, 39.060442 ], [ -94.289032, 39.060663 ], [ -94.288917, 39.064316 ], [ -94.292352, 39.064407 ], [ -94.293212, 39.062667 ], [ -94.293373, 39.05836 ], [ -94.295626, 39.058402 ], [ -94.295837, 39.05717 ], [ -94.302662, 39.057306 ], [ -94.30281, 39.055042 ], [ -94.302482, 39.054688 ], [ -94.302251, 39.053692 ], [ -94.30213, 39.053351 ], [ -94.307519, 39.053758 ], [ -94.313122, 39.054024 ], [ -94.315305, 39.054104 ], [ -94.315155, 39.051294 ], [ -94.312503, 39.049385 ], [ -94.312655, 39.046698 ], [ -94.312661, 39.046579 ], [ -94.312742, 39.044946 ], [ -94.306397, 39.038238 ], [ -94.30508, 39.038253 ], [ -94.305186, 39.037321 ], [ -94.305376, 39.03708 ], [ -94.305426, 39.034753 ], [ -94.305385, 39.03432 ], [ -94.330661, 39.037567 ], [ -94.332202, 39.037774 ], [ -94.341151, 39.039019 ], [ -94.349685, 39.040182 ], [ -94.349825, 39.040201 ], [ -94.350304, 39.04161 ], [ -94.350052, 39.042377 ] ] ] ] } },
{ "type": "Feature", "properties": { "GEOID": "29095013608", "NAME": "Census Tract 136.08, Jackson County, Missouri", "pop": 5630.0, "income": 60976.0, "rent": 1137.0, "home_value": 231000.0, "vacancy_rate": 0.1646, "ami_60": 49620.0, "below_60_ami": 0, "PovertyRate": 9.1, "LILATracts_1And10": 0.0, "lapop1share": "16.30", "LATracts_half": 1.0, "TractHUNV": 524.0, "TractSNAP": 86.0, "snap_pct": 0.0153, "hunv_pct": 0.0931 }, "geometry": { "type": "MultiPolygon", "coordinates": [ [ [ [ -94.450838, 38.914597 ], [ -94.449722, 38.927936 ], [ -94.448776, 38.928064 ], [ -94.444036, 38.928436 ], [ -94.44301, 38.927825 ], [ -94.437336, 38.927515 ], [ -94.434532, 38.927608 ], [ -94.433152, 38.927314 ], [ -94.412483, 38.926328 ], [ -94.404393, 38.925964 ], [ -94.401332, 38.918858 ], [ -94.400386, 38.917069 ], [ -94.393802, 38.911275 ], [ -94.395898, 38.911316 ], [ -94.404291, 38.911516 ], [ -94.413527, 38.911908 ], [ -94.418499, 38.912108 ], [ -94.435021, 38.91263 ], [ -94.450719, 38.913141 ], [ -94.450838, 38.914597 ] ] ] ] } },
{ "type": "Feature", "properties": { "GEOID": "29095014101", "NAME": "Census Tract 141.01, Jackson County, Missouri", "pop": 6376.0, "income": 46494.0, "rent": 803.0, "home_value": 127100.0, "vacancy_rate": 0.0959, "ami_60": 49620.0, "below_60_ami": 1, "PovertyRate": 9.7, "LILATracts_1And10": 0.0, "lapop1share": "9.70", "LATracts_half": 1.0, "TractHUNV": 209.0, "TractSNAP": 314.0, "snap_pct": 0.0492, "hunv_pct": 0.0328 }, "geometry": { "type": "MultiPolygon", "coordinates": [ [ [ [ -94.28552, 39.031807 ], [ -94.28551, 39.031966 ], [ -94.271791, 39.030312 ], [ -94.253222, 39.028106 ], [ -94.239529, 39.026465 ], [ -94.221644, 39.024315 ], [ -94.221663, 39.024142 ], [ -94.221756, 39.021916 ], [ -94.221352, 39.018151 ], [ -94.221526, 39.01496 ], [ -94.224616, 39.014541 ], [ -94.2263, 39.014401 ], [ -94.235397, 39.013977 ], [ -94.240102, 39.013772 ], [ -94.244893, 39.013554 ], [ -94.245945, 39.013507 ], [ -94.253745, 39.013151 ], [ -94.258326, 39.01295 ], [ -94.263788, 39.011787 ], [ -94.267011, 39.009943 ], [ -94.26977, 39.009153 ], [ -94.272638, 39.009134 ], [ -94.281949, 39.009399 ], [ -94.28158, 39.016805 ], [ -94.281346, 39.02125 ], [ -94.28117, 39.024069 ], [ -94.281109, 39.027709 ], [ -94.285749, 39.028261 ], [ -94.28552, 39.031807 ] ] ] ] } },
{ "type": "Feature", "properties": { "GEOID": "29095014105", "NAME": "Census Tract 141.05, Jackson County, Missouri", "pop": 8392.0, "income": 71349.0, "rent": 1135.0, "home_value": 146000.0, "vacancy_rate": 0.0107, "ami_60": 49620.0, "below_60_ami": 0, "PovertyRate": 4.2, "LILATracts_1And10": 0.0, "lapop1share": "22.39", "LATracts_half": 1.0, "TractHUNV": 61.0, "TractSNAP": 136.0, "snap_pct": 0.0162, "hunv_pct": 0.0073 }, "geometry": { "type": "MultiPolygon", "coordinates": [ [ [ [ -94.273282, 38.993337 ], [ -94.273186, 38.995805 ], [ -94.272951, 39.000954 ], [ -94.272926, 39.001944 ], [ -94.272862, 39.004711 ], [ -94.272638, 39.009134 ], [ -94.26977, 39.009153 ], [ -94.267011, 39.009943 ], [ -94.263788, 39.011787 ], [ -94.258326, 39.01295 ], [ -94.253745, 39.013151 ], [ -94.245945, 39.013507 ], [ -94.244893, 39.013554 ], [ -94.240102, 39.013772 ], [ -94.235397, 39.013977 ], [ -94.235411, 39.01386 ], [ -94.234529, 39.01285 ], [ -94.230278, 39.013257 ], [ -94.229368, 39.012094 ], [ -94.22621, 39.012067 ], [ -94.225279, 39.011176 ], [ -94.228241, 39.010588 ], [ -94.230007, 39.008239 ], [ -94.226203, 39.008702 ], [ -94.226278, 39.007315 ], [ -94.226583, 39.000519 ], [ -94.226781, 38.996551 ], [ -94.226927, 38.993382 ], [ -94.231691, 38.993567 ], [ -94.231724, 38.989903 ], [ -94.236502, 38.989637 ], [ -94.236335, 38.987765 ], [ -94.236855, 38.986415 ], [ -94.250394, 38.986836 ], [ -94.254981, 38.986947 ], [ -94.259593, 38.987078 ], [ -94.273552, 38.987479 ], [ -94.273282, 38.993337 ] ] ] ] } },
{ "type": "Feature", "properties": { "GEOID": "29095013313", "NAME": "Census Tract 133.13, Jackson County, Missouri", "pop": 4871.0, "income": 54826.0, "rent": 856.0, "home_value": 108100.0, "vacancy_rate": 0.0546, "ami_60": 49620.0, "below_60_ami": 0, "PovertyRate": 16.2, "LILATracts_1And10": 0.0, "lapop1share": "34.85", "LATracts_half": 1.0, "TractHUNV": 91.0, "TractSNAP": 187.0, "snap_pct": 0.0384, "hunv_pct": 0.0187 }, "geometry": { "type": "MultiPolygon", "coordinates": [ [ [ [ -94.525919, 38.879682 ], [ -94.525402, 38.887163 ], [ -94.52482, 38.886967 ], [ -94.515603, 38.886488 ], [ -94.507436, 38.886071 ], [ -94.489723, 38.885556 ], [ -94.490451, 38.870839 ], [ -94.501702, 38.871322 ], [ -94.504397, 38.87169 ], [ -94.505246, 38.872732 ], [ -94.508336, 38.872895 ], [ -94.509457, 38.872301 ], [ -94.510757, 38.87161 ], [ -94.525866, 38.872398 ], [ -94.526424, 38.872451 ], [ -94.525919, 38.879682 ] ] ] ] } },
{ "type": "Feature", "properties": { "GEOID": "29095000800", "NAME": "Census Tract 8, Jackson County, Missouri", "pop": 4046.0, "income": 39273.0, "rent": 833.0, "home_value": 66900.0, "vacancy_rate": 0.1294, "ami_60": 49620.0, "below_60_ami": 1, "PovertyRate": 33.7, "LILATracts_1And10": 0.0, "lapop1share": "NULL", "LATracts_half": 0.0, "TractHUNV": 147.0, "TractSNAP": 246.0, "snap_pct": 0.0608, "hunv_pct": 0.0363 }, "geometry": { "type": "MultiPolygon", "coordinates": [ [ [ [ -94.537526, 39.107659 ], [ -94.537272, 39.113081 ], [ -94.537153, 39.115143 ], [ -94.536104, 39.116119 ], [ -94.536099, 39.11713 ], [ -94.535804, 39.119799 ], [ -94.531093, 39.120057 ], [ -94.527449, 39.12004 ], [ -94.527709, 39.118227 ], [ -94.527989, 39.112775 ], [ -94.528186, 39.109143 ], [ -94.528375, 39.105544 ], [ -94.530709, 39.105623 ], [ -94.533024, 39.1057 ], [ -94.537224, 39.10583 ], [ -94.537657, 39.105841 ], [ -94.537526, 39.107659 ] ] ] ] } },
{ "type": "Feature", "properties": { "GEOID": "29095016500", "NAME": "Census Tract 165, Jackson County, Missouri", "pop": 2009.0, "income": 37583.0, "rent": 1085.0, "home_value": 33200.0, "vacancy_rate": 0.3153, "ami_60": 49620.0, "below_60_ami": 1, "PovertyRate": 15.4, "LILATracts_1And10": 0.0, "lapop1share": "NULL", "LATracts_half": 1.0, "TractHUNV": 124.0, "TractSNAP": 249.0, "snap_pct": 0.1239, "hunv_pct": 0.0617 }, "geometry": { "type": "MultiPolygon", "coordinates": [ [ [ [ -94.543444, 39.073413 ], [ -94.543369, 39.074986 ], [ -94.54327, 39.076773 ], [ -94.542921, 39.084268 ], [ -94.54113, 39.083959 ], [ -94.538353, 39.083845 ], [ -94.533736, 39.0837 ], [ -94.534101, 39.076482 ], [ -94.53423, 39.073492 ], [ -94.534482, 39.069272 ], [ -94.539052, 39.069409 ], [ -94.542481, 39.06952 ], [ -94.543626, 39.069558 ], [ -94.543444, 39.073413 ] ] ] ] } },
{ "type": "Feature", "properties": { "GEOID": "29095013612", "NAME": "Census Tract 136.12, Jackson County, Missouri", "pop": 6852.0, "income": 140774.0, "rent": 1226.0, "home_value": 329400.0, "vacancy_rate": 0.0, "ami_60": 49620.0, "below_60_ami": 0, "PovertyRate": 1.2, "LILATracts_1And10": 0.0, "lapop1share": "97.62", "LATracts_half": 1.0, "TractHUNV": 83.0, "TractSNAP": 9.0, "snap_pct": 0.0013, "hunv_pct": 0.0121 }, "geometry": { "type": "MultiPolygon", "coordinates": [ [ [ [ -94.458107, 38.91298 ], [ -94.458036, 38.913429 ], [ -94.450719, 38.913141 ], [ -94.435021, 38.91263 ], [ -94.418499, 38.912108 ], [ -94.413527, 38.911908 ], [ -94.413818, 38.907593 ], [ -94.414783, 38.904584 ], [ -94.414269, 38.902947 ], [ -94.414986, 38.890151 ], [ -94.442933, 38.891113 ], [ -94.442672, 38.894617 ], [ -94.442374, 38.89528 ], [ -94.442429, 38.898307 ], [ -94.447895, 38.898234 ], [ -94.448966, 38.898248 ], [ -94.44908, 38.898284 ], [ -94.449743, 38.898278 ], [ -94.451769, 38.898953 ], [ -94.451685, 38.904296 ], [ -94.451407, 38.905941 ], [ -94.453345, 38.905907 ], [ -94.453474, 38.904332 ], [ -94.458726, 38.9045 ], [ -94.458107, 38.91298 ] ] ] ] } },
{ "type": "Feature", "properties": { "GEOID": "29095012300", "NAME": "Census Tract 123, Jackson County, Missouri", "pop": 3513.0, "income": 51936.0, "rent": 962.0, "home_value": 115900.0, "vacancy_rate": 0.0699, "ami_60": 49620.0, "below_60_ami": 0, "PovertyRate": 10.1, "LILATracts_1And10": 0.0, "lapop1share": "3.24", "LATracts_half": 1.0, "TractHUNV": 29.0, "TractSNAP": 99.0, "snap_pct": 0.0282, "hunv_pct": 0.0083 }, "geometry": { "type": "MultiPolygon", "coordinates": [ [ [ [ -94.414899, 39.067687 ], [ -94.414146, 39.071832 ], [ -94.414016, 39.075531 ], [ -94.413948, 39.077499 ], [ -94.413892, 39.079106 ], [ -94.404588, 39.078793 ], [ -94.390667, 39.078302 ], [ -94.39084, 39.073975 ], [ -94.390959, 39.070657 ], [ -94.39134, 39.064872 ], [ -94.391552, 39.060117 ], [ -94.391524, 39.05753 ], [ -94.390922, 39.056745 ], [ -94.388262, 39.05585 ], [ -94.387451, 39.055206 ], [ -94.389859, 39.054843 ], [ -94.392359, 39.055213 ], [ -94.396388, 39.057443 ], [ -94.403495, 39.059238 ], [ -94.407076, 39.060939 ], [ -94.412691, 39.064644 ], [ -94.414618, 39.065038 ], [ -94.414899, 39.067687 ] ] ] ] } },
{ "type": "Feature", "properties": { "GEOID": "29095015300", "NAME": "Census Tract 153, Jackson County, Missouri", "pop": 2956.0, "income": 32415.0, "rent": 872.0, "home_value": 110900.0, "vacancy_rate": 0.1412, "ami_60": 49620.0, "below_60_ami": 1, "PovertyRate": 23.7, "LILATracts_1And10": 1.0, "lapop1share": "53.21", "LATracts_half": 1.0, "TractHUNV": 128.0, "TractSNAP": 191.0, "snap_pct": 0.0646, "hunv_pct": 0.0433 }, "geometry": { "type": "MultiPolygon", "coordinates": [ [ [ [ -94.607313772028192, 39.083302009772495 ], [ -94.600697, 39.083118 ], [ -94.602775, 39.084768 ], [ -94.603234, 39.085948 ], [ -94.60277, 39.087438 ], [ -94.597981, 39.095263 ], [ -94.597505, 39.094564 ], [ -94.596521, 39.09698 ], [ -94.591961, 39.095794 ], [ -94.588602, 39.096171 ], [ -94.58878, 39.091932 ], [ -94.589026, 39.087728 ], [ -94.589512, 39.087424 ], [ -94.593837, 39.084721 ], [ -94.59388, 39.083735 ], [ -94.59434, 39.080628 ], [ -94.593932, 39.079211 ], [ -94.594482, 39.071405 ], [ -94.605702, 39.071775 ], [ -94.607275304036506, 39.0723126458441 ], [ -94.607276189797304, 39.0724543675638 ], [ -94.607334, 39.081704 ], [ -94.607313772028192, 39.083302009772495 ] ] ] ] } },
{ "type": "Feature", "properties": { "GEOID": "29095015500", "NAME": "Census Tract 155, Jackson County, Missouri", "pop": 1275.0, "income": 31042.0, "rent": 765.0, "home_value": 41700.0, "vacancy_rate": 0.3128, "ami_60": 49620.0, "below_60_ami": 1, "PovertyRate": 17.3, "LILATracts_1And10": 1.0, "lapop1share": "79.39", "LATracts_half": 1.0, "TractHUNV": 45.0, "TractSNAP": 93.0, "snap_pct": 0.0729, "hunv_pct": 0.0353 }, "geometry": { "type": "MultiPolygon", "coordinates": [ [ [ [ -94.565803, 39.12325 ], [ -94.564724, 39.12346 ], [ -94.558317, 39.125757 ], [ -94.554952, 39.127428 ], [ -94.549573, 39.130895 ], [ -94.546132, 39.134303 ], [ -94.539232, 39.142703 ], [ -94.53572, 39.144947 ], [ -94.534204, 39.145861 ], [ -94.531298, 39.146864 ], [ -94.529901, 39.147331 ], [ -94.520887, 39.149219 ], [ -94.516534, 39.149872 ], [ -94.512679, 39.150451 ], [ -94.506406, 39.150914 ], [ -94.499031, 39.150603 ], [ -94.498387, 39.15046 ], [ -94.498198, 39.150418 ], [ -94.495411, 39.150394 ], [ -94.490088, 39.148445 ], [ -94.484616, 39.145504 ], [ -94.48023, 39.141403 ], [ -94.47633, 39.137004 ], [ -94.46933, 39.130704 ], [ -94.469318, 39.128839 ], [ -94.467546, 39.12478 ], [ -94.467841, 39.115085 ], [ -94.469016, 39.114493 ], [ -94.470613, 39.114126 ], [ -94.47043, 39.112007 ], [ -94.471093, 39.111123 ], [ -94.472001, 39.111554 ], [ -94.47374, 39.111615 ], [ -94.474026, 39.111367 ], [ -94.477375, 39.112404 ], [ -94.477984, 39.111182 ], [ -94.481382, 39.111096 ], [ -94.4815, 39.108042 ], [ -94.479646, 39.10849 ], [ -94.479031, 39.108701 ], [ -94.47899, 39.107319 ], [ -94.479207, 39.10571 ], [ -94.479146, 39.105292 ], [ -94.47886, 39.104883 ], [ -94.477576, 39.103764 ], [ -94.476383, 39.101567 ], [ -94.476936, 39.099324 ], [ -94.477813, 39.099297 ], [ -94.486729, 39.099655 ], [ -94.486948, 39.092816 ], [ -94.487558, 39.092879 ], [ -94.487883, 39.095864 ], [ -94.487816, 39.096965 ], [ -94.486918, 39.10009 ], [ -94.486269, 39.102753 ], [ -94.48619, 39.103958 ], [ -94.487396, 39.104364 ], [ -94.488102, 39.104092 ], [ -94.511209, 39.104926 ], [ -94.514491, 39.105036 ], [ -94.510102, 39.106787 ], [ -94.509931, 39.108454 ], [ -94.509504, 39.108986 ], [ -94.509348, 39.112126 ], [ -94.509187, 39.114672 ], [ -94.507772, 39.119405 ], [ -94.509381, 39.119811 ], [ -94.518209, 39.120063 ], [ -94.527449, 39.12004 ], [ -94.531093, 39.120057 ], [ -94.535804, 39.119799 ], [ -94.537194, 39.119739 ], [ -94.538426, 39.119655 ], [ -94.548182, 39.118183 ], [ -94.56455, 39.114983 ], [ -94.564369, 39.119719 ], [ -94.564625, 39.121072 ], [ -94.565491, 39.122581 ], [ -94.565803, 39.12325 ] ] ] ] } },
{ "type": "Feature", "properties": { "GEOID": "29095013408", "NAME": "Census Tract 134.08, Jackson County, Missouri", "pop": 6282.0, "income": 49315.0, "rent": 945.0, "home_value": 180600.0, "vacancy_rate": 0.0, "ami_60": 49620.0, "below_60_ami": 1, "PovertyRate": 7.5, "LILATracts_1And10": 0.0, "lapop1share": "38.93", "LATracts_half": 1.0, "TractHUNV": 92.0, "TractSNAP": 96.0, "snap_pct": 0.0153, "hunv_pct": 0.0146 }, "geometry": { "type": "MultiPolygon", "coordinates": [ [ [ [ -94.594704, 38.897476 ], [ -94.594347, 38.902744 ], [ -94.594003, 38.906913 ], [ -94.593754, 38.909934 ], [ -94.593296, 38.916353 ], [ -94.590126, 38.917794 ], [ -94.590003, 38.918847 ], [ -94.589868, 38.920832 ], [ -94.588788, 38.921596 ], [ -94.583691, 38.921261 ], [ -94.583916, 38.918577 ], [ -94.574238, 38.918149 ], [ -94.573498, 38.925363 ], [ -94.572882, 38.925497 ], [ -94.570957, 38.92562 ], [ -94.567759, 38.925212 ], [ -94.566043, 38.925122 ], [ -94.566926, 38.921549 ], [ -94.569022, 38.918004 ], [ -94.569722, 38.918047 ], [ -94.569826, 38.916842 ], [ -94.567518, 38.911654 ], [ -94.567728, 38.910838 ], [ -94.566365, 38.910541 ], [ -94.560799, 38.910472 ], [ -94.560828, 38.910095 ], [ -94.561442, 38.900334 ], [ -94.561711, 38.896053 ], [ -94.572839, 38.896257 ], [ -94.574765, 38.89525 ], [ -94.576108, 38.893648 ], [ -94.57696, 38.890013 ], [ -94.578608, 38.889321 ], [ -94.586002, 38.889703 ], [ -94.59522, 38.89025 ], [ -94.594704, 38.897476 ] ] ] ] } },
{ "type": "Feature", "properties": { "GEOID": "29095007500", "NAME": "Census Tract 75, Jackson County, Missouri", "pop": 2704.0, "income": 36769.0, "rent": 910.0, "home_value": 113000.0, "vacancy_rate": 0.172, "ami_60": 49620.0, "below_60_ami": 1, "PovertyRate": 38.5, "LILATracts_1And10": 0.0, "lapop1share": "14.58", "LATracts_half": 1.0, "TractHUNV": 60.0, "TractSNAP": 78.0, "snap_pct": 0.0288, "hunv_pct": 0.0222 }, "geometry": { "type": "MultiPolygon", "coordinates": [ [ [ [ -94.573365, 39.034457 ], [ -94.572942, 39.041669 ], [ -94.569792, 39.04157 ], [ -94.568908, 39.041244 ], [ -94.56838, 39.040002 ], [ -94.568082, 39.040266 ], [ -94.5675, 39.04077 ], [ -94.567051, 39.041013 ], [ -94.566758, 39.041121 ], [ -94.56688, 39.040908 ], [ -94.566217, 39.041087 ], [ -94.563694, 39.04103 ], [ -94.564065, 39.03414 ], [ -94.564262, 39.0305 ], [ -94.564493, 39.026861 ], [ -94.565659, 39.026905 ], [ -94.567966, 39.02699 ], [ -94.573794, 39.027183 ], [ -94.573365, 39.034457 ] ] ] ] } },
{ "type": "Feature", "properties": { "GEOID": "29095016800", "NAME": "Census Tract 168, Jackson County, Missouri", "pop": 4389.0, "income": 55171.0, "rent": 1014.0, "home_value": 160600.0, "vacancy_rate": 0.0311, "ami_60": 49620.0, "below_60_ami": 0, "PovertyRate": 18.8, "LILATracts_1And10": 0.0, "lapop1share": "NULL", "LATracts_half": 0.0, "TractHUNV": 267.0, "TractSNAP": 222.0, "snap_pct": 0.0506, "hunv_pct": 0.0608 }, "geometry": { "type": "MultiPolygon", "coordinates": [ [ [ [ -94.607382659580495, 39.054365598650008 ], [ -94.607343701632601, 39.057336956754597 ], [ -94.602637, 39.057173 ], [ -94.599798, 39.057075 ], [ -94.595501, 39.056909 ], [ -94.590768, 39.056743 ], [ -94.586105, 39.056576 ], [ -94.58639, 39.051768 ], [ -94.586536, 39.049331 ], [ -94.592049, 39.049483 ], [ -94.594581, 39.049559 ], [ -94.597638, 39.049666 ], [ -94.598629, 39.049833 ], [ -94.600988, 39.049938 ], [ -94.602624, 39.050018 ], [ -94.607436783844392, 39.050237491838004 ], [ -94.607382659580495, 39.054365598650008 ] ] ] ] } },
{ "type": "Feature", "properties": { "GEOID": "29095001000", "NAME": "Census Tract 10, Jackson County, Missouri", "pop": 2977.0, "income": 23088.0, "rent": 542.0, "home_value": 158000.0, "vacancy_rate": 0.1679, "ami_60": 49620.0, "below_60_ami": 1, "PovertyRate": 42.3, "LILATracts_1And10": 0.0, "lapop1share": "NULL", "LATracts_half": 1.0, "TractHUNV": 399.0, "TractSNAP": 559.0, "snap_pct": 0.1878, "hunv_pct": 0.134 }, "geometry": { "type": "MultiPolygon", "coordinates": [ [ [ [ -94.564795, 39.11236 ], [ -94.56455, 39.114983 ], [ -94.548182, 39.118183 ], [ -94.548026, 39.117348 ], [ -94.548152, 39.113575 ], [ -94.548174, 39.110909 ], [ -94.548484, 39.106223 ], [ -94.551037, 39.106302 ], [ -94.560244, 39.10665 ], [ -94.563426, 39.106769 ], [ -94.563757, 39.108102 ], [ -94.564179, 39.108851 ], [ -94.564666, 39.111127 ], [ -94.564795, 39.11236 ] ] ] ] } },
{ "type": "Feature", "properties": { "GEOID": "29095017100", "NAME": "Census Tract 171, Jackson County, Missouri", "pop": 3783.0, "income": 39695.0, "rent": 848.0, "home_value": 47600.0, "vacancy_rate": 0.1785, "ami_60": 49620.0, "below_60_ami": 1, "PovertyRate": 26.7, "LILATracts_1And10": 0.0, "lapop1share": "6.98", "LATracts_half": 1.0, "TractHUNV": 268.0, "TractSNAP": 342.0, "snap_pct": 0.0904, "hunv_pct": 0.0708 }, "geometry": { "type": "MultiPolygon", "coordinates": [ [ [ [ -94.542989, 39.037174 ], [ -94.542098, 39.038611 ], [ -94.542448, 39.039918 ], [ -94.543214, 39.040582 ], [ -94.540517, 39.040514 ], [ -94.540323, 39.044104 ], [ -94.535742, 39.043967 ], [ -94.53517, 39.054831 ], [ -94.530525, 39.054687 ], [ -94.527578, 39.055632 ], [ -94.520655, 39.054353 ], [ -94.520828, 39.055633 ], [ -94.521229, 39.056483 ], [ -94.515901, 39.056183 ], [ -94.514561, 39.056423 ], [ -94.513501, 39.057233 ], [ -94.512909, 39.058963 ], [ -94.511986, 39.058391 ], [ -94.513275, 39.055644 ], [ -94.513162, 39.054012 ], [ -94.511987, 39.051825 ], [ -94.509283, 39.050748 ], [ -94.506656, 39.047731 ], [ -94.50665, 39.046337 ], [ -94.509421, 39.044742 ], [ -94.517431, 39.044531 ], [ -94.519144, 39.044537 ], [ -94.520494, 39.04385 ], [ -94.521169, 39.042225 ], [ -94.520815, 39.039079 ], [ -94.521099, 39.037687 ], [ -94.525481, 39.035506 ], [ -94.526305, 39.034445 ], [ -94.527409, 39.034489 ], [ -94.536378, 39.034978 ], [ -94.540762, 39.035998 ], [ -94.542004, 39.036067 ], [ -94.543325, 39.036485 ], [ -94.542989, 39.037174 ] ] ] ] } },
{ "type": "Feature", "properties": { "GEOID": "29095006600", "NAME": "Census Tract 66, Jackson County, Missouri", "pop": 1910.0, "income": 49756.0, "rent": 962.0, "home_value": 200000.0, "vacancy_rate": 0.0777, "ami_60": 49620.0, "below_60_ami": 0, "PovertyRate": 14.3, "LILATracts_1And10": 0.0, "lapop1share": "NULL", "LATracts_half": 1.0, "TractHUNV": 118.0, "TractSNAP": 35.0, "snap_pct": 0.0183, "hunv_pct": 0.0618 }, "geometry": { "type": "MultiPolygon", "coordinates": [ [ [ [ -94.586536, 39.049331 ], [ -94.583024, 39.049235 ], [ -94.579954, 39.048575 ], [ -94.578721, 39.049099 ], [ -94.572529, 39.04891 ], [ -94.572942, 39.041669 ], [ -94.578078, 39.041865 ], [ -94.578522, 39.041845 ], [ -94.5823, 39.041964 ], [ -94.586371, 39.042092 ], [ -94.586735, 39.042101 ], [ -94.586536, 39.049331 ] ] ] ] } },
{ "type": "Feature", "properties": { "GEOID": "29095009400", "NAME": "Census Tract 94, Jackson County, Missouri", "pop": 4735.0, "income": 53438.0, "rent": 740.0, "home_value": 135700.0, "vacancy_rate": 0.1072, "ami_60": 49620.0, "below_60_ami": 0, "PovertyRate": 17.2, "LILATracts_1And10": 0.0, "lapop1share": "NULL", "LATracts_half": 1.0, "TractHUNV": 428.0, "TractSNAP": 174.0, "snap_pct": 0.0367, "hunv_pct": 0.0904 }, "geometry": { "type": "MultiPolygon", "coordinates": [ [ [ [ -94.594546, 38.985066 ], [ -94.594368, 38.988716 ], [ -94.593692, 38.988711 ], [ -94.580471, 38.988142 ], [ -94.57585, 38.987941 ], [ -94.576007, 38.984711 ], [ -94.576025, 38.984334 ], [ -94.576167, 38.981533 ], [ -94.576453, 38.975822 ], [ -94.57656, 38.973485 ], [ -94.580007, 38.973831 ], [ -94.581179, 38.973725 ], [ -94.581936, 38.973664 ], [ -94.585796, 38.97383 ], [ -94.58769, 38.973904 ], [ -94.595078, 38.974192 ], [ -94.594546, 38.985066 ] ] ] ] } },
{ "type": "Feature", "properties": { "GEOID": "29095014905", "NAME": "Census Tract 149.05, Jackson County, Missouri", "pop": 5028.0, "income": 91065.0, "rent": 1703.0, "home_value": 215300.0, "vacancy_rate": 0.0311, "ami_60": 49620.0, "below_60_ami": 0, "PovertyRate": 3.5, "LILATracts_1And10": 0.0, "lapop1share": "71.47", "LATracts_half": 1.0, "TractHUNV": 9.0, "TractSNAP": 45.0, "snap_pct": 0.0089, "hunv_pct": 0.0018 }, "geometry": { "type": "MultiPolygon", "coordinates": [ [ [ [ -94.257072, 39.04863 ], [ -94.256854, 39.052279 ], [ -94.250312, 39.052042 ], [ -94.245161, 39.051784 ], [ -94.244061, 39.051786 ], [ -94.243123, 39.051589 ], [ -94.243122, 39.051939 ], [ -94.238434, 39.051446 ], [ -94.236392, 39.051242 ], [ -94.233913, 39.051394 ], [ -94.215666, 39.050773 ], [ -94.215824, 39.040511 ], [ -94.215905, 39.036311 ], [ -94.22049, 39.03641 ], [ -94.220503, 39.036236 ], [ -94.220631, 39.034505 ], [ -94.220641, 39.033006 ], [ -94.220839, 39.029345 ], [ -94.221232, 39.029059 ], [ -94.221575, 39.025574 ], [ -94.221611, 39.024632 ], [ -94.221644, 39.024315 ], [ -94.239529, 39.026465 ], [ -94.253222, 39.028106 ], [ -94.252908, 39.037556 ], [ -94.252635, 39.044838 ], [ -94.257258, 39.045018 ], [ -94.257072, 39.04863 ] ] ] ] } },
{ "type": "Feature", "properties": { "GEOID": "29095010001", "NAME": "Census Tract 100.01, Jackson County, Missouri", "pop": 1714.0, "income": 76875.0, "rent": 1433.0, "home_value": 197200.0, "vacancy_rate": 0.1682, "ami_60": 49620.0, "below_60_ami": 0, "PovertyRate": 3.5, "LILATracts_1And10": 0.0, "lapop1share": "0.72", "LATracts_half": 1.0, "TractHUNV": 105.0, "TractSNAP": 15.0, "snap_pct": 0.0088, "hunv_pct": 0.0613 }, "geometry": { "type": "MultiPolygon", "coordinates": [ [ [ [ -94.608207947805695, 38.956721613327602 ], [ -94.605758, 38.956438 ], [ -94.595817, 38.956097 ], [ -94.596263, 38.948821 ], [ -94.596496, 38.944025 ], [ -94.596665, 38.940518 ], [ -94.596676, 38.940298 ], [ -94.598658, 38.93983 ], [ -94.607978022843497, 38.936847961008006 ], [ -94.607978, 38.93687 ], [ -94.607866, 38.937398 ], [ -94.608134, 38.940006 ], [ -94.608134, 38.942006 ], [ -94.608134326897499, 38.942071052608298 ], [ -94.608170778496003, 38.949324920711099 ], [ -94.608207947805695, 38.956721613327602 ] ] ] ] } },
{ "type": "Feature", "properties": { "GEOID": "29095008900", "NAME": "Census Tract 89, Jackson County, Missouri", "pop": 1833.0, "income": 40357.0, "rent": 874.0, "home_value": 70600.0, "vacancy_rate": 0.1913, "ami_60": 49620.0, "below_60_ami": 1, "PovertyRate": 24.9, "LILATracts_1And10": 1.0, "lapop1share": "100.00", "LATracts_half": 1.0, "TractHUNV": 157.0, "TractSNAP": 210.0, "snap_pct": 0.1146, "hunv_pct": 0.0857 }, "geometry": { "type": "MultiPolygon", "coordinates": [ [ [ [ -94.556907, 38.998039 ], [ -94.551084, 38.997776 ], [ -94.545254, 38.997519 ], [ -94.543923, 38.997949 ], [ -94.54288, 38.998307 ], [ -94.535934, 38.997603 ], [ -94.533504, 38.996941 ], [ -94.529835, 38.996797 ], [ -94.52985, 38.994239 ], [ -94.530582, 38.992857 ], [ -94.532362, 38.991537 ], [ -94.538729, 38.988862 ], [ -94.539622, 38.989247 ], [ -94.543289, 38.990089 ], [ -94.547918, 38.990368 ], [ -94.548108, 38.986711 ], [ -94.556831, 38.987149 ], [ -94.557456, 38.987181 ], [ -94.556907, 38.998039 ] ] ] ] } },
{ "type": "Feature", "properties": { "GEOID": "29095011401", "NAME": "Census Tract 114.01, Jackson County, Missouri", "pop": 7835.0, "income": 45461.0, "rent": 833.0, "home_value": 117900.0, "vacancy_rate": 0.0963, "ami_60": 49620.0, "below_60_ami": 1, "PovertyRate": 17.2, "LILATracts_1And10": 1.0, "lapop1share": "44.23", "LATracts_half": 1.0, "TractHUNV": 268.0, "TractSNAP": 422.0, "snap_pct": 0.0539, "hunv_pct": 0.0342 }, "geometry": { "type": "MultiPolygon", "coordinates": [ [ [ [ -94.396653, 39.098793 ], [ -94.396507, 39.103363 ], [ -94.392948, 39.106033 ], [ -94.39213, 39.107565 ], [ -94.37815, 39.107012 ], [ -94.374122, 39.106917 ], [ -94.365724, 39.106593 ], [ -94.364129, 39.106513 ], [ -94.363117, 39.106462 ], [ -94.362462, 39.106673 ], [ -94.362042, 39.107054 ], [ -94.361697, 39.107713 ], [ -94.360978, 39.108419 ], [ -94.360431, 39.108896 ], [ -94.357894, 39.109316 ], [ -94.357318, 39.109445 ], [ -94.355905, 39.111003 ], [ -94.346877, 39.110805 ], [ -94.347135, 39.105511 ], [ -94.346953, 39.105427 ], [ -94.342684, 39.105202 ], [ -94.342614, 39.096095 ], [ -94.34278, 39.091261 ], [ -94.322001, 39.090511 ], [ -94.322763, 39.090042 ], [ -94.324055, 39.089306 ], [ -94.330385, 39.085995 ], [ -94.333985, 39.084927 ], [ -94.343277, 39.083192 ], [ -94.371975, 39.077854 ], [ -94.373222, 39.07769 ], [ -94.377036, 39.077773 ], [ -94.379097, 39.077839 ], [ -94.390667, 39.078302 ], [ -94.39042, 39.084027 ], [ -94.390158, 39.089246 ], [ -94.390979, 39.09173 ], [ -94.390138, 39.092781 ], [ -94.393915, 39.093403 ], [ -94.396939, 39.093161 ], [ -94.396653, 39.098793 ] ] ] ] } },
{ "type": "Feature", "properties": { "GEOID": "29095012803", "NAME": "Census Tract 128.03, Jackson County, Missouri", "pop": 2004.0, "income": 53286.0, "rent": 1269.0, "home_value": 88100.0, "vacancy_rate": 0.099, "ami_60": 49620.0, "below_60_ami": 0, "PovertyRate": 12.6, "LILATracts_1And10": 0.0, "lapop1share": "NULL", "LATracts_half": 1.0, "TractHUNV": 60.0, "TractSNAP": 82.0, "snap_pct": 0.0409, "hunv_pct": 0.0299 }, "geometry": { "type": "MultiPolygon", "coordinates": [ [ [ [ -94.485182, 38.980658 ], [ -94.483341, 38.982269 ], [ -94.482757, 38.983173 ], [ -94.482644, 38.986548 ], [ -94.482535, 38.987849 ], [ -94.482982, 38.98787 ], [ -94.483937, 38.987871 ], [ -94.48279, 38.992696 ], [ -94.483289, 38.995184 ], [ -94.483481, 38.995804 ], [ -94.483173, 39.001465 ], [ -94.482312, 39.001259 ], [ -94.47978, 38.998384 ], [ -94.473945, 38.994765 ], [ -94.468908, 38.99124 ], [ -94.46491, 38.987002 ], [ -94.464462, 38.986453 ], [ -94.464731, 38.979754 ], [ -94.472885, 38.980122 ], [ -94.473078, 38.980131 ], [ -94.483408, 38.980597 ], [ -94.485182, 38.980658 ] ] ] ] } },
{ "type": "Feature", "properties": { "GEOID": "29095016700", "NAME": "Census Tract 167, Jackson County, Missouri", "pop": 3660.0, "income": 41667.0, "rent": 801.0, "home_value": 192600.0, "vacancy_rate": 0.1023, "ami_60": 49620.0, "below_60_ami": 1, "PovertyRate": 15.7, "LILATracts_1And10": 0.0, "lapop1share": "0.15", "LATracts_half": 1.0, "TractHUNV": 516.0, "TractSNAP": 138.0, "snap_pct": 0.0377, "hunv_pct": 0.141 }, "geometry": { "type": "MultiPolygon", "coordinates": [ [ [ [ -94.594991, 39.06485 ], [ -94.594923, 39.065871 ], [ -94.594482, 39.071405 ], [ -94.58532, 39.071032 ], [ -94.585681, 39.063787 ], [ -94.585784, 39.061983 ], [ -94.586105, 39.056576 ], [ -94.590768, 39.056743 ], [ -94.595501, 39.056909 ], [ -94.594991, 39.06485 ] ] ] ] } },
{ "type": "Feature", "properties": { "GEOID": "29095005601", "NAME": "Census Tract 56.01, Jackson County, Missouri", "pop": 1580.0, "income": 18231.0, "rent": 464.0, "home_value": 40600.0, "vacancy_rate": 0.2935, "ami_60": 49620.0, "below_60_ami": 1, "PovertyRate": 46.6, "LILATracts_1And10": 0.0, "lapop1share": "NULL", "LATracts_half": 0.0, "TractHUNV": 280.0, "TractSNAP": 327.0, "snap_pct": 0.207, "hunv_pct": 0.1772 }, "geometry": { "type": "MultiPolygon", "coordinates": [ [ [ [ -94.552845, 39.069866 ], [ -94.54823, 39.069711 ], [ -94.543626, 39.069558 ], [ -94.544, 39.062339 ], [ -94.548599, 39.062482 ], [ -94.553203, 39.062627 ], [ -94.552845, 39.069866 ] ] ] ] } },
{ "type": "Feature", "properties": { "GEOID": "29095014501", "NAME": "Census Tract 145.01, Jackson County, Missouri", "pop": 3801.0, "income": 55625.0, "rent": 924.0, "home_value": 153600.0, "vacancy_rate": 0.0876, "ami_60": 49620.0, "below_60_ami": 0, "PovertyRate": 4.6, "LILATracts_1And10": 0.0, "lapop1share": "25.54", "LATracts_half": 1.0, "TractHUNV": 106.0, "TractSNAP": 66.0, "snap_pct": 0.0174, "hunv_pct": 0.0279 }, "geometry": { "type": "MultiPolygon", "coordinates": [ [ [ [ -94.415651, 39.035617 ], [ -94.415175, 39.045946 ], [ -94.405215, 39.045528 ], [ -94.387435, 39.044802 ], [ -94.381289, 39.044317 ], [ -94.373109, 39.043213 ], [ -94.362333, 39.041747 ], [ -94.36123, 39.033168 ], [ -94.362407, 39.033433 ], [ -94.369422, 39.03378 ], [ -94.377052, 39.03403 ], [ -94.387102, 39.03437 ], [ -94.388035, 39.034417 ], [ -94.400616, 39.035023 ], [ -94.41466, 39.03558 ], [ -94.415684, 39.035048 ], [ -94.415651, 39.035617 ] ] ] ] } },
{ "type": "Feature", "properties": { "GEOID": "29095007100", "NAME": "Census Tract 71, Jackson County, Missouri", "pop": 3286.0, "income": 64325.0, "rent": 1131.0, "home_value": 145800.0, "vacancy_rate": 0.1197, "ami_60": 49620.0, "below_60_ami": 0, "PovertyRate": 11.2, "LILATracts_1And10": 0.0, "lapop1share": "NULL", "LATracts_half": 0.0, "TractHUNV": 170.0, "TractSNAP": 118.0, "snap_pct": 0.0359, "hunv_pct": 0.0517 }, "geometry": { "type": "MultiPolygon", "coordinates": [ [ [ [ -94.607517440316101, 39.044085749416595 ], [ -94.607510149528594, 39.044641824411599 ], [ -94.60748648520449, 39.046446723923395 ], [ -94.607436799271099, 39.050236315233398 ], [ -94.607436783844392, 39.050237491838004 ], [ -94.602624, 39.050018 ], [ -94.600988, 39.049938 ], [ -94.598629, 39.049833 ], [ -94.597638, 39.049666 ], [ -94.594581, 39.049559 ], [ -94.59592, 39.047959 ], [ -94.596105, 39.04425 ], [ -94.598427, 39.044341 ], [ -94.598465, 39.04362 ], [ -94.598526, 39.042537 ], [ -94.607534039453995, 39.042819718079102 ], [ -94.607517440316101, 39.044085749416595 ] ] ] ] } },
{ "type": "Feature", "properties": { "GEOID": "29095007400", "NAME": "Census Tract 74, Jackson County, Missouri", "pop": 4000.0, "income": 97826.0, "rent": 1544.0, "home_value": 399000.0, "vacancy_rate": 0.1627, "ami_60": 49620.0, "below_60_ami": 0, "PovertyRate": 18.7, "LILATracts_1And10": 0.0, "lapop1share": "NULL", "LATracts_half": 1.0, "TractHUNV": 57.0, "TractSNAP": 15.0, "snap_pct": 0.0037, "hunv_pct": 0.0142 }, "geometry": { "type": "MultiPolygon", "coordinates": [ [ [ [ -94.592004, 39.03418 ], [ -94.591726, 39.038685 ], [ -94.590319, 39.038749 ], [ -94.587129, 39.038522 ], [ -94.584887, 39.038455 ], [ -94.585312, 39.039267 ], [ -94.584045, 39.038789 ], [ -94.582477, 39.038679 ], [ -94.5823, 39.041964 ], [ -94.578522, 39.041845 ], [ -94.578078, 39.041865 ], [ -94.572942, 39.041669 ], [ -94.573365, 39.034457 ], [ -94.573794, 39.027183 ], [ -94.583071, 39.027508 ], [ -94.58478, 39.027565 ], [ -94.592367, 39.027833 ], [ -94.592004, 39.03418 ] ] ] ] } },
{ "type": "Feature", "properties": { "GEOID": "29095004600", "NAME": "Census Tract 46, Jackson County, Missouri", "pop": 2458.0, "income": 59688.0, "rent": 919.0, "home_value": 233900.0, "vacancy_rate": 0.1672, "ami_60": 49620.0, "below_60_ami": 0, "PovertyRate": 12.0, "LILATracts_1And10": 0.0, "lapop1share": "17.79", "LATracts_half": 1.0, "TractHUNV": 66.0, "TractSNAP": 43.0, "snap_pct": 0.0175, "hunv_pct": 0.0269 }, "geometry": { "type": "MultiPolygon", "coordinates": [ [ [ [ -94.607234, 39.065704 ], [ -94.607275304036506, 39.0723126458441 ], [ -94.605702, 39.071775 ], [ -94.594482, 39.071405 ], [ -94.594923, 39.065871 ], [ -94.594991, 39.06485 ], [ -94.595501, 39.056909 ], [ -94.599798, 39.057075 ], [ -94.602637, 39.057173 ], [ -94.607343701632601, 39.057336956754597 ], [ -94.607234, 39.065704 ] ] ] ] } },
{ "type": "Feature", "properties": { "GEOID": "29095002300", "NAME": "Census Tract 23, Jackson County, Missouri", "pop": 2058.0, "income": 30417.0, "rent": 650.0, "home_value": 52100.0, "vacancy_rate": 0.2188, "ami_60": 49620.0, "below_60_ami": 1, "PovertyRate": 40.0, "LILATracts_1And10": 0.0, "lapop1share": "NULL", "LATracts_half": 1.0, "TractHUNV": 188.0, "TractSNAP": 262.0, "snap_pct": 0.1273, "hunv_pct": 0.0914 }, "geometry": { "type": "MultiPolygon", "coordinates": [ [ [ [ -94.538025, 39.090234 ], [ -94.53802, 39.090331 ], [ -94.537973, 39.091112 ], [ -94.537609, 39.098364 ], [ -94.529388, 39.098076 ], [ -94.528347, 39.098053 ], [ -94.528862, 39.094181 ], [ -94.526716, 39.0942 ], [ -94.526874, 39.090734 ], [ -94.526917, 39.089983 ], [ -94.527591, 39.083533 ], [ -94.52854, 39.083566 ], [ -94.533736, 39.0837 ], [ -94.538353, 39.083845 ], [ -94.538025, 39.090234 ] ] ] ] } },
{ "type": "Feature", "properties": { "GEOID": "29095012000", "NAME": "Census Tract 120, Jackson County, Missouri", "pop": 3492.0, "income": 51829.0, "rent": 838.0, "home_value": 99200.0, "vacancy_rate": 0.1008, "ami_60": 49620.0, "below_60_ami": 0, "PovertyRate": 16.7, "LILATracts_1And10": 0.0, "lapop1share": "14.43", "LATracts_half": 1.0, "TractHUNV": 66.0, "TractSNAP": 188.0, "snap_pct": 0.0538, "hunv_pct": 0.0189 }, "geometry": { "type": "MultiPolygon", "coordinates": [ [ [ [ -94.474714, 39.06534 ], [ -94.474706, 39.067085 ], [ -94.468969, 39.066795 ], [ -94.463883, 39.066601 ], [ -94.456095, 39.066258 ], [ -94.448506, 39.066043 ], [ -94.446729, 39.066993 ], [ -94.44713, 39.058565 ], [ -94.44746, 39.051334 ], [ -94.447586, 39.048753 ], [ -94.448552, 39.048979 ], [ -94.452592, 39.05096 ], [ -94.456686, 39.052789 ], [ -94.461263, 39.054522 ], [ -94.472529, 39.0591 ], [ -94.474983, 39.060647 ], [ -94.474714, 39.06534 ] ] ] ] } },
{ "type": "Feature", "properties": { "GEOID": "29095017400", "NAME": "Census Tract 174, Jackson County, Missouri", "pop": 2721.0, "income": 33464.0, "rent": 804.0, "home_value": 90300.0, "vacancy_rate": 0.0956, "ami_60": 49620.0, "below_60_ami": 1, "PovertyRate": 22.7, "LILATracts_1And10": 0.0, "lapop1share": "0.27", "LATracts_half": 1.0, "TractHUNV": 179.0, "TractSNAP": 203.0, "snap_pct": 0.0746, "hunv_pct": 0.0658 }, "geometry": { "type": "MultiPolygon", "coordinates": [ [ [ [ -94.54484, 38.968839 ], [ -94.541687, 38.96989 ], [ -94.53552, 38.967976 ], [ -94.519952, 38.967411 ], [ -94.502989, 38.966685 ], [ -94.502654, 38.966618 ], [ -94.502046, 38.966519 ], [ -94.501424, 38.966484 ], [ -94.500867, 38.966462 ], [ -94.499631, 38.966413 ], [ -94.497984, 38.962945 ], [ -94.497617, 38.960113 ], [ -94.498259, 38.958882 ], [ -94.499448, 38.958214 ], [ -94.503031, 38.957687 ], [ -94.507093, 38.955 ], [ -94.507942, 38.952392 ], [ -94.514939, 38.952673 ], [ -94.521882, 38.952946 ], [ -94.529737, 38.953235 ], [ -94.533455, 38.94766 ], [ -94.536295, 38.942502 ], [ -94.537096, 38.941724 ], [ -94.537502, 38.942861 ], [ -94.54285, 38.963936 ], [ -94.544787, 38.968726 ], [ -94.54484, 38.968839 ] ] ] ] } },
{ "type": "Feature", "properties": { "GEOID": "29095014111", "NAME": "Census Tract 141.11, Jackson County, Missouri", "pop": 3534.0, "income": 84286.0, "rent": 1132.0, "home_value": 229900.0, "vacancy_rate": 0.0638, "ami_60": 49620.0, "below_60_ami": 0, "PovertyRate": 6.2, "LILATracts_1And10": 0.0, "lapop1share": "88.72", "LATracts_half": 0.0, "TractHUNV": 47.0, "TractSNAP": 36.0, "snap_pct": 0.0102, "hunv_pct": 0.0133 }, "geometry": { "type": "MultiPolygon", "coordinates": [ [ [ [ -94.274151, 38.973076 ], [ -94.274078, 38.974527 ], [ -94.273931, 38.980255 ], [ -94.273843, 38.982014 ], [ -94.273738, 38.983934 ], [ -94.273613, 38.986558 ], [ -94.273552, 38.987479 ], [ -94.259593, 38.987078 ], [ -94.254981, 38.986947 ], [ -94.250394, 38.986836 ], [ -94.236855, 38.986415 ], [ -94.236335, 38.987765 ], [ -94.236502, 38.989637 ], [ -94.231724, 38.989903 ], [ -94.231691, 38.993567 ], [ -94.226927, 38.993382 ], [ -94.22709, 38.989767 ], [ -94.227192, 38.987093 ], [ -94.222708, 38.986974 ], [ -94.222541, 38.986052 ], [ -94.213828, 38.98574 ], [ -94.213493, 38.982175 ], [ -94.203745, 38.981689 ], [ -94.199563, 38.981035 ], [ -94.199994, 38.971687 ], [ -94.200268, 38.970818 ], [ -94.224281, 38.971686 ], [ -94.231637, 38.971798 ], [ -94.24382, 38.972079 ], [ -94.246558, 38.971975 ], [ -94.247065, 38.964927 ], [ -94.256016, 38.965175 ], [ -94.25747, 38.965227 ], [ -94.260543, 38.965335 ], [ -94.262923, 38.965414 ], [ -94.264347, 38.965452 ], [ -94.274492, 38.965714 ], [ -94.274151, 38.973076 ] ] ] ] } },
{ "type": "Feature", "properties": { "GEOID": "29095018200", "NAME": "Census Tract 182, Jackson County, Missouri", "pop": 3841.0, "income": 132566.0, "rent": 1478.0, "home_value": 294000.0, "vacancy_rate": 0.0, "ami_60": 49620.0, "below_60_ami": 0, "PovertyRate": 2.8, "LILATracts_1And10": 0.0, "lapop1share": "100.00", "LATracts_half": 1.0, "TractHUNV": 6.0, "TractSNAP": 16.0, "snap_pct": 0.0042, "hunv_pct": 0.0016 }, "geometry": { "type": "MultiPolygon", "coordinates": [ [ [ [ -94.481944, 38.885165 ], [ -94.478431, 38.884739 ], [ -94.473298, 38.884727 ], [ -94.470135, 38.885748 ], [ -94.462606, 38.888723 ], [ -94.46294, 38.88716 ], [ -94.461812, 38.887094 ], [ -94.461953, 38.884306 ], [ -94.458343, 38.884196 ], [ -94.458569, 38.880596 ], [ -94.4529, 38.880332 ], [ -94.45307, 38.877105 ], [ -94.443746, 38.876753 ], [ -94.44336, 38.884246 ], [ -94.443159, 38.887405 ], [ -94.447655, 38.887511 ], [ -94.447404, 38.891332 ], [ -94.442933, 38.891113 ], [ -94.414986, 38.890151 ], [ -94.416284, 38.868404 ], [ -94.429605, 38.868753 ], [ -94.432351, 38.868849 ], [ -94.434988, 38.868849 ], [ -94.462697, 38.87025 ], [ -94.462546, 38.873497 ], [ -94.470468, 38.873799 ], [ -94.476418, 38.874016 ], [ -94.476706, 38.87261 ], [ -94.481236, 38.867487 ], [ -94.481511, 38.864765 ], [ -94.480855, 38.877816 ], [ -94.482348, 38.877845 ], [ -94.481944, 38.885165 ] ] ] ] } },
{ "type": "Feature", "properties": { "GEOID": "29095015000", "NAME": "Census Tract 150, Jackson County, Missouri", "pop": 3698.0, "income": 65592.0, "rent": 891.0, "home_value": 146900.0, "vacancy_rate": 0.0949, "ami_60": 49620.0, "below_60_ami": 0, "PovertyRate": 7.9, "LILATracts_1And10": 0.0, "lapop1share": "70.98", "LATracts_half": 0.0, "TractHUNV": 25.0, "TractSNAP": 56.0, "snap_pct": 0.0151, "hunv_pct": 0.0068 }, "geometry": { "type": "MultiPolygon", "coordinates": [ [ [ [ -94.331752, 39.187088 ], [ -94.328155, 39.191232 ], [ -94.322317, 39.198647 ], [ -94.320498, 39.201763 ], [ -94.319362, 39.204611 ], [ -94.31757, 39.213459 ], [ -94.31677, 39.215731 ], [ -94.314002, 39.221267 ], [ -94.311543, 39.223573 ], [ -94.308932, 39.227351 ], [ -94.308028, 39.227865 ], [ -94.304609, 39.231411 ], [ -94.300929, 39.233395 ], [ -94.295105, 39.235523 ], [ -94.289873, 39.237107 ], [ -94.278325, 39.236159 ], [ -94.27387, 39.235723 ], [ -94.2674, 39.235396 ], [ -94.262938, 39.235822 ], [ -94.255424, 39.236219 ], [ -94.250046, 39.234845 ], [ -94.243311, 39.232004 ], [ -94.238429, 39.228219 ], [ -94.235456, 39.224428 ], [ -94.232453, 39.218449 ], [ -94.229561, 39.215356 ], [ -94.226855, 39.213381 ], [ -94.221275, 39.210134 ], [ -94.217744, 39.208452 ], [ -94.216816, 39.208004 ], [ -94.212515, 39.207086 ], [ -94.207254, 39.206324 ], [ -94.204916, 39.206531 ], [ -94.199551, 39.208197 ], [ -94.193391, 39.211541 ], [ -94.188895, 39.213461 ], [ -94.184703, 39.214293 ], [ -94.176143, 39.214149 ], [ -94.173519, 39.213829 ], [ -94.170495, 39.21231 ], [ -94.169423, 39.210614 ], [ -94.170239, 39.204486 ], [ -94.175327, 39.19719 ], [ -94.176447, 39.196038 ], [ -94.181519, 39.192613 ], [ -94.184015, 39.190439 ], [ -94.185735, 39.188029 ], [ -94.187174, 39.183843 ], [ -94.187184, 39.183333 ], [ -94.18584, 39.18103 ], [ -94.184576, 39.180262 ], [ -94.179984, 39.178793 ], [ -94.176831, 39.178118 ], [ -94.169056, 39.177766 ], [ -94.154016, 39.176263 ], [ -94.147152, 39.175175 ], [ -94.136863, 39.172567 ], [ -94.133664, 39.171239 ], [ -94.129919, 39.168903 ], [ -94.126367, 39.165783 ], [ -94.124303, 39.163287 ], [ -94.122223, 39.159307 ], [ -94.114032, 39.149714 ], [ -94.104823, 39.143507 ], [ -94.104935, 39.140933 ], [ -94.105225, 39.131501 ], [ -94.105223, 39.131441 ], [ -94.105268, 39.12991 ], [ -94.105633, 39.126585 ], [ -94.12485, 39.130702 ], [ -94.131694, 39.132154 ], [ -94.133123, 39.132457 ], [ -94.134629, 39.132797 ], [ -94.145293, 39.135201 ], [ -94.151024, 39.136477 ], [ -94.153557, 39.136704 ], [ -94.176876, 39.134359 ], [ -94.178206, 39.133962 ], [ -94.181281, 39.134163 ], [ -94.183284, 39.135428 ], [ -94.184718, 39.136608 ], [ -94.186171, 39.137287 ], [ -94.191523, 39.137687 ], [ -94.192119, 39.137818 ], [ -94.201197, 39.138109 ], [ -94.202034, 39.138135 ], [ -94.206442, 39.138295 ], [ -94.209947, 39.138425 ], [ -94.215923, 39.138646 ], [ -94.257957, 39.139788 ], [ -94.25932, 39.139582 ], [ -94.267655, 39.136583 ], [ -94.268661, 39.136494 ], [ -94.284825, 39.136831 ], [ -94.293792, 39.136182 ], [ -94.313731, 39.136653 ], [ -94.317227, 39.136737 ], [ -94.319659, 39.140237 ], [ -94.322673, 39.148028 ], [ -94.3258, 39.146849 ], [ -94.329259, 39.146707 ], [ -94.331899, 39.145972 ], [ -94.33084, 39.148163 ], [ -94.329179, 39.149282 ], [ -94.328298, 39.150802 ], [ -94.328086, 39.156233 ], [ -94.325732, 39.157067 ], [ -94.325404, 39.163472 ], [ -94.321424, 39.163324 ], [ -94.321118, 39.169294 ], [ -94.321751, 39.170336 ], [ -94.323632, 39.170619 ], [ -94.324989, 39.171814 ], [ -94.324662, 39.177856 ], [ -94.331006, 39.178276 ], [ -94.335213, 39.183337 ], [ -94.331752, 39.187088 ] ] ] ] } },
{ "type": "Feature", "properties": { "GEOID": "29095011700", "NAME": "Census Tract 117, Jackson County, Missouri", "pop": 3755.0, "income": 30563.0, "rent": 745.0, "home_value": 76300.0, "vacancy_rate": 0.2047, "ami_60": 49620.0, "below_60_ami": 1, "PovertyRate": 34.7, "LILATracts_1And10": 0.0, "lapop1share": "0.05", "LATracts_half": 1.0, "TractHUNV": 193.0, "TractSNAP": 277.0, "snap_pct": 0.0738, "hunv_pct": 0.0514 }, "geometry": { "type": "MultiPolygon", "coordinates": [ [ [ [ -94.446067, 39.084593 ], [ -94.44597, 39.087564 ], [ -94.445909, 39.089385 ], [ -94.445668, 39.094873 ], [ -94.441084, 39.094719 ], [ -94.439462, 39.094653 ], [ -94.436413, 39.094529 ], [ -94.431766, 39.094341 ], [ -94.427219, 39.094173 ], [ -94.427307, 39.091699 ], [ -94.427378, 39.090281 ], [ -94.427525, 39.086984 ], [ -94.426592, 39.086865 ], [ -94.421527, 39.086656 ], [ -94.422085, 39.080342 ], [ -94.421923, 39.079372 ], [ -94.429866, 39.079706 ], [ -94.432326, 39.079805 ], [ -94.438673, 39.080054 ], [ -94.44616, 39.08035 ], [ -94.446067, 39.084593 ] ] ] ] } },
{ "type": "Feature", "properties": { "GEOID": "29095017700", "NAME": "Census Tract 177, Jackson County, Missouri", "pop": 5003.0, "income": 95273.0, "rent": 1299.0, "home_value": 133300.0, "vacancy_rate": 0.0369, "ami_60": 49620.0, "below_60_ami": 0, "PovertyRate": 2.8, "LILATracts_1And10": 0.0, "lapop1share": "60.48", "LATracts_half": 0.0, "TractHUNV": 26.0, "TractSNAP": 59.0, "snap_pct": 0.0118, "hunv_pct": 0.0052 }, "geometry": { "type": "MultiPolygon", "coordinates": [ [ [ [ -94.356861, 39.127748 ], [ -94.355423, 39.128624 ], [ -94.352366, 39.130486 ], [ -94.348601, 39.132754 ], [ -94.345762, 39.134292 ], [ -94.340575, 39.134576 ], [ -94.336984, 39.134626 ], [ -94.328573, 39.134355 ], [ -94.326085, 39.134384 ], [ -94.32078, 39.13624 ], [ -94.317227, 39.136737 ], [ -94.313731, 39.136653 ], [ -94.293792, 39.136182 ], [ -94.284825, 39.136831 ], [ -94.268661, 39.136494 ], [ -94.267655, 39.136583 ], [ -94.25932, 39.139582 ], [ -94.257957, 39.139788 ], [ -94.215923, 39.138646 ], [ -94.216289, 39.136056 ], [ -94.217294, 39.116987 ], [ -94.217695, 39.109866 ], [ -94.218382, 39.095219 ], [ -94.218937, 39.080359 ], [ -94.223582, 39.080533 ], [ -94.227795, 39.080095 ], [ -94.255649, 39.081123 ], [ -94.269715, 39.081811 ], [ -94.273425, 39.082223 ], [ -94.275703, 39.082292 ], [ -94.276662, 39.082284 ], [ -94.278253, 39.081773 ], [ -94.278711, 39.082431 ], [ -94.280875, 39.083746 ], [ -94.282461, 39.085497 ], [ -94.282107, 39.096568 ], [ -94.282099, 39.096725 ], [ -94.281939, 39.103357 ], [ -94.282337, 39.103734 ], [ -94.282437, 39.104546 ], [ -94.283183, 39.104241 ], [ -94.287075, 39.104257 ], [ -94.291175, 39.103455 ], [ -94.295948, 39.101269 ], [ -94.30073, 39.100418 ], [ -94.305854, 39.099533 ], [ -94.307371, 39.098912 ], [ -94.322001, 39.090511 ], [ -94.34278, 39.091261 ], [ -94.342614, 39.096095 ], [ -94.342684, 39.105202 ], [ -94.346953, 39.105427 ], [ -94.347135, 39.105511 ], [ -94.346877, 39.110805 ], [ -94.346396, 39.120405 ], [ -94.34993, 39.120515 ], [ -94.350201, 39.122944 ], [ -94.353942, 39.125118 ], [ -94.355108, 39.126618 ], [ -94.356906, 39.127721 ], [ -94.356861, 39.127748 ] ] ] ] } },
{ "type": "Feature", "properties": { "GEOID": "29095015100", "NAME": "Census Tract 151, Jackson County, Missouri", "pop": 5839.0, "income": 64685.0, "rent": 999.0, "home_value": 132300.0, "vacancy_rate": 0.0524, "ami_60": 49620.0, "below_60_ami": 0, "PovertyRate": 10.0, "LILATracts_1And10": 0.0, "lapop1share": "36.19", "LATracts_half": 1.0, "TractHUNV": 18.0, "TractSNAP": 172.0, "snap_pct": 0.0295, "hunv_pct": 0.0031 }, "geometry": { "type": "MultiPolygon", "coordinates": [ [ [ [ -94.423485, 39.144069 ], [ -94.419475, 39.149318 ], [ -94.417963, 39.151144 ], [ -94.405593, 39.16259 ], [ -94.402328, 39.164766 ], [ -94.401228, 39.167903 ], [ -94.399928, 39.174803 ], [ -94.400426, 39.175983 ], [ -94.402619, 39.1812 ], [ -94.403085, 39.181982 ], [ -94.409025, 39.192104 ], [ -94.408628, 39.193603 ], [ -94.407228, 39.195303 ], [ -94.402128, 39.197003 ], [ -94.401782, 39.197001 ], [ -94.395028, 39.196303 ], [ -94.390694, 39.194013 ], [ -94.389728, 39.193503 ], [ -94.387817, 39.191052 ], [ -94.384828, 39.187204 ], [ -94.38232, 39.180456 ], [ -94.380098, 39.17345 ], [ -94.378494, 39.170365 ], [ -94.377839, 39.16978 ], [ -94.376447, 39.168857 ], [ -94.375165, 39.168099 ], [ -94.373811, 39.166959 ], [ -94.369415, 39.163676 ], [ -94.36598, 39.163227 ], [ -94.363556, 39.163656 ], [ -94.3601, 39.165763 ], [ -94.358179, 39.167466 ], [ -94.356322, 39.169004 ], [ -94.354132, 39.170451 ], [ -94.350664, 39.171425 ], [ -94.346172, 39.173882 ], [ -94.337659, 39.180742 ], [ -94.335213, 39.183337 ], [ -94.331006, 39.178276 ], [ -94.324662, 39.177856 ], [ -94.324989, 39.171814 ], [ -94.323632, 39.170619 ], [ -94.321751, 39.170336 ], [ -94.321118, 39.169294 ], [ -94.321424, 39.163324 ], [ -94.325404, 39.163472 ], [ -94.325732, 39.157067 ], [ -94.328086, 39.156233 ], [ -94.328298, 39.150802 ], [ -94.329179, 39.149282 ], [ -94.33084, 39.148163 ], [ -94.331899, 39.145972 ], [ -94.329259, 39.146707 ], [ -94.3258, 39.146849 ], [ -94.322673, 39.148028 ], [ -94.319659, 39.140237 ], [ -94.317227, 39.136737 ], [ -94.32078, 39.13624 ], [ -94.326085, 39.134384 ], [ -94.328573, 39.134355 ], [ -94.336984, 39.134626 ], [ -94.340575, 39.134576 ], [ -94.345762, 39.134292 ], [ -94.348601, 39.132754 ], [ -94.352366, 39.130486 ], [ -94.355423, 39.128624 ], [ -94.356861, 39.127748 ], [ -94.357475, 39.12807 ], [ -94.364066, 39.128999 ], [ -94.364474, 39.128981 ], [ -94.364546, 39.128341 ], [ -94.365946, 39.127922 ], [ -94.401675, 39.129738 ], [ -94.406652, 39.129971 ], [ -94.415681, 39.130346 ], [ -94.423666, 39.130618 ], [ -94.425419, 39.130538 ], [ -94.424511, 39.131945 ], [ -94.424622, 39.135017 ], [ -94.421962, 39.139477 ], [ -94.419719, 39.141968 ], [ -94.420384, 39.141976 ], [ -94.419855, 39.142573 ], [ -94.419826, 39.143184 ], [ -94.420793, 39.142032 ], [ -94.423287, 39.141728 ], [ -94.430365, 39.138026 ], [ -94.423485, 39.144069 ] ] ] ] } },
{ "type": "Feature", "properties": { "GEOID": "29095009600", "NAME": "Census Tract 96, Jackson County, Missouri", "pop": 1708.0, "income": 23036.0, "rent": 663.0, "home_value": 60000.0, "vacancy_rate": 0.2002, "ami_60": 49620.0, "below_60_ami": 1, "PovertyRate": 52.5, "LILATracts_1And10": 1.0, "lapop1share": "91.89", "LATracts_half": 1.0, "TractHUNV": 165.0, "TractSNAP": 261.0, "snap_pct": 0.1528, "hunv_pct": 0.0966 }, "geometry": { "type": "MultiPolygon", "coordinates": [ [ [ [ -94.577029, 38.964285 ], [ -94.565846, 38.963911 ], [ -94.564287, 38.964101 ], [ -94.564181, 38.964647 ], [ -94.563319, 38.966032 ], [ -94.562635, 38.965799 ], [ -94.561066, 38.968839 ], [ -94.558217, 38.971695 ], [ -94.558172, 38.972663 ], [ -94.562755, 38.972873 ], [ -94.562224, 38.983773 ], [ -94.557625, 38.983555 ], [ -94.557505, 38.986198 ], [ -94.557456, 38.987181 ], [ -94.556831, 38.987149 ], [ -94.548108, 38.986711 ], [ -94.547918, 38.990368 ], [ -94.543289, 38.990089 ], [ -94.539622, 38.989247 ], [ -94.538729, 38.988862 ], [ -94.537863, 38.988509 ], [ -94.527833, 38.988256 ], [ -94.529834, 38.986496 ], [ -94.532016, 38.986089 ], [ -94.533499, 38.985745 ], [ -94.534121, 38.985396 ], [ -94.538584, 38.978147 ], [ -94.539959, 38.974169 ], [ -94.545693, 38.970978 ], [ -94.546488, 38.970482 ], [ -94.548088, 38.969831 ], [ -94.55239, 38.965521 ], [ -94.555016, 38.963766 ], [ -94.557943, 38.960434 ], [ -94.558732, 38.957906 ], [ -94.558899, 38.956858 ], [ -94.562164, 38.958331 ], [ -94.56335, 38.958185 ], [ -94.56714, 38.956317 ], [ -94.573793, 38.955167 ], [ -94.577862, 38.955341 ], [ -94.577029, 38.964285 ] ] ] ] } },
{ "type": "Feature", "properties": { "GEOID": "29095014005", "NAME": "Census Tract 140.05, Jackson County, Missouri", "pop": 5235.0, "income": 71736.0, "rent": 809.0, "home_value": 130100.0, "vacancy_rate": 0.0585, "ami_60": 49620.0, "below_60_ami": 0, "PovertyRate": 7.3, "LILATracts_1And10": 0.0, "lapop1share": "66.50", "LATracts_half": 1.0, "TractHUNV": 43.0, "TractSNAP": 208.0, "snap_pct": 0.0397, "hunv_pct": 0.0082 }, "geometry": { "type": "MultiPolygon", "coordinates": [ [ [ [ -94.16146, 39.009168 ], [ -94.159797, 39.007863 ], [ -94.159241, 39.007498 ], [ -94.156484, 39.006094 ], [ -94.15261, 39.004948 ], [ -94.150602, 39.004635 ], [ -94.148378, 39.004525 ], [ -94.145518, 39.004734 ], [ -94.143357, 39.005102 ], [ -94.138245, 39.006063 ], [ -94.135565, 39.006439 ], [ -94.129158, 39.005807 ], [ -94.129145, 39.005988 ], [ -94.121623, 39.005381 ], [ -94.119837, 39.005653 ], [ -94.119156, 39.005895 ], [ -94.111367, 39.009878 ], [ -94.110136, 39.010383 ], [ -94.110215, 39.00796 ], [ -94.110289, 39.005548 ], [ -94.110319, 39.004557 ], [ -94.11054, 38.998447 ], [ -94.11058, 38.997336 ], [ -94.110719, 38.987927 ], [ -94.110992, 38.985587 ], [ -94.111344, 38.983656 ], [ -94.111506, 38.982073 ], [ -94.112592, 38.962558 ], [ -94.112928, 38.960904 ], [ -94.131163, 38.96146 ], [ -94.140316, 38.96169 ], [ -94.140274, 38.965165 ], [ -94.149499, 38.965573 ], [ -94.148487, 38.987081 ], [ -94.139194, 38.986886 ], [ -94.139, 38.990446 ], [ -94.138802, 38.993976 ], [ -94.143559, 38.994162 ], [ -94.145217, 38.993027 ], [ -94.145432, 38.994316 ], [ -94.144434, 38.996177 ], [ -94.144674, 38.997386 ], [ -94.147511, 38.997288 ], [ -94.149552, 38.998102 ], [ -94.152537, 38.99821 ], [ -94.157363, 38.998306 ], [ -94.161847, 38.998389 ], [ -94.16146, 39.009168 ] ] ] ] } },
{ "type": "Feature", "properties": { "GEOID": "29095014701", "NAME": "Census Tract 147.01, Jackson County, Missouri", "pop": 3883.0, "income": 67713.0, "rent": 995.0, "home_value": 212600.0, "vacancy_rate": 0.1279, "ami_60": 49620.0, "below_60_ami": 0, "PovertyRate": 11.7, "LILATracts_1And10": 0.0, "lapop1share": "14.48", "LATracts_half": 1.0, "TractHUNV": 126.0, "TractSNAP": 21.0, "snap_pct": 0.0054, "hunv_pct": 0.0324 }, "geometry": { "type": "MultiPolygon", "coordinates": [ [ [ [ -94.372116, 39.063724 ], [ -94.368844, 39.06226 ], [ -94.366778, 39.06293 ], [ -94.35745, 39.06255 ], [ -94.354037, 39.062471 ], [ -94.33724, 39.061993 ], [ -94.336352, 39.061951 ], [ -94.337155, 39.061258 ], [ -94.336858, 39.060095 ], [ -94.335913, 39.059349 ], [ -94.33288, 39.057707 ], [ -94.332094, 39.05442 ], [ -94.332177, 39.053869 ], [ -94.331986, 39.050776 ], [ -94.337074, 39.049383 ], [ -94.337349, 39.047367 ], [ -94.337695, 39.045017 ], [ -94.340946, 39.044587 ], [ -94.34235, 39.044406 ], [ -94.343818, 39.043538 ], [ -94.347174, 39.043643 ], [ -94.34888, 39.043202 ], [ -94.350052, 39.042377 ], [ -94.350304, 39.04161 ], [ -94.349825, 39.040201 ], [ -94.355903, 39.041111 ], [ -94.360136, 39.041203 ], [ -94.362333, 39.041747 ], [ -94.36318, 39.047115 ], [ -94.365752, 39.051146 ], [ -94.366467, 39.053975 ], [ -94.366657, 39.055715 ], [ -94.367254, 39.057325 ], [ -94.37143, 39.060593 ], [ -94.373951, 39.063428 ], [ -94.372116, 39.063724 ] ] ] ] } },
{ "type": "Feature", "properties": { "GEOID": "29095014112", "NAME": "Census Tract 141.12, Jackson County, Missouri", "pop": 1775.0, "income": 113000.0, "rent": 1271.0, "home_value": 300400.0, "vacancy_rate": 0.0229, "ami_60": 49620.0, "below_60_ami": 0, "PovertyRate": 4.1, "LILATracts_1And10": 0.0, "lapop1share": "100.00", "LATracts_half": 0.0, "TractHUNV": 3.0, "TractSNAP": 10.0, "snap_pct": 0.0056, "hunv_pct": 0.0017 }, "geometry": { "type": "MultiPolygon", "coordinates": [ [ [ [ -94.275533, 38.944082 ], [ -94.275488, 38.944975 ], [ -94.274492, 38.965714 ], [ -94.264347, 38.965452 ], [ -94.262923, 38.965414 ], [ -94.260543, 38.965335 ], [ -94.25747, 38.965227 ], [ -94.256016, 38.965175 ], [ -94.247065, 38.964927 ], [ -94.246558, 38.971975 ], [ -94.24382, 38.972079 ], [ -94.231637, 38.971798 ], [ -94.224281, 38.971686 ], [ -94.200268, 38.970818 ], [ -94.200657, 38.970116 ], [ -94.207015, 38.963831 ], [ -94.209801, 38.957408 ], [ -94.21044, 38.953239 ], [ -94.211475, 38.951365 ], [ -94.213698, 38.949264 ], [ -94.215194, 38.946142 ], [ -94.215448, 38.942408 ], [ -94.232891, 38.94272 ], [ -94.245935, 38.943054 ], [ -94.247321, 38.943098 ], [ -94.25574, 38.943395 ], [ -94.257013, 38.943443 ], [ -94.260404, 38.943537 ], [ -94.261437, 38.943565 ], [ -94.261624, 38.943571 ], [ -94.275466, 38.943954 ], [ -94.27554, 38.943957 ], [ -94.275533, 38.944082 ] ] ] ] } },
{ "type": "Feature", "properties": { "GEOID": "29095014002", "NAME": "Census Tract 140.02, Jackson County, Missouri", "pop": 1773.0, "income": 63750.0, "rent": 1104.0, "home_value": 180500.0, "vacancy_rate": 0.0821, "ami_60": 49620.0, "below_60_ami": 0, "PovertyRate": 8.8, "LILATracts_1And10": 0.0, "lapop1share": "99.45", "LATracts_half": 0.0, "TractHUNV": 6.0, "TractSNAP": 37.0, "snap_pct": 0.0209, "hunv_pct": 0.0034 }, "geometry": { "type": "MultiPolygon", "coordinates": [ [ [ [ -94.215448, 38.942408 ], [ -94.215194, 38.946142 ], [ -94.213698, 38.949264 ], [ -94.211475, 38.951365 ], [ -94.21044, 38.953239 ], [ -94.209801, 38.957408 ], [ -94.207015, 38.963831 ], [ -94.200657, 38.970116 ], [ -94.200268, 38.970818 ], [ -94.199994, 38.971687 ], [ -94.199563, 38.981035 ], [ -94.199039, 38.992414 ], [ -94.198797, 38.997883 ], [ -94.198468, 39.007567 ], [ -94.198409, 39.01037 ], [ -94.196678, 39.0105 ], [ -94.194369, 39.011139 ], [ -94.190171, 39.012298 ], [ -94.186186, 39.013371 ], [ -94.18614, 39.01496 ], [ -94.182312, 39.01792 ], [ -94.182777, 39.02018 ], [ -94.182781, 39.020333 ], [ -94.182784, 39.020524 ], [ -94.174714, 39.020159 ], [ -94.160713, 39.017653 ], [ -94.160793, 39.017472 ], [ -94.161131, 39.016711 ], [ -94.16146, 39.009168 ], [ -94.161847, 38.998389 ], [ -94.157363, 38.998306 ], [ -94.152537, 38.99821 ], [ -94.149552, 38.998102 ], [ -94.147511, 38.997288 ], [ -94.144674, 38.997386 ], [ -94.144434, 38.996177 ], [ -94.145432, 38.994316 ], [ -94.145217, 38.993027 ], [ -94.143559, 38.994162 ], [ -94.138802, 38.993976 ], [ -94.139, 38.990446 ], [ -94.139194, 38.986886 ], [ -94.148487, 38.987081 ], [ -94.149499, 38.965573 ], [ -94.140274, 38.965165 ], [ -94.140316, 38.96169 ], [ -94.131163, 38.96146 ], [ -94.112928, 38.960904 ], [ -94.11427, 38.928542 ], [ -94.12236, 38.92884 ], [ -94.123303, 38.929927 ], [ -94.123193, 38.932488 ], [ -94.132476, 38.932824 ], [ -94.137166, 38.936229 ], [ -94.14169, 38.937632 ], [ -94.146748, 38.937671 ], [ -94.15207, 38.94044 ], [ -94.153941, 38.940717 ], [ -94.161291, 38.940667 ], [ -94.169317, 38.940959 ], [ -94.177233, 38.941189 ], [ -94.178475, 38.941034 ], [ -94.185597, 38.938006 ], [ -94.201178, 38.938328 ], [ -94.205894, 38.938498 ], [ -94.210187, 38.941167 ], [ -94.215475, 38.9416 ], [ -94.215448, 38.942408 ] ] ] ] } },
{ "type": "Feature", "properties": { "GEOID": "29095013902", "NAME": "Census Tract 139.02, Jackson County, Missouri", "pop": 1665.0, "income": 88125.0, "rent": 1063.0, "home_value": 213100.0, "vacancy_rate": 0.0103, "ami_60": 49620.0, "below_60_ami": 0, "PovertyRate": 3.4, "LILATracts_1And10": 0.0, "lapop1share": "100.00", "LATracts_half": 0.0, "TractHUNV": 5.0, "TractSNAP": 12.0, "snap_pct": 0.0072, "hunv_pct": 0.003 }, "geometry": { "type": "MultiPolygon", "coordinates": [ [ [ [ -94.218988, 38.882792 ], [ -94.218896, 38.885617 ], [ -94.204939, 38.885595 ], [ -94.190979, 38.885583 ], [ -94.186391, 38.885827 ], [ -94.185817, 38.893106 ], [ -94.176562, 38.893779 ], [ -94.176304, 38.900994 ], [ -94.172381, 38.901226 ], [ -94.151759, 38.900623 ], [ -94.149596, 38.898555 ], [ -94.144408, 38.898563 ], [ -94.141933, 38.896855 ], [ -94.140024, 38.896925 ], [ -94.138959, 38.896314 ], [ -94.139011, 38.894195 ], [ -94.137537, 38.892844 ], [ -94.135288, 38.892593 ], [ -94.134363, 38.891621 ], [ -94.13472, 38.885376 ], [ -94.139083, 38.881874 ], [ -94.140474, 38.881759 ], [ -94.144934, 38.875791 ], [ -94.145796, 38.859265 ], [ -94.145987, 38.856097 ], [ -94.159906, 38.856557 ], [ -94.165581, 38.856694 ], [ -94.174066, 38.856987 ], [ -94.173628, 38.86435 ], [ -94.179438, 38.864187 ], [ -94.192251, 38.86385 ], [ -94.191938, 38.869292 ], [ -94.191779, 38.872186 ], [ -94.191758, 38.872583 ], [ -94.219372, 38.881784 ], [ -94.218988, 38.882792 ] ] ] ] } },
{ "type": "Feature", "properties": { "GEOID": "29095011300", "NAME": "Census Tract 113, Jackson County, Missouri", "pop": 5424.0, "income": 63000.0, "rent": 782.0, "home_value": 95100.0, "vacancy_rate": 0.1281, "ami_60": 49620.0, "below_60_ami": 0, "PovertyRate": 12.3, "LILATracts_1And10": 0.0, "lapop1share": "10.22", "LATracts_half": 1.0, "TractHUNV": 174.0, "TractSNAP": 366.0, "snap_pct": 0.0675, "hunv_pct": 0.0321 }, "geometry": { "type": "MultiPolygon", "coordinates": [ [ [ [ -94.416382, 39.108337 ], [ -94.416258, 39.10877 ], [ -94.416157, 39.123146 ], [ -94.415681, 39.130346 ], [ -94.406652, 39.129971 ], [ -94.401675, 39.129738 ], [ -94.365946, 39.127922 ], [ -94.364546, 39.128341 ], [ -94.364474, 39.128981 ], [ -94.364066, 39.128999 ], [ -94.357475, 39.12807 ], [ -94.356861, 39.127748 ], [ -94.356906, 39.127721 ], [ -94.364646, 39.123156 ], [ -94.368782, 39.121364 ], [ -94.370159, 39.120818 ], [ -94.372369, 39.120143 ], [ -94.374318, 39.119573 ], [ -94.384096, 39.117525 ], [ -94.384861, 39.117186 ], [ -94.385625, 39.116735 ], [ -94.388037, 39.11473 ], [ -94.389917, 39.113111 ], [ -94.39213, 39.107565 ], [ -94.392948, 39.106033 ], [ -94.396507, 39.103363 ], [ -94.397754, 39.1029 ], [ -94.403325, 39.10216 ], [ -94.40338, 39.102144 ], [ -94.407887, 39.101042 ], [ -94.412833, 39.101259 ], [ -94.416695, 39.101429 ], [ -94.416382, 39.108337 ] ] ] ] } },
{ "type": "Feature", "properties": { "GEOID": "29095014203", "NAME": "Census Tract 142.03, Jackson County, Missouri", "pop": 4270.0, "income": 118681.0, "rent": 2606.0, "home_value": 261800.0, "vacancy_rate": 0.0, "ami_60": 49620.0, "below_60_ami": 0, "PovertyRate": 1.3, "LILATracts_1And10": 0.0, "lapop1share": "59.10", "LATracts_half": 1.0, "TractHUNV": 0.0, "TractSNAP": 25.0, "snap_pct": 0.0059, "hunv_pct": 0.0 }, "geometry": { "type": "MultiPolygon", "coordinates": [ [ [ [ -94.38872, 39.001166 ], [ -94.388967, 39.005376 ], [ -94.388285, 39.006692 ], [ -94.387191, 39.012577 ], [ -94.386654, 39.015556 ], [ -94.386764, 39.016094 ], [ -94.387554, 39.017369 ], [ -94.386937, 39.017679 ], [ -94.385377, 39.017841 ], [ -94.383044, 39.019503 ], [ -94.382292, 39.02046 ], [ -94.381764, 39.020685 ], [ -94.380511, 39.020603 ], [ -94.379028, 39.020195 ], [ -94.378155, 39.019715 ], [ -94.375458, 39.019655 ], [ -94.374564, 39.019647 ], [ -94.3744, 39.02271 ], [ -94.373529, 39.023212 ], [ -94.371829, 39.022879 ], [ -94.36987, 39.024002 ], [ -94.365425, 39.024091 ], [ -94.363733, 39.026174 ], [ -94.360332, 39.026157 ], [ -94.359348, 39.019092 ], [ -94.357212, 39.015365 ], [ -94.356551, 39.013684 ], [ -94.356698, 39.004332 ], [ -94.357007, 39.004344 ], [ -94.359094, 39.004398 ], [ -94.361242, 39.003968 ], [ -94.364675, 39.001843 ], [ -94.368543, 39.000992 ], [ -94.371887, 38.996799 ], [ -94.372635, 38.996468 ], [ -94.375673, 38.99597 ], [ -94.376808, 38.995845 ], [ -94.380189, 38.996399 ], [ -94.383598, 38.997713 ], [ -94.38842, 38.997887 ], [ -94.389417, 38.997933 ], [ -94.38872, 39.001166 ] ] ] ] } },
{ "type": "Feature", "properties": { "GEOID": "29095010103", "NAME": "Census Tract 101.03, Jackson County, Missouri", "pop": 2455.0, "income": 55956.0, "rent": 849.0, "home_value": 136800.0, "vacancy_rate": 0.0963, "ami_60": 49620.0, "below_60_ami": 0, "PovertyRate": 6.2, "LILATracts_1And10": 0.0, "lapop1share": "100.00", "LATracts_half": 1.0, "TractHUNV": 17.0, "TractSNAP": 94.0, "snap_pct": 0.0383, "hunv_pct": 0.0069 }, "geometry": { "type": "MultiPolygon", "coordinates": [ [ [ [ -94.582638, 38.940603 ], [ -94.582601, 38.941881 ], [ -94.582344, 38.94828 ], [ -94.582003, 38.955523 ], [ -94.577862, 38.955341 ], [ -94.573793, 38.955167 ], [ -94.56714, 38.956317 ], [ -94.56335, 38.958185 ], [ -94.562164, 38.958331 ], [ -94.558899, 38.956858 ], [ -94.55798, 38.956318 ], [ -94.556703, 38.951738 ], [ -94.558855, 38.948321 ], [ -94.563186, 38.945241 ], [ -94.564008, 38.944066 ], [ -94.561936, 38.942253 ], [ -94.560519, 38.939553 ], [ -94.560501, 38.939346 ], [ -94.565071, 38.939568 ], [ -94.567702, 38.939695 ], [ -94.582644, 38.940386 ], [ -94.582638, 38.940603 ] ] ] ] } },
{ "type": "Feature", "properties": { "GEOID": "29095010600", "NAME": "Census Tract 106, Jackson County, Missouri", "pop": 3319.0, "income": 68381.0, "rent": 1280.0, "home_value": 107500.0, "vacancy_rate": 0.0982, "ami_60": 49620.0, "below_60_ami": 0, "PovertyRate": 11.8, "LILATracts_1And10": 0.0, "lapop1share": "8.34", "LATracts_half": 1.0, "TractHUNV": 72.0, "TractSNAP": 87.0, "snap_pct": 0.0262, "hunv_pct": 0.0217 }, "geometry": { "type": "MultiPolygon", "coordinates": [ [ [ [ -94.481159, 39.028464 ], [ -94.480887, 39.030177 ], [ -94.480401, 39.031144 ], [ -94.476652, 39.036042 ], [ -94.476348, 39.03681 ], [ -94.473861, 39.034532 ], [ -94.470711, 39.035941 ], [ -94.465373, 39.03754 ], [ -94.462033, 39.037533 ], [ -94.448138, 39.036914 ], [ -94.435933, 39.036422 ], [ -94.437239, 39.036002 ], [ -94.437636, 39.029236 ], [ -94.447099, 39.029534 ], [ -94.448439, 39.029681 ], [ -94.449325, 39.029679 ], [ -94.449501, 39.026672 ], [ -94.462514, 39.027216 ], [ -94.466049, 39.027354 ], [ -94.469713, 39.027512 ], [ -94.481174, 39.027985 ], [ -94.481159, 39.028464 ] ] ] ] } },
{ "type": "Feature", "properties": { "GEOID": "29095988300", "NAME": "Census Tract 9883, Jackson County, Missouri", "pop": 100.0, "income": 56719.0, "rent": null, "home_value": 231300.0, "vacancy_rate": 0.0, "ami_60": 49620.0, "below_60_ami": 0, "PovertyRate": 0.0, "LILATracts_1And10": 0.0, "lapop1share": "100.00", "LATracts_half": 0.0, "TractHUNV": 0.0, "TractSNAP": 0.0, "snap_pct": 0.0, "hunv_pct": 0.0 }, "geometry": { "type": "MultiPolygon", "coordinates": [ [ [ [ -94.490451, 38.870839 ], [ -94.489723, 38.885556 ], [ -94.489816, 38.888346 ], [ -94.48902, 38.899884 ], [ -94.488892, 38.901999 ], [ -94.488569, 38.907211 ], [ -94.487429, 38.907188 ], [ -94.487248, 38.909527 ], [ -94.484424, 38.908841 ], [ -94.484272, 38.915864 ], [ -94.487861, 38.915825 ], [ -94.48738, 38.921704 ], [ -94.485048, 38.921704 ], [ -94.484965, 38.922993 ], [ -94.482912, 38.921781 ], [ -94.479561, 38.921555 ], [ -94.477745, 38.922753 ], [ -94.477858, 38.925013 ], [ -94.473379, 38.924935 ], [ -94.473298, 38.925394 ], [ -94.472873, 38.934047 ], [ -94.472578, 38.93568 ], [ -94.470579, 38.933541 ], [ -94.468731, 38.932769 ], [ -94.467174, 38.933698 ], [ -94.467044, 38.928604 ], [ -94.45103, 38.928185 ], [ -94.449722, 38.927936 ], [ -94.450838, 38.914597 ], [ -94.450719, 38.913141 ], [ -94.458036, 38.913429 ], [ -94.458107, 38.91298 ], [ -94.458726, 38.9045 ], [ -94.453474, 38.904332 ], [ -94.453345, 38.905907 ], [ -94.451407, 38.905941 ], [ -94.451685, 38.904296 ], [ -94.451769, 38.898953 ], [ -94.449743, 38.898278 ], [ -94.44908, 38.898284 ], [ -94.448966, 38.898248 ], [ -94.447895, 38.898234 ], [ -94.442429, 38.898307 ], [ -94.442374, 38.89528 ], [ -94.442672, 38.894617 ], [ -94.442933, 38.891113 ], [ -94.447404, 38.891332 ], [ -94.447655, 38.887511 ], [ -94.443159, 38.887405 ], [ -94.44336, 38.884246 ], [ -94.443746, 38.876753 ], [ -94.45307, 38.877105 ], [ -94.4529, 38.880332 ], [ -94.458569, 38.880596 ], [ -94.458343, 38.884196 ], [ -94.461953, 38.884306 ], [ -94.461812, 38.887094 ], [ -94.46294, 38.88716 ], [ -94.462606, 38.888723 ], [ -94.470135, 38.885748 ], [ -94.473298, 38.884727 ], [ -94.478431, 38.884739 ], [ -94.481944, 38.885165 ], [ -94.482348, 38.877845 ], [ -94.480855, 38.877816 ], [ -94.481511, 38.864765 ], [ -94.481609, 38.863282 ], [ -94.486215, 38.86334 ], [ -94.486136, 38.86519 ], [ -94.490792, 38.865323 ], [ -94.490451, 38.870839 ] ] ] ] } },
{ "type": "Feature", "properties": { "GEOID": "29095008400", "NAME": "Census Tract 84, Jackson County, Missouri", "pop": 2904.0, "income": 179333.0, "rent": null, "home_value": 556500.0, "vacancy_rate": 0.0177, "ami_60": 49620.0, "below_60_ami": 0, "PovertyRate": 0.7, "LILATracts_1And10": 0.0, "lapop1share": "NULL", "LATracts_half": 1.0, "TractHUNV": 0.0, "TractSNAP": 8.0, "snap_pct": 0.0028, "hunv_pct": 0.0 }, "geometry": { "type": "MultiPolygon", "coordinates": [ [ [ [ -94.607818897374088, 39.021093345551904 ], [ -94.607723805593196, 39.028346082125296 ], [ -94.592367, 39.027833 ], [ -94.592574, 39.02423 ], [ -94.593074, 39.017148 ], [ -94.593153, 39.014125 ], [ -94.606303, 39.014709 ], [ -94.607252, 39.015097 ], [ -94.607896585341095, 39.015168013681794 ], [ -94.607818897374088, 39.021093345551904 ] ] ] ] } },
{ "type": "Feature", "properties": { "GEOID": "29095010500", "NAME": "Census Tract 105, Jackson County, Missouri", "pop": 4417.0, "income": 42329.0, "rent": 895.0, "home_value": 81700.0, "vacancy_rate": 0.1009, "ami_60": 49620.0, "below_60_ami": 1, "PovertyRate": 20.4, "LILATracts_1And10": 1.0, "lapop1share": "72.73", "LATracts_half": 1.0, "TractHUNV": 316.0, "TractSNAP": 425.0, "snap_pct": 0.0962, "hunv_pct": 0.0715 }, "geometry": { "type": "MultiPolygon", "coordinates": [ [ [ [ -94.500929, 39.024684 ], [ -94.500601, 39.031119 ], [ -94.500226, 39.03909 ], [ -94.49953, 39.049725 ], [ -94.498679, 39.051502 ], [ -94.492692, 39.046171 ], [ -94.491036, 39.044928 ], [ -94.486133, 39.043567 ], [ -94.483549, 39.041574 ], [ -94.48067, 39.040556 ], [ -94.476348, 39.03681 ], [ -94.476652, 39.036042 ], [ -94.480401, 39.031144 ], [ -94.480887, 39.030177 ], [ -94.481159, 39.028464 ], [ -94.481174, 39.027985 ], [ -94.482089, 39.028001 ], [ -94.482195, 39.023856 ], [ -94.482425, 39.016628 ], [ -94.482754, 39.009664 ], [ -94.483173, 39.001465 ], [ -94.484956, 39.003179 ], [ -94.486752, 39.007212 ], [ -94.49184, 39.01211 ], [ -94.490815, 39.011443 ], [ -94.498645, 39.018981 ], [ -94.501093, 39.02157 ], [ -94.500929, 39.024684 ] ] ] ] } },
{ "type": "Feature", "properties": { "GEOID": "29095008700", "NAME": "Census Tract 87, Jackson County, Missouri", "pop": 2338.0, "income": 36279.0, "rent": 883.0, "home_value": 53400.0, "vacancy_rate": 0.2952, "ami_60": 49620.0, "below_60_ami": 1, "PovertyRate": 27.3, "LILATracts_1And10": 0.0, "lapop1share": "14.33", "LATracts_half": 1.0, "TractHUNV": 255.0, "TractSNAP": 309.0, "snap_pct": 0.1322, "hunv_pct": 0.1091 }, "geometry": { "type": "MultiPolygon", "coordinates": [ [ [ [ -94.574554, 39.01325 ], [ -94.570454, 39.013089 ], [ -94.568858, 39.013026 ], [ -94.568156, 39.012999 ], [ -94.559438, 39.012632 ], [ -94.556159, 39.012489 ], [ -94.556434, 39.00706 ], [ -94.556528, 39.005292 ], [ -94.556907, 38.998039 ], [ -94.561493, 38.998233 ], [ -94.564037, 38.998329 ], [ -94.564362, 38.99834 ], [ -94.575305, 38.998797 ], [ -94.574554, 39.01325 ] ] ] ] } },
{ "type": "Feature", "properties": { "GEOID": "29095011800", "NAME": "Census Tract 118, Jackson County, Missouri", "pop": 4476.0, "income": 44891.0, "rent": 884.0, "home_value": 68500.0, "vacancy_rate": 0.2075, "ami_60": 49620.0, "below_60_ami": 1, "PovertyRate": 9.7, "LILATracts_1And10": 1.0, "lapop1share": "21.14", "LATracts_half": 1.0, "TractHUNV": 247.0, "TractSNAP": 241.0, "snap_pct": 0.0538, "hunv_pct": 0.0552 }, "geometry": { "type": "MultiPolygon", "coordinates": [ [ [ [ -94.470393, 39.094017 ], [ -94.46752, 39.095033 ], [ -94.465923, 39.095576 ], [ -94.460849, 39.095449 ], [ -94.459768, 39.095407 ], [ -94.451602, 39.095106 ], [ -94.445668, 39.094873 ], [ -94.445909, 39.089385 ], [ -94.44597, 39.087564 ], [ -94.446067, 39.084593 ], [ -94.44616, 39.08035 ], [ -94.447724, 39.080413 ], [ -94.450886, 39.080551 ], [ -94.455523, 39.080747 ], [ -94.458588, 39.080865 ], [ -94.467147, 39.08124 ], [ -94.468028, 39.081225 ], [ -94.468199, 39.085691 ], [ -94.469052, 39.08859 ], [ -94.470388, 39.090809 ], [ -94.470719, 39.093447 ], [ -94.470393, 39.094017 ] ] ] ] } },
{ "type": "Feature", "properties": { "GEOID": "29095014007", "NAME": "Census Tract 140.07, Jackson County, Missouri", "pop": 6219.0, "income": 61466.0, "rent": 1022.0, "home_value": 161900.0, "vacancy_rate": 0.037, "ami_60": 49620.0, "below_60_ami": 0, "PovertyRate": 6.6, "LILATracts_1And10": 0.0, "lapop1share": "37.24", "LATracts_half": 1.0, "TractHUNV": 69.0, "TractSNAP": 112.0, "snap_pct": 0.018, "hunv_pct": 0.0111 }, "geometry": { "type": "MultiPolygon", "coordinates": [ [ [ [ -94.235397, 39.013977 ], [ -94.2263, 39.014401 ], [ -94.224616, 39.014541 ], [ -94.221526, 39.01496 ], [ -94.221352, 39.018151 ], [ -94.221756, 39.021916 ], [ -94.221663, 39.024142 ], [ -94.221644, 39.024315 ], [ -94.221611, 39.024632 ], [ -94.221575, 39.025574 ], [ -94.221232, 39.029059 ], [ -94.220839, 39.029345 ], [ -94.220641, 39.033006 ], [ -94.220631, 39.034505 ], [ -94.220503, 39.036236 ], [ -94.22049, 39.03641 ], [ -94.215905, 39.036311 ], [ -94.19735, 39.035808 ], [ -94.188283, 39.035545 ], [ -94.188369, 39.030032 ], [ -94.188519, 39.02519 ], [ -94.185305, 39.024212 ], [ -94.182714, 39.024551 ], [ -94.184367, 39.022232 ], [ -94.18279, 39.020705 ], [ -94.182784, 39.020524 ], [ -94.182781, 39.020333 ], [ -94.182777, 39.02018 ], [ -94.182312, 39.01792 ], [ -94.18614, 39.01496 ], [ -94.186186, 39.013371 ], [ -94.190171, 39.012298 ], [ -94.194369, 39.011139 ], [ -94.196678, 39.0105 ], [ -94.198409, 39.01037 ], [ -94.207708, 39.010615 ], [ -94.213643, 39.010793 ], [ -94.219366, 39.008492 ], [ -94.226203, 39.008702 ], [ -94.230007, 39.008239 ], [ -94.228241, 39.010588 ], [ -94.225279, 39.011176 ], [ -94.22621, 39.012067 ], [ -94.229368, 39.012094 ], [ -94.230278, 39.013257 ], [ -94.234529, 39.01285 ], [ -94.235411, 39.01386 ], [ -94.235397, 39.013977 ] ] ] ] } },
{ "type": "Feature", "properties": { "GEOID": "29095000300", "NAME": "Census Tract 3, Jackson County, Missouri", "pop": 1524.0, "income": 27778.0, "rent": 739.0, "home_value": 165800.0, "vacancy_rate": 0.1087, "ami_60": 49620.0, "below_60_ami": 1, "PovertyRate": 36.7, "LILATracts_1And10": 0.0, "lapop1share": "0.00", "LATracts_half": 1.0, "TractHUNV": 135.0, "TractSNAP": 213.0, "snap_pct": 0.1398, "hunv_pct": 0.0886 }, "geometry": { "type": "MultiPolygon", "coordinates": [ [ [ [ -94.579019, 39.117367 ], [ -94.566029, 39.123151 ], [ -94.565803, 39.12325 ], [ -94.565491, 39.122581 ], [ -94.564625, 39.121072 ], [ -94.564369, 39.119719 ], [ -94.56455, 39.114983 ], [ -94.564795, 39.11236 ], [ -94.56557, 39.110281 ], [ -94.567435, 39.108418 ], [ -94.568363, 39.107932 ], [ -94.569746, 39.106994 ], [ -94.569861, 39.106912 ], [ -94.569883, 39.106997 ], [ -94.570205, 39.106857 ], [ -94.570711, 39.106691 ], [ -94.570972, 39.106655 ], [ -94.57187, 39.10659 ], [ -94.572809, 39.106543 ], [ -94.573608, 39.106397 ], [ -94.576924, 39.106582 ], [ -94.576869, 39.108616 ], [ -94.57702, 39.109475 ], [ -94.578094, 39.110347 ], [ -94.577897, 39.110965 ], [ -94.578213, 39.112298 ], [ -94.57823, 39.112653 ], [ -94.577908, 39.112674 ], [ -94.577791, 39.112688 ], [ -94.578148, 39.113921 ], [ -94.579019, 39.117367 ] ] ] ] } },
{ "type": "Feature", "properties": { "GEOID": "29095013309", "NAME": "Census Tract 133.09, Jackson County, Missouri", "pop": 5015.0, "income": 45500.0, "rent": 859.0, "home_value": 119200.0, "vacancy_rate": 0.0154, "ami_60": 49620.0, "below_60_ami": 1, "PovertyRate": 16.6, "LILATracts_1And10": 1.0, "lapop1share": "53.23", "LATracts_half": 1.0, "TractHUNV": 111.0, "TractSNAP": 494.0, "snap_pct": 0.0985, "hunv_pct": 0.0221 }, "geometry": { "type": "MultiPolygon", "coordinates": [ [ [ [ -94.525284, 38.888877 ], [ -94.524656, 38.897942 ], [ -94.524468, 38.897913 ], [ -94.522184, 38.898205 ], [ -94.514807, 38.897349 ], [ -94.511272, 38.897124 ], [ -94.506585, 38.896953 ], [ -94.506346, 38.90061 ], [ -94.505654, 38.900535 ], [ -94.492611, 38.900022 ], [ -94.491634, 38.89992 ], [ -94.491323, 38.899841 ], [ -94.49089, 38.899674 ], [ -94.490663, 38.900022 ], [ -94.488892, 38.901999 ], [ -94.48902, 38.899884 ], [ -94.489816, 38.888346 ], [ -94.489723, 38.885556 ], [ -94.507436, 38.886071 ], [ -94.515603, 38.886488 ], [ -94.52482, 38.886967 ], [ -94.525402, 38.887163 ], [ -94.525284, 38.888877 ] ] ] ] } },
{ "type": "Feature", "properties": { "GEOID": "29095013003", "NAME": "Census Tract 130.03, Jackson County, Missouri", "pop": 5232.0, "income": 49247.0, "rent": 1103.0, "home_value": 81800.0, "vacancy_rate": 0.1416, "ami_60": 49620.0, "below_60_ami": 1, "PovertyRate": 7.6, "LILATracts_1And10": 1.0, "lapop1share": "16.16", "LATracts_half": 1.0, "TractHUNV": 114.0, "TractSNAP": 191.0, "snap_pct": 0.0365, "hunv_pct": 0.0218 }, "geometry": { "type": "MultiPolygon", "coordinates": [ [ [ [ -94.537096, 38.941724 ], [ -94.536295, 38.942502 ], [ -94.533455, 38.94766 ], [ -94.529737, 38.953235 ], [ -94.521882, 38.952946 ], [ -94.514939, 38.952673 ], [ -94.507942, 38.952392 ], [ -94.50827, 38.945161 ], [ -94.508586, 38.938885 ], [ -94.508596, 38.938722 ], [ -94.510446, 38.938442 ], [ -94.520236, 38.933844 ], [ -94.522804, 38.933 ], [ -94.526152, 38.932269 ], [ -94.529986, 38.93362 ], [ -94.534149, 38.937241 ], [ -94.53675, 38.940924 ], [ -94.536779, 38.940999 ], [ -94.537096, 38.941724 ] ] ] ] } },
{ "type": "Feature", "properties": { "GEOID": "29095016300", "NAME": "Census Tract 163, Jackson County, Missouri", "pop": 2106.0, "income": 33301.0, "rent": 874.0, "home_value": 55500.0, "vacancy_rate": 0.1971, "ami_60": 49620.0, "below_60_ami": 1, "PovertyRate": 17.3, "LILATracts_1And10": 1.0, "lapop1share": "95.56", "LATracts_half": 1.0, "TractHUNV": 127.0, "TractSNAP": 219.0, "snap_pct": 0.104, "hunv_pct": 0.0603 }, "geometry": { "type": "MultiPolygon", "coordinates": [ [ [ [ -94.525481, 39.035506 ], [ -94.521099, 39.037687 ], [ -94.520815, 39.039079 ], [ -94.521169, 39.042225 ], [ -94.520494, 39.04385 ], [ -94.519144, 39.044537 ], [ -94.517431, 39.044531 ], [ -94.509421, 39.044742 ], [ -94.50665, 39.046337 ], [ -94.506656, 39.047731 ], [ -94.509283, 39.050748 ], [ -94.511987, 39.051825 ], [ -94.513162, 39.054012 ], [ -94.513275, 39.055644 ], [ -94.511986, 39.058391 ], [ -94.512909, 39.058963 ], [ -94.515709, 39.061506 ], [ -94.517621, 39.06524 ], [ -94.51823, 39.066391 ], [ -94.52021, 39.068782 ], [ -94.520247, 39.068831 ], [ -94.519479, 39.068792 ], [ -94.51855, 39.068715 ], [ -94.516457, 39.068669 ], [ -94.516, 39.068626 ], [ -94.515941, 39.070229 ], [ -94.515662, 39.075917 ], [ -94.515285, 39.083118 ], [ -94.497924, 39.082772 ], [ -94.494572, 39.082614 ], [ -94.492465, 39.082516 ], [ -94.490458, 39.082128 ], [ -94.490513, 39.0785 ], [ -94.488099, 39.072172 ], [ -94.487807, 39.070113 ], [ -94.488007, 39.062711 ], [ -94.488432, 39.062361 ], [ -94.490479, 39.059208 ], [ -94.492584, 39.057015 ], [ -94.497732, 39.052705 ], [ -94.498679, 39.051502 ], [ -94.49953, 39.049725 ], [ -94.500226, 39.03909 ], [ -94.500601, 39.031119 ], [ -94.500929, 39.024684 ], [ -94.501093, 39.02157 ], [ -94.504394, 39.024806 ], [ -94.50851, 39.029138 ], [ -94.516942, 39.034506 ], [ -94.517848, 39.034677 ], [ -94.518523, 39.034734 ], [ -94.526305, 39.034445 ], [ -94.525481, 39.035506 ] ] ] ] } },
{ "type": "Feature", "properties": { "GEOID": "29095013904", "NAME": "Census Tract 139.04, Jackson County, Missouri", "pop": 7110.0, "income": 101474.0, "rent": 1279.0, "home_value": 213000.0, "vacancy_rate": 0.0288, "ami_60": 49620.0, "below_60_ami": 0, "PovertyRate": 2.5, "LILATracts_1And10": 0.0, "lapop1share": "46.70", "LATracts_half": 1.0, "TractHUNV": 33.0, "TractSNAP": 0.0, "snap_pct": 0.0, "hunv_pct": 0.0046 }, "geometry": { "type": "MultiPolygon", "coordinates": [ [ [ [ -94.339821, 38.902344 ], [ -94.339442, 38.910006 ], [ -94.339056, 38.916865 ], [ -94.32009, 38.916302 ], [ -94.319537, 38.916293 ], [ -94.318811, 38.916281 ], [ -94.316946, 38.916221 ], [ -94.313974, 38.916154 ], [ -94.311702, 38.916064 ], [ -94.31083, 38.916033 ], [ -94.304819, 38.915893 ], [ -94.297445, 38.915657 ], [ -94.297285, 38.915653 ], [ -94.298135, 38.900539 ], [ -94.298409, 38.900113 ], [ -94.298563, 38.900187 ], [ -94.301206, 38.900956 ], [ -94.311257, 38.901448 ], [ -94.326141, 38.9019 ], [ -94.329823, 38.90201 ], [ -94.330591, 38.894874 ], [ -94.340208, 38.895054 ], [ -94.339821, 38.902344 ] ] ] ] } },
{ "type": "Feature", "properties": { "GEOID": "29095011405", "NAME": "Census Tract 114.05, Jackson County, Missouri", "pop": 3940.0, "income": 31772.0, "rent": 699.0, "home_value": 102100.0, "vacancy_rate": 0.1043, "ami_60": 49620.0, "below_60_ami": 1, "PovertyRate": 33.7, "LILATracts_1And10": 0.0, "lapop1share": "NULL", "LATracts_half": 1.0, "TractHUNV": 130.0, "TractSNAP": 437.0, "snap_pct": 0.1109, "hunv_pct": 0.033 }, "geometry": { "type": "MultiPolygon", "coordinates": [ [ [ [ -94.389917, 39.113111 ], [ -94.388037, 39.11473 ], [ -94.385625, 39.116735 ], [ -94.384861, 39.117186 ], [ -94.384096, 39.117525 ], [ -94.374318, 39.119573 ], [ -94.372369, 39.120143 ], [ -94.370089, 39.117118 ], [ -94.365927, 39.116404 ], [ -94.367517, 39.114796 ], [ -94.372415, 39.115824 ], [ -94.374498, 39.116814 ], [ -94.374651, 39.11396 ], [ -94.374773, 39.109702 ], [ -94.373765, 39.10967 ], [ -94.37348, 39.108157 ], [ -94.373563, 39.107673 ], [ -94.374175, 39.107492 ], [ -94.374122, 39.106917 ], [ -94.37815, 39.107012 ], [ -94.39213, 39.107565 ], [ -94.389917, 39.113111 ] ] ] ] } },
{ "type": "Feature", "properties": { "GEOID": "29095011500", "NAME": "Census Tract 115, Jackson County, Missouri", "pop": 5884.0, "income": 37068.0, "rent": 852.0, "home_value": 79600.0, "vacancy_rate": 0.1221, "ami_60": 49620.0, "below_60_ami": 1, "PovertyRate": 26.2, "LILATracts_1And10": 0.0, "lapop1share": "0.93", "LATracts_half": 1.0, "TractHUNV": 451.0, "TractSNAP": 711.0, "snap_pct": 0.1208, "hunv_pct": 0.0766 }, "geometry": { "type": "MultiPolygon", "coordinates": [ [ [ [ -94.413628, 39.086875 ], [ -94.413561, 39.089392 ], [ -94.413468, 39.089897 ], [ -94.411805, 39.089863 ], [ -94.411731, 39.09094 ], [ -94.408727, 39.090828 ], [ -94.409135, 39.093531 ], [ -94.41103, 39.093596 ], [ -94.410924, 39.09544 ], [ -94.413064, 39.095514 ], [ -94.413064, 39.097439 ], [ -94.412833, 39.101259 ], [ -94.407887, 39.101042 ], [ -94.40338, 39.102144 ], [ -94.403325, 39.10216 ], [ -94.397754, 39.1029 ], [ -94.396507, 39.103363 ], [ -94.396653, 39.098793 ], [ -94.396939, 39.093161 ], [ -94.393915, 39.093403 ], [ -94.390138, 39.092781 ], [ -94.390979, 39.09173 ], [ -94.390158, 39.089246 ], [ -94.39042, 39.084027 ], [ -94.390667, 39.078302 ], [ -94.404588, 39.078793 ], [ -94.413892, 39.079106 ], [ -94.413628, 39.086875 ] ] ] ] } },
{ "type": "Feature", "properties": { "GEOID": "29095014400", "NAME": "Census Tract 144, Jackson County, Missouri", "pop": 2560.0, "income": 65260.0, "rent": 983.0, "home_value": 271400.0, "vacancy_rate": 0.083, "ami_60": 49620.0, "below_60_ami": 0, "PovertyRate": 8.1, "LILATracts_1And10": 0.0, "lapop1share": "97.98", "LATracts_half": 0.0, "TractHUNV": 53.0, "TractSNAP": 53.0, "snap_pct": 0.0207, "hunv_pct": 0.0207 }, "geometry": { "type": "MultiPolygon", "coordinates": [ [ [ [ -94.472455, 38.936043 ], [ -94.471524, 38.937603 ], [ -94.471481, 38.937684 ], [ -94.470388, 38.939576 ], [ -94.466827, 38.942072 ], [ -94.466449, 38.943312 ], [ -94.466093, 38.950632 ], [ -94.465428, 38.964631 ], [ -94.465405, 38.965132 ], [ -94.459424, 38.964854 ], [ -94.457428, 38.964364 ], [ -94.45268, 38.963765 ], [ -94.45074, 38.961354 ], [ -94.450494, 38.960871 ], [ -94.450209, 38.960185 ], [ -94.450248, 38.959798 ], [ -94.447032, 38.95963 ], [ -94.444601, 38.958442 ], [ -94.442378, 38.958544 ], [ -94.439406, 38.956811 ], [ -94.437823, 38.956647 ], [ -94.435784, 38.956498 ], [ -94.43425, 38.956887 ], [ -94.433083, 38.95757 ], [ -94.432048, 38.960885 ], [ -94.429234, 38.965529 ], [ -94.428504, 38.965192 ], [ -94.427872, 38.964891 ], [ -94.426196, 38.963107 ], [ -94.421897, 38.957825 ], [ -94.421249, 38.954574 ], [ -94.420996, 38.954048 ], [ -94.41479, 38.951325 ], [ -94.412577, 38.950067 ], [ -94.411175, 38.948797 ], [ -94.409855, 38.946766 ], [ -94.409139, 38.944243 ], [ -94.408398, 38.940738 ], [ -94.410162, 38.940865 ], [ -94.424253, 38.941422 ], [ -94.426967, 38.941689 ], [ -94.436979, 38.941959 ], [ -94.438015, 38.942095 ], [ -94.43874, 38.942029 ], [ -94.439635, 38.941949 ], [ -94.448024, 38.942331 ], [ -94.448234, 38.936302 ], [ -94.448266, 38.935647 ], [ -94.448226, 38.933905 ], [ -94.448776, 38.928064 ], [ -94.449722, 38.927936 ], [ -94.45103, 38.928185 ], [ -94.467044, 38.928604 ], [ -94.467174, 38.933698 ], [ -94.468731, 38.932769 ], [ -94.470579, 38.933541 ], [ -94.472578, 38.93568 ], [ -94.472455, 38.936043 ] ] ] ] } },
{ "type": "Feature", "properties": { "GEOID": "29095014502", "NAME": "Census Tract 145.02, Jackson County, Missouri", "pop": 4268.0, "income": 58691.0, "rent": 1015.0, "home_value": 167900.0, "vacancy_rate": 0.1072, "ami_60": 49620.0, "below_60_ami": 0, "PovertyRate": 6.1, "LILATracts_1And10": 0.0, "lapop1share": "36.62", "LATracts_half": 1.0, "TractHUNV": 36.0, "TractSNAP": 168.0, "snap_pct": 0.0394, "hunv_pct": 0.0084 }, "geometry": { "type": "MultiPolygon", "coordinates": [ [ [ [ -94.38891, 39.020355 ], [ -94.38816, 39.028369 ], [ -94.388035, 39.034417 ], [ -94.387102, 39.03437 ], [ -94.377052, 39.03403 ], [ -94.369422, 39.03378 ], [ -94.362407, 39.033433 ], [ -94.36123, 39.033168 ], [ -94.362333, 39.041747 ], [ -94.360136, 39.041203 ], [ -94.355903, 39.041111 ], [ -94.349825, 39.040201 ], [ -94.349685, 39.040182 ], [ -94.341151, 39.039019 ], [ -94.332202, 39.037774 ], [ -94.332215, 39.035668 ], [ -94.33236, 39.032992 ], [ -94.332465, 39.032317 ], [ -94.332875, 39.028562 ], [ -94.332767, 39.025581 ], [ -94.340003, 39.025784 ], [ -94.343491, 39.025882 ], [ -94.344672, 39.025916 ], [ -94.354575, 39.026137 ], [ -94.360332, 39.026157 ], [ -94.363733, 39.026174 ], [ -94.365425, 39.024091 ], [ -94.36987, 39.024002 ], [ -94.371829, 39.022879 ], [ -94.373529, 39.023212 ], [ -94.3744, 39.02271 ], [ -94.374564, 39.019647 ], [ -94.375458, 39.019655 ], [ -94.378155, 39.019715 ], [ -94.379028, 39.020195 ], [ -94.380511, 39.020603 ], [ -94.381764, 39.020685 ], [ -94.382292, 39.02046 ], [ -94.383044, 39.019503 ], [ -94.385377, 39.017841 ], [ -94.386937, 39.017679 ], [ -94.387554, 39.017369 ], [ -94.388463, 39.018704 ], [ -94.38876, 39.019449 ], [ -94.38891, 39.020355 ] ] ] ] } },
{ "type": "Feature", "properties": { "GEOID": "29095019300", "NAME": "Census Tract 193, Jackson County, Missouri", "pop": 6355.0, "income": 84491.0, "rent": 1138.0, "home_value": 165800.0, "vacancy_rate": 0.0521, "ami_60": 49620.0, "below_60_ami": 0, "PovertyRate": 7.1, "LILATracts_1And10": 0.0, "lapop1share": "98.75", "LATracts_half": 1.0, "TractHUNV": 25.0, "TractSNAP": 72.0, "snap_pct": 0.0113, "hunv_pct": 0.0039 }, "geometry": { "type": "MultiPolygon", "coordinates": [ [ [ [ -94.343786, 39.02387 ], [ -94.343778, 39.025071 ], [ -94.343491, 39.025882 ], [ -94.340003, 39.025784 ], [ -94.332767, 39.025581 ], [ -94.332875, 39.028562 ], [ -94.332465, 39.032317 ], [ -94.33236, 39.032992 ], [ -94.332215, 39.035668 ], [ -94.332202, 39.037774 ], [ -94.330661, 39.037567 ], [ -94.305385, 39.03432 ], [ -94.305364, 39.034168 ], [ -94.304939, 39.030915 ], [ -94.304411, 39.029399 ], [ -94.30435, 39.028291 ], [ -94.304537, 39.024692 ], [ -94.304694, 39.02158 ], [ -94.304469, 39.020953 ], [ -94.301727, 39.019247 ], [ -94.300364, 39.017851 ], [ -94.300224, 39.017627 ], [ -94.300251, 39.01726 ], [ -94.300311, 39.015902 ], [ -94.300372, 39.01457 ], [ -94.300497, 39.011912 ], [ -94.300577, 39.010129 ], [ -94.300628, 39.008796 ], [ -94.308905, 39.009069 ], [ -94.310053, 39.009109 ], [ -94.310936, 39.00915 ], [ -94.311186, 39.006622 ], [ -94.319205, 39.006794 ], [ -94.319099, 39.010456 ], [ -94.323853, 39.010506 ], [ -94.323734, 39.014225 ], [ -94.323696, 39.016195 ], [ -94.328938, 39.0205 ], [ -94.329736, 39.020897 ], [ -94.332938, 39.021958 ], [ -94.332987, 39.021778 ], [ -94.344439, 39.022396 ], [ -94.343786, 39.02387 ] ] ] ] } },
{ "type": "Feature", "properties": { "GEOID": "29095013307", "NAME": "Census Tract 133.07, Jackson County, Missouri", "pop": 2738.0, "income": 51279.0, "rent": 745.0, "home_value": 114300.0, "vacancy_rate": 0.1175, "ami_60": 49620.0, "below_60_ami": 0, "PovertyRate": 16.8, "LILATracts_1And10": 1.0, "lapop1share": "21.70", "LATracts_half": 1.0, "TractHUNV": 25.0, "TractSNAP": 87.0, "snap_pct": 0.0318, "hunv_pct": 0.0091 }, "geometry": { "type": "MultiPolygon", "coordinates": [ [ [ [ -94.523691, 38.908897 ], [ -94.522932, 38.908822 ], [ -94.505797, 38.907791 ], [ -94.488569, 38.907211 ], [ -94.488892, 38.901999 ], [ -94.490663, 38.900022 ], [ -94.49089, 38.899674 ], [ -94.491323, 38.899841 ], [ -94.491634, 38.89992 ], [ -94.492611, 38.900022 ], [ -94.505654, 38.900535 ], [ -94.506346, 38.90061 ], [ -94.506585, 38.896953 ], [ -94.511272, 38.897124 ], [ -94.514807, 38.897349 ], [ -94.522184, 38.898205 ], [ -94.524468, 38.897913 ], [ -94.523691, 38.908897 ] ] ] ] } },
{ "type": "Feature", "properties": { "GEOID": "29095014702", "NAME": "Census Tract 147.02, Jackson County, Missouri", "pop": 4939.0, "income": 70931.0, "rent": 1287.0, "home_value": 159400.0, "vacancy_rate": 0.0133, "ami_60": 49620.0, "below_60_ami": 0, "PovertyRate": 4.4, "LILATracts_1And10": 0.0, "lapop1share": "69.79", "LATracts_half": 1.0, "TractHUNV": 66.0, "TractSNAP": 46.0, "snap_pct": 0.0093, "hunv_pct": 0.0134 }, "geometry": { "type": "MultiPolygon", "coordinates": [ [ [ [ -94.379097, 39.077839 ], [ -94.377036, 39.077773 ], [ -94.373222, 39.07769 ], [ -94.371975, 39.077854 ], [ -94.343277, 39.083192 ], [ -94.333985, 39.084927 ], [ -94.330385, 39.085995 ], [ -94.324055, 39.089306 ], [ -94.322763, 39.090042 ], [ -94.322001, 39.090511 ], [ -94.307371, 39.098912 ], [ -94.305854, 39.099533 ], [ -94.30073, 39.100418 ], [ -94.300703, 39.100305 ], [ -94.299522, 39.098382 ], [ -94.303344, 39.097374 ], [ -94.303991, 39.096637 ], [ -94.306105, 39.094874 ], [ -94.307523, 39.094086 ], [ -94.310621, 39.091135 ], [ -94.31086, 39.090267 ], [ -94.311197, 39.08844 ], [ -94.312478, 39.086912 ], [ -94.31358, 39.086233 ], [ -94.315034, 39.085745 ], [ -94.315854, 39.085719 ], [ -94.316429, 39.085557 ], [ -94.317096, 39.084999 ], [ -94.318233, 39.081979 ], [ -94.320712, 39.080237 ], [ -94.320863, 39.080071 ], [ -94.321036, 39.07972 ], [ -94.321093, 39.079265 ], [ -94.321066, 39.078662 ], [ -94.319672, 39.073777 ], [ -94.32055, 39.072208 ], [ -94.323105, 39.07188 ], [ -94.323942, 39.071715 ], [ -94.325236, 39.071002 ], [ -94.326842, 39.069724 ], [ -94.331717, 39.067465 ], [ -94.332498, 39.066702 ], [ -94.333784, 39.063276 ], [ -94.33575, 39.062514 ], [ -94.336352, 39.061951 ], [ -94.33724, 39.061993 ], [ -94.354037, 39.062471 ], [ -94.35745, 39.06255 ], [ -94.366778, 39.06293 ], [ -94.368844, 39.06226 ], [ -94.372116, 39.063724 ], [ -94.373951, 39.063428 ], [ -94.377058, 39.068361 ], [ -94.378572, 39.072312 ], [ -94.379126, 39.076094 ], [ -94.379097, 39.077839 ] ] ] ] } },
{ "type": "Feature", "properties": { "GEOID": "29095009500", "NAME": "Census Tract 95, Jackson County, Missouri", "pop": 3242.0, "income": 38910.0, "rent": 941.0, "home_value": 57300.0, "vacancy_rate": 0.2559, "ami_60": 49620.0, "below_60_ami": 1, "PovertyRate": 22.8, "LILATracts_1And10": 0.0, "lapop1share": "11.50", "LATracts_half": 1.0, "TractHUNV": 256.0, "TractSNAP": 369.0, "snap_pct": 0.1138, "hunv_pct": 0.079 }, "geometry": { "type": "MultiPolygon", "coordinates": [ [ [ [ -94.57656, 38.973485 ], [ -94.576453, 38.975822 ], [ -94.576167, 38.981533 ], [ -94.576025, 38.984334 ], [ -94.566854, 38.983946 ], [ -94.562224, 38.983773 ], [ -94.562755, 38.972873 ], [ -94.558172, 38.972663 ], [ -94.558217, 38.971695 ], [ -94.561066, 38.968839 ], [ -94.562635, 38.965799 ], [ -94.563319, 38.966032 ], [ -94.568446, 38.968768 ], [ -94.571002, 38.968527 ], [ -94.572844, 38.971342 ], [ -94.576586, 38.972879 ], [ -94.57656, 38.973485 ] ] ] ] } },
{ "type": "Feature", "properties": { "GEOID": "29095010105", "NAME": "Census Tract 101.05, Jackson County, Missouri", "pop": 3738.0, "income": 57378.0, "rent": 967.0, "home_value": 257100.0, "vacancy_rate": 0.0399, "ami_60": 49620.0, "below_60_ami": 0, "PovertyRate": 7.2, "LILATracts_1And10": 0.0, "lapop1share": "22.99", "LATracts_half": 1.0, "TractHUNV": 105.0, "TractSNAP": 61.0, "snap_pct": 0.0163, "hunv_pct": 0.0281 }, "geometry": { "type": "MultiPolygon", "coordinates": [ [ [ [ -94.607995200775704, 38.920275004354096 ], [ -94.607985907151303, 38.929241324210004 ], [ -94.607979799363306, 38.935134007047601 ], [ -94.607978023842804, 38.936846996915193 ], [ -94.607978022843497, 38.936847961008006 ], [ -94.598658, 38.93983 ], [ -94.596676, 38.940298 ], [ -94.596863, 38.936701 ], [ -94.596919, 38.935347 ], [ -94.595985, 38.933204 ], [ -94.592513, 38.926407 ], [ -94.593008, 38.919938 ], [ -94.593086, 38.919191 ], [ -94.593296, 38.916353 ], [ -94.603641, 38.913123 ], [ -94.608002819766796, 38.912924340284299 ], [ -94.607995200775704, 38.920275004354096 ] ] ] ] } },
{ "type": "Feature", "properties": { "GEOID": "29095015900", "NAME": "Census Tract 159, Jackson County, Missouri", "pop": 2305.0, "income": 51295.0, "rent": 878.0, "home_value": 158900.0, "vacancy_rate": 0.1136, "ami_60": 49620.0, "below_60_ami": 0, "PovertyRate": 29.6, "LILATracts_1And10": 0.0, "lapop1share": "NULL", "LATracts_half": 0.0, "TractHUNV": 113.0, "TractSNAP": 38.0, "snap_pct": 0.0165, "hunv_pct": 0.049 }, "geometry": { "type": "MultiPolygon", "coordinates": [ [ [ [ -94.578282, 39.104339 ], [ -94.57803, 39.106157 ], [ -94.576924, 39.106582 ], [ -94.573608, 39.106397 ], [ -94.572809, 39.106543 ], [ -94.57187, 39.10659 ], [ -94.570972, 39.106655 ], [ -94.570711, 39.106691 ], [ -94.570205, 39.106857 ], [ -94.569883, 39.106997 ], [ -94.569861, 39.106912 ], [ -94.570599, 39.10633 ], [ -94.571269, 39.105654 ], [ -94.571475, 39.105389 ], [ -94.571205, 39.105399 ], [ -94.569586, 39.105445 ], [ -94.569778, 39.101887 ], [ -94.569958, 39.096533 ], [ -94.569998, 39.096142 ], [ -94.572312, 39.096963 ], [ -94.578741, 39.095794 ], [ -94.578282, 39.104339 ] ] ] ] } },
{ "type": "Feature", "properties": { "GEOID": "29095011100", "NAME": "Census Tract 111, Jackson County, Missouri", "pop": 3048.0, "income": 39535.0, "rent": 848.0, "home_value": 77700.0, "vacancy_rate": 0.0959, "ami_60": 49620.0, "below_60_ami": 1, "PovertyRate": 17.7, "LILATracts_1And10": 1.0, "lapop1share": "22.97", "LATracts_half": 1.0, "TractHUNV": 56.0, "TractSNAP": 123.0, "snap_pct": 0.0404, "hunv_pct": 0.0184 }, "geometry": { "type": "MultiPolygon", "coordinates": [ [ [ [ -94.460667, 39.11848 ], [ -94.455432, 39.121544 ], [ -94.455429, 39.123104 ], [ -94.444292, 39.129007 ], [ -94.440642, 39.13078 ], [ -94.431581, 39.137369 ], [ -94.430365, 39.138026 ], [ -94.423287, 39.141728 ], [ -94.420793, 39.142032 ], [ -94.419826, 39.143184 ], [ -94.419855, 39.142573 ], [ -94.420384, 39.141976 ], [ -94.419719, 39.141968 ], [ -94.421962, 39.139477 ], [ -94.424622, 39.135017 ], [ -94.424511, 39.131945 ], [ -94.425419, 39.130538 ], [ -94.423666, 39.130618 ], [ -94.424622, 39.126825 ], [ -94.424786, 39.123006 ], [ -94.423561, 39.121523 ], [ -94.422779, 39.120402 ], [ -94.422739, 39.116161 ], [ -94.422874, 39.114224 ], [ -94.42594, 39.113569 ], [ -94.427092, 39.113396 ], [ -94.427129, 39.112704 ], [ -94.427703, 39.10971 ], [ -94.431378, 39.109815 ], [ -94.431992, 39.108317 ], [ -94.432386, 39.102673 ], [ -94.437035, 39.102807 ], [ -94.437034, 39.102186 ], [ -94.440592, 39.10232 ], [ -94.440797, 39.102327 ], [ -94.445217, 39.10247 ], [ -94.452386, 39.102725 ], [ -94.45374, 39.102775 ], [ -94.453575, 39.106335 ], [ -94.453407, 39.10996 ], [ -94.453241, 39.113566 ], [ -94.453135, 39.117014 ], [ -94.456282, 39.116876 ], [ -94.45646, 39.115418 ], [ -94.458599, 39.116864 ], [ -94.460732, 39.116856 ], [ -94.460667, 39.11848 ] ] ] ] } },
{ "type": "Feature", "properties": { "GEOID": "29095009800", "NAME": "Census Tract 98, Jackson County, Missouri", "pop": 2926.0, "income": 49824.0, "rent": 1001.0, "home_value": 135300.0, "vacancy_rate": 0.1072, "ami_60": 49620.0, "below_60_ami": 0, "PovertyRate": 14.2, "LILATracts_1And10": 0.0, "lapop1share": "4.33", "LATracts_half": 1.0, "TractHUNV": 74.0, "TractSNAP": 85.0, "snap_pct": 0.029, "hunv_pct": 0.0253 }, "geometry": { "type": "MultiPolygon", "coordinates": [ [ [ [ -94.594796, 38.961239 ], [ -94.595093, 38.962052 ], [ -94.59555, 38.963514 ], [ -94.595406, 38.966933 ], [ -94.595078, 38.974192 ], [ -94.58769, 38.973904 ], [ -94.585796, 38.97383 ], [ -94.581936, 38.973664 ], [ -94.581179, 38.973725 ], [ -94.581437, 38.967768 ], [ -94.581508, 38.966371 ], [ -94.581661, 38.962782 ], [ -94.582003, 38.955523 ], [ -94.58538, 38.955665 ], [ -94.587932, 38.955459 ], [ -94.588585, 38.955412 ], [ -94.595817, 38.956097 ], [ -94.594796, 38.961239 ] ] ] ] } },
{ "type": "Feature", "properties": { "GEOID": "29095006100", "NAME": "Census Tract 61, Jackson County, Missouri", "pop": 2890.0, "income": 41226.0, "rent": 1071.0, "home_value": 35800.0, "vacancy_rate": 0.2368, "ami_60": 49620.0, "below_60_ami": 1, "PovertyRate": 27.1, "LILATracts_1And10": 0.0, "lapop1share": "0.17", "LATracts_half": 1.0, "TractHUNV": 214.0, "TractSNAP": 247.0, "snap_pct": 0.0855, "hunv_pct": 0.074 }, "geometry": { "type": "MultiPolygon", "coordinates": [ [ [ [ -94.553967, 39.048245 ], [ -94.55359, 39.055445 ], [ -94.548987, 39.055283 ], [ -94.546711, 39.055222 ], [ -94.544373, 39.055122 ], [ -94.54503, 39.042437 ], [ -94.545375, 39.042442 ], [ -94.543214, 39.040582 ], [ -94.542448, 39.039918 ], [ -94.542098, 39.038611 ], [ -94.547328, 39.040646 ], [ -94.554348, 39.041103 ], [ -94.553967, 39.048245 ] ] ] ] } },
{ "type": "Feature", "properties": { "GEOID": "29095014114", "NAME": "Census Tract 141.14, Jackson County, Missouri", "pop": 7184.0, "income": 74556.0, "rent": 830.0, "home_value": 195700.0, "vacancy_rate": 0.0394, "ami_60": 49620.0, "below_60_ami": 0, "PovertyRate": 4.6, "LILATracts_1And10": 0.0, "lapop1share": "20.32", "LATracts_half": 1.0, "TractHUNV": 100.0, "TractSNAP": 221.0, "snap_pct": 0.0308, "hunv_pct": 0.0139 }, "geometry": { "type": "MultiPolygon", "coordinates": [ [ [ [ -94.308905, 39.009069 ], [ -94.300628, 39.008796 ], [ -94.299628, 39.008759 ], [ -94.293616, 39.008618 ], [ -94.286624, 39.009417 ], [ -94.286116, 39.009451 ], [ -94.281949, 39.009399 ], [ -94.272638, 39.009134 ], [ -94.272862, 39.004711 ], [ -94.272926, 39.001944 ], [ -94.272951, 39.000954 ], [ -94.273186, 38.995805 ], [ -94.273282, 38.993337 ], [ -94.273552, 38.987479 ], [ -94.273613, 38.986558 ], [ -94.273738, 38.983934 ], [ -94.273843, 38.982014 ], [ -94.283291, 38.982287 ], [ -94.28551, 38.9823 ], [ -94.285506, 38.982974 ], [ -94.290224, 38.98427 ], [ -94.291144, 38.98574 ], [ -94.290569, 38.987465 ], [ -94.288847, 38.988037 ], [ -94.29349, 38.987943 ], [ -94.297048, 38.988033 ], [ -94.296854, 38.991621 ], [ -94.289624, 38.991514 ], [ -94.289591, 38.993901 ], [ -94.291975, 38.994248 ], [ -94.293823, 38.99524 ], [ -94.295845, 38.995286 ], [ -94.296487, 38.995112 ], [ -94.296301, 38.99891 ], [ -94.296184, 39.002542 ], [ -94.296837, 39.002551 ], [ -94.297032, 39.002568 ], [ -94.298602, 39.00266 ], [ -94.300862, 39.002714 ], [ -94.30319, 39.002758 ], [ -94.303185, 39.00452 ], [ -94.30526, 39.004553 ], [ -94.306214, 39.006508 ], [ -94.307472, 39.006544 ], [ -94.309041, 39.006584 ], [ -94.308905, 39.009069 ] ] ] ] } },
{ "type": "Feature", "properties": { "GEOID": "29095013210", "NAME": "Census Tract 132.10, Jackson County, Missouri", "pop": 2817.0, "income": 36111.0, "rent": 899.0, "home_value": 71500.0, "vacancy_rate": 0.0781, "ami_60": 49620.0, "below_60_ami": 1, "PovertyRate": 24.5, "LILATracts_1And10": 1.0, "lapop1share": "44.19", "LATracts_half": 1.0, "TractHUNV": 157.0, "TractSNAP": 272.0, "snap_pct": 0.0966, "hunv_pct": 0.0557 }, "geometry": { "type": "MultiPolygon", "coordinates": [ [ [ [ -94.496697, 38.915327 ], [ -94.496252, 38.920434 ], [ -94.495645, 38.924194 ], [ -94.494208, 38.924157 ], [ -94.493741, 38.929986 ], [ -94.489439, 38.929759 ], [ -94.485748, 38.929675 ], [ -94.477815, 38.929313 ], [ -94.477858, 38.925013 ], [ -94.477745, 38.922753 ], [ -94.479561, 38.921555 ], [ -94.482912, 38.921781 ], [ -94.484965, 38.922993 ], [ -94.485048, 38.921704 ], [ -94.48738, 38.921704 ], [ -94.487861, 38.915825 ], [ -94.488033, 38.914561 ], [ -94.489084, 38.914536 ], [ -94.496594, 38.914751 ], [ -94.496697, 38.915327 ] ] ] ] } },
{ "type": "Feature", "properties": { "GEOID": "29095017500", "NAME": "Census Tract 175, Jackson County, Missouri", "pop": 2200.0, "income": 50125.0, "rent": 648.0, "home_value": 102000.0, "vacancy_rate": 0.1151, "ami_60": 49620.0, "below_60_ami": 0, "PovertyRate": 27.3, "LILATracts_1And10": 0.0, "lapop1share": "58.65", "LATracts_half": 0.0, "TractHUNV": 111.0, "TractSNAP": 188.0, "snap_pct": 0.0855, "hunv_pct": 0.0505 }, "geometry": { "type": "MultiPolygon", "coordinates": [ [ [ [ -94.529272, 39.023845 ], [ -94.528532, 39.026805 ], [ -94.523769, 39.028481 ], [ -94.524044, 39.030906 ], [ -94.526381, 39.033237 ], [ -94.526305, 39.034445 ], [ -94.518523, 39.034734 ], [ -94.517848, 39.034677 ], [ -94.516942, 39.034506 ], [ -94.50851, 39.029138 ], [ -94.504394, 39.024806 ], [ -94.501093, 39.02157 ], [ -94.498645, 39.018981 ], [ -94.490815, 39.011443 ], [ -94.49184, 39.01211 ], [ -94.486752, 39.007212 ], [ -94.484956, 39.003179 ], [ -94.483173, 39.001465 ], [ -94.483481, 38.995804 ], [ -94.483289, 38.995184 ], [ -94.49194, 38.99549 ], [ -94.497622, 38.99448 ], [ -94.502601, 38.99552 ], [ -94.503957, 38.995602 ], [ -94.506188, 38.995104 ], [ -94.506696, 38.996246 ], [ -94.510023, 39.001075 ], [ -94.514797, 39.00779 ], [ -94.515805, 39.00961 ], [ -94.515781, 39.01525 ], [ -94.517897, 39.015126 ], [ -94.525209, 39.014009 ], [ -94.525535, 39.015026 ], [ -94.522449, 39.015163 ], [ -94.519696, 39.0165 ], [ -94.522585, 39.017386 ], [ -94.523039, 39.018718 ], [ -94.522215, 39.021379 ], [ -94.524586, 39.022833 ], [ -94.524749, 39.024145 ], [ -94.524264, 39.025498 ], [ -94.524319, 39.025779 ], [ -94.525003, 39.026259 ], [ -94.525507, 39.026311 ], [ -94.526536, 39.026144 ], [ -94.528604, 39.023836 ], [ -94.529272, 39.023845 ] ] ] ] } },
{ "type": "Feature", "properties": { "GEOID": "29095014806", "NAME": "Census Tract 148.06, Jackson County, Missouri", "pop": 4242.0, "income": 93438.0, "rent": 1285.0, "home_value": 203300.0, "vacancy_rate": 0.061, "ami_60": 49620.0, "below_60_ami": 0, "PovertyRate": 1.6, "LILATracts_1And10": 0.0, "lapop1share": "100.00", "LATracts_half": 1.0, "TractHUNV": 9.0, "TractSNAP": 35.0, "snap_pct": 0.0083, "hunv_pct": 0.0021 }, "geometry": { "type": "MultiPolygon", "coordinates": [ [ [ [ -94.305426, 39.034753 ], [ -94.305376, 39.03708 ], [ -94.305186, 39.037321 ], [ -94.303829, 39.037307 ], [ -94.303729, 39.039186 ], [ -94.303071, 39.039173 ], [ -94.301574, 39.039164 ], [ -94.300895, 39.041488 ], [ -94.297696, 39.042126 ], [ -94.297239, 39.041124 ], [ -94.29673, 39.041765 ], [ -94.293569, 39.041245 ], [ -94.289345, 39.041062 ], [ -94.287979, 39.041382 ], [ -94.286222, 39.04054 ], [ -94.282853, 39.04132 ], [ -94.280594, 39.041274 ], [ -94.280554, 39.046594 ], [ -94.278296, 39.046619 ], [ -94.278085, 39.050578 ], [ -94.279574, 39.050647 ], [ -94.279462, 39.053161 ], [ -94.275534, 39.053023 ], [ -94.274967, 39.052998 ], [ -94.270813, 39.052824 ], [ -94.271132, 39.04579 ], [ -94.271483, 39.038297 ], [ -94.271791, 39.030312 ], [ -94.28551, 39.031966 ], [ -94.305385, 39.03432 ], [ -94.305426, 39.034753 ] ] ], [ [ [ -94.315305, 39.054104 ], [ -94.313122, 39.054024 ], [ -94.307519, 39.053758 ], [ -94.307549, 39.053048 ], [ -94.307463, 39.048813 ], [ -94.305223, 39.048757 ], [ -94.30537, 39.046538 ], [ -94.303079, 39.046431 ], [ -94.303065, 39.044238 ], [ -94.304834, 39.043949 ], [ -94.30508, 39.038253 ], [ -94.306397, 39.038238 ], [ -94.312742, 39.044946 ], [ -94.312661, 39.046579 ], [ -94.312655, 39.046698 ], [ -94.312503, 39.049385 ], [ -94.315155, 39.051294 ], [ -94.315305, 39.054104 ] ] ] ] } },
{ "type": "Feature", "properties": { "GEOID": "29095013416", "NAME": "Census Tract 134.16, Jackson County, Missouri", "pop": 2378.0, "income": 75750.0, "rent": 1169.0, "home_value": 134200.0, "vacancy_rate": 0.008, "ami_60": 49620.0, "below_60_ami": 0, "PovertyRate": 1.3, "LILATracts_1And10": 0.0, "lapop1share": "33.63", "LATracts_half": 1.0, "TractHUNV": 13.0, "TractSNAP": 86.0, "snap_pct": 0.0362, "hunv_pct": 0.0055 }, "geometry": { "type": "MultiPolygon", "coordinates": [ [ [ [ -94.526921, 38.865305 ], [ -94.526424, 38.872451 ], [ -94.525866, 38.872398 ], [ -94.510757, 38.87161 ], [ -94.509457, 38.872301 ], [ -94.508336, 38.872895 ], [ -94.505246, 38.872732 ], [ -94.504397, 38.87169 ], [ -94.501702, 38.871322 ], [ -94.490451, 38.870839 ], [ -94.490792, 38.865323 ], [ -94.4913, 38.855847 ], [ -94.493322, 38.856384 ], [ -94.51001, 38.857011 ], [ -94.512736, 38.857506 ], [ -94.525077, 38.858064 ], [ -94.528074, 38.857931 ], [ -94.526921, 38.865305 ] ] ] ] } },
{ "type": "Feature", "properties": { "GEOID": "29095007700", "NAME": "Census Tract 77, Jackson County, Missouri", "pop": 1247.0, "income": 24805.0, "rent": 736.0, "home_value": 40500.0, "vacancy_rate": 0.2647, "ami_60": 49620.0, "below_60_ami": 1, "PovertyRate": 30.2, "LILATracts_1And10": 0.0, "lapop1share": "11.73", "LATracts_half": 1.0, "TractHUNV": 188.0, "TractSNAP": 203.0, "snap_pct": 0.1628, "hunv_pct": 0.1508 }, "geometry": { "type": "MultiPolygon", "coordinates": [ [ [ [ -94.554945, 39.030146 ], [ -94.554734, 39.033759 ], [ -94.554586, 39.036525 ], [ -94.554467, 39.038871 ], [ -94.554348, 39.041103 ], [ -94.547328, 39.040646 ], [ -94.542098, 39.038611 ], [ -94.542989, 39.037174 ], [ -94.543325, 39.036485 ], [ -94.542993, 39.033346 ], [ -94.542396, 39.032031 ], [ -94.542456, 39.029714 ], [ -94.542388, 39.027284 ], [ -94.54191, 39.026079 ], [ -94.547195, 39.026248 ], [ -94.555166, 39.026535 ], [ -94.554945, 39.030146 ] ] ] ] } },
{ "type": "Feature", "properties": { "GEOID": "29095017200", "NAME": "Census Tract 172, Jackson County, Missouri", "pop": 4604.0, "income": 46133.0, "rent": 885.0, "home_value": 97600.0, "vacancy_rate": 0.1397, "ami_60": 49620.0, "below_60_ami": 1, "PovertyRate": 19.2, "LILATracts_1And10": 1.0, "lapop1share": "46.90", "LATracts_half": 1.0, "TractHUNV": 102.0, "TractSNAP": 274.0, "snap_pct": 0.0595, "hunv_pct": 0.0222 }, "geometry": { "type": "MultiPolygon", "coordinates": [ [ [ [ -94.545693, 38.970978 ], [ -94.539959, 38.974169 ], [ -94.538584, 38.978147 ], [ -94.534121, 38.985396 ], [ -94.533499, 38.985745 ], [ -94.532016, 38.986089 ], [ -94.529834, 38.986496 ], [ -94.527833, 38.988256 ], [ -94.525316, 38.990408 ], [ -94.521751, 38.9921 ], [ -94.521689, 38.992624 ], [ -94.520353, 38.990255 ], [ -94.516086, 38.988144 ], [ -94.512921, 38.985314 ], [ -94.509374, 38.984175 ], [ -94.505423, 38.982388 ], [ -94.502547, 38.985563 ], [ -94.50187, 38.987758 ], [ -94.502405, 38.992424 ], [ -94.502536, 38.991567 ], [ -94.502601, 38.99552 ], [ -94.497622, 38.99448 ], [ -94.49194, 38.99549 ], [ -94.483289, 38.995184 ], [ -94.48279, 38.992696 ], [ -94.483937, 38.987871 ], [ -94.482982, 38.98787 ], [ -94.482535, 38.987849 ], [ -94.482644, 38.986548 ], [ -94.482757, 38.983173 ], [ -94.483341, 38.982269 ], [ -94.485182, 38.980658 ], [ -94.493056, 38.973661 ], [ -94.494663, 38.972263 ], [ -94.495599, 38.969385 ], [ -94.499009, 38.966403 ], [ -94.499631, 38.966413 ], [ -94.500867, 38.966462 ], [ -94.501424, 38.966484 ], [ -94.502046, 38.966519 ], [ -94.502654, 38.966618 ], [ -94.502989, 38.966685 ], [ -94.519952, 38.967411 ], [ -94.53552, 38.967976 ], [ -94.541687, 38.96989 ], [ -94.54484, 38.968839 ], [ -94.545421, 38.970081 ], [ -94.545693, 38.970978 ] ] ] ] } },
{ "type": "Feature", "properties": { "GEOID": "29095008100", "NAME": "Census Tract 81, Jackson County, Missouri", "pop": 2209.0, "income": 45549.0, "rent": 1052.0, "home_value": 64500.0, "vacancy_rate": 0.1846, "ami_60": 49620.0, "below_60_ami": 1, "PovertyRate": 13.2, "LILATracts_1And10": 0.0, "lapop1share": "NULL", "LATracts_half": 1.0, "TractHUNV": 63.0, "TractSNAP": 93.0, "snap_pct": 0.0421, "hunv_pct": 0.0285 }, "geometry": { "type": "MultiPolygon", "coordinates": [ [ [ [ -94.574387, 39.016625 ], [ -94.574202, 39.019965 ], [ -94.573997, 39.023571 ], [ -94.573794, 39.027183 ], [ -94.567966, 39.02699 ], [ -94.565659, 39.026905 ], [ -94.564493, 39.026861 ], [ -94.564947, 39.01963 ], [ -94.568398, 39.01975 ], [ -94.568672, 39.013972 ], [ -94.568858, 39.013026 ], [ -94.570454, 39.013089 ], [ -94.574554, 39.01325 ], [ -94.574387, 39.016625 ] ] ] ] } },
{ "type": "Feature", "properties": { "GEOID": "29095014903", "NAME": "Census Tract 149.03, Jackson County, Missouri", "pop": 5308.0, "income": 91510.0, "rent": 584.0, "home_value": 258000.0, "vacancy_rate": 0.0264, "ami_60": 49620.0, "below_60_ami": 0, "PovertyRate": 6.0, "LILATracts_1And10": 0.0, "lapop1share": "98.63", "LATracts_half": 0.0, "TractHUNV": 15.0, "TractSNAP": 80.0, "snap_pct": 0.0151, "hunv_pct": 0.0028 }, "geometry": { "type": "MultiPolygon", "coordinates": [ [ [ [ -94.278764, 39.068657 ], [ -94.278253, 39.081773 ], [ -94.276662, 39.082284 ], [ -94.275703, 39.082292 ], [ -94.273425, 39.082223 ], [ -94.269715, 39.081811 ], [ -94.255649, 39.081123 ], [ -94.227795, 39.080095 ], [ -94.223582, 39.080533 ], [ -94.218937, 39.080359 ], [ -94.218382, 39.095219 ], [ -94.217695, 39.109866 ], [ -94.217294, 39.116987 ], [ -94.198571, 39.11621 ], [ -94.188799, 39.115866 ], [ -94.188278, 39.123187 ], [ -94.193123, 39.123378 ], [ -94.19286, 39.132751 ], [ -94.194441, 39.132591 ], [ -94.196669, 39.132859 ], [ -94.192397, 39.133796 ], [ -94.192119, 39.137818 ], [ -94.191523, 39.137687 ], [ -94.186171, 39.137287 ], [ -94.184718, 39.136608 ], [ -94.183284, 39.135428 ], [ -94.181281, 39.134163 ], [ -94.178206, 39.133962 ], [ -94.176876, 39.134359 ], [ -94.153557, 39.136704 ], [ -94.151024, 39.136477 ], [ -94.145293, 39.135201 ], [ -94.134629, 39.132797 ], [ -94.133123, 39.132457 ], [ -94.131694, 39.132154 ], [ -94.12485, 39.130702 ], [ -94.105633, 39.126585 ], [ -94.105639, 39.126406 ], [ -94.106764, 39.091703 ], [ -94.10742, 39.076201 ], [ -94.108145, 39.06233 ], [ -94.108822, 39.04526 ], [ -94.10886, 39.044342 ], [ -94.109106, 39.038424 ], [ -94.109325, 39.033189 ], [ -94.109925, 39.033144 ], [ -94.114086, 39.033347 ], [ -94.118304, 39.033532 ], [ -94.127909, 39.033776 ], [ -94.12798, 39.032067 ], [ -94.128065, 39.030047 ], [ -94.12821, 39.026566 ], [ -94.128657, 39.016445 ], [ -94.140159, 39.016711 ], [ -94.141219, 39.016727 ], [ -94.147553, 39.016843 ], [ -94.156532, 39.017023 ], [ -94.160713, 39.017653 ], [ -94.174714, 39.020159 ], [ -94.182784, 39.020524 ], [ -94.18279, 39.020705 ], [ -94.184367, 39.022232 ], [ -94.182714, 39.024551 ], [ -94.185305, 39.024212 ], [ -94.188519, 39.02519 ], [ -94.188369, 39.030032 ], [ -94.188283, 39.035545 ], [ -94.19735, 39.035808 ], [ -94.215905, 39.036311 ], [ -94.215824, 39.040511 ], [ -94.215666, 39.050773 ], [ -94.233913, 39.051394 ], [ -94.236392, 39.051242 ], [ -94.238434, 39.051446 ], [ -94.243122, 39.051939 ], [ -94.243123, 39.051589 ], [ -94.244061, 39.051786 ], [ -94.245161, 39.051784 ], [ -94.250312, 39.052042 ], [ -94.256854, 39.052279 ], [ -94.2567, 39.056764 ], [ -94.256666, 39.057732 ], [ -94.256309, 39.066734 ], [ -94.268192, 39.067252 ], [ -94.274167, 39.067303 ], [ -94.274615, 39.066213 ], [ -94.277838, 39.066312 ], [ -94.278526, 39.066305 ], [ -94.278764, 39.068657 ] ] ] ] } },
{ "type": "Feature", "properties": { "GEOID": "29095015600", "NAME": "Census Tract 156, Jackson County, Missouri", "pop": 2371.0, "income": 31226.0, "rent": 684.0, "home_value": 51800.0, "vacancy_rate": 0.1524, "ami_60": 49620.0, "below_60_ami": 1, "PovertyRate": 38.4, "LILATracts_1And10": 1.0, "lapop1share": "95.60", "LATracts_half": 1.0, "TractHUNV": 116.0, "TractSNAP": 205.0, "snap_pct": 0.0865, "hunv_pct": 0.0489 }, "geometry": { "type": "MultiPolygon", "coordinates": [ [ [ [ -94.488083, 39.085992 ], [ -94.48729, 39.08814 ], [ -94.487558, 39.092879 ], [ -94.486948, 39.092816 ], [ -94.486729, 39.099655 ], [ -94.477813, 39.099297 ], [ -94.476936, 39.099324 ], [ -94.476383, 39.101567 ], [ -94.477576, 39.103764 ], [ -94.47886, 39.104883 ], [ -94.479146, 39.105292 ], [ -94.479207, 39.10571 ], [ -94.47899, 39.107319 ], [ -94.479031, 39.108701 ], [ -94.479646, 39.10849 ], [ -94.4815, 39.108042 ], [ -94.481382, 39.111096 ], [ -94.477984, 39.111182 ], [ -94.477375, 39.112404 ], [ -94.474026, 39.111367 ], [ -94.470624, 39.11003 ], [ -94.468122, 39.107995 ], [ -94.467124, 39.106472 ], [ -94.466256, 39.102897 ], [ -94.462488, 39.099591 ], [ -94.461156, 39.097702 ], [ -94.460849, 39.095449 ], [ -94.465923, 39.095576 ], [ -94.46752, 39.095033 ], [ -94.470393, 39.094017 ], [ -94.470719, 39.093447 ], [ -94.470388, 39.090809 ], [ -94.469052, 39.08859 ], [ -94.468199, 39.085691 ], [ -94.468028, 39.081225 ], [ -94.470183, 39.081314 ], [ -94.471135, 39.081358 ], [ -94.477951, 39.081652 ], [ -94.485665, 39.080995 ], [ -94.490458, 39.082128 ], [ -94.488083, 39.085992 ] ] ] ] } },
{ "type": "Feature", "properties": { "GEOID": "29095009700", "NAME": "Census Tract 97, Jackson County, Missouri", "pop": 1897.0, "income": 28986.0, "rent": 859.0, "home_value": 120800.0, "vacancy_rate": 0.0784, "ami_60": 49620.0, "below_60_ami": 1, "PovertyRate": 29.4, "LILATracts_1And10": 0.0, "lapop1share": "7.00", "LATracts_half": 1.0, "TractHUNV": 139.0, "TractSNAP": 154.0, "snap_pct": 0.0812, "hunv_pct": 0.0733 }, "geometry": { "type": "MultiPolygon", "coordinates": [ [ [ [ -94.581661, 38.962782 ], [ -94.581508, 38.966371 ], [ -94.581437, 38.967768 ], [ -94.581179, 38.973725 ], [ -94.580007, 38.973831 ], [ -94.57656, 38.973485 ], [ -94.576586, 38.972879 ], [ -94.572844, 38.971342 ], [ -94.571002, 38.968527 ], [ -94.568446, 38.968768 ], [ -94.563319, 38.966032 ], [ -94.564181, 38.964647 ], [ -94.564287, 38.964101 ], [ -94.565846, 38.963911 ], [ -94.577029, 38.964285 ], [ -94.577862, 38.955341 ], [ -94.582003, 38.955523 ], [ -94.581661, 38.962782 ] ] ] ] } }
]
}
