{
"type": "FeatureCollection",
"name": "435",
"crs": { "type": "name", "properties": { "name": "urn:ogc:def:crs:OGC:1.3:CRS84" } },
"features": [
{ "type": "Feature", "properties": { "full_id": "w13117339", "osm_id": "13117339", "osm_type": "way", "change:lanes": null, "maxheight:signed": null, "destination:ref": null, "destination": null, "name": null, "minspeed": null, "destination:lanes": null, "maxweight": null, "turn:lanes": null, "surface": null, "source:hgv:national_network": "https://www.ecfr.gov/current/title-23/chapter-I/subchapter-G/part-658;https://hepgis-usdot.hub.arcgis.com/apps/usdot::national-network-conventional-combination-trucks-map", "ref": "I 435;US 50", "placement": "left_of:3", "oneway": "yes", "maxspeed": "65 mph", "lit": "automatic", "layer": "1", "lanes": "4", "horse": "no", "highway": "motorway", "hgv:national_network": "yes", "hgv": "designated", "foot": "no", "bridge": "yes", "bicycle": "no" }, "geometry": { "type": "LineString", "coordinates": [ [ -94.6079053, 38.9371216 ], [ -94.6085353, 38.9369229 ] ] } },
{ "type": "Feature", "properties": { "full_id": "w37860137", "osm_id": "37860137", "osm_type": "way", "change:lanes": null, "maxheight:signed": null, "destination:ref": null, "destination": null, "name": null, "minspeed": null, "destination:lanes": null, "maxweight": null, "turn:lanes": null, "surface": "concrete", "source:hgv:national_network": null, "ref": "I 435;US 50", "placement": "middle_of:3", "oneway": "yes", "maxspeed": "65 mph", "lit": null, "layer": null, "lanes": "5", "horse": null, "highway": "motorway", "hgv:national_network": null, "hgv": "designated", "foot": null, "bridge": null, "bicycle": null }, "geometry": { "type": "LineString", "coordinates": [ [ -94.6003034, 38.9393129 ], [ -94.5997149, 38.9395036 ], [ -94.5991584, 38.9396754 ], [ -94.5985757, 38.9398333 ], [ -94.5982081, 38.9399333 ], [ -94.5978461, 38.9400182 ], [ -94.5973867, 38.9401133 ], [ -94.5969329, 38.9402009 ] ] } },
{ "type": "Feature", "properties": { "full_id": "w41216070", "osm_id": "41216070", "osm_type": "way", "change:lanes": null, "maxheight:signed": null, "destination:ref": null, "destination": null, "name": null, "minspeed": null, "destination:lanes": null, "maxweight": null, "turn:lanes": null, "surface": null, "source:hgv:national_network": null, "ref": "I 435;US 50", "placement": null, "oneway": "yes", "maxspeed": "65 mph", "lit": null, "layer": "1", "lanes": "5", "horse": null, "highway": "motorway", "hgv:national_network": null, "hgv": "designated", "foot": null, "bridge": "yes", "bicycle": null }, "geometry": { "type": "LineString", "coordinates": [ [ -94.5964664, 38.9406471 ], [ -94.5969437, 38.9405487 ] ] } },
{ "type": "Feature", "properties": { "full_id": "w41216073", "osm_id": "41216073", "osm_type": "way", "change:lanes": null, "maxheight:signed": null, "destination:ref": null, "destination": null, "name": null, "minspeed": null, "destination:lanes": null, "maxweight": null, "turn:lanes": null, "surface": "concrete", "source:hgv:national_network": null, "ref": "I 435;US 50", "placement": null, "oneway": "yes", "maxspeed": "65 mph", "lit": null, "layer": "1", "lanes": "5", "horse": null, "highway": "motorway", "hgv:national_network": null, "hgv": "designated", "foot": null, "bridge": "yes", "bicycle": null }, "geometry": { "type": "LineString", "coordinates": [ [ -94.5969329, 38.9402009 ], [ -94.596509, 38.9402862 ] ] } },
{ "type": "Feature", "properties": { "full_id": "w41216643", "osm_id": "41216643", "osm_type": "way", "change:lanes": null, "maxheight:signed": null, "destination:ref": null, "destination": null, "name": null, "minspeed": null, "destination:lanes": null, "maxweight": null, "turn:lanes": "none|none|none|none|none|slight_right", "surface": "asphalt", "source:hgv:national_network": null, "ref": "I 435;US 50", "placement": "middle_of:3", "oneway": "yes", "maxspeed": "65 mph", "lit": null, "layer": null, "lanes": "6", "horse": null, "highway": "motorway", "hgv:national_network": null, "hgv": "designated", "foot": null, "bridge": null, "bicycle": null }, "geometry": { "type": "LineString", "coordinates": [ [ -94.5929707, 38.9407264 ], [ -94.5923696, 38.9407438 ], [ -94.5917621, 38.940748 ], [ -94.5905124, 38.940713 ], [ -94.5897594, 38.9406871 ], [ -94.5886909, 38.9406338 ], [ -94.5876489, 38.940593 ], [ -94.5872056, 38.9405757 ] ] } },
{ "type": "Feature", "properties": { "full_id": "w41216644", "osm_id": "41216644", "osm_type": "way", "change:lanes": null, "maxheight:signed": null, "destination:ref": null, "destination": null, "name": null, "minspeed": null, "destination:lanes": null, "maxweight": null, "turn:lanes": null, "surface": null, "source:hgv:national_network": null, "ref": "I 435;US 50", "placement": null, "oneway": "yes", "maxspeed": "65 mph", "lit": null, "layer": null, "lanes": "5", "horse": null, "highway": "motorway", "hgv:national_network": null, "hgv": "designated", "foot": null, "bridge": null, "bicycle": null }, "geometry": { "type": "LineString", "coordinates": [ [ -94.5969437, 38.9405487 ], [ -94.5975436, 38.9404038 ], [ -94.5981533, 38.9402422 ], [ -94.5987904, 38.9400491 ], [ -94.5993986, 38.9398552 ], [ -94.6010749, 38.9393317 ] ] } },
{ "type": "Feature", "properties": { "full_id": "w50250667", "osm_id": "50250667", "osm_type": "way", "change:lanes": null, "maxheight:signed": null, "destination:ref": null, "destination": null, "name": null, "minspeed": null, "destination:lanes": null, "maxweight": null, "turn:lanes": "none|none|none|none|through;slight_right", "surface": null, "source:hgv:national_network": null, "ref": "I 435;US 50", "placement": null, "oneway": "yes", "maxspeed": "65 mph", "lit": null, "layer": null, "lanes": "5", "horse": null, "highway": "motorway", "hgv:national_network": null, "hgv": "designated", "foot": null, "bridge": null, "bicycle": null }, "geometry": { "type": "LineString", "coordinates": [ [ -94.5622223, 38.9396582 ], [ -94.56365, 38.9397147 ] ] } },
{ "type": "Feature", "properties": { "full_id": "w50250722", "osm_id": "50250722", "osm_type": "way", "change:lanes": null, "maxheight:signed": null, "destination:ref": null, "destination": null, "name": null, "minspeed": null, "destination:lanes": null, "maxweight": "65 st", "turn:lanes": null, "surface": null, "source:hgv:national_network": null, "ref": "I 435;US 50", "placement": null, "oneway": "yes", "maxspeed": "65 mph", "lit": null, "layer": "1", "lanes": "5", "horse": null, "highway": "motorway", "hgv:national_network": null, "hgv": "designated", "foot": null, "bridge": "yes", "bicycle": null }, "geometry": { "type": "LineString", "coordinates": [ [ -94.5602227, 38.9395476 ], [ -94.5622223, 38.9396582 ] ] } },
{ "type": "Feature", "properties": { "full_id": "w50250727", "osm_id": "50250727", "osm_type": "way", "change:lanes": null, "maxheight:signed": null, "destination:ref": null, "destination": null, "name": null, "minspeed": null, "destination:lanes": null, "maxweight": "65 st", "turn:lanes": null, "surface": "concrete", "source:hgv:national_network": null, "ref": "I 435;US 50", "placement": null, "oneway": "yes", "maxspeed": "65 mph", "lit": null, "layer": "1", "lanes": "5", "horse": null, "highway": "motorway", "hgv:national_network": null, "hgv": "designated", "foot": null, "bridge": "yes", "bicycle": null }, "geometry": { "type": "LineString", "coordinates": [ [ -94.5622088, 38.939435 ], [ -94.5601797, 38.9393359 ] ] } },
{ "type": "Feature", "properties": { "full_id": "w50250747", "osm_id": "50250747", "osm_type": "way", "change:lanes": null, "maxheight:signed": null, "destination:ref": null, "destination": null, "name": null, "minspeed": null, "destination:lanes": null, "maxweight": "55 st", "turn:lanes": null, "surface": null, "source:hgv:national_network": null, "ref": "I 435;US 50", "placement": null, "oneway": "yes", "maxspeed": "65 mph", "lit": null, "layer": "1", "lanes": "5", "horse": null, "highway": "motorway", "hgv:national_network": null, "hgv": "designated", "foot": null, "bridge": "yes", "bicycle": null }, "geometry": { "type": "LineString", "coordinates": [ [ -94.5669745, 38.9398632 ], [ -94.5680279, 38.9399117 ] ] } },
{ "type": "Feature", "properties": { "full_id": "w50250761", "osm_id": "50250761", "osm_type": "way", "change:lanes": null, "maxheight:signed": null, "destination:ref": null, "destination": null, "name": null, "minspeed": null, "destination:lanes": null, "maxweight": null, "turn:lanes": null, "surface": null, "source:hgv:national_network": null, "ref": "I 435;US 50", "placement": null, "oneway": "yes", "maxspeed": "65 mph", "lit": null, "layer": null, "lanes": "5", "horse": null, "highway": "motorway", "hgv:national_network": null, "hgv": "designated", "foot": null, "bridge": null, "bicycle": null }, "geometry": { "type": "LineString", "coordinates": [ [ -94.5680279, 38.9399117 ], [ -94.5769988, 38.9403665 ] ] } },
{ "type": "Feature", "properties": { "full_id": "w50250764", "osm_id": "50250764", "osm_type": "way", "change:lanes": null, "maxheight:signed": null, "destination:ref": null, "destination": null, "name": null, "minspeed": null, "destination:lanes": null, "maxweight": "55 st", "turn:lanes": null, "surface": "asphalt", "source:hgv:national_network": null, "ref": "I 435;US 50", "placement": null, "oneway": "yes", "maxspeed": "65 mph", "lit": null, "layer": "1", "lanes": "5", "horse": null, "highway": "motorway", "hgv:national_network": null, "hgv": "designated", "foot": null, "bridge": "yes", "bicycle": null }, "geometry": { "type": "LineString", "coordinates": [ [ -94.5680902, 38.9396937 ], [ -94.5670201, 38.9396379 ] ] } },
{ "type": "Feature", "properties": { "full_id": "w50250768", "osm_id": "50250768", "osm_type": "way", "change:lanes": null, "maxheight:signed": null, "destination:ref": null, "destination": null, "name": null, "minspeed": null, "destination:lanes": null, "maxweight": null, "turn:lanes": null, "surface": "asphalt", "source:hgv:national_network": null, "ref": "I 435;US 50", "placement": null, "oneway": "yes", "maxspeed": "65 mph", "lit": null, "layer": null, "lanes": "5", "horse": null, "highway": "motorway", "hgv:national_network": null, "hgv": "designated", "foot": null, "bridge": null, "bicycle": null }, "geometry": { "type": "LineString", "coordinates": [ [ -94.5670201, 38.9396379 ], [ -94.5646155, 38.9395498 ] ] } },
{ "type": "Feature", "properties": { "full_id": "w65702922", "osm_id": "65702922", "osm_type": "way", "change:lanes": null, "maxheight:signed": null, "destination:ref": null, "destination": null, "name": null, "minspeed": null, "destination:lanes": null, "maxweight": null, "turn:lanes": null, "surface": "asphalt", "source:hgv:national_network": null, "ref": "I 435;US 50", "placement": null, "oneway": "yes", "maxspeed": "65 mph", "lit": null, "layer": null, "lanes": "5", "horse": null, "highway": "motorway", "hgv:national_network": null, "hgv": "designated", "foot": null, "bridge": null, "bicycle": null }, "geometry": { "type": "LineString", "coordinates": [ [ -94.582478, 38.9403215 ], [ -94.5791867, 38.9402353 ] ] } },
{ "type": "Feature", "properties": { "full_id": "w65708309", "osm_id": "65708309", "osm_type": "way", "change:lanes": null, "maxheight:signed": null, "destination:ref": null, "destination": null, "name": null, "minspeed": null, "destination:lanes": null, "maxweight": null, "turn:lanes": null, "surface": null, "source:hgv:national_network": null, "ref": "I 435;US 50", "placement": null, "oneway": "yes", "maxspeed": "65 mph", "lit": null, "layer": "1", "lanes": "5", "horse": null, "highway": "motorway", "hgv:national_network": null, "hgv": "designated", "foot": null, "bridge": "yes", "bicycle": null }, "geometry": { "type": "LineString", "coordinates": [ [ -94.5824518, 38.9406899 ], [ -94.5830105, 38.9407144 ] ] } },
{ "type": "Feature", "properties": { "full_id": "w65708348", "osm_id": "65708348", "osm_type": "way", "change:lanes": null, "maxheight:signed": null, "destination:ref": null, "destination": null, "name": null, "minspeed": null, "destination:lanes": "||||State Line Road;103rd Street|Wornall Road", "maxweight": null, "turn:lanes": "|||||slight_right", "surface": null, "source:hgv:national_network": null, "ref": "I 435;US 50", "placement": "middle_of:3", "oneway": "yes", "maxspeed": "65 mph", "lit": null, "layer": null, "lanes": "6", "horse": null, "highway": "motorway", "hgv:national_network": null, "hgv": "designated", "foot": null, "bridge": null, "bicycle": null }, "geometry": { "type": "LineString", "coordinates": [ [ -94.5858331, 38.9407741 ], [ -94.5872698, 38.9408221 ], [ -94.5881291, 38.9408586 ], [ -94.5890115, 38.9408972 ], [ -94.5907677, 38.9409674 ], [ -94.5917561, 38.9409981 ] ] } },
{ "type": "Feature", "properties": { "full_id": "w65708387", "osm_id": "65708387", "osm_type": "way", "change:lanes": null, "maxheight:signed": null, "destination:ref": null, "destination": null, "name": null, "minspeed": null, "destination:lanes": null, "maxweight": null, "turn:lanes": null, "surface": "asphalt", "source:hgv:national_network": null, "ref": "I 435;US 50", "placement": null, "oneway": "yes", "maxspeed": "65 mph", "lit": null, "layer": "1", "lanes": "5", "horse": null, "highway": "motorway", "hgv:national_network": null, "hgv": "designated", "foot": null, "bridge": "yes", "bicycle": null }, "geometry": { "type": "LineString", "coordinates": [ [ -94.5830051, 38.9403452 ], [ -94.582478, 38.9403215 ] ] } },
{ "type": "Feature", "properties": { "full_id": "w123936415", "osm_id": "123936415", "osm_type": "way", "change:lanes": null, "maxheight:signed": null, "destination:ref": null, "destination": null, "name": null, "minspeed": null, "destination:lanes": null, "maxweight": null, "turn:lanes": null, "surface": null, "source:hgv:national_network": null, "ref": "I 435;US 50", "placement": null, "oneway": "yes", "maxspeed": "65 mph", "lit": null, "layer": null, "lanes": "5", "horse": null, "highway": "motorway", "hgv:national_network": null, "hgv": "designated", "foot": null, "bridge": null, "bicycle": null }, "geometry": { "type": "LineString", "coordinates": [ [ -94.56365, 38.9397147 ], [ -94.5669745, 38.9398632 ] ] } },
{ "type": "Feature", "properties": { "full_id": "w525719224", "osm_id": "525719224", "osm_type": "way", "change:lanes": null, "maxheight:signed": null, "destination:ref": null, "destination": null, "name": null, "minspeed": "40 mph", "destination:lanes": null, "maxweight": null, "turn:lanes": null, "surface": "asphalt", "source:hgv:national_network": null, "ref": "I 435;US 50", "placement": null, "oneway": "yes", "maxspeed": "65 mph", "lit": null, "layer": null, "lanes": "5", "horse": null, "highway": "motorway", "hgv:national_network": null, "hgv": null, "foot": null, "bridge": null, "bicycle": null }, "geometry": { "type": "LineString", "coordinates": [ [ -94.5601797, 38.9393359 ], [ -94.5582602, 38.9392493 ] ] } },
{ "type": "Feature", "properties": { "full_id": "w525719225", "osm_id": "525719225", "osm_type": "way", "change:lanes": null, "maxheight:signed": null, "destination:ref": null, "destination": null, "name": "Lamar Hunt Memorial Highway", "minspeed": "40 mph", "destination:lanes": "||12th Street;Truman Road|23rd Street", "maxweight": null, "turn:lanes": "|||slight_right", "surface": "asphalt", "source:hgv:national_network": null, "ref": "I 435;US 24", "placement": null, "oneway": "yes", "maxspeed": "65 mph", "lit": null, "layer": null, "lanes": "4", "horse": null, "highway": "motorway", "hgv:national_network": null, "hgv": null, "foot": null, "bridge": null, "bicycle": null }, "geometry": { "type": "LineString", "coordinates": [ [ -94.4881507, 39.0725275 ], [ -94.4882719, 39.0728643 ], [ -94.4905707, 39.0787916 ], [ -94.490772, 39.0795987 ] ] } },
{ "type": "Feature", "properties": { "full_id": "w525719226", "osm_id": "525719226", "osm_type": "way", "change:lanes": null, "maxheight:signed": null, "destination:ref": null, "destination": null, "name": "Lamar Hunt Memorial Highway", "minspeed": "40 mph", "destination:lanes": null, "maxweight": null, "turn:lanes": null, "surface": "asphalt", "source:hgv:national_network": null, "ref": "I 435;US 24", "placement": null, "oneway": "yes", "maxspeed": "65 mph", "lit": null, "layer": null, "lanes": "3", "horse": null, "highway": "motorway", "hgv:national_network": null, "hgv": null, "foot": null, "bridge": null, "bicycle": null }, "geometry": { "type": "LineString", "coordinates": [ [ -94.490772, 39.0795987 ], [ -94.4908177, 39.0798593 ], [ -94.4908368, 39.0804409 ], [ -94.4907894, 39.0809207 ], [ -94.4906954, 39.0814332 ], [ -94.4906338, 39.0817366 ], [ -94.4905346, 39.0819817 ] ] } },
{ "type": "Feature", "properties": { "full_id": "w525719227", "osm_id": "525719227", "osm_type": "way", "change:lanes": null, "maxheight:signed": null, "destination:ref": null, "destination": null, "name": "Lamar Hunt Memorial Highway", "minspeed": "40 mph", "destination:lanes": null, "maxweight": null, "turn:lanes": null, "surface": "asphalt", "source:hgv:national_network": null, "ref": "I 435;US 24", "placement": null, "oneway": "yes", "maxspeed": "65 mph", "lit": null, "layer": null, "lanes": "3", "horse": null, "highway": "motorway", "hgv:national_network": null, "hgv": null, "foot": null, "bridge": null, "bicycle": null }, "geometry": { "type": "LineString", "coordinates": [ [ -94.4903451, 39.0824299 ], [ -94.4899121, 39.0832353 ], [ -94.4890148, 39.0845398 ] ] } },
{ "type": "Feature", "properties": { "full_id": "w525719228", "osm_id": "525719228", "osm_type": "way", "change:lanes": null, "maxheight:signed": null, "destination:ref": null, "destination": null, "name": "Lamar Hunt Memorial Highway", "minspeed": "40 mph", "destination:lanes": null, "maxweight": "65 st", "turn:lanes": null, "surface": "concrete", "source:hgv:national_network": null, "ref": "I 435;US 24", "placement": null, "oneway": "yes", "maxspeed": "65 mph", "lit": null, "layer": "1", "lanes": "3", "horse": null, "highway": "motorway", "hgv:national_network": null, "hgv": null, "foot": null, "bridge": "yes", "bicycle": null }, "geometry": { "type": "LineString", "coordinates": [ [ -94.4905346, 39.0819817 ], [ -94.4903451, 39.0824299 ] ] } },
{ "type": "Feature", "properties": { "full_id": "w525719229", "osm_id": "525719229", "osm_type": "way", "change:lanes": null, "maxheight:signed": null, "destination:ref": null, "destination": null, "name": "Lamar Hunt Memorial Highway", "minspeed": "40 mph", "destination:lanes": null, "maxweight": null, "turn:lanes": null, "surface": "asphalt", "source:hgv:national_network": null, "ref": "I 435;US 24", "placement": null, "oneway": "yes", "maxspeed": "65 mph", "lit": null, "layer": null, "lanes": "4", "horse": null, "highway": "motorway", "hgv:national_network": null, "hgv": null, "foot": null, "bridge": null, "bicycle": null }, "geometry": { "type": "LineString", "coordinates": [ [ -94.4890148, 39.0845398 ], [ -94.4879205, 39.0863586 ], [ -94.4875735, 39.0871677 ], [ -94.4875062, 39.0873826 ] ] } },
{ "type": "Feature", "properties": { "full_id": "w525719230", "osm_id": "525719230", "osm_type": "way", "change:lanes": null, "maxheight:signed": null, "destination:ref": null, "destination": null, "name": "Lamar Hunt Memorial Highway", "minspeed": "40 mph", "destination:lanes": null, "maxweight": null, "turn:lanes": null, "surface": "asphalt", "source:hgv:national_network": null, "ref": "I 435;US 24", "placement": null, "oneway": "yes", "maxspeed": "65 mph", "lit": null, "layer": null, "lanes": "3", "horse": null, "highway": "motorway", "hgv:national_network": null, "hgv": null, "foot": null, "bridge": null, "bicycle": null }, "geometry": { "type": "LineString", "coordinates": [ [ -94.4872175, 39.0895338 ], [ -94.4872728, 39.0900827 ], [ -94.487309, 39.0904048 ], [ -94.48753, 39.0926735 ] ] } },
{ "type": "Feature", "properties": { "full_id": "w525719231", "osm_id": "525719231", "osm_type": "way", "change:lanes": null, "maxheight:signed": null, "destination:ref": null, "destination": null, "name": "Lamar Hunt Memorial Highway", "minspeed": "40 mph", "destination:lanes": null, "maxweight": null, "turn:lanes": null, "surface": "asphalt", "source:hgv:national_network": null, "ref": "I 435;US 24", "placement": null, "oneway": "yes", "maxspeed": "65 mph", "lit": null, "layer": null, "lanes": "3", "horse": null, "highway": "motorway", "hgv:national_network": null, "hgv": null, "foot": null, "bridge": null, "bicycle": null }, "geometry": { "type": "LineString", "coordinates": [ [ -94.4876189, 39.0931925 ], [ -94.4877227, 39.0940467 ], [ -94.4878171, 39.0949527 ], [ -94.4878445, 39.0952161 ], [ -94.4878457, 39.0956776 ], [ -94.4878466, 39.0962849 ], [ -94.4878084, 39.096795 ], [ -94.4877452, 39.0971695 ], [ -94.4874791, 39.0982233 ], [ -94.4865273, 39.1014019 ], [ -94.4863559, 39.102137 ] ] } },
{ "type": "Feature", "properties": { "full_id": "w525719232", "osm_id": "525719232", "osm_type": "way", "change:lanes": null, "maxheight:signed": null, "destination:ref": null, "destination": null, "name": "Lamar Hunt Memorial Highway", "minspeed": "40 mph", "destination:lanes": null, "maxweight": null, "turn:lanes": null, "surface": "concrete", "source:hgv:national_network": null, "ref": "I 435;US 24", "placement": null, "oneway": "yes", "maxspeed": "65 mph", "lit": null, "layer": "1", "lanes": "3", "horse": null, "highway": "motorway", "hgv:national_network": null, "hgv": null, "foot": null, "bridge": "yes", "bicycle": null }, "geometry": { "type": "LineString", "coordinates": [ [ -94.48753, 39.0926735 ], [ -94.4876189, 39.0931925 ] ] } },
{ "type": "Feature", "properties": { "full_id": "w525719233", "osm_id": "525719233", "osm_type": "way", "change:lanes": null, "maxheight:signed": null, "destination:ref": null, "destination": null, "name": "Lamar Hunt Memorial Highway", "minspeed": "40 mph", "destination:lanes": null, "maxweight": null, "turn:lanes": null, "surface": null, "source:hgv:national_network": null, "ref": "I 435", "placement": null, "oneway": "yes", "maxspeed": "65 mph", "lit": null, "layer": null, "lanes": "3", "horse": null, "highway": "motorway", "hgv:national_network": null, "hgv": null, "foot": null, "bridge": null, "bicycle": null }, "geometry": { "type": "LineString", "coordinates": [ [ -94.4860446, 39.1068942 ], [ -94.4857695, 39.112323 ], [ -94.4858263, 39.1131367 ] ] } },
{ "type": "Feature", "properties": { "full_id": "w525719234", "osm_id": "525719234", "osm_type": "way", "change:lanes": null, "maxheight:signed": null, "destination:ref": null, "destination": null, "name": "Lamar Hunt Memorial Highway", "minspeed": "40 mph", "destination:lanes": null, "maxweight": null, "turn:lanes": null, "surface": null, "source:hgv:national_network": null, "ref": "I 435", "placement": null, "oneway": "yes", "maxspeed": "65 mph", "lit": null, "layer": "1", "lanes": "3", "horse": null, "highway": "motorway", "hgv:national_network": null, "hgv": null, "foot": null, "bridge": "yes", "bicycle": null }, "geometry": { "type": "LineString", "coordinates": [ [ -94.4860491, 39.1064391 ], [ -94.4860446, 39.1068942 ] ] } },
{ "type": "Feature", "properties": { "full_id": "w525719235", "osm_id": "525719235", "osm_type": "way", "change:lanes": null, "maxheight:signed": null, "destination:ref": null, "destination": null, "name": "Lamar Hunt Memorial Highway", "minspeed": "40 mph", "destination:lanes": null, "maxweight": null, "turn:lanes": null, "surface": null, "source:hgv:national_network": null, "ref": "I 435", "placement": null, "oneway": "yes", "maxspeed": "65 mph", "lit": null, "layer": null, "lanes": "3", "horse": null, "highway": "motorway", "hgv:national_network": null, "hgv": null, "foot": null, "bridge": null, "bicycle": null }, "geometry": { "type": "LineString", "coordinates": [ [ -94.4867064, 39.1157464 ], [ -94.4871668, 39.1164022 ], [ -94.487596, 39.1169308 ], [ -94.4884097, 39.1177316 ] ] } },
{ "type": "Feature", "properties": { "full_id": "w525719236", "osm_id": "525719236", "osm_type": "way", "change:lanes": null, "maxheight:signed": null, "destination:ref": null, "destination": null, "name": "Lamar Hunt Memorial Highway", "minspeed": "40 mph", "destination:lanes": null, "maxweight": "50 st", "turn:lanes": null, "surface": null, "source:hgv:national_network": null, "ref": "I 435", "placement": null, "oneway": "yes", "maxspeed": "65 mph", "lit": null, "layer": "1", "lanes": "3", "horse": null, "highway": "motorway", "hgv:national_network": null, "hgv": null, "foot": null, "bridge": "yes", "bicycle": null }, "geometry": { "type": "LineString", "coordinates": [ [ -94.4858263, 39.1131367 ], [ -94.4859111, 39.113652 ], [ -94.4860487, 39.1142754 ], [ -94.4863013, 39.1148984 ], [ -94.4867064, 39.1157464 ] ] } },
{ "type": "Feature", "properties": { "full_id": "w525719237", "osm_id": "525719237", "osm_type": "way", "change:lanes": null, "maxheight:signed": null, "destination:ref": null, "destination": null, "name": "Lamar Hunt Memorial Highway", "minspeed": "40 mph", "destination:lanes": null, "maxweight": null, "turn:lanes": null, "surface": null, "source:hgv:national_network": null, "ref": "I 435", "placement": null, "oneway": "yes", "maxspeed": "65 mph", "lit": null, "layer": null, "lanes": "3", "horse": null, "highway": "motorway", "hgv:national_network": null, "hgv": null, "foot": null, "bridge": null, "bicycle": null }, "geometry": { "type": "LineString", "coordinates": [ [ -94.4920038, 39.1211527 ], [ -94.4936722, 39.1227799 ], [ -94.4952777, 39.1243376 ], [ -94.4960356, 39.1250725 ] ] } },
{ "type": "Feature", "properties": { "full_id": "w525719238", "osm_id": "525719238", "osm_type": "way", "change:lanes": null, "maxheight:signed": null, "destination:ref": null, "destination": null, "name": "Lamar Hunt Memorial Highway", "minspeed": "40 mph", "destination:lanes": null, "maxweight": null, "turn:lanes": null, "surface": null, "source:hgv:national_network": null, "ref": "I 435", "placement": null, "oneway": "yes", "maxspeed": "65 mph", "lit": null, "layer": "1", "lanes": "3", "horse": null, "highway": "motorway", "hgv:national_network": null, "hgv": null, "foot": null, "bridge": "yes", "bicycle": null }, "geometry": { "type": "LineString", "coordinates": [ [ -94.4915586, 39.1207448 ], [ -94.4920038, 39.1211527 ] ] } },
{ "type": "Feature", "properties": { "full_id": "w525719239", "osm_id": "525719239", "osm_type": "way", "change:lanes": null, "maxheight:signed": null, "destination:ref": null, "destination": null, "name": "Lamar Hunt Memorial Highway", "minspeed": "40 mph", "destination:lanes": null, "maxweight": null, "turn:lanes": null, "surface": null, "source:hgv:national_network": null, "ref": "I 435", "placement": null, "oneway": "yes", "maxspeed": "65 mph", "lit": null, "layer": null, "lanes": "3", "horse": null, "highway": "motorway", "hgv:national_network": null, "hgv": null, "foot": null, "bridge": null, "bicycle": null }, "geometry": { "type": "LineString", "coordinates": [ [ -94.4904857, 39.1197002 ], [ -94.4915586, 39.1207448 ] ] } },
{ "type": "Feature", "properties": { "full_id": "w525719240", "osm_id": "525719240", "osm_type": "way", "change:lanes": null, "maxheight:signed": null, "destination:ref": null, "destination": null, "name": "Lamar Hunt Memorial Highway", "minspeed": "40 mph", "destination:lanes": null, "maxweight": null, "turn:lanes": null, "surface": null, "source:hgv:national_network": null, "ref": "I 435", "placement": null, "oneway": "yes", "maxspeed": "65 mph", "lit": null, "layer": "1", "lanes": "3", "horse": null, "highway": "motorway", "hgv:national_network": null, "hgv": null, "foot": null, "bridge": "yes", "bicycle": null }, "geometry": { "type": "LineString", "coordinates": [ [ -94.4884097, 39.1177316 ], [ -94.4904857, 39.1197002 ] ] } },
{ "type": "Feature", "properties": { "full_id": "w525719241", "osm_id": "525719241", "osm_type": "way", "change:lanes": null, "maxheight:signed": null, "destination:ref": null, "destination": null, "name": "Lamar Hunt Memorial Highway", "minspeed": "40 mph", "destination:lanes": null, "maxweight": null, "turn:lanes": null, "surface": null, "source:hgv:national_network": null, "ref": "I 435", "placement": null, "oneway": "yes", "maxspeed": "65 mph", "lit": null, "layer": null, "lanes": "3", "horse": null, "highway": "motorway", "hgv:national_network": null, "hgv": null, "foot": null, "bridge": null, "bicycle": null }, "geometry": { "type": "LineString", "coordinates": [ [ -94.4979227, 39.1275659 ], [ -94.4981423, 39.1280066 ], [ -94.4982966, 39.1283481 ], [ -94.49859, 39.1290979 ], [ -94.4987527, 39.1298327 ] ] } },
{ "type": "Feature", "properties": { "full_id": "w525719242", "osm_id": "525719242", "osm_type": "way", "change:lanes": null, "maxheight:signed": null, "destination:ref": null, "destination": null, "name": "Lamar Hunt Memorial Highway", "minspeed": "40 mph", "destination:lanes": null, "maxweight": "60 st", "turn:lanes": null, "surface": null, "source:hgv:national_network": null, "ref": "I 435", "placement": null, "oneway": "yes", "maxspeed": "65 mph", "lit": null, "layer": "1", "lanes": "3", "horse": null, "highway": "motorway", "hgv:national_network": null, "hgv": null, "foot": null, "bridge": "yes", "bicycle": null }, "geometry": { "type": "LineString", "coordinates": [ [ -94.4960356, 39.1250725 ], [ -94.4969239, 39.1260902 ], [ -94.4971023, 39.1262887 ] ] } },
{ "type": "Feature", "properties": { "full_id": "w525719243", "osm_id": "525719243", "osm_type": "way", "change:lanes": null, "maxheight:signed": null, "destination:ref": null, "destination": null, "name": "Lamar Hunt Memorial Highway", "minspeed": "40 mph", "destination:lanes": null, "maxweight": null, "turn:lanes": null, "surface": null, "source:hgv:national_network": null, "ref": "I 435", "placement": null, "oneway": "yes", "maxspeed": "65 mph", "lit": null, "layer": "1", "lanes": "3", "horse": null, "highway": "motorway", "hgv:national_network": null, "hgv": null, "foot": null, "bridge": "yes", "bicycle": null }, "geometry": { "type": "LineString", "coordinates": [ [ -94.4987527, 39.1298327 ], [ -94.4988548, 39.1302682 ] ] } },
{ "type": "Feature", "properties": { "full_id": "w525719244", "osm_id": "525719244", "osm_type": "way", "change:lanes": null, "maxheight:signed": null, "destination:ref": null, "destination": null, "name": "Lamar Hunt Memorial Highway", "minspeed": "40 mph", "destination:lanes": null, "maxweight": null, "turn:lanes": null, "surface": null, "source:hgv:national_network": null, "ref": "I 435", "placement": null, "oneway": "yes", "maxspeed": "65 mph", "lit": null, "layer": null, "lanes": "3", "horse": null, "highway": "motorway", "hgv:national_network": null, "hgv": null, "foot": null, "bridge": null, "bicycle": null }, "geometry": { "type": "LineString", "coordinates": [ [ -94.4988548, 39.1302682 ], [ -94.4989664, 39.1314138 ], [ -94.4989409, 39.1321957 ], [ -94.4988108, 39.1336332 ], [ -94.4987853, 39.1356323 ], [ -94.4985789, 39.1400545 ], [ -94.498422, 39.1450371 ] ] } },
{ "type": "Feature", "properties": { "full_id": "w525719245", "osm_id": "525719245", "osm_type": "way", "change:lanes": null, "maxheight:signed": null, "destination:ref": null, "destination": null, "name": "Lamar Hunt Memorial Highway", "minspeed": "40 mph", "destination:lanes": null, "maxweight": "50 st", "turn:lanes": null, "surface": null, "source:hgv:national_network": null, "ref": "I 435", "placement": null, "oneway": "yes", "maxspeed": "65 mph", "lit": null, "layer": "1", "lanes": "3", "horse": null, "highway": "motorway", "hgv:national_network": null, "hgv": null, "foot": null, "bridge": "yes", "bicycle": null }, "geometry": { "type": "LineString", "coordinates": [ [ -94.498422, 39.1450371 ], [ -94.4981929, 39.150401 ], [ -94.4980014, 39.1549562 ] ] } },
{ "type": "Feature", "properties": { "full_id": "w525720904", "osm_id": "525720904", "osm_type": "way", "change:lanes": null, "maxheight:signed": null, "destination:ref": null, "destination": null, "name": "Lamar Hunt Memorial Highway", "minspeed": "40 mph", "destination:lanes": null, "maxweight": "50 st", "turn:lanes": null, "surface": null, "source:hgv:national_network": null, "ref": "I 435", "placement": null, "oneway": "yes", "maxspeed": "65 mph", "lit": null, "layer": "1", "lanes": "3", "horse": null, "highway": "motorway", "hgv:national_network": null, "hgv": null, "foot": null, "bridge": "yes", "bicycle": null }, "geometry": { "type": "LineString", "coordinates": [ [ -94.4981478, 39.1549606 ], [ -94.4982701, 39.1516806 ], [ -94.4985675, 39.1450474 ] ] } },
{ "type": "Feature", "properties": { "full_id": "w525720905", "osm_id": "525720905", "osm_type": "way", "change:lanes": null, "maxheight:signed": null, "destination:ref": null, "destination": null, "name": "Lamar Hunt Memorial Highway", "minspeed": "40 mph", "destination:lanes": null, "maxweight": null, "turn:lanes": null, "surface": null, "source:hgv:national_network": null, "ref": "I 435", "placement": null, "oneway": "yes", "maxspeed": "65 mph", "lit": null, "layer": null, "lanes": "3", "horse": null, "highway": "motorway", "hgv:national_network": null, "hgv": null, "foot": null, "bridge": null, "bicycle": null }, "geometry": { "type": "LineString", "coordinates": [ [ -94.4985675, 39.1450474 ], [ -94.4986256, 39.1441531 ], [ -94.4987404, 39.1430547 ], [ -94.4989828, 39.1363453 ], [ -94.4990364, 39.1353396 ] ] } },
{ "type": "Feature", "properties": { "full_id": "w525720906", "osm_id": "525720906", "osm_type": "way", "change:lanes": null, "maxheight:signed": null, "destination:ref": null, "destination": null, "name": "Lamar Hunt Memorial Highway", "minspeed": "40 mph", "destination:lanes": null, "maxweight": null, "turn:lanes": null, "surface": null, "source:hgv:national_network": null, "ref": "I 435", "placement": null, "oneway": "yes", "maxspeed": "65 mph", "lit": null, "layer": null, "lanes": "3", "horse": null, "highway": "motorway", "hgv:national_network": null, "hgv": null, "foot": null, "bridge": null, "bicycle": null }, "geometry": { "type": "LineString", "coordinates": [ [ -94.4990533, 39.1298101 ], [ -94.4987195, 39.1287813 ], [ -94.4982504, 39.1276546 ], [ -94.4980672, 39.1272408 ], [ -94.4974203, 39.1262478 ] ] } },
{ "type": "Feature", "properties": { "full_id": "w525720907", "osm_id": "525720907", "osm_type": "way", "change:lanes": null, "maxheight:signed": null, "destination:ref": null, "destination": null, "name": "Lamar Hunt Memorial Highway", "minspeed": "40 mph", "destination:lanes": null, "maxweight": null, "turn:lanes": null, "surface": null, "source:hgv:national_network": null, "ref": "I 435", "placement": null, "oneway": "yes", "maxspeed": "65 mph", "lit": null, "layer": "1", "lanes": "3", "horse": null, "highway": "motorway", "hgv:national_network": null, "hgv": null, "foot": null, "bridge": "yes", "bicycle": null }, "geometry": { "type": "LineString", "coordinates": [ [ -94.4991345, 39.130286 ], [ -94.4990533, 39.1298101 ] ] } },
{ "type": "Feature", "properties": { "full_id": "w525720908", "osm_id": "525720908", "osm_type": "way", "change:lanes": null, "maxheight:signed": null, "destination:ref": null, "destination": null, "name": "Lamar Hunt Memorial Highway", "minspeed": "40 mph", "destination:lanes": null, "maxweight": null, "turn:lanes": null, "surface": null, "source:hgv:national_network": null, "ref": "I 435", "placement": null, "oneway": "yes", "maxspeed": "65 mph", "lit": null, "layer": null, "lanes": "3", "horse": null, "highway": "motorway", "hgv:national_network": null, "hgv": null, "foot": null, "bridge": null, "bicycle": null }, "geometry": { "type": "LineString", "coordinates": [ [ -94.4962871, 39.1249644 ], [ -94.4923046, 39.1211346 ] ] } },
{ "type": "Feature", "properties": { "full_id": "w525720909", "osm_id": "525720909", "osm_type": "way", "change:lanes": null, "maxheight:signed": null, "destination:ref": null, "destination": null, "name": "Lamar Hunt Memorial Highway", "minspeed": "40 mph", "destination:lanes": null, "maxweight": "60 st", "turn:lanes": null, "surface": null, "source:hgv:national_network": null, "ref": "I 435", "placement": null, "oneway": "yes", "maxspeed": "65 mph", "lit": null, "layer": "1", "lanes": "3", "horse": null, "highway": "motorway", "hgv:national_network": null, "hgv": null, "foot": null, "bridge": "yes", "bicycle": null }, "geometry": { "type": "LineString", "coordinates": [ [ -94.4974203, 39.1262478 ], [ -94.4962871, 39.1249644 ] ] } },
{ "type": "Feature", "properties": { "full_id": "w525720910", "osm_id": "525720910", "osm_type": "way", "change:lanes": null, "maxheight:signed": null, "destination:ref": null, "destination": null, "name": "Lamar Hunt Memorial Highway", "minspeed": "40 mph", "destination:lanes": null, "maxweight": null, "turn:lanes": null, "surface": null, "source:hgv:national_network": null, "ref": "I 435", "placement": null, "oneway": "yes", "maxspeed": "65 mph", "lit": null, "layer": null, "lanes": "3", "horse": null, "highway": "motorway", "hgv:national_network": null, "hgv": null, "foot": null, "bridge": null, "bicycle": null }, "geometry": { "type": "LineString", "coordinates": [ [ -94.4918627, 39.1207098 ], [ -94.4907944, 39.1196908 ] ] } },
{ "type": "Feature", "properties": { "full_id": "w525720912", "osm_id": "525720912", "osm_type": "way", "change:lanes": null, "maxheight:signed": null, "destination:ref": null, "destination": null, "name": "Lamar Hunt Memorial Highway", "minspeed": "40 mph", "destination:lanes": null, "maxweight": null, "turn:lanes": null, "surface": null, "source:hgv:national_network": null, "ref": "I 435", "placement": null, "oneway": "yes", "maxspeed": "65 mph", "lit": null, "layer": "1", "lanes": "3", "horse": null, "highway": "motorway", "hgv:national_network": null, "hgv": null, "foot": null, "bridge": "yes", "bicycle": null }, "geometry": { "type": "LineString", "coordinates": [ [ -94.4923046, 39.1211346 ], [ -94.4918627, 39.1207098 ] ] } },
{ "type": "Feature", "properties": { "full_id": "w525720914", "osm_id": "525720914", "osm_type": "way", "change:lanes": null, "maxheight:signed": null, "destination:ref": null, "destination": null, "name": "Lamar Hunt Memorial Highway", "minspeed": "40 mph", "destination:lanes": null, "maxweight": null, "turn:lanes": null, "surface": null, "source:hgv:national_network": null, "ref": "I 435", "placement": null, "oneway": "yes", "maxspeed": "65 mph", "lit": null, "layer": null, "lanes": "3", "horse": null, "highway": "motorway", "hgv:national_network": null, "hgv": null, "foot": null, "bridge": null, "bicycle": null }, "geometry": { "type": "LineString", "coordinates": [ [ -94.4886689, 39.1176416 ], [ -94.4877889, 39.116794 ], [ -94.4872356, 39.1160637 ], [ -94.4870103, 39.1156724 ] ] } },
{ "type": "Feature", "properties": { "full_id": "w525720918", "osm_id": "525720918", "osm_type": "way", "change:lanes": null, "maxheight:signed": null, "destination:ref": null, "destination": null, "name": "Lamar Hunt Memorial Highway", "minspeed": "40 mph", "destination:lanes": null, "maxweight": null, "turn:lanes": null, "surface": null, "source:hgv:national_network": null, "ref": "I 435", "placement": null, "oneway": "yes", "maxspeed": "65 mph", "lit": null, "layer": "1", "lanes": "3", "horse": null, "highway": "motorway", "hgv:national_network": null, "hgv": null, "foot": null, "bridge": "yes", "bicycle": null }, "geometry": { "type": "LineString", "coordinates": [ [ -94.4907944, 39.1196908 ], [ -94.4886689, 39.1176416 ] ] } },
{ "type": "Feature", "properties": { "full_id": "w525720922", "osm_id": "525720922", "osm_type": "way", "change:lanes": null, "maxheight:signed": null, "destination:ref": null, "destination": null, "name": "Lamar Hunt Memorial Highway", "minspeed": "40 mph", "destination:lanes": null, "maxweight": null, "turn:lanes": null, "surface": null, "source:hgv:national_network": null, "ref": "I 435", "placement": null, "oneway": "yes", "maxspeed": "65 mph", "lit": null, "layer": null, "lanes": "3", "horse": null, "highway": "motorway", "hgv:national_network": null, "hgv": null, "foot": null, "bridge": null, "bicycle": null }, "geometry": { "type": "LineString", "coordinates": [ [ -94.4860896, 39.1130791 ], [ -94.4860452, 39.1120935 ], [ -94.4863195, 39.1069044 ] ] } },
{ "type": "Feature", "properties": { "full_id": "w525720925", "osm_id": "525720925", "osm_type": "way", "change:lanes": null, "maxheight:signed": null, "destination:ref": null, "destination": null, "name": "Lamar Hunt Memorial Highway", "minspeed": "40 mph", "destination:lanes": null, "maxweight": "50 st", "turn:lanes": null, "surface": null, "source:hgv:national_network": null, "ref": "I 435", "placement": null, "oneway": "yes", "maxspeed": "65 mph", "lit": null, "layer": "1", "lanes": "3", "horse": null, "highway": "motorway", "hgv:national_network": null, "hgv": null, "foot": null, "bridge": "yes", "bicycle": null }, "geometry": { "type": "LineString", "coordinates": [ [ -94.4870103, 39.1156724 ], [ -94.4864846, 39.1146486 ], [ -94.4863559, 39.1142656 ], [ -94.4861628, 39.113583 ], [ -94.4860896, 39.1130791 ] ] } },
{ "type": "Feature", "properties": { "full_id": "w525720929", "osm_id": "525720929", "osm_type": "way", "change:lanes": null, "maxheight:signed": null, "destination:ref": null, "destination": null, "name": "Lamar Hunt Memorial Highway", "minspeed": "40 mph", "destination:lanes": null, "maxweight": null, "turn:lanes": null, "surface": null, "source:hgv:national_network": null, "ref": "I 435", "placement": null, "oneway": "yes", "maxspeed": "65 mph", "lit": null, "layer": null, "lanes": "3", "horse": null, "highway": "motorway", "hgv:national_network": null, "hgv": null, "foot": null, "bridge": null, "bicycle": null }, "geometry": { "type": "LineString", "coordinates": [ [ -94.486379, 39.105531 ], [ -94.4864155, 39.1042527 ], [ -94.486542, 39.1028753 ] ] } },
{ "type": "Feature", "properties": { "full_id": "w525720932", "osm_id": "525720932", "osm_type": "way", "change:lanes": null, "maxheight:signed": null, "destination:ref": null, "destination": null, "name": "Lamar Hunt Memorial Highway", "minspeed": "40 mph", "destination:lanes": null, "maxweight": null, "turn:lanes": null, "surface": null, "source:hgv:national_network": null, "ref": "I 435", "placement": null, "oneway": "yes", "maxspeed": "65 mph", "lit": null, "layer": "1", "lanes": "3", "horse": null, "highway": "motorway", "hgv:national_network": null, "hgv": null, "foot": null, "bridge": "yes", "bicycle": null }, "geometry": { "type": "LineString", "coordinates": [ [ -94.4863195, 39.1069044 ], [ -94.4863581, 39.1064358 ] ] } },
{ "type": "Feature", "properties": { "full_id": "w525720936", "osm_id": "525720936", "osm_type": "way", "change:lanes": null, "maxheight:signed": null, "destination:ref": null, "destination": null, "name": "Lamar Hunt Memorial Highway", "minspeed": "40 mph", "destination:lanes": null, "maxweight": null, "turn:lanes": null, "surface": null, "source:hgv:national_network": null, "ref": "I 435;US 24", "placement": null, "oneway": "yes", "maxspeed": "65 mph", "lit": null, "layer": null, "lanes": "3", "horse": null, "highway": "motorway", "hgv:national_network": null, "hgv": null, "foot": null, "bridge": null, "bicycle": null }, "geometry": { "type": "LineString", "coordinates": [ [ -94.487555, 39.098964 ], [ -94.4879401, 39.0975 ], [ -94.4880422, 39.0971089 ], [ -94.4881267, 39.096551 ], [ -94.4881267, 39.0959931 ], [ -94.4878813, 39.0932576 ] ] } },
{ "type": "Feature", "properties": { "full_id": "w525720939", "osm_id": "525720939", "osm_type": "way", "change:lanes": null, "maxheight:signed": null, "destination:ref": null, "destination": null, "name": "Lamar Hunt Memorial Highway", "minspeed": "40 mph", "destination:lanes": "||23rd Street|Truman Road;12th Street", "maxweight": null, "turn:lanes": "|||slight_right", "surface": null, "source:hgv:national_network": null, "ref": "I 435;US 24", "placement": null, "oneway": "yes", "maxspeed": "65 mph", "lit": null, "layer": null, "lanes": "4", "horse": null, "highway": "motorway", "hgv:national_network": null, "hgv": null, "foot": null, "bridge": null, "bicycle": null }, "geometry": { "type": "LineString", "coordinates": [ [ -94.486542, 39.1028753 ], [ -94.4867217, 39.1015843 ], [ -94.487555, 39.098964 ] ] } },
{ "type": "Feature", "properties": { "full_id": "w525720942", "osm_id": "525720942", "osm_type": "way", "change:lanes": null, "maxheight:signed": null, "destination:ref": null, "destination": null, "name": "Lamar Hunt Memorial Highway", "minspeed": "40 mph", "destination:lanes": "||Saint Louis;Kansas City;Sports Complex|23rd Street", "maxweight": null, "turn:lanes": "|||slight_right", "surface": null, "source:hgv:national_network": null, "ref": "I 435;US 24", "placement": null, "oneway": "yes", "maxspeed": "65 mph", "lit": null, "layer": null, "lanes": "4", "horse": null, "highway": "motorway", "hgv:national_network": null, "hgv": null, "foot": null, "bridge": null, "bicycle": null }, "geometry": { "type": "LineString", "coordinates": [ [ -94.4875001, 39.0894471 ], [ -94.487501, 39.0887506 ], [ -94.4876531, 39.0879148 ], [ -94.4879338, 39.0869988 ], [ -94.4881616, 39.0864642 ], [ -94.4883637, 39.0861002 ], [ -94.4894636, 39.0843611 ] ] } },
{ "type": "Feature", "properties": { "full_id": "w525720945", "osm_id": "525720945", "osm_type": "way", "change:lanes": null, "maxheight:signed": null, "destination:ref": null, "destination": null, "name": "Lamar Hunt Memorial Highway", "minspeed": "40 mph", "destination:lanes": null, "maxweight": null, "turn:lanes": null, "surface": null, "source:hgv:national_network": null, "ref": "I 435;US 24", "placement": null, "oneway": "yes", "maxspeed": "65 mph", "lit": null, "layer": null, "lanes": "3", "horse": null, "highway": "motorway", "hgv:national_network": null, "hgv": null, "foot": null, "bridge": null, "bicycle": null }, "geometry": { "type": "LineString", "coordinates": [ [ -94.4878317, 39.0927028 ], [ -94.4875957, 39.0908461 ], [ -94.4875383, 39.0902272 ], [ -94.4875001, 39.0894471 ] ] } },
{ "type": "Feature", "properties": { "full_id": "w525720948", "osm_id": "525720948", "osm_type": "way", "change:lanes": null, "maxheight:signed": null, "destination:ref": null, "destination": null, "name": "Lamar Hunt Memorial Highway", "minspeed": "40 mph", "destination:lanes": null, "maxweight": null, "turn:lanes": null, "surface": null, "source:hgv:national_network": null, "ref": "I 435;US 24", "placement": null, "oneway": "yes", "maxspeed": "65 mph", "lit": null, "layer": "1", "lanes": "3", "horse": null, "highway": "motorway", "hgv:national_network": null, "hgv": null, "foot": null, "bridge": "yes", "bicycle": null }, "geometry": { "type": "LineString", "coordinates": [ [ -94.4878813, 39.0932576 ], [ -94.4878317, 39.0927028 ] ] } },
{ "type": "Feature", "properties": { "full_id": "w525720952", "osm_id": "525720952", "osm_type": "way", "change:lanes": null, "maxheight:signed": null, "destination:ref": null, "destination": null, "name": "Lamar Hunt Memorial Highway", "minspeed": "40 mph", "destination:lanes": null, "maxweight": null, "turn:lanes": null, "surface": null, "source:hgv:national_network": null, "ref": "I 435;US 24", "placement": null, "oneway": "yes", "maxspeed": "65 mph", "lit": null, "layer": null, "lanes": "3", "horse": null, "highway": "motorway", "hgv:national_network": null, "hgv": null, "foot": null, "bridge": null, "bicycle": null }, "geometry": { "type": "LineString", "coordinates": [ [ -94.4894636, 39.0843611 ], [ -94.4904409, 39.0827502 ], [ -94.4905979, 39.0825083 ] ] } },
{ "type": "Feature", "properties": { "full_id": "w525720956", "osm_id": "525720956", "osm_type": "way", "change:lanes": null, "maxheight:signed": null, "destination:ref": null, "destination": null, "name": "Lamar Hunt Memorial Highway", "minspeed": "40 mph", "destination:lanes": null, "maxweight": null, "turn:lanes": null, "surface": null, "source:hgv:national_network": null, "ref": "I 435;US 24", "placement": null, "oneway": "yes", "maxspeed": "65 mph", "lit": null, "layer": null, "lanes": "3", "horse": null, "highway": "motorway", "hgv:national_network": null, "hgv": null, "foot": null, "bridge": null, "bicycle": null }, "geometry": { "type": "LineString", "coordinates": [ [ -94.490791, 39.0820211 ], [ -94.4909264, 39.0815753 ], [ -94.4910109, 39.0812425 ], [ -94.4910807, 39.0808094 ], [ -94.491152, 39.0800149 ] ] } },
{ "type": "Feature", "properties": { "full_id": "w525720959", "osm_id": "525720959", "osm_type": "way", "change:lanes": null, "maxheight:signed": null, "destination:ref": null, "destination": null, "name": "Lamar Hunt Memorial Highway", "minspeed": "40 mph", "destination:lanes": null, "maxweight": "65 st", "turn:lanes": null, "surface": null, "source:hgv:national_network": null, "ref": "I 435;US 24", "placement": null, "oneway": "yes", "maxspeed": "65 mph", "lit": null, "layer": "1", "lanes": "3", "horse": null, "highway": "motorway", "hgv:national_network": null, "hgv": null, "foot": null, "bridge": "yes", "bicycle": null }, "geometry": { "type": "LineString", "coordinates": [ [ -94.4905979, 39.0825083 ], [ -94.490791, 39.0820211 ] ] } },
{ "type": "Feature", "properties": { "full_id": "w525720963", "osm_id": "525720963", "osm_type": "way", "change:lanes": null, "maxheight:signed": null, "destination:ref": null, "destination": null, "name": "Lamar Hunt Memorial Highway", "minspeed": "40 mph", "destination:lanes": null, "maxweight": null, "turn:lanes": null, "surface": null, "source:hgv:national_network": null, "ref": "I 435;US 24", "placement": null, "oneway": "yes", "maxspeed": "65 mph", "lit": null, "layer": null, "lanes": "4", "horse": null, "highway": "motorway", "hgv:national_network": null, "hgv": null, "foot": null, "bridge": null, "bicycle": null }, "geometry": { "type": "LineString", "coordinates": [ [ -94.491152, 39.0800149 ], [ -94.4910393, 39.0793403 ], [ -94.4908409, 39.0786615 ], [ -94.4892221, 39.0743538 ], [ -94.4884511, 39.072425 ], [ -94.4881893, 39.0716387 ], [ -94.4880794, 39.0711021 ], [ -94.4880343, 39.0704717 ], [ -94.4881353, 39.0678794 ] ] } },
{ "type": "Feature", "properties": { "full_id": "w562317388", "osm_id": "562317388", "osm_type": "way", "change:lanes": null, "maxheight:signed": null, "destination:ref": null, "destination": null, "name": "Lamar Hunt Memorial Highway", "minspeed": "40 mph", "destination:lanes": null, "maxweight": null, "turn:lanes": null, "surface": "concrete", "source:hgv:national_network": null, "ref": "I 435", "placement": null, "oneway": "yes", "maxspeed": "65 mph", "lit": null, "layer": "1", "lanes": "3", "horse": null, "highway": "motorway", "hgv:national_network": null, "hgv": null, "foot": null, "bridge": "yes", "bicycle": null }, "geometry": { "type": "LineString", "coordinates": [ [ -94.4986349, 39.0510774 ], [ -94.4982108, 39.0517395 ] ] } },
{ "type": "Feature", "properties": { "full_id": "w562317389", "osm_id": "562317389", "osm_type": "way", "change:lanes": null, "maxheight:signed": null, "destination:ref": null, "destination": null, "name": "Lamar Hunt Memorial Highway", "minspeed": "40 mph", "destination:lanes": null, "maxweight": null, "turn:lanes": null, "surface": "asphalt", "source:hgv:national_network": null, "ref": "I 435", "placement": null, "oneway": "yes", "maxspeed": "65 mph", "lit": null, "layer": null, "lanes": "3", "horse": null, "highway": "motorway", "hgv:national_network": null, "hgv": null, "foot": null, "bridge": null, "bicycle": null }, "geometry": { "type": "LineString", "coordinates": [ [ -94.4982108, 39.0517395 ], [ -94.4980078, 39.0520127 ], [ -94.4977056, 39.0523805 ], [ -94.4972771, 39.0528009 ] ] } },
{ "type": "Feature", "properties": { "full_id": "w562317390", "osm_id": "562317390", "osm_type": "way", "change:lanes": null, "maxheight:signed": null, "destination:ref": null, "destination": null, "name": "Lamar Hunt Memorial Highway", "minspeed": "40 mph", "destination:lanes": null, "maxweight": "60 st", "turn:lanes": null, "surface": "concrete", "source:hgv:national_network": null, "ref": "I 435", "placement": null, "oneway": "yes", "maxspeed": "65 mph", "lit": null, "layer": "1", "lanes": "3", "horse": null, "highway": "motorway", "hgv:national_network": null, "hgv": null, "foot": null, "bridge": "yes", "bicycle": null }, "geometry": { "type": "LineString", "coordinates": [ [ -94.4972771, 39.0528009 ], [ -94.496729, 39.0532753 ] ] } },
{ "type": "Feature", "properties": { "full_id": "w562317392", "osm_id": "562317392", "osm_type": "way", "change:lanes": null, "maxheight:signed": null, "destination:ref": null, "destination": null, "name": "Lamar Hunt Memorial Highway", "minspeed": "40 mph", "destination:lanes": null, "maxweight": null, "turn:lanes": null, "surface": null, "source:hgv:national_network": null, "ref": "I 435", "placement": null, "oneway": "yes", "maxspeed": "65 mph", "lit": null, "layer": null, "lanes": "3", "horse": null, "highway": "motorway", "hgv:national_network": null, "hgv": null, "foot": null, "bridge": null, "bicycle": null }, "geometry": { "type": "LineString", "coordinates": [ [ -94.4974529, 39.0529711 ], [ -94.4978713, 39.052542 ], [ -94.4981663, 39.0521712 ], [ -94.4984499, 39.0518235 ] ] } },
{ "type": "Feature", "properties": { "full_id": "w562317393", "osm_id": "562317393", "osm_type": "way", "change:lanes": null, "maxheight:signed": null, "destination:ref": null, "destination": null, "name": "Lamar Hunt Memorial Highway", "minspeed": "40 mph", "destination:lanes": null, "maxweight": "60 st", "turn:lanes": null, "surface": null, "source:hgv:national_network": null, "ref": "I 435", "placement": null, "oneway": "yes", "maxspeed": "65 mph", "lit": null, "layer": "1", "lanes": "3", "horse": null, "highway": "motorway", "hgv:national_network": null, "hgv": null, "foot": null, "bridge": "yes", "bicycle": null }, "geometry": { "type": "LineString", "coordinates": [ [ -94.4968805, 39.0534552 ], [ -94.4974529, 39.0529711 ] ] } },
{ "type": "Feature", "properties": { "full_id": "w562317394", "osm_id": "562317394", "osm_type": "way", "change:lanes": null, "maxheight:signed": null, "destination:ref": null, "destination": null, "name": null, "minspeed": "40 mph", "destination:lanes": null, "maxweight": null, "turn:lanes": null, "surface": null, "source:hgv:national_network": null, "ref": "I 435", "placement": null, "oneway": "yes", "maxspeed": "65 mph", "lit": null, "layer": null, "lanes": "3", "horse": null, "highway": "motorway", "hgv:national_network": null, "hgv": null, "foot": null, "bridge": null, "bicycle": null }, "geometry": { "type": "LineString", "coordinates": [ [ -94.4996543, 39.049056 ], [ -94.4997265, 39.048436 ], [ -94.4998557, 39.0459047 ] ] } },
{ "type": "Feature", "properties": { "full_id": "w562317395", "osm_id": "562317395", "osm_type": "way", "change:lanes": null, "maxheight:signed": null, "destination:ref": null, "destination": null, "name": "Lamar Hunt Memorial Highway", "minspeed": "40 mph", "destination:lanes": null, "maxweight": null, "turn:lanes": null, "surface": null, "source:hgv:national_network": null, "ref": "I 435", "placement": null, "oneway": "yes", "maxspeed": "65 mph", "lit": null, "layer": "1", "lanes": "3", "horse": null, "highway": "motorway", "hgv:national_network": null, "hgv": null, "foot": null, "bridge": "yes", "bicycle": null }, "geometry": { "type": "LineString", "coordinates": [ [ -94.4984499, 39.0518235 ], [ -94.498919, 39.0510879 ] ] } },
{ "type": "Feature", "properties": { "full_id": "w562317397", "osm_id": "562317397", "osm_type": "way", "change:lanes": null, "maxheight:signed": null, "destination:ref": null, "destination": null, "name": "Lamar Hunt Memorial Highway", "minspeed": "40 mph", "destination:lanes": null, "maxweight": null, "turn:lanes": null, "surface": "asphalt", "source:hgv:national_network": null, "ref": "I 435", "placement": null, "oneway": "yes", "maxspeed": "65 mph", "lit": null, "layer": null, "lanes": "3", "horse": null, "highway": "motorway", "hgv:national_network": null, "hgv": null, "foot": null, "bridge": null, "bicycle": null }, "geometry": { "type": "LineString", "coordinates": [ [ -94.4993728, 39.0489205 ], [ -94.4993205, 39.0493573 ], [ -94.4991491, 39.0499388 ], [ -94.4989236, 39.0505169 ], [ -94.4986349, 39.0510774 ] ] } },
{ "type": "Feature", "properties": { "full_id": "w562317414", "osm_id": "562317414", "osm_type": "way", "change:lanes": null, "maxheight:signed": null, "destination:ref": null, "destination": null, "name": null, "minspeed": "40 mph", "destination:lanes": "63rd Street;Raytown;Lee's Summit|||Eastwood Trafficway", "maxweight": null, "turn:lanes": "none|none|none|slight_right", "surface": null, "source:hgv:national_network": null, "ref": "I 435", "placement": null, "oneway": "yes", "maxspeed": "65 mph", "lit": null, "layer": null, "lanes": "4", "horse": null, "highway": "motorway", "hgv:national_network": null, "hgv": null, "foot": null, "bridge": null, "bicycle": null }, "geometry": { "type": "LineString", "coordinates": [ [ -94.5001296, 39.0406139 ], [ -94.5004343, 39.0347289 ] ] } },
{ "type": "Feature", "properties": { "full_id": "w562317415", "osm_id": "562317415", "osm_type": "way", "change:lanes": null, "maxheight:signed": null, "destination:ref": null, "destination": null, "name": null, "minspeed": "40 mph", "destination:lanes": null, "maxweight": "65 st", "turn:lanes": null, "surface": "concrete", "source:hgv:national_network": null, "ref": "I 435", "placement": null, "oneway": "yes", "maxspeed": "65 mph", "lit": null, "layer": "1", "lanes": "4", "horse": null, "highway": "motorway", "hgv:national_network": null, "hgv": null, "foot": null, "bridge": "yes", "bicycle": null }, "geometry": { "type": "LineString", "coordinates": [ [ -94.5003805, 39.0306559 ], [ -94.5003225, 39.031636 ] ] } },
{ "type": "Feature", "properties": { "full_id": "w562317416", "osm_id": "562317416", "osm_type": "way", "change:lanes": null, "maxheight:signed": null, "destination:ref": null, "destination": null, "name": null, "minspeed": "40 mph", "destination:lanes": null, "maxweight": null, "turn:lanes": "||through;slight_right|slight_right", "surface": "asphalt", "source:hgv:national_network": null, "ref": "I 435", "placement": null, "oneway": "yes", "maxspeed": "65 mph", "lit": null, "layer": null, "lanes": "4", "horse": null, "highway": "motorway", "hgv:national_network": null, "hgv": null, "foot": null, "bridge": null, "bicycle": null }, "geometry": { "type": "LineString", "coordinates": [ [ -94.5000764, 39.0363238 ], [ -94.4994649, 39.04797 ], [ -94.4993728, 39.0489205 ] ] } },
{ "type": "Feature", "properties": { "full_id": "w562317417", "osm_id": "562317417", "osm_type": "way", "change:lanes": null, "maxheight:signed": null, "destination:ref": null, "destination": null, "name": null, "minspeed": "40 mph", "destination:lanes": null, "maxweight": "65 st", "turn:lanes": null, "surface": null, "source:hgv:national_network": null, "ref": "I 435", "placement": null, "oneway": "yes", "maxspeed": "65 mph", "lit": null, "layer": "1", "lanes": "4", "horse": null, "highway": "motorway", "hgv:national_network": null, "hgv": null, "foot": null, "bridge": "yes", "bicycle": null }, "geometry": { "type": "LineString", "coordinates": [ [ -94.5005943, 39.0316372 ], [ -94.5006184, 39.030641 ] ] } },
{ "type": "Feature", "properties": { "full_id": "w562317418", "osm_id": "562317418", "osm_type": "way", "change:lanes": null, "maxheight:signed": null, "destination:ref": null, "destination": null, "name": null, "minspeed": "40 mph", "destination:lanes": null, "maxweight": null, "turn:lanes": null, "surface": null, "source:hgv:national_network": null, "ref": "I 435", "placement": null, "oneway": "yes", "maxspeed": "65 mph", "lit": null, "layer": null, "lanes": "4", "horse": null, "highway": "motorway", "hgv:national_network": null, "hgv": null, "foot": null, "bridge": null, "bicycle": null }, "geometry": { "type": "LineString", "coordinates": [ [ -94.5006184, 39.030641 ], [ -94.5007628, 39.0279024 ], [ -94.5009118, 39.025076 ] ] } },
{ "type": "Feature", "properties": { "full_id": "w562319976", "osm_id": "562319976", "osm_type": "way", "change:lanes": null, "maxheight:signed": null, "destination:ref": null, "destination": null, "name": null, "minspeed": "40 mph", "destination:lanes": null, "maxweight": null, "turn:lanes": null, "surface": "asphalt", "source:hgv:national_network": null, "ref": "I 435", "placement": null, "oneway": "yes", "maxspeed": "65 mph", "lit": null, "layer": null, "lanes": "5", "horse": null, "highway": "motorway", "hgv:national_network": null, "hgv": null, "foot": null, "bridge": null, "bicycle": null }, "geometry": { "type": "LineString", "coordinates": [ [ -94.5007492, 39.0230278 ], [ -94.5006713, 39.0243568 ] ] } },
{ "type": "Feature", "properties": { "full_id": "w562319979", "osm_id": "562319979", "osm_type": "way", "change:lanes": null, "maxheight:signed": null, "destination:ref": null, "destination": null, "name": null, "minspeed": "40 mph", "destination:lanes": null, "maxweight": null, "turn:lanes": null, "surface": "asphalt", "source:hgv:national_network": null, "ref": "I 435", "placement": null, "oneway": "yes", "maxspeed": "65 mph", "lit": null, "layer": null, "lanes": "4", "horse": null, "highway": "motorway", "hgv:national_network": null, "hgv": null, "foot": null, "bridge": null, "bicycle": null }, "geometry": { "type": "LineString", "coordinates": [ [ -94.5005023, 39.0280589 ], [ -94.5003805, 39.0306559 ] ] } },
{ "type": "Feature", "properties": { "full_id": "w562319982", "osm_id": "562319982", "osm_type": "way", "change:lanes": null, "maxheight:signed": null, "destination:ref": null, "destination": null, "name": null, "minspeed": "40 mph", "destination:lanes": null, "maxweight": null, "turn:lanes": null, "surface": "concrete", "source:hgv:national_network": null, "ref": "I 435", "placement": null, "oneway": "yes", "maxspeed": "65 mph", "lit": null, "layer": "1", "lanes": "5", "horse": null, "highway": "motorway", "hgv:national_network": null, "hgv": null, "foot": null, "bridge": "yes", "bicycle": null }, "geometry": { "type": "LineString", "coordinates": [ [ -94.5006713, 39.0243568 ], [ -94.5006436, 39.0250469 ] ] } },
{ "type": "Feature", "properties": { "full_id": "w562319986", "osm_id": "562319986", "osm_type": "way", "change:lanes": null, "maxheight:signed": null, "destination:ref": null, "destination": null, "name": null, "minspeed": "40 mph", "destination:lanes": "Des Moines|Des Moines|Des Moines|Des Moines;Stadium Drive;Raytown Road;Sports Complex;Eastwood Trafficway|Eastwood Trafficway", "maxweight": null, "turn:lanes": "|||through;slight_right|slight_right", "surface": "asphalt", "source:hgv:national_network": null, "ref": "I 435", "placement": null, "oneway": "yes", "maxspeed": "65 mph", "lit": null, "layer": null, "lanes": "5", "horse": null, "highway": "motorway", "hgv:national_network": null, "hgv": null, "foot": null, "bridge": null, "bicycle": null }, "geometry": { "type": "LineString", "coordinates": [ [ -94.5006436, 39.0250469 ], [ -94.5005023, 39.0280589 ] ] } },
{ "type": "Feature", "properties": { "full_id": "w562320018", "osm_id": "562320018", "osm_type": "way", "change:lanes": null, "maxheight:signed": null, "destination:ref": null, "destination": null, "name": null, "minspeed": "40 mph", "destination:lanes": null, "maxweight": null, "turn:lanes": null, "surface": null, "source:hgv:national_network": null, "ref": "I 435", "placement": null, "oneway": "yes", "maxspeed": "65 mph", "lit": null, "layer": null, "lanes": "3", "horse": null, "highway": "motorway", "hgv:national_network": null, "hgv": null, "foot": null, "bridge": null, "bicycle": null }, "geometry": { "type": "LineString", "coordinates": [ [ -94.5011112, 39.0201517 ], [ -94.5010575, 39.0196807 ], [ -94.5009395, 39.0192806 ], [ -94.5007571, 39.0188555 ], [ -94.5006762, 39.0186073 ], [ -94.5003706, 39.0181943 ], [ -94.4990351, 39.0168382 ], [ -94.4985759, 39.0162844 ], [ -94.4983399, 39.0159302 ], [ -94.4981575, 39.0155759 ], [ -94.4979697, 39.0151341 ], [ -94.4978624, 39.0147715 ], [ -94.4977766, 39.0143588 ], [ -94.4977337, 39.0139503 ], [ -94.4977337, 39.0135752 ], [ -94.4977551, 39.0132001 ], [ -94.4978356, 39.0128083 ], [ -94.497959, 39.0123748 ], [ -94.4981715, 39.011912 ] ] } },
{ "type": "Feature", "properties": { "full_id": "w562320021", "osm_id": "562320021", "osm_type": "way", "change:lanes": null, "maxheight:signed": null, "destination:ref": null, "destination": null, "name": null, "minspeed": "40 mph", "destination:lanes": "63rd Street;Raytown;Lee's Summit|63rd Street;Raytown;Lee's Summit|Grandview|Grandview|Grandview", "maxweight": null, "turn:lanes": "slight_left|slight_left|||", "surface": null, "source:hgv:national_network": null, "ref": "I 435", "placement": null, "oneway": "yes", "maxspeed": "65 mph", "lit": null, "layer": null, "lanes": "5", "horse": null, "highway": "motorway", "hgv:national_network": null, "hgv": null, "foot": null, "bridge": null, "bicycle": null }, "geometry": { "type": "LineString", "coordinates": [ [ -94.5010717, 39.0218308 ], [ -94.5011165, 39.020806 ], [ -94.5011112, 39.0201517 ] ] } },
{ "type": "Feature", "properties": { "full_id": "w562323919", "osm_id": "562323919", "osm_type": "way", "change:lanes": null, "maxheight:signed": null, "destination:ref": null, "destination": null, "name": null, "minspeed": "40 mph", "destination:lanes": null, "maxweight": null, "turn:lanes": null, "surface": null, "source:hgv:national_network": null, "ref": "I 435", "placement": null, "oneway": "yes", "maxspeed": "65 mph", "lit": null, "layer": "1", "lanes": "3", "horse": null, "highway": "motorway", "hgv:national_network": null, "hgv": null, "foot": null, "bridge": "yes", "bicycle": null }, "geometry": { "type": "LineString", "coordinates": [ [ -94.5025898, 38.9957745 ], [ -94.502635, 38.9953117 ] ] } },
{ "type": "Feature", "properties": { "full_id": "w562323923", "osm_id": "562323923", "osm_type": "way", "change:lanes": null, "maxheight:signed": null, "destination:ref": null, "destination": null, "name": null, "minspeed": "40 mph", "destination:lanes": null, "maxweight": null, "turn:lanes": null, "surface": null, "source:hgv:national_network": null, "ref": "I 435", "placement": null, "oneway": "yes", "maxspeed": "65 mph", "lit": null, "layer": null, "lanes": "3", "horse": null, "highway": "motorway", "hgv:national_network": null, "hgv": null, "foot": null, "bridge": null, "bicycle": null }, "geometry": { "type": "LineString", "coordinates": [ [ -94.502635, 38.9953117 ], [ -94.5026936, 38.9939409 ], [ -94.5027162, 38.9933239 ], [ -94.5026891, 38.9928611 ], [ -94.502635, 38.9922686 ], [ -94.5025583, 38.9918549 ], [ -94.502247, 38.9902 ], [ -94.5021388, 38.9897617 ], [ -94.5020846, 38.9894041 ], [ -94.5020666, 38.9891131 ], [ -94.502035, 38.9887274 ], [ -94.502053, 38.9883452 ], [ -94.5020891, 38.9880507 ], [ -94.5021252, 38.9876159 ], [ -94.5022064, 38.9872162 ], [ -94.5022876, 38.9868901 ], [ -94.5025583, 38.9861047 ], [ -94.5027026, 38.9858137 ], [ -94.5028966, 38.9854771 ], [ -94.5033432, 38.9847583 ], [ -94.5035732, 38.9844532 ], [ -94.5042634, 38.9836993 ], [ -94.5054423, 38.9826778 ] ] } },
{ "type": "Feature", "properties": { "full_id": "w562323927", "osm_id": "562323927", "osm_type": "way", "change:lanes": null, "maxheight:signed": null, "destination:ref": null, "destination": null, "name": null, "minspeed": "40 mph", "destination:lanes": null, "maxweight": null, "turn:lanes": null, "surface": "concrete", "source:hgv:national_network": null, "ref": "I 435", "placement": null, "oneway": "yes", "maxspeed": "65 mph", "lit": null, "layer": "1", "lanes": "3", "horse": null, "highway": "motorway", "hgv:national_network": null, "hgv": null, "foot": null, "bridge": "yes", "bicycle": null }, "geometry": { "type": "LineString", "coordinates": [ [ -94.5023671, 38.9952465 ], [ -94.5023033, 38.9957466 ] ] } },
{ "type": "Feature", "properties": { "full_id": "w562323930", "osm_id": "562323930", "osm_type": "way", "change:lanes": null, "maxheight:signed": null, "destination:ref": null, "destination": null, "name": null, "minspeed": "40 mph", "destination:lanes": null, "maxweight": null, "turn:lanes": null, "surface": "asphalt", "source:hgv:national_network": null, "ref": "I 435", "placement": null, "oneway": "yes", "maxspeed": "65 mph", "lit": null, "layer": null, "lanes": "3", "horse": null, "highway": "motorway", "hgv:national_network": null, "hgv": null, "foot": null, "bridge": null, "bicycle": null }, "geometry": { "type": "LineString", "coordinates": [ [ -94.5023033, 38.9957466 ], [ -94.5021516, 38.997427 ], [ -94.5018102, 39.0014951 ], [ -94.501704, 39.0025209 ], [ -94.5014157, 39.0063058 ], [ -94.5013246, 39.0067243 ] ] } },
{ "type": "Feature", "properties": { "full_id": "w562323932", "osm_id": "562323932", "osm_type": "way", "change:lanes": null, "maxheight:signed": null, "destination:ref": null, "destination": null, "name": null, "minspeed": "40 mph", "destination:lanes": null, "maxweight": null, "turn:lanes": null, "surface": null, "source:hgv:national_network": null, "ref": "I 435", "placement": null, "oneway": "yes", "maxspeed": "65 mph", "lit": null, "layer": "1", "lanes": "3", "horse": null, "highway": "motorway", "hgv:national_network": null, "hgv": null, "foot": null, "bridge": "yes", "bicycle": null }, "geometry": { "type": "LineString", "coordinates": [ [ -94.4981715, 39.011912 ], [ -94.498503, 39.0112967 ] ] } },
{ "type": "Feature", "properties": { "full_id": "w562323935", "osm_id": "562323935", "osm_type": "way", "change:lanes": null, "maxheight:signed": null, "destination:ref": null, "destination": null, "name": null, "minspeed": "40 mph", "destination:lanes": null, "maxweight": null, "turn:lanes": null, "surface": null, "source:hgv:national_network": null, "ref": "I 435", "placement": null, "oneway": "yes", "maxspeed": "65 mph", "lit": null, "layer": null, "lanes": "3", "horse": null, "highway": "motorway", "hgv:national_network": null, "hgv": null, "foot": null, "bridge": null, "bicycle": null }, "geometry": { "type": "LineString", "coordinates": [ [ -94.498503, 39.0112967 ], [ -94.4987511, 39.0109883 ], [ -94.5003389, 39.0090464 ], [ -94.5006908, 39.0085241 ], [ -94.5009804, 39.0080565 ], [ -94.5010381, 39.0079633 ], [ -94.5012772, 39.0075322 ], [ -94.5015388, 39.0069433 ], [ -94.5016967, 39.0063964 ], [ -94.5017373, 39.0059092 ], [ -94.5022624, 38.9996506 ] ] } },
{ "type": "Feature", "properties": { "full_id": "w562323937", "osm_id": "562323937", "osm_type": "way", "change:lanes": null, "maxheight:signed": null, "destination:ref": null, "destination": null, "name": null, "minspeed": "40 mph", "destination:lanes": null, "maxweight": null, "turn:lanes": null, "surface": "concrete", "source:hgv:national_network": null, "ref": "I 435", "placement": null, "oneway": "yes", "maxspeed": "65 mph", "lit": null, "layer": "1", "lanes": "3", "horse": null, "highway": "motorway", "hgv:national_network": null, "hgv": null, "foot": null, "bridge": "yes", "bicycle": null }, "geometry": { "type": "LineString", "coordinates": [ [ -94.4983242, 39.0111043 ], [ -94.4979046, 39.0116879 ] ] } },
{ "type": "Feature", "properties": { "full_id": "w562323940", "osm_id": "562323940", "osm_type": "way", "change:lanes": null, "maxheight:signed": null, "destination:ref": null, "destination": null, "name": null, "minspeed": "40 mph", "destination:lanes": null, "maxweight": null, "turn:lanes": null, "surface": "asphalt", "source:hgv:national_network": null, "ref": "I 435", "placement": null, "oneway": "yes", "maxspeed": "65 mph", "lit": null, "layer": null, "lanes": "3", "horse": null, "highway": "motorway", "hgv:national_network": null, "hgv": null, "foot": null, "bridge": null, "bicycle": null }, "geometry": { "type": "LineString", "coordinates": [ [ -94.4972946, 39.0159699 ], [ -94.4974568, 39.0163646 ], [ -94.4975744, 39.0165797 ], [ -94.4978806, 39.0170951 ], [ -94.4981231, 39.0174371 ], [ -94.4996924, 39.0190926 ], [ -94.4999221, 39.0193602 ], [ -94.5002155, 39.0197914 ], [ -94.5004324, 39.0201979 ], [ -94.5005536, 39.0205151 ], [ -94.5006557, 39.0209116 ], [ -94.5007578, 39.0215708 ], [ -94.5007893, 39.0222497 ], [ -94.5007492, 39.0230278 ] ] } },
{ "type": "Feature", "properties": { "full_id": "w562328567", "osm_id": "562328567", "osm_type": "way", "change:lanes": null, "maxheight:signed": null, "destination:ref": null, "destination": null, "name": null, "minspeed": "40 mph", "destination:lanes": null, "maxweight": null, "turn:lanes": null, "surface": null, "source:hgv:national_network": null, "ref": "I 435", "placement": null, "oneway": "yes", "maxspeed": "65 mph", "lit": null, "layer": null, "lanes": "3", "horse": null, "highway": "motorway", "hgv:national_network": null, "hgv": null, "foot": null, "bridge": null, "bicycle": null }, "geometry": { "type": "LineString", "coordinates": [ [ -94.5200789, 38.9672173 ], [ -94.5215942, 38.9650837 ] ] } },
{ "type": "Feature", "properties": { "full_id": "w562328568", "osm_id": "562328568", "osm_type": "way", "change:lanes": null, "maxheight:signed": null, "destination:ref": null, "destination": null, "name": null, "minspeed": "40 mph", "destination:lanes": null, "maxweight": null, "turn:lanes": null, "surface": null, "source:hgv:national_network": null, "ref": "I 435", "placement": null, "oneway": "yes", "maxspeed": "65 mph", "lit": null, "layer": "1", "lanes": "3", "horse": null, "highway": "motorway", "hgv:national_network": null, "hgv": null, "foot": null, "bridge": "yes", "bicycle": null }, "geometry": { "type": "LineString", "coordinates": [ [ -94.519757, 38.9676886 ], [ -94.5200789, 38.9672173 ] ] } },
{ "type": "Feature", "properties": { "full_id": "w562328569", "osm_id": "562328569", "osm_type": "way", "change:lanes": null, "maxheight:signed": null, "destination:ref": null, "destination": null, "name": null, "minspeed": "40 mph", "destination:lanes": null, "maxweight": null, "turn:lanes": null, "surface": null, "source:hgv:national_network": null, "ref": "I 435", "placement": null, "oneway": "yes", "maxspeed": "65 mph", "lit": null, "layer": null, "lanes": "3", "horse": null, "highway": "motorway", "hgv:national_network": null, "hgv": null, "foot": null, "bridge": null, "bicycle": null }, "geometry": { "type": "LineString", "coordinates": [ [ -94.5059222, 38.9822641 ], [ -94.5075315, 38.9807713 ], [ -94.5086687, 38.9798997 ], [ -94.5093715, 38.9793368 ], [ -94.5098382, 38.9788822 ], [ -94.5105034, 38.9783025 ], [ -94.5126974, 38.9764343 ], [ -94.514355, 38.9749955 ], [ -94.5147842, 38.9746076 ], [ -94.515149, 38.9742281 ], [ -94.5154118, 38.9739279 ], [ -94.51568, 38.9735734 ], [ -94.5170954, 38.9715404 ] ] } },
{ "type": "Feature", "properties": { "full_id": "w562328570", "osm_id": "562328570", "osm_type": "way", "change:lanes": null, "maxheight:signed": null, "destination:ref": null, "destination": null, "name": null, "minspeed": "40 mph", "destination:lanes": null, "maxweight": null, "turn:lanes": null, "surface": null, "source:hgv:national_network": null, "ref": "I 435", "placement": null, "oneway": "yes", "maxspeed": "65 mph", "lit": null, "layer": "1", "lanes": "3", "horse": null, "highway": "motorway", "hgv:national_network": null, "hgv": null, "foot": null, "bridge": "yes", "bicycle": null }, "geometry": { "type": "LineString", "coordinates": [ [ -94.5054423, 38.9826778 ], [ -94.5059222, 38.9822641 ] ] } },
{ "type": "Feature", "properties": { "full_id": "w562328571", "osm_id": "562328571", "osm_type": "way", "change:lanes": null, "maxheight:signed": null, "destination:ref": null, "destination": null, "name": null, "minspeed": "40 mph", "destination:lanes": null, "maxweight": null, "turn:lanes": null, "surface": "concrete", "source:hgv:national_network": null, "ref": "I 435", "placement": null, "oneway": "yes", "maxspeed": "65 mph", "lit": null, "layer": "1", "lanes": "3", "horse": null, "highway": "motorway", "hgv:national_network": null, "hgv": null, "foot": null, "bridge": "yes", "bicycle": null }, "geometry": { "type": "LineString", "coordinates": [ [ -94.5056643, 38.9821783 ], [ -94.5052436, 38.982525 ] ] } },
{ "type": "Feature", "properties": { "full_id": "w562328572", "osm_id": "562328572", "osm_type": "way", "change:lanes": null, "maxheight:signed": null, "destination:ref": null, "destination": null, "name": null, "minspeed": "40 mph", "destination:lanes": null, "maxweight": null, "turn:lanes": null, "surface": "asphalt", "source:hgv:national_network": null, "ref": "I 435", "placement": null, "oneway": "yes", "maxspeed": "65 mph", "lit": null, "layer": null, "lanes": "3", "horse": null, "highway": "motorway", "hgv:national_network": null, "hgv": null, "foot": null, "bridge": null, "bicycle": null }, "geometry": { "type": "LineString", "coordinates": [ [ -94.5052436, 38.982525 ], [ -94.5039723, 38.9836114 ], [ -94.5035171, 38.9841008 ], [ -94.503244, 38.9844723 ], [ -94.502713, 38.9852507 ], [ -94.5023943, 38.9858227 ], [ -94.5022047, 38.9862473 ], [ -94.5020605, 38.9867721 ], [ -94.5019316, 38.9872557 ], [ -94.5018784, 38.9876862 ], [ -94.5018102, 38.9881107 ], [ -94.5018026, 38.988606 ], [ -94.5018102, 38.9890778 ], [ -94.5018329, 38.9895377 ], [ -94.501886, 38.9898856 ], [ -94.5019771, 38.9903456 ], [ -94.5021136, 38.9910413 ], [ -94.5023564, 38.9922442 ], [ -94.5024095, 38.9928162 ], [ -94.5024398, 38.9933468 ], [ -94.5024398, 38.9937891 ], [ -94.5023671, 38.9952465 ] ] } },
{ "type": "Feature", "properties": { "full_id": "w562328573", "osm_id": "562328573", "osm_type": "way", "change:lanes": null, "maxheight:signed": null, "destination:ref": null, "destination": null, "name": null, "minspeed": "40 mph", "destination:lanes": null, "maxweight": null, "turn:lanes": null, "surface": "concrete", "source:hgv:national_network": null, "ref": "I 435", "placement": null, "oneway": "yes", "maxspeed": "65 mph", "lit": null, "layer": "1", "lanes": "3", "horse": null, "highway": "motorway", "hgv:national_network": null, "hgv": null, "foot": null, "bridge": "yes", "bicycle": null }, "geometry": { "type": "LineString", "coordinates": [ [ -94.5197849, 38.9672082 ], [ -94.5194815, 38.9676683 ] ] } },
{ "type": "Feature", "properties": { "full_id": "w562328574", "osm_id": "562328574", "osm_type": "way", "change:lanes": null, "maxheight:signed": null, "destination:ref": null, "destination": null, "name": null, "minspeed": "40 mph", "destination:lanes": null, "maxweight": null, "turn:lanes": null, "surface": "asphalt", "source:hgv:national_network": null, "ref": "I 435", "placement": null, "oneway": "yes", "maxspeed": "65 mph", "lit": null, "layer": null, "lanes": "3", "horse": null, "highway": "motorway", "hgv:national_network": null, "hgv": null, "foot": null, "bridge": null, "bicycle": null }, "geometry": { "type": "LineString", "coordinates": [ [ -94.5194815, 38.9676683 ], [ -94.5174941, 38.9705249 ], [ -94.51562, 38.9732185 ], [ -94.5151496, 38.9738555 ], [ -94.5148462, 38.9741858 ], [ -94.514391, 38.9746871 ], [ -94.5133896, 38.9755069 ], [ -94.5126181, 38.9762242 ], [ -94.5095532, 38.978825 ], [ -94.5090069, 38.9792968 ], [ -94.5075319, 38.9804706 ], [ -94.5060207, 38.9818346 ], [ -94.5056643, 38.9821783 ] ] } },
{ "type": "Feature", "properties": { "full_id": "w562328579", "osm_id": "562328579", "osm_type": "way", "change:lanes": null, "maxheight:signed": null, "destination:ref": null, "destination": null, "name": null, "minspeed": "40 mph", "destination:lanes": null, "maxweight": null, "turn:lanes": null, "surface": null, "source:hgv:national_network": null, "ref": "I 435", "placement": null, "oneway": "yes", "maxspeed": "65 mph", "lit": null, "layer": null, "lanes": "4", "horse": null, "highway": "motorway", "hgv:national_network": null, "hgv": null, "foot": null, "bridge": null, "bicycle": null }, "geometry": { "type": "LineString", "coordinates": [ [ -94.5215942, 38.9650837 ], [ -94.521951, 38.9645812 ], [ -94.5254099, 38.959531 ] ] } },
{ "type": "Feature", "properties": { "full_id": "w562328580", "osm_id": "562328580", "osm_type": "way", "change:lanes": null, "maxheight:signed": null, "destination:ref": null, "destination": null, "name": null, "minspeed": "40 mph", "destination:lanes": null, "maxweight": null, "turn:lanes": null, "surface": "asphalt", "source:hgv:national_network": null, "ref": "I 435", "placement": null, "oneway": "yes", "maxspeed": "65 mph", "lit": null, "layer": null, "lanes": "3", "horse": null, "highway": "motorway", "hgv:national_network": null, "hgv": null, "foot": null, "bridge": null, "bicycle": null }, "geometry": { "type": "LineString", "coordinates": [ [ -94.5211145, 38.9652842 ], [ -94.5197849, 38.9672082 ] ] } },
{ "type": "Feature", "properties": { "full_id": "w562328581", "osm_id": "562328581", "osm_type": "way", "change:lanes": null, "maxheight:signed": null, "destination:ref": "I 435 West;US 50 West", "destination": "Wichita", "name": null, "minspeed": "40 mph", "destination:lanes": null, "maxweight": null, "turn:lanes": null, "surface": null, "source:hgv:national_network": null, "ref": "I 435", "placement": null, "oneway": "yes", "maxspeed": "65 mph", "lit": null, "layer": null, "lanes": "2", "horse": null, "highway": "motorway", "hgv:national_network": null, "hgv": null, "foot": null, "bridge": null, "bicycle": null }, "geometry": { "type": "LineString", "coordinates": [ [ -94.5315097, 38.9506132 ], [ -94.532646, 38.9489293 ], [ -94.5330931, 38.9481976 ], [ -94.5336004, 38.9473131 ], [ -94.5342498, 38.9461372 ] ] } },
{ "type": "Feature", "properties": { "full_id": "w562328582", "osm_id": "562328582", "osm_type": "way", "change:lanes": null, "maxheight:signed": null, "destination:ref": null, "destination": null, "name": null, "minspeed": "40 mph", "destination:lanes": null, "maxweight": null, "turn:lanes": null, "surface": null, "source:hgv:national_network": null, "ref": "I 435", "placement": null, "oneway": "yes", "maxspeed": "65 mph", "lit": null, "layer": null, "lanes": "2", "horse": null, "highway": "motorway", "hgv:national_network": null, "hgv": null, "foot": null, "bridge": null, "bicycle": null }, "geometry": { "type": "LineString", "coordinates": [ [ -94.5387137, 38.9404553 ], [ -94.5395184, 38.9400464 ], [ -94.5402685, 38.9397164 ], [ -94.5411488, 38.9393938 ], [ -94.5421855, 38.9391619 ], [ -94.5425074, 38.9391035 ], [ -94.542899, 38.9390399 ], [ -94.5431142, 38.9390122 ], [ -94.543312, 38.9389935 ], [ -94.5443997, 38.9389079 ], [ -94.5446451, 38.9389236 ] ] } },
{ "type": "Feature", "properties": { "full_id": "w562328583", "osm_id": "562328583", "osm_type": "way", "change:lanes": null, "maxheight:signed": null, "destination:ref": null, "destination": null, "name": null, "minspeed": "40 mph", "destination:lanes": null, "maxweight": null, "turn:lanes": null, "surface": null, "source:hgv:national_network": null, "ref": "I 435", "placement": null, "oneway": "yes", "maxspeed": "65 mph", "lit": null, "layer": "1", "lanes": "2", "horse": null, "highway": "motorway", "hgv:national_network": null, "hgv": null, "foot": null, "bridge": "yes", "bicycle": null }, "geometry": { "type": "LineString", "coordinates": [ [ -94.5342498, 38.9461372 ], [ -94.5354253, 38.9437515 ], [ -94.535774, 38.9431715 ], [ -94.5361603, 38.9426667 ], [ -94.536525, 38.9422161 ], [ -94.537201, 38.9415318 ], [ -94.5377267, 38.9411229 ], [ -94.5387137, 38.9404553 ] ] } },
{ "type": "Feature", "properties": { "full_id": "w562328584", "osm_id": "562328584", "osm_type": "way", "change:lanes": null, "maxheight:signed": null, "destination:ref": null, "destination": null, "name": null, "minspeed": "40 mph", "destination:lanes": null, "maxweight": null, "turn:lanes": "none|none|none|slight_right", "surface": "asphalt", "source:hgv:national_network": null, "ref": "I 435", "placement": null, "oneway": "yes", "maxspeed": "65 mph", "lit": null, "layer": null, "lanes": "4", "horse": null, "highway": "motorway", "hgv:national_network": null, "hgv": null, "foot": null, "bridge": null, "bicycle": null }, "geometry": { "type": "LineString", "coordinates": [ [ -94.5277427, 38.95575 ], [ -94.5211145, 38.9652842 ] ] } },
{ "type": "Feature", "properties": { "full_id": "w562328585", "osm_id": "562328585", "osm_type": "way", "change:lanes": null, "maxheight:signed": null, "destination:ref": null, "destination": null, "name": null, "minspeed": "40 mph", "destination:lanes": null, "maxweight": null, "turn:lanes": "none|none|none|through;slight_right|slight_right", "surface": "asphalt", "source:hgv:national_network": null, "ref": "I 435", "placement": null, "oneway": "yes", "maxspeed": "65 mph", "lit": null, "layer": null, "lanes": "5", "horse": null, "highway": "motorway", "hgv:national_network": null, "hgv": null, "foot": null, "bridge": null, "bicycle": null }, "geometry": { "type": "LineString", "coordinates": [ [ -94.5340878, 38.9458656 ], [ -94.5333797, 38.9472548 ], [ -94.5328975, 38.9480705 ], [ -94.5320334, 38.9495279 ] ] } },
{ "type": "Feature", "properties": { "full_id": "w562328586", "osm_id": "562328586", "osm_type": "way", "change:lanes": null, "maxheight:signed": null, "destination:ref": null, "destination": null, "name": null, "minspeed": "40 mph", "destination:lanes": null, "maxweight": null, "turn:lanes": null, "surface": "concrete", "source:hgv:national_network": null, "ref": "I 435", "placement": null, "oneway": "yes", "maxspeed": "65 mph", "lit": null, "layer": "1", "lanes": "2", "horse": null, "highway": "motorway", "hgv:national_network": null, "hgv": null, "foot": null, "bridge": "yes", "bicycle": null }, "geometry": { "type": "LineString", "coordinates": [ [ -94.5356699, 38.9427794 ], [ -94.5354582, 38.9431831 ] ] } },
{ "type": "Feature", "properties": { "full_id": "w562328587", "osm_id": "562328587", "osm_type": "way", "change:lanes": null, "maxheight:signed": null, "destination:ref": null, "destination": null, "name": null, "minspeed": "40 mph", "destination:lanes": null, "maxweight": null, "turn:lanes": null, "surface": "concrete", "source:hgv:national_network": null, "ref": "I 435", "placement": null, "oneway": "yes", "maxspeed": "65 mph", "lit": null, "layer": "1", "lanes": "5", "horse": null, "highway": "motorway", "hgv:national_network": null, "hgv": null, "foot": null, "bridge": "yes", "bicycle": null }, "geometry": { "type": "LineString", "coordinates": [ [ -94.5354582, 38.9431831 ], [ -94.5340878, 38.9458656 ] ] } },
{ "type": "Feature", "properties": { "full_id": "w562328588", "osm_id": "562328588", "osm_type": "way", "change:lanes": null, "maxheight:signed": null, "destination:ref": "I 435 North", "destination": "Des Moines", "name": null, "minspeed": "40 mph", "destination:lanes": null, "maxweight": null, "turn:lanes": null, "surface": "asphalt", "source:hgv:national_network": null, "ref": "I 435", "placement": null, "oneway": "yes", "maxspeed": "65 mph", "lit": null, "layer": null, "lanes": "2", "horse": null, "highway": "motorway", "hgv:national_network": null, "hgv": null, "foot": null, "bridge": null, "bicycle": null }, "geometry": { "type": "LineString", "coordinates": [ [ -94.5365038, 38.9413092 ], [ -94.536371, 38.9414886 ], [ -94.5362671, 38.9416668 ], [ -94.536241, 38.9417117 ], [ -94.5360596, 38.9420238 ], [ -94.5356699, 38.9427794 ] ] } },
{ "type": "Feature", "properties": { "full_id": "w562328589", "osm_id": "562328589", "osm_type": "way", "change:lanes": null, "maxheight:signed": null, "destination:ref": null, "destination": null, "name": null, "minspeed": "40 mph", "destination:lanes": null, "maxweight": null, "turn:lanes": "slight_left|none|none", "surface": "asphalt", "source:hgv:national_network": null, "ref": "I 435", "placement": null, "oneway": "yes", "maxspeed": "65 mph", "lit": null, "layer": null, "lanes": "3", "horse": null, "highway": "motorway", "hgv:national_network": null, "hgv": null, "foot": null, "bridge": null, "bicycle": null }, "geometry": { "type": "LineString", "coordinates": [ [ -94.5365199, 38.9412874 ], [ -94.5365038, 38.9413092 ] ] } },
{ "type": "Feature", "properties": { "full_id": "w562328590", "osm_id": "562328590", "osm_type": "way", "change:lanes": null, "maxheight:signed": null, "destination:ref": null, "destination": null, "name": null, "minspeed": "40 mph", "destination:lanes": null, "maxweight": null, "turn:lanes": null, "surface": "concrete", "source:hgv:national_network": null, "ref": "I 435", "placement": null, "oneway": "yes", "maxspeed": "65 mph", "lit": null, "layer": "1", "lanes": "3", "horse": null, "highway": "motorway", "hgv:national_network": null, "hgv": null, "foot": null, "bridge": "yes", "bicycle": null }, "geometry": { "type": "LineString", "coordinates": [ [ -94.5382108, 38.9396514 ], [ -94.5376368, 38.9400895 ], [ -94.5373582, 38.9403345 ], [ -94.5370244, 38.9406679 ], [ -94.5365199, 38.9412874 ] ] } },
{ "type": "Feature", "properties": { "full_id": "w562328591", "osm_id": "562328591", "osm_type": "way", "change:lanes": null, "maxheight:signed": null, "destination:ref": "I 435 North", "destination": "Des Moines", "name": null, "minspeed": "40 mph", "destination:lanes": null, "maxweight": null, "turn:lanes": null, "surface": "asphalt", "source:hgv:national_network": null, "ref": "I 435", "placement": null, "oneway": "yes", "maxspeed": "65 mph", "lit": null, "layer": null, "lanes": "2", "horse": null, "highway": "motorway", "hgv:national_network": null, "hgv": null, "foot": null, "bridge": null, "bicycle": null }, "geometry": { "type": "LineString", "coordinates": [ [ -94.5428438, 38.9385065 ], [ -94.5424859, 38.9385606 ], [ -94.5418623, 38.9385762 ], [ -94.541029, 38.9386465 ], [ -94.5403659, 38.9387763 ], [ -94.539391, 38.9390882 ], [ -94.5388109, 38.9393329 ], [ -94.5382108, 38.9396514 ] ] } },
{ "type": "Feature", "properties": { "full_id": "w562328592", "osm_id": "562328592", "osm_type": "way", "change:lanes": null, "maxheight:signed": "no", "destination:ref": null, "destination": null, "name": null, "minspeed": "40 mph", "destination:lanes": null, "maxweight": null, "turn:lanes": null, "surface": null, "source:hgv:national_network": null, "ref": "I 435", "placement": null, "oneway": "yes", "maxspeed": "65 mph", "lit": null, "layer": null, "lanes": "3", "horse": null, "highway": "motorway", "hgv:national_network": null, "hgv": null, "foot": null, "bridge": null, "bicycle": null }, "geometry": { "type": "LineString", "coordinates": [ [ -94.5446451, 38.9389236 ], [ -94.5448154, 38.9389215 ], [ -94.5449764, 38.9389257 ], [ -94.5454397, 38.9389439 ], [ -94.5460834, 38.9389663 ], [ -94.5466113, 38.9389128 ] ] } },
{ "type": "Feature", "properties": { "full_id": "w562328593", "osm_id": "562328593", "osm_type": "way", "change:lanes": null, "maxheight:signed": null, "destination:ref": null, "destination": null, "name": null, "minspeed": "40 mph", "destination:lanes": null, "maxweight": null, "turn:lanes": null, "surface": null, "source:hgv:national_network": null, "ref": "I 435;US 50", "placement": "middle_of:3", "oneway": "yes", "maxspeed": "65 mph", "lit": null, "layer": null, "lanes": "5", "horse": null, "highway": "motorway", "hgv:national_network": null, "hgv": null, "foot": null, "bridge": null, "bicycle": null }, "geometry": { "type": "LineString", "coordinates": [ [ -94.5530525, 38.9392115 ], [ -94.5557396, 38.9393201 ], [ -94.5602227, 38.9395476 ] ] } },
{ "type": "Feature", "properties": { "full_id": "w562328594", "osm_id": "562328594", "osm_type": "way", "change:lanes": null, "maxheight:signed": null, "destination:ref": null, "destination": null, "name": null, "minspeed": "40 mph", "destination:lanes": null, "maxweight": null, "turn:lanes": null, "surface": "asphalt", "source:hgv:national_network": null, "ref": "I 435;US 50", "placement": null, "oneway": "yes", "maxspeed": "65 mph", "lit": null, "layer": null, "lanes": "5", "horse": null, "highway": "motorway", "hgv:national_network": null, "hgv": null, "foot": null, "bridge": null, "bicycle": null }, "geometry": { "type": "LineString", "coordinates": [ [ -94.5582602, 38.9392493 ], [ -94.5514526, 38.9389114 ] ] } },
{ "type": "Feature", "properties": { "full_id": "w562328595", "osm_id": "562328595", "osm_type": "way", "change:lanes": null, "maxheight:signed": null, "destination:ref": null, "destination": null, "name": null, "minspeed": "40 mph", "destination:lanes": null, "maxweight": null, "turn:lanes": null, "surface": "asphalt", "source:hgv:national_network": null, "ref": "I 435;US 50", "placement": "middle_of:3", "oneway": "yes", "maxspeed": "65 mph", "lit": null, "layer": null, "lanes": "6", "horse": null, "highway": "motorway", "hgv:national_network": null, "hgv": null, "foot": null, "bridge": null, "bicycle": null }, "geometry": { "type": "LineString", "coordinates": [ [ -94.5514526, 38.9389114 ], [ -94.5503877, 38.938862 ] ] } },
{ "type": "Feature", "properties": { "full_id": "w566198075", "osm_id": "566198075", "osm_type": "way", "change:lanes": null, "maxheight:signed": null, "destination:ref": null, "destination": null, "name": null, "minspeed": "40 mph", "destination:lanes": null, "maxweight": null, "turn:lanes": null, "surface": null, "source:hgv:national_network": null, "ref": "I 435", "placement": null, "oneway": "yes", "maxspeed": "65 mph", "lit": null, "layer": null, "lanes": "4", "horse": null, "highway": "motorway", "hgv:national_network": null, "hgv": null, "foot": null, "bridge": null, "bicycle": null }, "geometry": { "type": "LineString", "coordinates": [ [ -94.500961, 39.0243568 ], [ -94.5010411, 39.0225291 ] ] } },
{ "type": "Feature", "properties": { "full_id": "w566198076", "osm_id": "566198076", "osm_type": "way", "change:lanes": null, "maxheight:signed": null, "destination:ref": null, "destination": null, "name": null, "minspeed": "40 mph", "destination:lanes": null, "maxweight": null, "turn:lanes": null, "surface": null, "source:hgv:national_network": null, "ref": "I 435", "placement": null, "oneway": "yes", "maxspeed": "65 mph", "lit": null, "layer": "1", "lanes": "4", "horse": null, "highway": "motorway", "hgv:national_network": null, "hgv": null, "foot": null, "bridge": "yes", "bicycle": null }, "geometry": { "type": "LineString", "coordinates": [ [ -94.5009118, 39.025076 ], [ -94.500961, 39.0243568 ] ] } },
{ "type": "Feature", "properties": { "full_id": "w690952560", "osm_id": "690952560", "osm_type": "way", "change:lanes": null, "maxheight:signed": null, "destination:ref": null, "destination": null, "name": null, "minspeed": "40 mph", "destination:lanes": null, "maxweight": null, "turn:lanes": "through|through|through|through|through|slight_right", "surface": "concrete", "source:hgv:national_network": null, "ref": "I 435;US 50", "placement": "middle_of:3", "oneway": "yes", "maxspeed": "65 mph", "lit": null, "layer": null, "lanes": "6", "horse": null, "highway": "motorway", "hgv:national_network": null, "hgv": "designated", "foot": null, "bridge": null, "bicycle": null }, "geometry": { "type": "LineString", "coordinates": [ [ -94.6045173, 38.9379654 ], [ -94.6031716, 38.9383971 ], [ -94.601359, 38.9389748 ], [ -94.6003034, 38.9393129 ] ] } },
{ "type": "Feature", "properties": { "full_id": "w690952561", "osm_id": "690952561", "osm_type": "way", "change:lanes": null, "maxheight:signed": null, "destination:ref": null, "destination": null, "name": null, "minspeed": null, "destination:lanes": null, "maxweight": null, "turn:lanes": null, "surface": "concrete", "source:hgv:national_network": null, "ref": "I 435;US 50", "placement": "middle_of:3", "oneway": "yes", "maxspeed": "65 mph", "lit": null, "layer": null, "lanes": "5", "horse": null, "highway": "motorway", "hgv:national_network": null, "hgv": "designated", "foot": null, "bridge": null, "bicycle": null }, "geometry": { "type": "LineString", "coordinates": [ [ -94.6063972, 38.9373738 ], [ -94.6055537, 38.9376362 ], [ -94.6045173, 38.9379654 ] ] } },
{ "type": "Feature", "properties": { "full_id": "w692849739", "osm_id": "692849739", "osm_type": "way", "change:lanes": null, "maxheight:signed": null, "destination:ref": null, "destination": null, "name": null, "minspeed": null, "destination:lanes": null, "maxweight": null, "turn:lanes": "||||merge_to_left", "surface": "asphalt", "source:hgv:national_network": null, "ref": "I 435;US 50", "placement": "middle_of:3", "oneway": "yes", "maxspeed": "65 mph", "lit": null, "layer": null, "lanes": "5", "horse": null, "highway": "motorway", "hgv:national_network": null, "hgv": "designated", "foot": null, "bridge": null, "bicycle": null }, "geometry": { "type": "LineString", "coordinates": [ [ -94.6038629, 38.938427 ], [ -94.6045911, 38.938209 ], [ -94.6053113, 38.9379785 ] ] } },
{ "type": "Feature", "properties": { "full_id": "w692849742", "osm_id": "692849742", "osm_type": "way", "change:lanes": null, "maxheight:signed": null, "destination:ref": null, "destination": null, "name": null, "minspeed": null, "destination:lanes": "||||Roe Avenue;Nall Avenue|State Line Road;103rd Street", "maxweight": null, "turn:lanes": "through|through|through|through|merge_to_left|slight_right", "surface": null, "source:hgv:national_network": null, "ref": "I 435;US 50", "placement": "middle_of:3", "oneway": "yes", "maxspeed": "65 mph", "lit": null, "layer": null, "lanes": "6", "horse": null, "highway": "motorway", "hgv:national_network": null, "hgv": "designated", "foot": null, "bridge": null, "bicycle": null }, "geometry": { "type": "LineString", "coordinates": [ [ -94.6010749, 38.9393317 ], [ -94.6038629, 38.938427 ] ] } },
{ "type": "Feature", "properties": { "full_id": "w692849743", "osm_id": "692849743", "osm_type": "way", "change:lanes": null, "maxheight:signed": null, "destination:ref": null, "destination": null, "name": null, "minspeed": null, "destination:lanes": null, "maxweight": null, "turn:lanes": null, "surface": "concrete", "source:hgv:national_network": null, "ref": "I 435;US 50", "placement": "middle_of:3", "oneway": "yes", "maxspeed": "65 mph", "lit": null, "layer": null, "lanes": "5", "horse": null, "highway": "motorway", "hgv:national_network": null, "hgv": "designated", "foot": null, "bridge": null, "bicycle": null }, "geometry": { "type": "LineString", "coordinates": [ [ -94.6077064, 38.93697 ], [ -94.6063972, 38.9373738 ] ] } },
{ "type": "Feature", "properties": { "full_id": "w720040897", "osm_id": "720040897", "osm_type": "way", "change:lanes": null, "maxheight:signed": null, "destination:ref": null, "destination": null, "name": "Lamar Hunt Memorial Highway", "minspeed": "40 mph", "destination:lanes": null, "maxweight": null, "turn:lanes": null, "surface": null, "source:hgv:national_network": null, "ref": "I 435", "placement": null, "oneway": "yes", "maxspeed": "65 mph", "lit": null, "layer": null, "lanes": "4", "horse": null, "highway": "motorway", "hgv:national_network": null, "hgv": null, "foot": null, "bridge": null, "bicycle": null }, "geometry": { "type": "LineString", "coordinates": [ [ -94.496729, 39.0532753 ], [ -94.4958461, 39.0539974 ], [ -94.4939591, 39.0554933 ] ] } },
{ "type": "Feature", "properties": { "full_id": "w720040898", "osm_id": "720040898", "osm_type": "way", "change:lanes": null, "maxheight:signed": null, "destination:ref": "I 435 South", "destination": "Wichita", "name": "Lamar Hunt Memorial Highway", "minspeed": "40 mph", "destination:lanes": null, "maxweight": null, "turn:lanes": null, "surface": null, "source:hgv:national_network": null, "ref": "I 435", "placement": null, "oneway": "yes", "maxspeed": "65 mph", "lit": null, "layer": null, "lanes": "3", "horse": null, "highway": "motorway", "hgv:national_network": null, "hgv": null, "foot": null, "bridge": null, "bicycle": null }, "geometry": { "type": "LineString", "coordinates": [ [ -94.4881353, 39.0678794 ], [ -94.488321, 39.0630032 ], [ -94.4883187, 39.0623753 ], [ -94.488357, 39.0619493 ], [ -94.4885165, 39.0613103 ], [ -94.4886507, 39.0610012 ] ] } },
{ "type": "Feature", "properties": { "full_id": "w720043483", "osm_id": "720043483", "osm_type": "way", "change:lanes": null, "maxheight:signed": null, "destination:ref": null, "destination": null, "name": "Lamar Hunt Memorial Highway", "minspeed": "40 mph", "destination:lanes": null, "maxweight": null, "turn:lanes": null, "surface": "asphalt", "source:hgv:national_network": null, "ref": "I 435", "placement": null, "oneway": "yes", "maxspeed": "65 mph", "lit": null, "layer": null, "lanes": "3", "horse": null, "highway": "motorway", "hgv:national_network": null, "hgv": null, "foot": null, "bridge": null, "bicycle": null }, "geometry": { "type": "LineString", "coordinates": [ [ -94.486269, 39.1029333 ], [ -94.4861199, 39.1053283 ], [ -94.486103, 39.1056 ], [ -94.4860491, 39.1064391 ] ] } },
{ "type": "Feature", "properties": { "full_id": "w858011030", "osm_id": "858011030", "osm_type": "way", "change:lanes": null, "maxheight:signed": null, "destination:ref": "I 435 North;US 24 East", "destination": "Des Moines", "name": "Lamar Hunt Memorial Highway", "minspeed": "40 mph", "destination:lanes": null, "maxweight": null, "turn:lanes": null, "surface": null, "source:hgv:national_network": null, "ref": "I 435", "placement": null, "oneway": "yes", "maxspeed": "65 mph", "lit": null, "layer": null, "lanes": "3", "horse": null, "highway": "motorway", "hgv:national_network": null, "hgv": null, "foot": null, "bridge": null, "bicycle": null }, "geometry": { "type": "LineString", "coordinates": [ [ -94.4937005, 39.0556983 ], [ -94.4932678, 39.0560521 ], [ -94.4929233, 39.0563369 ], [ -94.4923619, 39.0567852 ], [ -94.491708, 39.0572608 ], [ -94.4915875, 39.0573537 ] ] } },
{ "type": "Feature", "properties": { "full_id": "w858011031", "osm_id": "858011031", "osm_type": "way", "change:lanes": null, "maxheight:signed": null, "destination:ref": null, "destination": null, "name": "Lamar Hunt Memorial Highway", "minspeed": "40 mph", "destination:lanes": null, "maxweight": null, "turn:lanes": null, "surface": null, "source:hgv:national_network": null, "ref": "I 435;US 24", "placement": null, "oneway": "yes", "maxspeed": "65 mph", "lit": null, "layer": null, "lanes": "4", "horse": null, "highway": "motorway", "hgv:national_network": null, "hgv": null, "foot": null, "bridge": null, "bicycle": null }, "geometry": { "type": "LineString", "coordinates": [ [ -94.4899482, 39.0586 ], [ -94.4898527, 39.058699 ] ] } },
{ "type": "Feature", "properties": { "full_id": "w858011032", "osm_id": "858011032", "osm_type": "way", "change:lanes": null, "maxheight:signed": null, "destination:ref": null, "destination": null, "name": "Lamar Hunt Memorial Highway", "minspeed": "40 mph", "destination:lanes": null, "maxweight": null, "turn:lanes": null, "surface": null, "source:hgv:national_network": null, "ref": "I 435;US 24", "placement": null, "oneway": "yes", "maxspeed": "65 mph", "lit": null, "layer": null, "lanes": "3", "horse": null, "highway": "motorway", "hgv:national_network": null, "hgv": null, "foot": null, "bridge": null, "bicycle": null }, "geometry": { "type": "LineString", "coordinates": [ [ -94.4884112, 39.0609388 ], [ -94.4883461, 39.0611778 ], [ -94.4882652, 39.0615175 ], [ -94.4881372, 39.0626262 ], [ -94.4879863, 39.0658516 ], [ -94.4878619, 39.0689003 ], [ -94.4878073, 39.0701772 ], [ -94.4878164, 39.0706225 ], [ -94.4878468, 39.0709783 ], [ -94.4878741, 39.071261 ], [ -94.4879287, 39.0715272 ], [ -94.4880098, 39.071914 ] ] } },
{ "type": "Feature", "properties": { "full_id": "w858011033", "osm_id": "858011033", "osm_type": "way", "change:lanes": null, "maxheight:signed": null, "destination:ref": null, "destination": null, "name": "Lamar Hunt Memorial Highway", "minspeed": "40 mph", "destination:lanes": null, "maxweight": null, "turn:lanes": null, "surface": null, "source:hgv:national_network": null, "ref": "I 435;US 24", "placement": null, "oneway": "yes", "maxspeed": "65 mph", "lit": null, "layer": "1", "lanes": "4", "horse": null, "highway": "motorway", "hgv:national_network": null, "hgv": null, "foot": null, "bridge": "yes", "bicycle": null }, "geometry": { "type": "LineString", "coordinates": [ [ -94.4898527, 39.058699 ], [ -94.4896564, 39.0588789 ], [ -94.4893699, 39.0591678 ] ] } },
{ "type": "Feature", "properties": { "full_id": "w858011034", "osm_id": "858011034", "osm_type": "way", "change:lanes": null, "maxheight:signed": null, "destination:ref": null, "destination": null, "name": "Lamar Hunt Memorial Highway", "minspeed": "40 mph", "destination:lanes": null, "maxweight": null, "turn:lanes": null, "surface": null, "source:hgv:national_network": null, "ref": "I 435;US 24", "placement": null, "oneway": "yes", "maxspeed": "65 mph", "lit": null, "layer": null, "lanes": "4", "horse": null, "highway": "motorway", "hgv:national_network": null, "hgv": null, "foot": null, "bridge": null, "bicycle": null }, "geometry": { "type": "LineString", "coordinates": [ [ -94.4893699, 39.0591678 ], [ -94.4891075, 39.0595045 ], [ -94.4888437, 39.0599481 ], [ -94.48863, 39.0603964 ], [ -94.4885621, 39.0605405 ] ] } },
{ "type": "Feature", "properties": { "full_id": "w858011035", "osm_id": "858011035", "osm_type": "way", "change:lanes": null, "maxheight:signed": null, "destination:ref": null, "destination": null, "name": "Lamar Hunt Memorial Highway", "minspeed": "40 mph", "destination:lanes": null, "maxweight": null, "turn:lanes": null, "surface": null, "source:hgv:national_network": null, "ref": "I 435;US 24", "placement": null, "oneway": "yes", "maxspeed": "65 mph", "lit": null, "layer": "1", "lanes": "4", "horse": null, "highway": "motorway", "hgv:national_network": null, "hgv": null, "foot": null, "bridge": "yes", "bicycle": null }, "geometry": { "type": "LineString", "coordinates": [ [ -94.4885621, 39.0605405 ], [ -94.4885131, 39.0606605 ], [ -94.4884641, 39.0607828 ], [ -94.4884112, 39.0609388 ] ] } },
{ "type": "Feature", "properties": { "full_id": "w858011036", "osm_id": "858011036", "osm_type": "way", "change:lanes": null, "maxheight:signed": null, "destination:ref": null, "destination": null, "name": "Lamar Hunt Memorial Highway", "minspeed": "40 mph", "destination:lanes": null, "maxweight": null, "turn:lanes": null, "surface": null, "source:hgv:national_network": null, "ref": "I 435", "placement": null, "oneway": "yes", "maxspeed": "65 mph", "lit": null, "layer": "1", "lanes": "3", "horse": null, "highway": "motorway", "hgv:national_network": null, "hgv": null, "foot": null, "bridge": "yes", "bicycle": null }, "geometry": { "type": "LineString", "coordinates": [ [ -94.4915875, 39.0573537 ], [ -94.4911692, 39.0576462 ] ] } },
{ "type": "Feature", "properties": { "full_id": "w858011037", "osm_id": "858011037", "osm_type": "way", "change:lanes": null, "maxheight:signed": null, "destination:ref": null, "destination": null, "name": "Lamar Hunt Memorial Highway", "minspeed": "40 mph", "destination:lanes": null, "maxweight": null, "turn:lanes": null, "surface": null, "source:hgv:national_network": null, "ref": "I 435", "placement": null, "oneway": "yes", "maxspeed": "65 mph", "lit": null, "layer": null, "lanes": "3", "horse": null, "highway": "motorway", "hgv:national_network": null, "hgv": null, "foot": null, "bridge": null, "bicycle": null }, "geometry": { "type": "LineString", "coordinates": [ [ -94.4911692, 39.0576462 ], [ -94.4905064, 39.0581524 ], [ -94.4901844, 39.0583857 ], [ -94.4899482, 39.0586 ] ] } },
{ "type": "Feature", "properties": { "full_id": "w858011038", "osm_id": "858011038", "osm_type": "way", "change:lanes": null, "maxheight:signed": null, "destination:ref": null, "destination": null, "name": "Lamar Hunt Memorial Highway", "minspeed": "40 mph", "destination:lanes": null, "maxweight": null, "turn:lanes": null, "surface": null, "source:hgv:national_network": null, "ref": "I 435", "placement": null, "oneway": "yes", "maxspeed": "65 mph", "lit": null, "layer": "1", "lanes": "3", "horse": null, "highway": "motorway", "hgv:national_network": null, "hgv": null, "foot": null, "bridge": "yes", "bicycle": null }, "geometry": { "type": "LineString", "coordinates": [ [ -94.4886507, 39.0610012 ], [ -94.488805, 39.0606108 ] ] } },
{ "type": "Feature", "properties": { "full_id": "w858011039", "osm_id": "858011039", "osm_type": "way", "change:lanes": null, "maxheight:signed": null, "destination:ref": null, "destination": null, "name": "Lamar Hunt Memorial Highway", "minspeed": "40 mph", "destination:lanes": null, "maxweight": null, "turn:lanes": null, "surface": null, "source:hgv:national_network": null, "ref": "I 435", "placement": null, "oneway": "yes", "maxspeed": "65 mph", "lit": null, "layer": null, "lanes": "3", "horse": null, "highway": "motorway", "hgv:national_network": null, "hgv": null, "foot": null, "bridge": null, "bicycle": null }, "geometry": { "type": "LineString", "coordinates": [ [ -94.488805, 39.0606108 ], [ -94.4889715, 39.0603193 ], [ -94.4891991, 39.059958 ], [ -94.4894217, 39.0596597 ] ] } },
{ "type": "Feature", "properties": { "full_id": "w858011040", "osm_id": "858011040", "osm_type": "way", "change:lanes": null, "maxheight:signed": null, "destination:ref": null, "destination": null, "name": "Lamar Hunt Memorial Highway", "minspeed": "40 mph", "destination:lanes": null, "maxweight": null, "turn:lanes": null, "surface": null, "source:hgv:national_network": null, "ref": "I 435", "placement": null, "oneway": "yes", "maxspeed": "65 mph", "lit": null, "layer": null, "lanes": "4", "horse": null, "highway": "motorway", "hgv:national_network": null, "hgv": null, "foot": null, "bridge": null, "bicycle": null }, "geometry": { "type": "LineString", "coordinates": [ [ -94.4894217, 39.0596597 ], [ -94.4895244, 39.0595221 ], [ -94.4897604, 39.0592886 ] ] } },
{ "type": "Feature", "properties": { "full_id": "w858011041", "osm_id": "858011041", "osm_type": "way", "change:lanes": null, "maxheight:signed": null, "destination:ref": null, "destination": null, "name": "Lamar Hunt Memorial Highway", "minspeed": "40 mph", "destination:lanes": null, "maxweight": null, "turn:lanes": null, "surface": null, "source:hgv:national_network": null, "ref": "I 435", "placement": null, "oneway": "yes", "maxspeed": "65 mph", "lit": null, "layer": "1", "lanes": "4", "horse": null, "highway": "motorway", "hgv:national_network": null, "hgv": null, "foot": null, "bridge": "yes", "bicycle": null }, "geometry": { "type": "LineString", "coordinates": [ [ -94.4897604, 39.0592886 ], [ -94.4902578, 39.0587966 ] ] } },
{ "type": "Feature", "properties": { "full_id": "w858011042", "osm_id": "858011042", "osm_type": "way", "change:lanes": null, "maxheight:signed": null, "destination:ref": null, "destination": null, "name": "Lamar Hunt Memorial Highway", "minspeed": "40 mph", "destination:lanes": null, "maxweight": null, "turn:lanes": null, "surface": null, "source:hgv:national_network": null, "ref": "I 435", "placement": null, "oneway": "yes", "maxspeed": "65 mph", "lit": null, "layer": null, "lanes": "4", "horse": null, "highway": "motorway", "hgv:national_network": null, "hgv": null, "foot": null, "bridge": null, "bicycle": null }, "geometry": { "type": "LineString", "coordinates": [ [ -94.4902578, 39.0587966 ], [ -94.4904558, 39.0586007 ], [ -94.4915723, 39.057705 ] ] } },
{ "type": "Feature", "properties": { "full_id": "w858011043", "osm_id": "858011043", "osm_type": "way", "change:lanes": null, "maxheight:signed": null, "destination:ref": null, "destination": null, "name": "Lamar Hunt Memorial Highway", "minspeed": "40 mph", "destination:lanes": null, "maxweight": null, "turn:lanes": null, "surface": null, "source:hgv:national_network": null, "ref": "I 435", "placement": null, "oneway": "yes", "maxspeed": "65 mph", "lit": null, "layer": "1", "lanes": "4", "horse": null, "highway": "motorway", "hgv:national_network": null, "hgv": null, "foot": null, "bridge": "yes", "bicycle": null }, "geometry": { "type": "LineString", "coordinates": [ [ -94.4915723, 39.057705 ], [ -94.4918708, 39.0574661 ] ] } },
{ "type": "Feature", "properties": { "full_id": "w858011044", "osm_id": "858011044", "osm_type": "way", "change:lanes": null, "maxheight:signed": null, "destination:ref": null, "destination": null, "name": "Lamar Hunt Memorial Highway", "minspeed": "40 mph", "destination:lanes": null, "maxweight": null, "turn:lanes": null, "surface": null, "source:hgv:national_network": null, "ref": "I 435", "placement": null, "oneway": "yes", "maxspeed": "65 mph", "lit": null, "layer": null, "lanes": "3", "horse": null, "highway": "motorway", "hgv:national_network": null, "hgv": null, "foot": null, "bridge": null, "bicycle": null }, "geometry": { "type": "LineString", "coordinates": [ [ -94.4937245, 39.0559829 ], [ -94.494177, 39.0556322 ], [ -94.4945751, 39.0553072 ], [ -94.4955805, 39.0545146 ], [ -94.4964587, 39.0538093 ], [ -94.4968805, 39.0534552 ] ] } },
{ "type": "Feature", "properties": { "full_id": "w926720860", "osm_id": "926720860", "osm_type": "way", "change:lanes": null, "maxheight:signed": null, "destination:ref": null, "destination": null, "name": "Lamar Hunt Memorial Highway", "minspeed": "40 mph", "destination:lanes": null, "maxweight": null, "turn:lanes": null, "surface": null, "source:hgv:national_network": null, "ref": "I 435", "placement": null, "oneway": "yes", "maxspeed": "65 mph", "lit": null, "layer": null, "lanes": "3", "horse": null, "highway": "motorway", "hgv:national_network": null, "hgv": null, "foot": null, "bridge": null, "bicycle": null }, "geometry": { "type": "LineString", "coordinates": [ [ -94.4918708, 39.0574661 ], [ -94.4924015, 39.0570155 ], [ -94.49329, 39.0563587 ], [ -94.4937245, 39.0559829 ] ] } },
{ "type": "Feature", "properties": { "full_id": "w1102856791", "osm_id": "1102856791", "osm_type": "way", "change:lanes": null, "maxheight:signed": null, "destination:ref": null, "destination": null, "name": null, "minspeed": "40 mph", "destination:lanes": null, "maxweight": null, "turn:lanes": null, "surface": "asphalt", "source:hgv:national_network": null, "ref": "I 435", "placement": null, "oneway": "yes", "maxspeed": "65 mph", "lit": null, "layer": null, "lanes": "3", "horse": null, "highway": "motorway", "hgv:national_network": null, "hgv": null, "foot": null, "bridge": null, "bicycle": null }, "geometry": { "type": "LineString", "coordinates": [ [ -94.5005963, 39.008151 ], [ -94.5003839, 39.00854 ], [ -94.5000729, 39.0089881 ], [ -94.4983242, 39.0111043 ] ] } },
{ "type": "Feature", "properties": { "full_id": "w1102856792", "osm_id": "1102856792", "osm_type": "way", "change:lanes": null, "maxheight:signed": null, "destination:ref": null, "destination": null, "name": null, "minspeed": "40 mph", "destination:lanes": "||Eastwood Trafficway;Blue Parkway|63rd Street", "maxweight": null, "turn:lanes": "|||slight_right", "surface": "asphalt", "source:hgv:national_network": null, "ref": "I 435", "placement": null, "oneway": "yes", "maxspeed": "65 mph", "lit": null, "layer": null, "lanes": "4", "horse": null, "highway": "motorway", "hgv:national_network": null, "hgv": null, "foot": null, "bridge": null, "bicycle": null }, "geometry": { "type": "LineString", "coordinates": [ [ -94.5013246, 39.0067243 ], [ -94.501097, 39.0072549 ], [ -94.5008391, 39.0077029 ], [ -94.5005963, 39.008151 ] ] } },
{ "type": "Feature", "properties": { "full_id": "w1150167284", "osm_id": "1150167284", "osm_type": "way", "change:lanes": null, "maxheight:signed": null, "destination:ref": null, "destination": null, "name": null, "minspeed": "40 mph", "destination:lanes": "Des Moines|Des Moines|Des Moines|Blue Parkway", "maxweight": null, "turn:lanes": "|||slight_right", "surface": "asphalt", "source:hgv:national_network": null, "ref": "I 435", "placement": null, "oneway": "yes", "maxspeed": "65 mph", "lit": null, "layer": null, "lanes": "4", "horse": null, "highway": "motorway", "hgv:national_network": null, "hgv": null, "foot": null, "bridge": null, "bicycle": null }, "geometry": { "type": "LineString", "coordinates": [ [ -94.4971618, 39.0131013 ], [ -94.4971114, 39.0133418 ], [ -94.4970309, 39.0138378 ], [ -94.4970041, 39.0142921 ], [ -94.4970095, 39.0146798 ], [ -94.4970832, 39.0152463 ], [ -94.497172, 39.0155959 ], [ -94.4972946, 39.0159699 ] ] } },
{ "type": "Feature", "properties": { "full_id": "w1150167285", "osm_id": "1150167285", "osm_type": "way", "change:lanes": null, "maxheight:signed": null, "destination:ref": null, "destination": null, "name": null, "minspeed": "40 mph", "destination:lanes": null, "maxweight": null, "turn:lanes": null, "surface": "asphalt", "source:hgv:national_network": null, "ref": "I 435", "placement": null, "oneway": "yes", "maxspeed": "65 mph", "lit": null, "layer": null, "lanes": "3", "horse": null, "highway": "motorway", "hgv:national_network": null, "hgv": null, "foot": null, "bridge": null, "bicycle": null }, "geometry": { "type": "LineString", "coordinates": [ [ -94.4979046, 39.0116879 ], [ -94.4975137, 39.0123039 ], [ -94.4971618, 39.0131013 ] ] } },
{ "type": "Feature", "properties": { "full_id": "w1186010206", "osm_id": "1186010206", "osm_type": "way", "change:lanes": null, "maxheight:signed": null, "destination:ref": null, "destination": null, "name": null, "minspeed": null, "destination:lanes": null, "maxweight": null, "turn:lanes": null, "surface": null, "source:hgv:national_network": null, "ref": "I 435;US 50", "placement": null, "oneway": "yes", "maxspeed": "65 mph", "lit": null, "layer": null, "lanes": "5", "horse": null, "highway": "motorway", "hgv:national_network": null, "hgv": "designated", "foot": null, "bridge": null, "bicycle": null }, "geometry": { "type": "LineString", "coordinates": [ [ -94.5917561, 38.9409981 ], [ -94.5924381, 38.9410192 ], [ -94.5927988, 38.9410182 ], [ -94.5931526, 38.9410078 ], [ -94.5939968, 38.9409553 ], [ -94.5945959, 38.9409085 ], [ -94.5951498, 38.940849 ], [ -94.5954569, 38.9408116 ], [ -94.5957447, 38.9407696 ], [ -94.5964664, 38.9406471 ] ] } },
{ "type": "Feature", "properties": { "full_id": "w1186010207", "osm_id": "1186010207", "osm_type": "way", "change:lanes": null, "maxheight:signed": null, "destination:ref": null, "destination": null, "name": null, "minspeed": null, "destination:lanes": null, "maxweight": null, "turn:lanes": null, "surface": null, "source:hgv:national_network": null, "ref": "I 435;US 50", "placement": null, "oneway": "yes", "maxspeed": "65 mph", "lit": null, "layer": null, "lanes": "5", "horse": null, "highway": "motorway", "hgv:national_network": null, "hgv": "designated", "foot": null, "bridge": null, "bicycle": null }, "geometry": { "type": "LineString", "coordinates": [ [ -94.5830105, 38.9407144 ], [ -94.5858331, 38.9407741 ] ] } },
{ "type": "Feature", "properties": { "full_id": "w1187312061", "osm_id": "1187312061", "osm_type": "way", "change:lanes": null, "maxheight:signed": null, "destination:ref": null, "destination": null, "name": null, "minspeed": null, "destination:lanes": null, "maxweight": null, "turn:lanes": null, "surface": "asphalt", "source:hgv:national_network": null, "ref": "I 435;US 50", "placement": null, "oneway": "yes", "maxspeed": "65 mph", "lit": null, "layer": null, "lanes": "5", "horse": null, "highway": "motorway", "hgv:national_network": null, "hgv": "designated", "foot": null, "bridge": null, "bicycle": null }, "geometry": { "type": "LineString", "coordinates": [ [ -94.5872056, 38.9405757 ], [ -94.5830051, 38.9403452 ] ] } },
{ "type": "Feature", "properties": { "full_id": "w1187312062", "osm_id": "1187312062", "osm_type": "way", "change:lanes": null, "maxheight:signed": null, "destination:ref": null, "destination": null, "name": null, "minspeed": null, "destination:lanes": null, "maxweight": null, "turn:lanes": null, "surface": "asphalt", "source:hgv:national_network": null, "ref": "I 435;US 50", "placement": null, "oneway": "yes", "maxspeed": "65 mph", "lit": null, "layer": null, "lanes": "5", "horse": null, "highway": "motorway", "hgv:national_network": null, "hgv": "designated", "foot": null, "bridge": null, "bicycle": null }, "geometry": { "type": "LineString", "coordinates": [ [ -94.596509, 38.9402862 ], [ -94.5957805, 38.9404151 ], [ -94.5951868, 38.9405047 ], [ -94.5944681, 38.9406021 ], [ -94.5938426, 38.9406658 ], [ -94.5932866, 38.9407143 ], [ -94.5929707, 38.9407264 ] ] } },
{ "type": "Feature", "properties": { "full_id": "w1187552944", "osm_id": "1187552944", "osm_type": "way", "change:lanes": null, "maxheight:signed": null, "destination:ref": null, "destination": null, "name": null, "minspeed": null, "destination:lanes": null, "maxweight": null, "turn:lanes": null, "surface": null, "source:hgv:national_network": null, "ref": "I 435;US 50", "placement": null, "oneway": "yes", "maxspeed": "65 mph", "lit": null, "layer": null, "lanes": "5", "horse": null, "highway": "motorway", "hgv:national_network": null, "hgv": "designated", "foot": null, "bridge": null, "bicycle": null }, "geometry": { "type": "LineString", "coordinates": [ [ -94.5784254, 38.9404369 ], [ -94.5805597, 38.9405897 ], [ -94.5824518, 38.9406899 ] ] } },
{ "type": "Feature", "properties": { "full_id": "w1187552945", "osm_id": "1187552945", "osm_type": "way", "change:lanes": null, "maxheight:signed": null, "destination:ref": null, "destination": null, "name": null, "minspeed": null, "destination:lanes": "||||Wornall Road|Holmes Road", "maxweight": null, "turn:lanes": "none|none|none|none|none|slight_right", "surface": null, "source:hgv:national_network": null, "ref": "I 435;US 50", "placement": "middle_of:3", "oneway": "yes", "maxspeed": "65 mph", "lit": null, "layer": null, "lanes": "6", "horse": null, "highway": "motorway", "hgv:national_network": null, "hgv": "designated", "foot": null, "bridge": null, "bicycle": null }, "geometry": { "type": "LineString", "coordinates": [ [ -94.5769988, 38.9403665 ], [ -94.5784254, 38.9404369 ] ] } },
{ "type": "Feature", "properties": { "full_id": "w1187796515", "osm_id": "1187796515", "osm_type": "way", "change:lanes": null, "maxheight:signed": null, "destination:ref": null, "destination": null, "name": null, "minspeed": "40 mph", "destination:lanes": "Wichita|Wichita|Joplin;Lee's Summit|Joplin;Lee's Summit", "maxweight": null, "turn:lanes": "||slight_right|slight_right", "surface": null, "source:hgv:national_network": null, "ref": "I 435", "placement": null, "oneway": "yes", "maxspeed": "65 mph", "lit": null, "layer": null, "lanes": "4", "horse": null, "highway": "motorway", "hgv:national_network": null, "hgv": null, "foot": null, "bridge": null, "bicycle": null }, "geometry": { "type": "LineString", "coordinates": [ [ -94.5281258, 38.9555652 ], [ -94.5315097, 38.9506132 ] ] } },
{ "type": "Feature", "properties": { "full_id": "w1188624192", "osm_id": "1188624192", "osm_type": "way", "change:lanes": null, "maxheight:signed": null, "destination:ref": null, "destination": null, "name": null, "minspeed": "40 mph", "destination:lanes": "Wichita|Wichita|Grandview;Joplin;Lee's Summit|Grandview;Joplin;Lee's Summit;Bannister Road|Bannister Road", "maxweight": null, "turn:lanes": "none|none|none|through;slight_right|slight_right", "surface": null, "source:hgv:national_network": null, "ref": "I 435", "placement": null, "oneway": "yes", "maxspeed": "65 mph", "lit": null, "layer": null, "lanes": "5", "horse": null, "highway": "motorway", "hgv:national_network": null, "hgv": null, "foot": null, "bridge": null, "bicycle": null }, "geometry": { "type": "LineString", "coordinates": [ [ -94.5254099, 38.959531 ], [ -94.5281258, 38.9555652 ] ] } },
{ "type": "Feature", "properties": { "full_id": "w1189603210", "osm_id": "1189603210", "osm_type": "way", "change:lanes": null, "maxheight:signed": null, "destination:ref": null, "destination": null, "name": "Lamar Hunt Memorial Highway", "minspeed": "40 mph", "destination:lanes": null, "maxweight": null, "turn:lanes": null, "surface": null, "source:hgv:national_network": null, "ref": "I 435", "placement": null, "oneway": "yes", "maxspeed": "65 mph", "lit": null, "layer": null, "lanes": "3", "horse": null, "highway": "motorway", "hgv:national_network": null, "hgv": null, "foot": null, "bridge": null, "bicycle": null }, "geometry": { "type": "LineString", "coordinates": [ [ -94.4991228, 39.1337159 ], [ -94.4992067, 39.1313917 ], [ -94.4991345, 39.130286 ] ] } },
{ "type": "Feature", "properties": { "full_id": "w1189603211", "osm_id": "1189603211", "osm_type": "way", "change:lanes": null, "maxheight:signed": null, "destination:ref": null, "destination": null, "name": "Lamar Hunt Memorial Highway", "minspeed": "40 mph", "destination:lanes": "||12th Street;Truman Road;Winner Road;Independence Avenue|Front Street", "maxweight": null, "turn:lanes": "none|none|none|slight_right", "surface": null, "source:hgv:national_network": null, "ref": "I 435", "placement": null, "oneway": "yes", "maxspeed": "65 mph", "lit": null, "layer": null, "lanes": "4", "horse": null, "highway": "motorway", "hgv:national_network": null, "hgv": null, "foot": null, "bridge": null, "bicycle": null }, "geometry": { "type": "LineString", "coordinates": [ [ -94.4990364, 39.1353396 ], [ -94.4991228, 39.1337159 ] ] } },
{ "type": "Feature", "properties": { "full_id": "w1190847509", "osm_id": "1190847509", "osm_type": "way", "change:lanes": null, "maxheight:signed": null, "destination:ref": null, "destination": null, "name": "Lamar Hunt Memorial Highway", "minspeed": "40 mph", "destination:lanes": "||North Kansas City;Richmond|East Front Street", "maxweight": null, "turn:lanes": "|||slight_right", "surface": null, "source:hgv:national_network": null, "ref": "I 435", "placement": null, "oneway": "yes", "maxspeed": "65 mph", "lit": null, "layer": null, "lanes": "4", "horse": null, "highway": "motorway", "hgv:national_network": null, "hgv": null, "foot": null, "bridge": null, "bicycle": null }, "geometry": { "type": "LineString", "coordinates": [ [ -94.4971023, 39.1262887 ], [ -94.4979227, 39.1275659 ] ] } },
{ "type": "Feature", "properties": { "full_id": "w1191726181", "osm_id": "1191726181", "osm_type": "way", "change:lanes": null, "maxheight:signed": null, "destination:ref": null, "destination": null, "name": null, "minspeed": "40 mph", "destination:lanes": null, "maxweight": null, "turn:lanes": null, "surface": "asphalt", "source:hgv:national_network": null, "ref": "I 435", "placement": null, "oneway": "yes", "maxspeed": "65 mph", "lit": null, "layer": null, "lanes": "4", "horse": null, "highway": "motorway", "hgv:national_network": null, "hgv": null, "foot": null, "bridge": null, "bicycle": null }, "geometry": { "type": "LineString", "coordinates": [ [ -94.5003225, 39.031636 ], [ -94.5001577, 39.0347757 ] ] } },
{ "type": "Feature", "properties": { "full_id": "w1191726182", "osm_id": "1191726182", "osm_type": "way", "change:lanes": null, "maxheight:signed": null, "destination:ref": null, "destination": null, "name": null, "minspeed": "40 mph", "destination:lanes": null, "maxweight": null, "turn:lanes": null, "surface": "asphalt", "source:hgv:national_network": null, "ref": "I 435", "placement": null, "oneway": "yes", "maxspeed": "65 mph", "lit": null, "layer": null, "lanes": "4", "horse": null, "highway": "motorway", "hgv:national_network": null, "hgv": null, "foot": null, "bridge": null, "bicycle": null }, "geometry": { "type": "LineString", "coordinates": [ [ -94.5001577, 39.0347757 ], [ -94.5000764, 39.0363238 ] ] } },
{ "type": "Feature", "properties": { "full_id": "w1191971390", "osm_id": "1191971390", "osm_type": "way", "change:lanes": null, "maxheight:signed": null, "destination:ref": null, "destination": null, "name": null, "minspeed": "40 mph", "destination:lanes": null, "maxweight": null, "turn:lanes": null, "surface": null, "source:hgv:national_network": null, "ref": "I 435", "placement": null, "oneway": "yes", "maxspeed": "65 mph", "lit": null, "layer": null, "lanes": "5", "horse": null, "highway": "motorway", "hgv:national_network": null, "hgv": null, "foot": null, "bridge": null, "bicycle": null }, "geometry": { "type": "LineString", "coordinates": [ [ -94.5010411, 39.0225291 ], [ -94.5010717, 39.0218308 ] ] } },
{ "type": "Feature", "properties": { "full_id": "w1192376452", "osm_id": "1192376452", "osm_type": "way", "change:lanes": null, "maxheight:signed": null, "destination:ref": null, "destination": null, "name": "Lamar Hunt Memorial Highway", "minspeed": "40 mph", "destination:lanes": null, "maxweight": null, "turn:lanes": null, "surface": "asphalt", "source:hgv:national_network": null, "ref": "I 435;US 24", "placement": null, "oneway": "yes", "maxspeed": "65 mph", "lit": null, "layer": null, "lanes": "4", "horse": null, "highway": "motorway", "hgv:national_network": null, "hgv": null, "foot": null, "bridge": null, "bicycle": null }, "geometry": { "type": "LineString", "coordinates": [ [ -94.4880098, 39.071914 ], [ -94.4881507, 39.0725275 ] ] } },
{ "type": "Feature", "properties": { "full_id": "w1192587185", "osm_id": "1192587185", "osm_type": "way", "change:lanes": null, "maxheight:signed": null, "destination:ref": null, "destination": null, "name": null, "minspeed": "40 mph", "destination:lanes": null, "maxweight": null, "turn:lanes": null, "surface": null, "source:hgv:national_network": null, "ref": "I 435", "placement": null, "oneway": "yes", "maxspeed": "65 mph", "lit": null, "layer": null, "lanes": "4", "horse": null, "highway": "motorway", "hgv:national_network": null, "hgv": null, "foot": null, "bridge": null, "bicycle": null }, "geometry": { "type": "LineString", "coordinates": [ [ -94.5004343, 39.0347289 ], [ -94.5005943, 39.0316372 ] ] } },
{ "type": "Feature", "properties": { "full_id": "w1192587186", "osm_id": "1192587186", "osm_type": "way", "change:lanes": null, "maxheight:signed": null, "destination:ref": null, "destination": null, "name": null, "minspeed": "40 mph", "destination:lanes": null, "maxweight": null, "turn:lanes": null, "surface": null, "source:hgv:national_network": null, "ref": "I 435", "placement": null, "oneway": "yes", "maxspeed": "65 mph", "lit": null, "layer": null, "lanes": "4", "horse": null, "highway": "motorway", "hgv:national_network": null, "hgv": null, "foot": null, "bridge": null, "bicycle": null }, "geometry": { "type": "LineString", "coordinates": [ [ -94.4998557, 39.0459047 ], [ -94.5001296, 39.0406139 ] ] } },
{ "type": "Feature", "properties": { "full_id": "w1192599047", "osm_id": "1192599047", "osm_type": "way", "change:lanes": null, "maxheight:signed": null, "destination:ref": null, "destination": null, "name": null, "minspeed": "40 mph", "destination:lanes": null, "maxweight": null, "turn:lanes": null, "surface": null, "source:hgv:national_network": null, "ref": "I 435", "placement": null, "oneway": "yes", "maxspeed": "65 mph", "lit": null, "layer": null, "lanes": "3", "horse": null, "highway": "motorway", "hgv:national_network": null, "hgv": null, "foot": null, "bridge": null, "bicycle": null }, "geometry": { "type": "LineString", "coordinates": [ [ -94.5024094, 38.997899 ], [ -94.5025898, 38.9957745 ] ] } },
{ "type": "Feature", "properties": { "full_id": "w1192599048", "osm_id": "1192599048", "osm_type": "way", "change:lanes": null, "maxheight:signed": null, "destination:ref": null, "destination": null, "name": null, "minspeed": "40 mph", "destination:lanes": "||87th Street|Gregory Boulevard", "maxweight": null, "turn:lanes": "|||slight_right", "surface": null, "source:hgv:national_network": null, "ref": "I 435", "placement": null, "oneway": "yes", "maxspeed": "65 mph", "lit": null, "layer": null, "lanes": "4", "horse": null, "highway": "motorway", "hgv:national_network": null, "hgv": null, "foot": null, "bridge": null, "bicycle": null }, "geometry": { "type": "LineString", "coordinates": [ [ -94.5022624, 38.9996506 ], [ -94.5024094, 38.997899 ] ] } },
{ "type": "Feature", "properties": { "full_id": "w1215845618", "osm_id": "1215845618", "osm_type": "way", "change:lanes": null, "maxheight:signed": null, "destination:ref": null, "destination": null, "name": null, "minspeed": null, "destination:lanes": null, "maxweight": null, "turn:lanes": null, "surface": "asphalt", "source:hgv:national_network": null, "ref": "I 435;US 50", "placement": "left_of:3", "oneway": "yes", "maxspeed": "65 mph", "lit": null, "layer": null, "lanes": "4", "horse": null, "highway": "motorway", "hgv:national_network": null, "hgv": "designated", "foot": null, "bridge": null, "bicycle": null }, "geometry": { "type": "LineString", "coordinates": [ [ -94.6054696, 38.9379117 ], [ -94.6076855, 38.9371909 ] ] } },
{ "type": "Feature", "properties": { "full_id": "w1215845619", "osm_id": "1215845619", "osm_type": "way", "change:lanes": null, "maxheight:signed": null, "destination:ref": null, "destination": null, "name": null, "minspeed": null, "destination:lanes": null, "maxweight": null, "turn:lanes": null, "surface": "asphalt", "source:hgv:national_network": null, "ref": "I 435;US 50", "placement": "transition", "oneway": "yes", "maxspeed": "65 mph", "lit": null, "layer": null, "lanes": "4", "horse": null, "highway": "motorway", "hgv:national_network": null, "hgv": "designated", "foot": null, "bridge": null, "bicycle": null }, "geometry": { "type": "LineString", "coordinates": [ [ -94.6053113, 38.9379785 ], [ -94.6054696, 38.9379117 ] ] } },
{ "type": "Feature", "properties": { "full_id": "w1215845621", "osm_id": "1215845621", "osm_type": "way", "change:lanes": null, "maxheight:signed": null, "destination:ref": null, "destination": null, "name": null, "minspeed": null, "destination:lanes": null, "maxweight": null, "turn:lanes": "|||||merge_to_left", "surface": "asphalt", "source:hgv:national_network": null, "ref": "I 435;US 50", "placement": "middle_of:3", "oneway": "yes", "maxspeed": "65 mph", "lit": null, "layer": null, "lanes": "6", "horse": null, "highway": "motorway", "hgv:national_network": null, "hgv": "designated", "foot": null, "bridge": null, "bicycle": null }, "geometry": { "type": "LineString", "coordinates": [ [ -94.5791867, 38.9402353 ], [ -94.5764863, 38.9401127 ] ] } },
{ "type": "Feature", "properties": { "full_id": "w1215845622", "osm_id": "1215845622", "osm_type": "way", "change:lanes": null, "maxheight:signed": null, "destination:ref": null, "destination": null, "name": null, "minspeed": null, "destination:lanes": null, "maxweight": null, "turn:lanes": null, "surface": "asphalt", "source:hgv:national_network": null, "ref": "I 435;US 50", "placement": null, "oneway": "yes", "maxspeed": "65 mph", "lit": null, "layer": null, "lanes": "5", "horse": null, "highway": "motorway", "hgv:national_network": null, "hgv": "designated", "foot": null, "bridge": null, "bicycle": null }, "geometry": { "type": "LineString", "coordinates": [ [ -94.5764863, 38.9401127 ], [ -94.5680902, 38.9396937 ] ] } },
{ "type": "Feature", "properties": { "full_id": "w1215845623", "osm_id": "1215845623", "osm_type": "way", "change:lanes": null, "maxheight:signed": null, "destination:ref": null, "destination": null, "name": null, "minspeed": "40 mph", "destination:lanes": null, "maxweight": null, "turn:lanes": null, "surface": null, "source:hgv:national_network": null, "ref": "I 435;US 50", "placement": "middle_of:3", "oneway": "yes", "maxspeed": "65 mph", "lit": null, "layer": null, "lanes": "6", "horse": null, "highway": "motorway", "hgv:national_network": null, "hgv": null, "foot": null, "bridge": null, "bicycle": null }, "geometry": { "type": "LineString", "coordinates": [ [ -94.5466113, 38.9389128 ], [ -94.5530525, 38.9392115 ] ] } },
{ "type": "Feature", "properties": { "full_id": "w1215845624", "osm_id": "1215845624", "osm_type": "way", "change:lanes": null, "maxheight:signed": null, "destination:ref": null, "destination": null, "name": null, "minspeed": "40 mph", "destination:lanes": "I 435 North|I 435 North|I 470 East|I470 East|I 470 East|I 49 South", "maxweight": null, "turn:lanes": "slight_left|slight_left|slight_right|slight_right|slight_right|slight_right", "surface": "asphalt", "source:hgv:national_network": null, "ref": "I 435;US 50", "placement": "middle_of:3", "oneway": "yes", "maxspeed": "65 mph", "lit": null, "layer": null, "lanes": "6", "horse": null, "highway": "motorway", "hgv:national_network": null, "hgv": null, "foot": null, "bridge": null, "bicycle": null }, "geometry": { "type": "LineString", "coordinates": [ [ -94.5503877, 38.938862 ], [ -94.5428438, 38.9385065 ] ] } },
{ "type": "Feature", "properties": { "full_id": "w1215845625", "osm_id": "1215845625", "osm_type": "way", "change:lanes": null, "maxheight:signed": null, "destination:ref": null, "destination": null, "name": null, "minspeed": null, "destination:lanes": null, "maxweight": null, "turn:lanes": null, "surface": "asphalt", "source:hgv:national_network": null, "ref": "I 435;US 50", "placement": null, "oneway": "yes", "maxspeed": "65 mph", "lit": null, "layer": null, "lanes": "5", "horse": null, "highway": "motorway", "hgv:national_network": null, "hgv": "designated", "foot": null, "bridge": null, "bicycle": null }, "geometry": { "type": "LineString", "coordinates": [ [ -94.5632851, 38.9394879 ], [ -94.5622088, 38.939435 ] ] } },
{ "type": "Feature", "properties": { "full_id": "w1215845626", "osm_id": "1215845626", "osm_type": "way", "change:lanes": null, "maxheight:signed": null, "destination:ref": null, "destination": null, "name": null, "minspeed": null, "destination:lanes": null, "maxweight": null, "turn:lanes": "|||||merge_to_left", "surface": "asphalt", "source:hgv:national_network": null, "ref": "I 435;US 50", "placement": "middle_of:3", "oneway": "yes", "maxspeed": "65 mph", "lit": null, "layer": null, "lanes": "6", "horse": null, "highway": "motorway", "hgv:national_network": null, "hgv": "designated", "foot": null, "bridge": null, "bicycle": null }, "geometry": { "type": "LineString", "coordinates": [ [ -94.5646155, 38.9395498 ], [ -94.5632851, 38.9394879 ] ] } },
{ "type": "Feature", "properties": { "full_id": "w1251435153", "osm_id": "1251435153", "osm_type": "way", "change:lanes": null, "maxheight:signed": null, "destination:ref": null, "destination": null, "name": "Lamar Hunt Memorial Highway", "minspeed": "40 mph", "destination:lanes": null, "maxweight": null, "turn:lanes": null, "surface": null, "source:hgv:national_network": null, "ref": "I 435", "placement": null, "oneway": "yes", "maxspeed": "65 mph", "lit": null, "layer": null, "lanes": "3", "horse": null, "highway": "motorway", "hgv:national_network": null, "hgv": null, "foot": null, "bridge": null, "bicycle": null }, "geometry": { "type": "LineString", "coordinates": [ [ -94.498919, 39.0510879 ], [ -94.4992032, 39.0505029 ], [ -94.4993792, 39.0500299 ], [ -94.4995416, 39.0495465 ], [ -94.4996543, 39.049056 ] ] } },
{ "type": "Feature", "properties": { "full_id": "w1291589715", "osm_id": "1291589715", "osm_type": "way", "change:lanes": null, "maxheight:signed": null, "destination:ref": null, "destination": null, "name": null, "minspeed": null, "destination:lanes": null, "maxweight": null, "turn:lanes": null, "surface": null, "source:hgv:national_network": null, "ref": "I 435;US 50", "placement": "left_of:3", "oneway": "yes", "maxspeed": "65 mph", "lit": "automatic", "layer": "1", "lanes": "4", "horse": "no", "highway": "motorway", "hgv:national_network": null, "hgv": "designated", "foot": "no", "bridge": "yes", "bicycle": "no" }, "geometry": { "type": "LineString", "coordinates": [ [ -94.6076855, 38.9371909 ], [ -94.6079053, 38.9371216 ] ] } },
{ "type": "Feature", "properties": { "full_id": "w1295019164", "osm_id": "1295019164", "osm_type": "way", "change:lanes": null, "maxheight:signed": null, "destination:ref": null, "destination": null, "name": null, "minspeed": null, "destination:lanes": null, "maxweight": null, "turn:lanes": null, "surface": "concrete", "source:hgv:national_network": "https://www.ecfr.gov/current/title-23/chapter-I/subchapter-G/part-658;https://hepgis-usdot.hub.arcgis.com/apps/usdot::national-network-conventional-combination-trucks-map", "ref": "I 435;US 50", "placement": null, "oneway": "yes", "maxspeed": "65 mph", "lit": "automatic", "layer": "1", "lanes": "5", "horse": "no", "highway": "motorway", "hgv:national_network": "yes", "hgv": "designated", "foot": "no", "bridge": "yes", "bicycle": "no" }, "geometry": { "type": "LineString", "coordinates": [ [ -94.6079045, 38.9369099 ], [ -94.6077064, 38.93697 ] ] } },
{ "type": "Feature", "properties": { "full_id": "w1339795234", "osm_id": "1339795234", "osm_type": "way", "change:lanes": "yes|yes|not_right|no", "maxheight:signed": null, "destination:ref": null, "destination": null, "name": "Lamar Hunt Memorial Highway", "minspeed": "40 mph", "destination:lanes": null, "maxweight": null, "turn:lanes": "||through;slight_right|slight_right", "surface": null, "source:hgv:national_network": null, "ref": "I 435", "placement": null, "oneway": "yes", "maxspeed": "65 mph", "lit": null, "layer": null, "lanes": "4", "horse": null, "highway": "motorway", "hgv:national_network": null, "hgv": null, "foot": null, "bridge": null, "bicycle": null }, "geometry": { "type": "LineString", "coordinates": [ [ -94.4939591, 39.0554933 ], [ -94.4937005, 39.0556983 ] ] } },
{ "type": "Feature", "properties": { "full_id": "w1492155318", "osm_id": "1492155318", "osm_type": "way", "change:lanes": null, "maxheight:signed": null, "destination:ref": null, "destination": null, "name": null, "minspeed": "40 mph", "destination:lanes": null, "maxweight": null, "turn:lanes": null, "surface": "asphalt", "source:hgv:national_network": null, "ref": "I 435", "placement": null, "oneway": "yes", "maxspeed": "65 mph", "lit": null, "layer": null, "lanes": "4", "horse": null, "highway": "motorway", "hgv:national_network": null, "hgv": null, "foot": null, "bridge": null, "bicycle": null }, "geometry": { "type": "LineString", "coordinates": [ [ -94.5320334, 38.9495279 ], [ -94.5277427, 38.95575 ] ] } },
{ "type": "Feature", "properties": { "full_id": "w1493432699", "osm_id": "1493432699", "osm_type": "way", "change:lanes": null, "maxheight:signed": null, "destination:ref": null, "destination": null, "name": "Lamar Hunt Memorial Highway", "minspeed": "40 mph", "destination:lanes": null, "maxweight": null, "turn:lanes": "none|none|none|slight_right", "surface": "asphalt", "source:hgv:national_network": null, "ref": "I 435;US 24", "placement": null, "oneway": "yes", "maxspeed": "65 mph", "lit": null, "layer": null, "lanes": "4", "horse": null, "highway": "motorway", "hgv:national_network": null, "hgv": null, "foot": null, "bridge": null, "bicycle": null }, "geometry": { "type": "LineString", "coordinates": [ [ -94.4875062, 39.0873826 ], [ -94.4873315, 39.0879399 ], [ -94.4872161, 39.0886915 ], [ -94.4872175, 39.0895338 ] ] } },
{ "type": "Feature", "properties": { "full_id": "w1494655141", "osm_id": "1494655141", "osm_type": "way", "change:lanes": null, "maxheight:signed": null, "destination:ref": null, "destination": null, "name": "Lamar Hunt Memorial Highway", "minspeed": "40 mph", "destination:lanes": null, "maxweight": null, "turn:lanes": "|||slight_right", "surface": "asphalt", "source:hgv:national_network": null, "ref": "I 435;US 24", "placement": null, "oneway": "yes", "maxspeed": "65 mph", "lit": null, "layer": null, "lanes": "4", "horse": null, "highway": "motorway", "hgv:national_network": null, "hgv": null, "foot": null, "bridge": null, "bicycle": null }, "geometry": { "type": "LineString", "coordinates": [ [ -94.4863559, 39.102137 ], [ -94.486269, 39.1029333 ] ] } },
{ "type": "Feature", "properties": { "full_id": "w1494846725", "osm_id": "1494846725", "osm_type": "way", "change:lanes": null, "maxheight:signed": null, "destination:ref": null, "destination": null, "name": "Lamar Hunt Memorial Highway", "minspeed": "40 mph", "destination:lanes": null, "maxweight": null, "turn:lanes": "none|none|none|slight_right", "surface": null, "source:hgv:national_network": null, "ref": "I 435", "placement": null, "oneway": "yes", "maxspeed": "65 mph", "lit": null, "layer": null, "lanes": "4", "horse": null, "highway": "motorway", "hgv:national_network": null, "hgv": null, "foot": null, "bridge": null, "bicycle": null }, "geometry": { "type": "LineString", "coordinates": [ [ -94.4863581, 39.1064358 ], [ -94.486379, 39.105531 ] ] } },
{ "type": "Feature", "properties": { "full_id": "w1495781741", "osm_id": "1495781741", "osm_type": "way", "change:lanes": null, "maxheight:signed": null, "destination:ref": null, "destination": null, "name": null, "minspeed": "40 mph", "destination:lanes": null, "maxweight": null, "turn:lanes": null, "surface": null, "source:hgv:national_network": null, "ref": "I 435", "placement": null, "oneway": "yes", "maxspeed": "65 mph", "lit": null, "layer": null, "lanes": "3", "horse": null, "highway": "motorway", "hgv:national_network": null, "hgv": null, "foot": null, "bridge": null, "bicycle": null }, "geometry": { "type": "LineString", "coordinates": [ [ -94.5180749, 38.9701335 ], [ -94.5187753, 38.9691275 ], [ -94.519757, 38.9676886 ] ] } },
{ "type": "Feature", "properties": { "full_id": "w1495781742", "osm_id": "1495781742", "osm_type": "way", "change:lanes": null, "maxheight:signed": null, "destination:ref": null, "destination": null, "name": null, "minspeed": "40 mph", "destination:lanes": null, "maxweight": null, "turn:lanes": "none|none|none|slight_right", "surface": null, "source:hgv:national_network": null, "ref": "I 435", "placement": null, "oneway": "yes", "maxspeed": "65 mph", "lit": null, "layer": null, "lanes": "4", "horse": null, "highway": "motorway", "hgv:national_network": null, "hgv": null, "foot": null, "bridge": null, "bicycle": null }, "geometry": { "type": "LineString", "coordinates": [ [ -94.5170954, 38.9715404 ], [ -94.5180749, 38.9701335 ] ] } }
]
}
