{
"type": "FeatureCollection",
"name": "buffer_one_mile",
"crs": { "type": "name", "properties": { "name": "urn:ogc:def:crs:OGC:1.3:CRS84" } },
"features": [
{ "type": "Feature", "properties": { }, "geometry": { "type": "Polygon", "coordinates": [ [ [ -94.510655436746944, 39.113282619114116 ], [ -94.510664734531943, 39.112523734402011 ], [ -94.510724999924577, 39.111766268715236 ], [ -94.510836066109434, 39.111012298168689 ], [ -94.510997627055588, 39.110263889231646 ], [ -94.511209238373013, 39.109523093065064 ], [ -94.511470318547751, 39.108791939901309 ], [ -94.511780150552184, 39.108072433482128 ], [ -94.512137883826, 39.107366545569811 ], [ -94.512542536622092, 39.106676210546546 ], [ -94.512992998710871, 39.106003320116962 ], [ -94.513488034435412, 39.105349718128046 ], [ -94.514026286108844, 39.104717195520799 ], [ -94.514606277744903, 39.104107485427186 ], [ -94.515226419110704, 39.103522258426061 ], [ -94.515885010091182, 39.10296311797066 ], [ -94.51658024535287, 39.102431596000464 ], [ -94.517310219294032, 39.101929148748951 ], [ -94.518072931267966, 39.101457152759231 ], [ -94.518866291064882, 39.101016901117831 ], [ -94.519688124637284, 39.100609599917284 ], [ -94.520536180053554, 39.100236364956913 ], [ -94.521408133663073, 39.099898218690939 ], [ -94.522301596456302, 39.099596087432111 ], [ -94.523214120602475, 39.099330798818357 ], [ -94.524143206146974, 39.099103079549728 ], [ -94.525086307850316, 39.098913553401218 ], [ -94.526040842149982, 39.098762739517376 ], [ -94.527004194226365, 39.098651050992935 ], [ -94.527973725153444, 39.098578793743627 ], [ -94.528946779114889, 39.098546165669973 ], [ -94.529920690665918, 39.098553256116574 ], [ -94.530892792021334, 39.098600045628125 ], [ -94.531860420349759, 39.098686406003033 ], [ -94.532820925054438, 39.09881210064421 ], [ -94.533771675020816, 39.098976785206453 ], [ -94.534710065811026, 39.099180008538326 ], [ -94.535633526786214, 39.099421213916116 ], [ -94.536539528136686, 39.099699740566564 ], [ -94.537425587801536, 39.100014825474105 ], [ -94.538289278258233, 39.100365605467772 ], [ -94.539128233164291, 39.100751119582164 ], [ -94.539940153832504, 39.101170311685891 ], [ -94.540722815522486, 39.101622033370504 ], [ -94.541474073531049, 39.102105047092039 ], [ -94.542191869064993, 39.102618029556432 ], [ -94.542874234880244, 39.103159575339987 ], [ -94.543519300671974, 39.103728200734601 ], [ -94.544125298200711, 39.104322347807695 ], [ -94.544690566140787, 39.104940388665383 ], [ -94.545213554637428, 39.10558062990772 ], [ -94.545692829560252, 39.106241317263454 ], [ -94.546127076441209, 39.106920640391998 ], [ -94.546515104086396, 39.107616737839308 ], [ -94.546855847851319, 39.108327702134339 ], [ -94.54714837257103, 39.109051585011862 ], [ -94.547391875136526, 39.109786402747837 ], [ -94.547585686710462, 39.110530141592299 ], [ -94.547729274575829, 39.111280763285315 ], [ -94.547822243612529, 39.112036210640653 ], [ -94.547864337397314, 39.112794413181987 ], [ -94.547855438924174, 39.113553292816263 ], [ -94.547795570943023, 39.1143107695287 ], [ -94.547684895915083, 39.115064767083588 ], [ -94.547523715585697, 39.115813218715758 ], [ -94.547312470174774, 39.116554072796475 ], [ -94.54705173718736, 39.117285298458846 ], [ -94.546742229847197, 39.118004891166819 ], [ -94.546384795157493, 39.118710878212724 ], [ -94.545980411594002, 39.119401324128226 ], [ -94.545530186436579, 39.120074335993728 ], [ -94.545035352746254, 39.120728068631784 ], [ -94.544497265996341, 39.121360729669966 ], [ -94.54391740036624, 39.121970584459632 ], [ -94.543297344708236, 39.122555960836642 ], [ -94.542638798198354, 39.123115253711084 ], [ -94.541943565682843, 39.123646929473622 ], [ -94.541213552733367, 39.124149530205749 ], [ -94.54045076042398, 39.124621677682818 ], [ -94.539657279844661, 39.125062077158567 ], [ -94.538835286366236, 39.125469520920745 ], [ -94.537987033672252, 39.125842891608109 ], [ -94.537114847574784, 39.126181165279377 ], [ -94.536221119630511, 39.126483414225952 ], [ -94.535308300575281, 39.126748809520443 ], [ -94.534378893594791, 39.126976623294006 ], [ -94.533435447450245, 39.127166230736229 ], [ -94.532480549477924, 39.127317111811891 ], [ -94.531516818481904, 39.127428852690088 ], [ -94.53054689753975, 39.127501146881499 ], [ -94.529573446740883, 39.127533796080854 ], [ -94.528599135877897, 39.127526710712097 ], [ -94.527626637110956, 39.127479910174877 ], [ -94.526658617625557, 39.127393522791621 ], [ -94.525697732304039, 39.127267785455309 ], [ -94.524746616431088, 39.127103042978902 ], [ -94.523807878453511, 39.126899747148393 ], [ -94.522884092814053, 39.126658455481781 ], [ -94.521977792879454, 39.126379829697726 ], [ -94.521091463982003, 39.12606463389794 ], [ -94.520227536593978, 39.125713732468334 ], [ -94.519388379653762, 39.12532808770478 ], [ -94.518576294062044, 39.124908757170104 ], [ -94.517793506366189, 39.124456890789403 ], [ -94.517042162649901, 39.123973727692011 ], [ -94.516324322645431, 39.123460592808549 ], [ -94.515641954084074, 39.122918893232665 ], [ -94.514996927300743, 39.122350114357424 ], [ -94.514391010107516, 39.121755815796995 ], [ -94.513825862949901, 39.121137627104972 ], [ -94.513303034359353, 39.12049724330101 ], [ -94.512823956714257, 39.119836420218299 ], [ -94.512389942321292, 39.119156969684482 ], [ -94.512002179827149, 39.11846075454946 ], [ -94.511661730971269, 39.117749683573713 ], [ -94.511369527687521, 39.117025706191278 ], [ -94.5111263695632, 39.116290807161626 ], [ -94.510932921661876, 39.11554700112535 ], [ -94.510789712716061, 39.114796327078587 ], [ -94.510697133694364, 39.114040842781144 ], [ -94.510655436746944, 39.113282619114116 ] ] ] } },
{ "type": "Feature", "properties": { }, "geometry": { "type": "Polygon", "coordinates": [ [ [ -94.491145396984749, 38.921728523316581 ], [ -94.491154944205832, 38.920969612446982 ], [ -94.491215321410053, 38.920212131873036 ], [ -94.491326361491161, 38.91945815775032 ], [ -94.491487758505187, 38.918709756558194 ], [ -94.491699068526572, 38.91796897943717 ], [ -94.491959710881815, 38.917237856568605 ], [ -94.492268969757404, 38.916518391612847 ], [ -94.492625996177168, 38.915812556220587 ], [ -94.493029810343756, 38.915122284632503 ], [ -94.493479304337455, 38.914449468382159 ], [ -94.493973245164867, 38.91379595111637 ], [ -94.494510278148951, 38.913163523547297 ], [ -94.495088930651121, 38.912553918550181 ], [ -94.495707616114871, 38.911968806419665 ], [ -94.496364638420062, 38.911409790298286 ], [ -94.497058196535548, 38.910878401788906 ], [ -94.49778638945773, 38.910376096763528 ], [ -94.498547221421106, 38.909904251379807 ], [ -94.49933860736671, 38.909464158315764 ], [ -94.500158378653595, 38.909057023233593 ], [ -94.501004288997407, 38.908683961481479 ], [ -94.501874020620292, 38.908345995042922 ], [ -94.502765190594829, 38.908044049741612 ], [ -94.503675357365182, 38.907778952709378 ], [ -94.504602027427353, 38.907551430124528 ], [ -94.505542662150674, 38.907362105225957 ], [ -94.506494684721574, 38.907211496609271 ], [ -94.507455487191223, 38.907100016808897 ], [ -94.508422437607464, 38.907027971170344 ], [ -94.50939288721203, 38.906995557015648 ], [ -94.510364177683172, 38.907002863104097 ], [ -94.511333648404403, 38.907049869389958 ], [ -94.512298643739143, 38.907136447077569 ], [ -94.513256520292074, 38.907262358973952 ], [ -94.514204654137075, 38.907427260137638 ], [ -94.51514044799228, 38.907630698822295 ], [ -94.516061338322743, 38.907872117712337 ], [ -94.51696480235158, 38.908150855447211 ], [ -94.517848364960088, 38.90846614843035 ], [ -94.51870960545881, 38.908817132917676 ], [ -94.519546164210297, 38.909202847380172 ], [ -94.520355749086306, 38.909622235133853 ], [ -94.521136141741266, 38.910074147230326 ], [ -94.521885203685358, 38.910557345599798 ], [ -94.522600882140281, 38.911070506438001 ], [ -94.523281215661925, 38.911612223828129 ], [ -94.523924339514636, 38.912181013587414 ], [ -94.524528490782146, 38.912775317328368 ], [ -94.525092013201316, 38.913393506723388 ], [ -94.525613361705425, 38.914033887961097 ], [ -94.52609110666441, 38.914694706382349 ], [ -94.526523937810509, 38.915374151283253 ], [ -94.526910667838408, 38.916070360872197 ], [ -94.527250235669825, 38.916781427367113 ], [ -94.527541709373722, 38.917505402219327 ], [ -94.527784288733713, 38.918240301449664 ], [ -94.527977307455743, 38.918984111082153 ], [ -94.528120235009723, 38.919734792660478 ], [ -94.528212678099777, 38.920490288832376 ], [ -94.528254381759211, 38.921248528986233 ], [ -94.528245230066688, 38.922007434924843 ], [ -94.528185246481641, 38.92276492656071 ], [ -94.528074593797797, 38.923518927617089 ], [ -94.527913573714685, 38.924267371319495 ], [ -94.527702626028145, 38.925008206061705 ], [ -94.527442327441833, 38.925739401031016 ], [ -94.527133390002888, 38.926458951777136 ], [ -94.526776659165762, 38.927164885709459 ], [ -94.526373111489306, 38.92785526750766 ], [ -94.525923851973531, 38.928528204430677 ], [ -94.525430111042851, 38.929181851509647 ], [ -94.524893241184188, 38.92981441661005 ], [ -94.524314713248899, 38.930424165349912 ], [ -94.523696112428695, 38.931009425859656 ], [ -94.523039133916356, 38.931568593371104 ], [ -94.522345578263213, 38.932100134622722 ], [ -94.521617346445865, 38.932602592069024 ], [ -94.520856434655997, 38.933074587882444 ], [ -94.520064928827153, 38.933514827736744 ], [ -94.519244998913749, 38.933922104361521 ], [ -94.518398892938066, 38.934295300857798 ], [ -94.517528930821371, 38.934633393765786 ], [ -94.516637498016394, 38.934935455876207 ], [ -94.51572703895863, 38.935200658777376 ], [ -94.514800050354381, 38.93542827513113 ], [ -94.513859074324387, 38.9356176806712 ], [ -94.512906691421605, 38.935768355918448 ], [ -94.511945513542784, 38.935879887608429 ], [ -94.510978176753099, 38.935951969827116 ], [ -94.510007334044047, 38.935984404851702 ], [ -94.509035648044247, 38.935977103694256 ], [ -94.508065783703771, 38.935930086346467 ], [ -94.507100400971694, 38.935843481725172 ], [ -94.506142147487807, 38.935717527318502 ], [ -94.50519365130792, 38.935552568533623 ], [ -94.50425751368374, 38.935349057748198 ], [ -94.50333630191659, 38.935107553067773 ], [ -94.502432542305144, 38.934828716792829 ], [ -94.501548713206489, 38.934513313599545 ], [ -94.500687238229858, 38.934162208439496 ], [ -94.499850479581681, 38.933776364163855 ], [ -94.499040731580308, 38.933356838878801 ], [ -94.498260214358524, 38.932904783039575 ], [ -94.497511067770944, 38.932421436290873 ], [ -94.496795345523253, 38.931908124062574 ], [ -94.496115009539352, 38.9313662539302 ], [ -94.49547192458185, 38.930797311750013 ], [ -94.494867853140917, 38.930202857579381 ], [ -94.494304450605043, 38.929584521394105 ], [ -94.493783260727511, 38.928943998613811 ], [ -94.493305711400424, 38.928283045448431 ], [ -94.492873110748164, 38.92760347407809 ], [ -94.492486643550706, 38.926907147680076 ], [ -94.492147368006698, 38.926195975316226 ], [ -94.491856212844837, 38.925471906695122 ], [ -94.491613974791505, 38.924736926823314 ], [ -94.491421316401286, 38.923993050560284 ], [ -94.491278764256435, 38.92324231709236 ], [ -94.491186707539754, 38.922486784340315 ], [ -94.491145396984749, 38.921728523316581 ] ] ] } },
{ "type": "Feature", "properties": { }, "geometry": { "type": "Polygon", "coordinates": [ [ [ -94.526457453299969, 39.106135103391665 ], [ -94.526466583079483, 39.105376219901601 ], [ -94.526526675409755, 39.104618748623643 ], [ -94.526637563950246, 39.103864765688549 ], [ -94.52679894315726, 39.103116337600135 ], [ -94.527010369139148, 39.102375515572433 ], [ -94.527271260890075, 39.101644329909263 ], [ -94.527580901898858, 39.100924784442029 ], [ -94.527938442128573, 39.100218851040566 ], [ -94.528342900361025, 39.099528464212291 ], [ -94.528793166899504, 39.098855515804296 ], [ -94.529288006622593, 39.098201849822971 ], [ -94.529826062380124, 39.097569257385103 ], [ -94.530405858722077, 39.096959471814436 ], [ -94.531025805950122, 39.096374163897025 ], [ -94.531684204480428, 39.095814937308162 ], [ -94.532379249506064, 39.095283324223601 ], [ -94.533109035945756, 39.094780781126758 ], [ -94.533871563665642, 39.094308684823517 ], [ -94.534664742959862, 39.093868328675406 ], [ -94.535486400274522, 39.093460919061378 ], [ -94.536334284159977, 39.093087572077813 ], [ -94.537206071434582, 39.09274931048585 ], [ -94.538099373543574, 39.092447060914118 ], [ -94.539011743095472, 39.09218165132458 ], [ -94.539940680558317, 39.091953808748571 ], [ -94.540883641097381, 39.091764157298719 ], [ -94.541838041536138, 39.091613216462562 ], [ -94.542801267420913, 39.091501399682393 ], [ -94.543770680170709, 39.091429013224975 ], [ -94.544743624292323, 39.091396255344478 ], [ -94.545717434641375, 39.091403215740748 ], [ -94.546689443709468, 39.091449875314403 ], [ -94.547656988917737, 39.09153610621938 ], [ -94.548617419896857, 39.091661672212908 ], [ -94.54956810573411, 39.091826229301837 ], [ -94.550506442167347, 39.092029326683509 ], [ -94.551429858706598, 39.092270407978923 ], [ -94.552335825664187, 39.092548812754323 ], [ -94.553221861073652, 39.092863778327683 ], [ -94.554085537479338, 39.09321444185467 ], [ -94.554924488577711, 39.093599842688619 ], [ -94.555736415692635, 39.094018925008235 ], [ -94.556519094066715, 39.094470540705601 ], [ -94.557270378951785, 39.094953452526944 ], [ -94.557988211481842, 39.095466337457225 ], [ -94.558670624312384, 39.096007790339868 ], [ -94.559315747010686, 39.096576327721252 ], [ -94.559921811182363, 39.097170391909913 ], [ -94.560487155320217, 39.097788355239167 ], [ -94.561010229361713, 39.09842852452153 ], [ -94.561489598943183, 39.099089145683102 ], [ -94.561923949338279, 39.099768408564877 ], [ -94.562312089070502, 39.100464451878153 ], [ -94.5626529531893, 39.101175368300481 ], [ -94.562945606200941, 39.101899209698203 ], [ -94.563189244645812, 39.102633992461293 ], [ -94.56338319931514, 39.103377702936108 ], [ -94.563526937100704, 39.104128302940865 ], [ -94.563620062472268, 39.104883735349283 ], [ -94.563662318578906, 39.105641929726517 ], [ -94.563653587970379, 39.106400808002427 ], [ -94.563593892937021, 39.107158290166524 ], [ -94.563483395466534, 39.107912299968724 ], [ -94.563322396817952, 39.108660770610882 ], [ -94.563111336713419, 39.1094016504127 ], [ -94.562850792150229, 39.110132908437421 ], [ -94.562541475835616, 39.110852540060804 ], [ -94.562184234249116, 39.111558572469065 ], [ -94.56178004533696, 39.112249070070085 ], [ -94.561330015845073, 39.112922139803061 ], [ -94.560835378297767, 39.113575936332396 ], [ -94.560297487630152, 39.114208667110979 ], [ -94.559717817483431, 39.114818597299376 ], [ -94.559097956173389, 39.115404054527041 ], [ -94.558439602342432, 39.11596343348284 ], [ -94.55774456030781, 39.116495200321644 ], [ -94.557014735118031, 39.116997896875482 ], [ -94.556252127331476, 39.117470144657155 ], [ -94.55545882753124, 39.117910648645513 ], [ -94.55463701059152, 39.118318200841834 ], [ -94.553788929710834, 39.118691683587542 ], [ -94.552916910229172, 39.119030072634118 ], [ -94.552023343245367, 39.119332439956487 ], [ -94.55111067905294, 39.119597956302556 ], [ -94.550181420412017, 39.119825893471372 ], [ -94.549238115676175, 39.120015626313936 ], [ -94.54828335179306, 39.120166634450925 ], [ -94.54731974719833, 39.120278503702714 ], [ -94.546349944622179, 39.120350927227655 ], [ -94.545376603828856, 39.120383706365402 ], [ -94.544402394308761, 39.120376751183265 ], [ -94.543429987943654, 39.120330080723484 ], [ -94.542462051665339, 39.120243822951394 ], [ -94.541501240127715, 39.120118214404108 ], [ -94.540550188413022, 39.119953599541041 ], [ -94.539611504792063, 39.119750429797804 ], [ -94.538687763558599, 39.119509262346234 ], [ -94.537781497957766, 39.119230758564008 ], [ -94.536895193228034, 39.118915682217875 ], [ -94.536031279775784, 39.118564897365872 ], [ -94.535192126501627, 39.118179365983899 ], [ -94.534380034296859, 39.117760145323558 ], [ -94.533597229727604, 39.11730838500845 ], [ -94.532845858924631, 39.116825323876846 ], [ -94.532127981695282, 39.116312286579621 ], [ -94.531445565873796, 39.115770679942742 ], [ -94.530800481925681, 39.115201989104371 ], [ -94.53019449782073, 39.114607773437264 ], [ -94.529629274188949, 39.113989662267791 ], [ -94.529106359772555, 39.113349350403155 ], [ -94.528627187186345, 39.112688593479447 ], [ -94.528193068998348, 39.112009203143089 ], [ -94.527805194140939, 39.11131304207921 ], [ -94.527464624662656, 39.110602018900366 ], [ -94.527172292829093, 39.109878082909844 ], [ -94.526928998580942, 39.10914321875407 ], [ -94.526735407355901, 39.108399440978438 ], [ -94.52659204828025, 39.107648788502075 ], [ -94.526499312734956, 39.106893319026149 ], [ -94.526457453299969, 39.106135103391665 ] ] ] } },
{ "type": "Feature", "properties": { }, "geometry": { "type": "Polygon", "coordinates": [ [ [ -94.532367373420016, 39.106636049004337 ], [ -94.53237643967482, 39.10587716637788 ], [ -94.532436468877023, 39.105119693369488 ], [ -94.532547294859, 39.104365706114883 ], [ -94.532708612248427, 39.103617271129934 ], [ -94.532919977322933, 39.10287643964773 ], [ -94.533180809243419, 39.102145241998244 ], [ -94.533490391662468, 39.101425682045864 ], [ -94.533847874703525, 39.100719731700309 ], [ -94.534252277304802, 39.100029325515578 ], [ -94.534702489921813, 39.099356355391969 ], [ -94.535197277580622, 39.09870266539545 ], [ -94.535735283273368, 39.098070046708777 ], [ -94.536315031686925, 39.097460232727677 ], [ -94.536934933253931, 39.096874894316159 ], [ -94.537593288515396, 39.096315635233111 ], [ -94.538288292782568, 39.095783987743367 ], [ -94.539018041085498, 39.095281408424626 ], [ -94.53978053339452, 39.094809274182019 ], [ -94.540573680100451, 39.094368878481006 ], [ -94.541395307738398, 39.093961427808878 ], [ -94.542243164939705, 39.09358803837447 ], [ -94.543114928595585, 39.093249733055124 ], [ -94.544008210215736, 39.092947438599218 ], [ -94.544920562464569, 39.092681983091595 ], [ -94.545849485857318, 39.092454093689277 ], [ -94.546792435597695, 39.092264394633048 ], [ -94.54774682853855, 39.092113405540779 ], [ -94.548710050246697, 39.092001539986789 ], [ -94.549679462152483, 39.09192910437136 ], [ -94.550652408764989, 39.091896297083188 ], [ -94.551626224933031, 39.091903207957323 ], [ -94.55259824313228, 39.091949818029931 ], [ -94.553565800758903, 39.092035999590415 ], [ -94.554526247409711, 39.092161516531043 ], [ -94.55547695212914, 39.092326024992929 ], [ -94.556415310603484, 39.092529074306512 ], [ -94.557338752282618, 39.092770108224357 ], [ -94.558244747410185, 39.093048466442433 ], [ -94.559130813942801, 39.093363386406182 ], [ -94.5599945243398, 39.093714005396109 ], [ -94.560833512204837, 39.09409936288754 ], [ -94.561645478761307, 39.094518403177901 ], [ -94.562428199144094, 39.094969978274392 ], [ -94.563179528490252, 39.095452851034423 ], [ -94.563897407812277, 39.095965698550053 ], [ -94.564579869637825, 39.096507115767231 ], [ -94.565225043400218, 39.097075619330091 ], [ -94.565831160565494, 39.097669651639926 ], [ -94.566396559481532, 39.09828758511744 ], [ -94.566919689936057, 39.098927726657095 ], [ -94.567399117411043, 39.099588322261084 ], [ -94.567833527021804, 39.10026756184061 ], [ -94.568221727129796, 39.100963584170941 ], [ -94.568562652619221, 39.101674481987324 ], [ -94.568855367828363, 39.102398307207217 ], [ -94.569099069127347, 39.103133076265138 ], [ -94.569293087135236, 39.103876775545189 ], [ -94.569436888570308, 39.104627366896473 ], [ -94.569530077727975, 39.105382793216634 ], [ -94.569572397582505, 39.106140984087702 ], [ -94.569563730508918, 39.106899861449385 ], [ -94.569504098623383, 39.107657345293866 ], [ -94.569393663740428, 39.108411359366691 ], [ -94.569232726947405, 39.109159836858197 ], [ -94.569021727796795, 39.10990072606954 ], [ -94.568761243118573, 39.1106319960383 ], [ -94.568451985455667, 39.111351642107714 ], [ -94.568094801126549, 39.112057691424546 ], [ -94.567690667920289, 39.112748208350474 ], [ -94.567240692429763, 39.113421299771872 ], [ -94.56674610703098, 39.114075120293812 ], [ -94.566208266515716, 39.114707877303481 ], [ -94.565628644387431, 39.115317835889648 ], [ -94.565008828829846, 39.115903323604009 ], [ -94.564350518359632, 39.11646273505184 ], [ -94.563655517174809, 39.116994536298989 ], [ -94.562925730211518, 39.117497269083159 ], [ -94.56216315792301, 39.117969554817826 ], [ -94.561369890794765, 39.11841009837773 ], [ -94.560548103611012, 39.118817691655636 ], [ -94.559700049488427, 39.119191216880274 ], [ -94.558828053693333, 39.119529649686527 ], [ -94.557934507259375, 39.119832061929309 ], [ -94.557021860423504, 39.12009762423321 ], [ -94.556092615898024, 39.12032560827118 ], [ -94.555149321997661, 39.120515388765554 ], [ -94.554194565640231, 39.120666445206218 ], [ -94.553230965240601, 39.120778363280962 ], [ -94.552261163517414, 39.120850836014093 ], [ -94.551287820232531, 39.120883664610226 ], [ -94.5503136048832, 39.120876759000865 ], [ -94.549341189367212, 39.12083013809216 ], [ -94.54837324064151, 39.120743929713441 ], [ -94.547412413394241, 39.120618370266257 ], [ -94.54646134275086, 39.120453804075211 ], [ -94.545522637034225, 39.120250682442339 ], [ -94.544598870598904, 39.120009562407418 ], [ -94.543692576759383, 39.119731105218051 ], [ -94.54280624083178, 39.119416074513104 ], [ -94.541942293308281, 39.119065334225354 ], [ -94.541103103183289, 39.118679846208472 ], [ -94.540290971449366, 39.118260667595109 ], [ -94.539508124781392, 39.117808947893543 ], [ -94.538756709425869, 39.117325925830649 ], [ -94.538038785312651, 39.116812925950228 ], [ -94.537356320404854, 39.116271354975659 ], [ -94.536711185302892, 39.115702697947341 ], [ -94.536105148117144, 39.115108514145483 ], [ -94.535539869623506, 39.114490432809077 ], [ -94.535016898714829, 39.113850148663666 ], [ -94.53453766816115, 39.113189417269474 ], [ -94.534103490689645, 39.112510050203042 ], [ -94.533715555395474, 39.111813910085871 ], [ -94.533374924493074, 39.111102905473238 ], [ -94.533082530416621, 39.110378985617707 ], [ -94.532839173277594, 39.109644135121677 ], [ -94.532645518686223, 39.108900368493252 ], [ -94.53250209594259, 39.108149724621214 ], [ -94.532409296602239, 39.107394261183366 ], [ -94.532367373420016, 39.106636049004337 ] ] ] } },
{ "type": "Feature", "properties": { }, "geometry": { "type": "Polygon", "coordinates": [ [ [ -94.43081119941634, 39.050679569124298 ], [ -94.430821365756103, 39.049920666919547 ], [ -94.430882454072986, 39.049163219546493 ], [ -94.430994295301673, 39.048409303067238 ], [ -94.43115658129291, 39.047660983800412 ], [ -94.43136886567585, 39.046920312659019 ], [ -94.431630565098402, 39.046189319530754 ], [ -94.431940960842567, 39.045470007717036 ], [ -94.432299200810036, 39.044764348445376 ], [ -94.432704301872008, 39.044074275470123 ], [ -94.433155152577413, 39.043401679776899 ], [ -94.433650516211216, 39.04274840440435 ], [ -94.434189034194745, 39.042116239398112 ], [ -94.434769229818414, 39.04150691691013 ], [ -94.435389512296609, 39.040922106457423 ], [ -94.436048181133501, 39.040363410352327 ], [ -94.436743430787729, 39.039832359317465 ], [ -94.43747335562314, 39.039330408297005 ], [ -94.438235955132114, 39.038858932475648 ], [ -94.439029139416945, 39.038419223516122 ], [ -94.439850734914444, 39.038012486025771 ], [ -94.440698490348012, 39.037639834261256 ], [ -94.44157008289109, 39.037302289080927 ], [ -94.442463124524835, 39.037000775152819 ], [ -94.443375168573169, 39.036736118425701 ], [ -94.444303716396973, 39.036509043870737 ], [ -94.445246224229393, 39.036320173498858 ], [ -94.446200110133788, 39.036170024660329 ], [ -94.44716276106513, 39.036059008630161 ], [ -94.448131540015865, 39.035987429483889 ], [ -94.449103793226783, 39.035955483266484 ], [ -94.450076857443392, 39.035963257456473 ], [ -94.451048067197831, 39.036010730727313 ], [ -94.452014762096951, 39.036097773005807 ], [ -94.452974294096393, 39.036224145828307 ], [ -94.453924034741291, 39.03638950299294 ], [ -94.45486138235357, 39.036593391506663 ], [ -94.455783769146677, 39.036835252824254 ], [ -94.456688668248091, 39.037114424375972 ], [ -94.457573600610914, 39.037430141379716 ], [ -94.458436141795318, 39.037781538932798 ], [ -94.459273928601789, 39.038167654377588 ], [ -94.460084665537934, 39.03858742993468 ], [ -94.460866131101184, 39.039039715596175 ], [ -94.461616183860471, 39.039523272271843 ], [ -94.462332768320096, 39.040036775178542 ], [ -94.463013920549955, 39.04057881746499 ], [ -94.46365777356651, 39.041147914060751 ], [ -94.464262562449932, 39.041742505739983 ], [ -94.46482662918352, 39.042360963388184 ], [ -94.465348427201732, 39.043001592460818 ], [ -94.46582652563464, 39.043662637621139 ], [ -94.466259613237099, 39.04434228754522 ], [ -94.466646501991605, 39.045038679880506 ], [ -94.466986130374991, 39.045749906344746 ], [ -94.46727756627989, 39.046474017951105 ], [ -94.46752000958287, 39.047209030345464 ], [ -94.467712794351826, 39.047952929241255 ], [ -94.467855390686807, 39.0487036759367 ], [ -94.467947406188728, 39.049459212899841 ], [ -94.467988587051863, 39.050217469405709 ], [ -94.467978818777027, 39.05097636721046 ], [ -94.467918126503292, 39.051733826246682 ], [ -94.467806674956861, 39.052487770324525 ], [ -94.467644768017493, 39.053236132822953 ], [ -94.467432847903126, 39.053976862355313 ], [ -94.467171493974817, 39.054707928394201 ], [ -94.466861421165248, 39.055427326839315 ], [ -94.466503478034639, 39.056133085514055 ], [ -94.466098644459535, 39.056823269574942 ], [ -94.465648028960359, 39.057495986819312 ], [ -94.465152865675194, 39.05814939287675 ], [ -94.464614510987673, 39.058781696269833 ], [ -94.464034439818263, 39.059391163330396 ], [ -94.463414241588993, 39.059976122957494 ], [ -94.462755615872695, 39.060534971204369 ], [ -94.46206036773826, 39.061066175681503 ], [ -94.461330402805203, 39.061568279763591 ], [ -94.460567722020429, 39.062039906588971 ], [ -94.459774416172166, 39.062479762840454 ], [ -94.458952660155447, 39.062886642296959 ], [ -94.458104707005546, 39.063259429146406 ], [ -94.457232881715271, 39.063597101050398 ], [ -94.456339574853473, 39.063898731952563 ], [ -94.455427236002123, 39.064163494622449 ], [ -94.454498367030268, 39.064390662928226 ], [ -94.453555515223314, 39.064579613831775 ], [ -94.452601266286592, 39.064729829100507 ], [ -94.451638237242562, 39.064840896731624 ], [ -94.450669069241485, 39.064912512084199 ], [ -94.449696420305045, 39.064944478716612 ], [ -94.448722958023424, 39.064936708926624 ], [ -94.447751352225751, 39.064889223992616 ], [ -94.446784267644333, 39.064802154115526 ], [ -94.445824356592937, 39.064675738061418 ], [ -94.444874251679423, 39.064510322505782 ], [ -94.443936558572858, 39.064306361081442 ], [ -94.443013848845126, 39.064064413132407 ], [ -94.442108652906867, 39.063785142177608 ], [ -94.441223453057191, 39.063469314088202 ], [ -94.440360676666572, 39.06311779498396 ], [ -94.439522689511477, 39.062731548854252 ], [ -94.438711789279381, 39.062311634910316 ], [ -94.43793019926197, 39.061859204676196 ], [ -94.437180062253802, 39.061375498826159 ], [ -94.436463434673655, 39.060861843777658 ], [ -94.435782280924087, 39.060319648048946 ], [ -94.435138468005277, 39.059750398391557 ], [ -94.434533760397684, 39.059155655708324 ], [ -94.433969815227599, 39.058537050768173 ], [ -94.433448177728664, 39.05789627972942 ], [ -94.432970277012117, 39.057235099484181 ], [ -94.432537422156884, 39.056555322836417 ], [ -94.432150798630445, 39.055858813527131 ], [ -94.43181146505006, 39.05514748112013 ], [ -94.431520350293184, 39.054423275762993 ], [ -94.431278250964695, 39.053688182836979 ], [ -94.43108582922801, 39.052944217510984 ], [ -94.430943611005659, 39.052193419214618 ], [ -94.430851984554039, 39.051437846045168 ], [ -94.43081119941634, 39.050679569124298 ] ] ] } },
{ "type": "Feature", "properties": { }, "geometry": { "type": "Polygon", "coordinates": [ [ [ -94.489567412025309, 39.10507921181788 ], [ -94.48957693784466, 39.104320323375298 ], [ -94.48963742522011, 39.103562863305811 ], [ -94.489748706728619, 39.102808907708209 ], [ -94.489910475750023, 39.10206052301011 ], [ -94.49012228732505, 39.101319760305344 ], [ -94.490383559391944, 39.100588649734 ], [ -94.490693574398435, 39.099869194920551 ], [ -94.491051481283932, 39.099163367485325 ], [ -94.491456297826872, 39.098473101644345 ], [ -94.491906913350277, 39.097800288912254 ], [ -94.492402091778132, 39.097146772922791 ], [ -94.492940475033961, 39.096514344381049 ], [ -94.493520586772306, 39.095904736161046 ], [ -94.494140836432578, 39.095319618562321 ], [ -94.494799523604328, 39.094760594738347 ], [ -94.495494842691826, 39.094229196308987 ], [ -94.496224887864912, 39.093726879169303 ], [ -94.496987658282919, 39.093255019506067 ], [ -94.497781063577008, 39.092814910032459 ], [ -94.498602929576052, 39.092407756451763 ], [ -94.499451004260493, 39.09203467415918 ], [ -94.500322963927715, 39.091696685190982 ], [ -94.501216419552264, 39.091394715429367 ], [ -94.502128923323568, 39.091129592070267 ], [ -94.503057975343225, 39.09090204136146 ], [ -94.504001030463911, 39.090712686616627 ], [ -94.504955505250862, 39.090562046511259 ], [ -94.505918785047498, 39.090450533664516 ], [ -94.5068882311257, 39.09037845351137 ], [ -94.507861187901327, 39.090346003467715 ], [ -94.50883499019541, 39.090353272390907 ], [ -94.509806970521595, 39.090400240337232 ], [ -94.510774466379388, 39.090486778616693 ], [ -94.511734827534227, 39.090612650145268 ], [ -94.512685423263903, 39.090777510093588 ], [ -94.513623649552244, 39.090980906830062 ], [ -94.514546936209925, 39.091222283156277 ], [ -94.515452753903773, 39.09150097783084 ], [ -94.516338621074866, 39.091816227378104 ], [ -94.517202110726842, 39.092167168176182 ], [ -94.518040857066111, 39.092552838819195 ], [ -94.518852561975692, 39.092972182746941 ], [ -94.519635001305048, 39.093424051134924 ], [ -94.520386030958988, 39.093907206037144 ], [ -94.521103592768782, 39.094420323772532 ], [ -94.521785720129571, 39.094961998546509 ], [ -94.522430543388765, 39.09553074629725 ], [ -94.523036294970424, 39.096125008756495 ], [ -94.523601314221835, 39.096743157713796 ], [ -94.524124051968784, 39.097383499472485 ], [ -94.524603074767242, 39.098044279485315 ], [ -94.525037068839396, 39.098723687157197 ], [ -94.525424843683567, 39.09941986080181 ], [ -94.525765335347657, 39.100130892738576 ], [ -94.526057609357281, 39.100854834516213 ], [ -94.526300863290416, 39.101589702248511 ], [ -94.526494428991086, 39.102333482047754 ], [ -94.526637774416287, 39.103084135540975 ], [ -94.526730505110635, 39.103839605454056 ], [ -94.526772365304581, 39.104597821248028 ], [ -94.526763238632896, 39.105356704792797 ], [ -94.526703148471583, 39.1061141760621 ], [ -94.526592257891735, 39.106868158834445 ], [ -94.52643086923041, 39.107616586384481 ], [ -94.526219423279585, 39.108357407148873 ], [ -94.52595849809515, 39.109088590351426 ], [ -94.525648807428865, 39.109808131571903 ], [ -94.525291198787784, 39.11051405824329 ], [ -94.524886651125854, 39.111204435062298 ], [ -94.5244362721741, 39.111877369298391 ], [ -94.523941295416648, 39.112531015986619 ], [ -94.523403076720399, 39.113163582989905 ], [ -94.522823090627867, 39.113773335917251 ], [ -94.522202926323075, 39.11435860288362 ], [ -94.521544283281244, 39.114917779099102 ], [ -94.520848966614636, 39.115449331274149 ], [ -94.52011888212688, 39.115951801829247 ], [ -94.519356031089387, 39.116423812896777 ], [ -94.518562504754271, 39.116864070104732 ], [ -94.517740478618805, 39.117271366131227 ], [ -94.516892206457058, 39.117644584020411 ], [ -94.516020014135222, 39.117982700250337 ], [ -94.515126293227766, 39.11828478754456 ], [ -94.514213494451781, 39.118550017419388 ], [ -94.513284120937769, 39.118777662460069 ], [ -94.512340721355443, 39.118967098319374 ], [ -94.511385882913544, 39.119117805433127 ], [ -94.51042222425292, 39.119229370448004 ], [ -94.509452388252626, 39.119301487357454 ], [ -94.508479034768897, 39.119333958342906 ], [ -94.507504833327047, 39.119326694317508 ], [ -94.506532455786655, 39.119279715171366 ], [ -94.505564569000128, 39.119193149717141 ], [ -94.504603827485141, 39.119067235336622 ], [ -94.503652866131205, 39.118902317328661 ], [ -94.502714292960391, 39.11869884796095 ], [ -94.501790681962476, 39.118457385227693 ], [ -94.500884566024197, 39.118178591316948 ], [ -94.499998429972123, 39.117863230791627 ], [ -94.49913470374851, 39.117512168489526 ], [ -94.49829575573888, 39.117126367147733 ], [ -94.497483886269762, 39.116706884758429 ], [ -94.496701321294637, 39.116254871663102 ], [ -94.495950206285329, 39.115771567393203 ], [ -94.495232600345673, 39.115258297266315 ], [ -94.494550470564079, 39.11471646874665 ], [ -94.493905686619613, 39.114147567580503 ], [ -94.49330001565751, 39.113553153716964 ], [ -94.492735117447197, 39.11293485702533 ], [ -94.492212539836714, 39.112294372820855 ], [ -94.491733714515618, 39.111633457211461 ], [ -94.491299953098093, 39.110953922277844 ], [ -94.490912443536814, 39.110257631100673 ], [ -94.490572246877406, 39.109546492648185 ], [ -94.490280294362108, 39.108822456538697 ], [ -94.490037384890584, 39.108087507691941 ], [ -94.489844182844834, 39.107343660884332 ], [ -94.489701216283535, 39.106592955222993 ], [ -94.489608875511195, 39.105837448553629 ], [ -94.489567412025309, 39.10507921181788 ] ] ] } },
{ "type": "Feature", "properties": { }, "geometry": { "type": "Polygon", "coordinates": [ [ [ -94.253869588233542, 39.013451206839548 ], [ -94.253881653688168, 39.012692283615138 ], [ -94.253944612816412, 39.011934893009681 ], [ -94.254058291429445, 39.01118111092358 ], [ -94.254222376347315, 39.010433003301245 ], [ -94.254436416274842, 39.00969262046992 ], [ -94.254699823055518, 39.008961991521808 ], [ -94.255011873299921, 39.008243118755225 ], [ -94.255371710383926, 39.007537972189759 ], [ -94.255778346810999, 39.006848484170533 ], [ -94.256230666932126, 39.006176544076339 ], [ -94.256727430015559, 39.005523993145985 ], [ -94.257267273658073, 39.004892619437136 ], [ -94.25784871752802, 39.004284152931227 ], [ -94.258470167430033, 39.003700260797984 ], [ -94.259129919680007, 39.003142542832336 ], [ -94.259826165778449, 39.00261252707616 ], [ -94.260556997369193, 39.002111665636946 ], [ -94.261320411470038, 39.001641330714463 ], [ -94.262114315960801, 39.001202810846522 ], [ -94.262936535313912, 39.00079730738404 ], [ -94.263784816551762, 39.000425931204667 ], [ -94.264656835414641, 39.000089699674369 ], [ -94.26555020272248, 38.999789533864913 ], [ -94.266462470912671, 38.999526256034883 ], [ -94.267391140736905, 38.999300587381136 ], [ -94.268333668097995, 38.99911314606674 ], [ -94.269287471008596, 38.998964445530831 ], [ -94.27024993665286, 38.99885489308474 ], [ -94.271218428531583, 38.998784788798645 ], [ -94.27219029367167, 38.998754324681251 ], [ -94.273162869880338, 38.998763584155057 ], [ -94.274133493024209, 38.998812541828642 ], [ -94.275099504313729, 38.998901063566272 ], [ -94.276058257572885, 38.999028906855003 ], [ -94.277007126474857, 38.999195721468226 ], [ -94.277943511723578, 38.999401050423373 ], [ -94.278864848161945, 38.999644331232012 ], [ -94.279768611787375, 38.999924897438135 ], [ -94.280652326655385, 39.000241980441011 ], [ -94.281513571652852, 39.000594711597266 ], [ -94.282349987122174, 39.000982124596931 ], [ -94.283159281318405, 39.001403158106321 ], [ -94.283939236682016, 39.001856658671336 ], [ -94.284687715909683, 39.002341383872761 ], [ -94.285402667807105, 39.002856005725064 ], [ -94.286082132907481, 39.003399114309666 ], [ -94.286724248840372, 39.00396922163263 ], [ -94.287327255436438, 39.004564765696188 ], [ -94.287889499553813, 39.005184114773257 ], [ -94.288409439612948, 39.005825571873125 ], [ -94.288885649827535, 39.006487379386144 ], [ -94.28931682411978, 39.007167723894952 ], [ -94.289701779709205, 39.007864741138768 ], [ -94.290039460365108, 39.008576521117647 ], [ -94.290328939313596, 39.009301113322422 ], [ -94.290569421790991, 39.010036532076128 ], [ -94.290760247236818, 39.010780761972534 ], [ -94.290900891119819, 39.011531763396576 ], [ -94.290990966391917, 39.012287478111922 ], [ -94.291030224566157, 39.013045834900126 ], [ -94.291018556415267, 39.013804755236208 ], [ -94.290955992288815, 39.014562158984774 ], [ -94.290842702047911, 39.01531597010144 ], [ -94.290678994617437, 39.016064122323733 ], [ -94.29046531715673, 39.016804564835745 ], [ -94.290202253851049, 39.017535267891411 ], [ -94.289890524326609, 39.018254228380492 ], [ -94.289530981693687, 39.018959475322298 ], [ -94.289124610222729, 39.019649075271907 ], [ -94.288672522659851, 39.020321137624258 ], [ -94.288175957188827, 39.020973819801029 ], [ -94.287636274047813, 39.021605332306571 ], [ -94.287054951809964, 39.02221394363881 ], [ -94.28643358333801, 39.022797985041258 ], [ -94.285773871423899, 39.023355855083544 ], [ -94.285077624125194, 39.02388602405761 ], [ -94.284346749811206, 39.024387038177295 ], [ -94.283583251932228, 39.024857523570027 ], [ -94.282789223526322, 39.025296190049396 ], [ -94.281966841478706, 39.0257018346582 ], [ -94.281118360549499, 39.026073344972346 ], [ -94.280246107186258, 39.026409702156258 ], [ -94.279352473138346, 39.026709983761471 ], [ -94.278439908890732, 39.026973366260762 ], [ -94.277510916935469, 39.027199127310446 ], [ -94.276568044899051, 39.027386647735185 ], [ -94.275613878545158, 39.027535413229074 ], [ -94.274651034671621, 39.027645015769075 ], [ -94.27368215392157, 39.027715154736185 ], [ -94.272709893528685, 39.027745637741717 ], [ -94.27173692001621, 39.027736381156252 ], [ -94.270765901870462, 39.02768741033956 ], [ -94.269799502208755, 39.02759885957137 ], [ -94.268840371462147, 39.027470971682668 ], [ -94.267891140093298, 39.027304097388729 ], [ -94.266954411369568, 39.027098694326 ], [ -94.266032754211182, 39.026855325794848 ], [ -94.265128696134667, 39.026574659212386 ], [ -94.264244716310557, 39.026257464279105 ], [ -94.263383238754869, 39.025904610864671 ], [ -94.262546625673181, 39.025517066618583 ], [ -94.261737170975493, 39.025095894312457 ], [ -94.260957093979869, 39.024642248921097 ], [ -94.260208533322199, 39.024157374450475 ], [ -94.259493541088986, 39.023642600521534 ], [ -94.258814077188958, 39.023099338719028 ], [ -94.258172003979368, 39.022529078715593 ], [ -94.257569081161506, 39.021933384181807 ], [ -94.25700696095933, 39.021313888493317 ], [ -94.256487183594743, 39.020672290247148 ], [ -94.25601117307157, 39.020010348599378 ], [ -94.255580233279687, 39.01932987843697 ], [ -94.255195544430379, 39.018632745397419 ], [ -94.254858159831855, 39.017920860749292 ], [ -94.254569003014396, 39.017196176148602 ], [ -94.254328865212287, 39.016460678284567 ], [ -94.25413840320968, 39.01571638343021 ], [ -94.253998137555897, 39.014965331912258 ], [ -94.253908451155056, 39.01420958251591 ], [ -94.253869588233542, 39.013451206839548 ] ] ] } },
{ "type": "Feature", "properties": { }, "geometry": { "type": "Polygon", "coordinates": [ [ [ -94.343539595391661, 38.90100496702042 ], [ -94.34355071915239, 38.900246037258277 ], [ -94.343612656979843, 38.899488602403494 ], [ -94.343725237492848, 38.898734738481181 ], [ -94.343888150528898, 38.897986511663724 ], [ -94.344100948011643, 38.897245972608893 ], [ -94.344363045195962, 38.896515150841068 ], [ -94.344673722286856, 38.895796049191041 ], [ -94.345032126427824, 38.895090638309838 ], [ -94.34543727405277, 38.894400851271072 ], [ -94.345888053595147, 38.893728578277155 ], [ -94.346383228546458, 38.893075661483216 ], [ -94.346921440855965, 38.892443889953491 ], [ -94.34750121466179, 38.891834994763357 ], [ -94.348120960343394, 38.891250644260914 ], [ -94.34877897888407, 38.890692439500512 ], [ -94.349473466531506, 38.890161909861114 ], [ -94.35020251974359, 38.889660508861198 ], [ -94.35096414040585, 38.889189610181518 ], [ -94.35175624130629, 38.888750503906934 ], [ -94.352576651852559, 38.888344392996956 ], [ -94.353423124015961, 38.887972389995198 ], [ -94.354293338485888, 38.887635513986226 ], [ -94.355184911017929, 38.887334687808412 ], [ -94.356095398958601, 38.887070735530003 ], [ -94.357022307928546, 38.886844380195797 ], [ -94.357963098646266, 38.886656241849835 ], [ -94.358915193873813, 38.886506835840208 ], [ -94.359875985465337, 38.886396571410025 ], [ -94.360842841499746, 38.886325750578635 ], [ -94.361813113477695, 38.886294567316114 ], [ -94.362784143563545, 38.886303107013191 ], [ -94.363753271852744, 38.88635134624802 ], [ -94.364717843644627, 38.886439152850684 ], [ -94.365675216701163, 38.886566286264703 ], [ -94.366622768471714, 38.886732398205318 ], [ -94.367557903264526, 38.886937033612035 ], [ -94.368478059344966, 38.887179631893382 ], [ -94.369380715941759, 38.887459528460028 ], [ -94.370263400141909, 38.88777595654264 ], [ -94.371123693655491, 38.888128049288987 ], [ -94.371959239432186, 38.888514842134981 ], [ -94.372767748111343, 38.888935275443018 ], [ -94.373547004287985, 38.889388197400564 ], [ -94.374294872577934, 38.889872367170923 ], [ -94.375009303465177, 38.890386458287907 ], [ -94.375688338915694, 38.890929062284869 ], [ -94.376330117742469, 38.89149869254836 ], [ -94.376932880706818, 38.892093788386148 ], [ -94.377494975342088, 38.892712719297904 ], [ -94.378014860486758, 38.893353789437718 ], [ -94.378491110513949, 38.894015242255627 ], [ -94.378922419246237, 38.894695265305899 ], [ -94.379307603544589, 38.895391995208747 ], [ -94.37964560656178, 38.896103522752149 ], [ -94.379935500650845, 38.896827898119497 ], [ -94.38017648992097, 38.897563136229358 ], [ -94.380367912433286, 38.898307222172178 ], [ -94.380509242030584, 38.899058116729336 ], [ -94.380600089795664, 38.899813761959734 ], [ -94.380640205134242, 38.900572086838004 ], [ -94.380629476479243, 38.901331012929553 ], [ -94.380567931614138, 38.902088460086446 ], [ -94.380455737614739, 38.90284235214876 ], [ -94.380293200408801, 38.903590622635782 ], [ -94.380080763955007, 38.904331220411336 ], [ -94.37981900904299, 38.905062115307679 ], [ -94.379508651717742, 38.905781303692784 ], [ -94.379150541332322, 38.906486813965351 ], [ -94.378745658234379, 38.907176711962798 ], [ -94.378295111092285, 38.907849106267058 ], [ -94.377800133868263, 38.908502153393876 ], [ -94.377262082446734, 38.909134062851081 ], [ -94.376682430926863, 38.909743102052111 ], [ -94.376062767589374, 38.910327601071067 ], [ -94.375404790548799, 38.910885957226434 ], [ -94.374710303102773, 38.9114166394805 ], [ -94.373981208791193, 38.911918192642744 ], [ -94.373219506178842, 38.912389241365247 ], [ -94.372427283375558, 38.912828493919299 ], [ -94.371606712309287, 38.913234745742692 ], [ -94.370760042767401, 38.913606882747949 ], [ -94.369889596223061, 38.913943884382299 ], [ -94.368997759463312, 38.914244826431052 ], [ -94.368086978036573, 38.914508883556387 ], [ -94.367159749537706, 38.914735331564827 ], [ -94.366218616749023, 38.914923549396974 ], [ -94.36526616065629, 38.91507302083383 ], [ -94.364304993359042, 38.915183335915486 ], [ -94.363337750894715, 38.915254192067628 ], [ -94.362367085996439, 38.9152853949332 ], [ -94.361395660804774, 38.915276858906722 ], [ -94.360426139553155, 38.915228607369777 ], [ -94.35946118124761, 38.915140772627126 ], [ -94.358503432360919, 38.91501359554352 ], [ -94.357555519561345, 38.914847424882154 ], [ -94.356620042496203, 38.914642716346904 ], [ -94.355699566650117, 38.91440003133048 ], [ -94.354796616297747, 38.914120035372456 ], [ -94.353913667570609, 38.91380349633112 ], [ -94.353053141656773, 38.913451282274416 ], [ -94.352217398152817, 38.913064359095529 ], [ -94.351408728585739, 38.912643787859984 ], [ -94.350629350123199, 38.912190721891541 ], [ -94.349881399489192, 38.911706403604647 ], [ -94.349166927101919, 38.911192161092707 ], [ -94.348487891450077, 38.910649404481077 ], [ -94.34784615372287, 38.910079622055257 ], [ -94.347243472708698, 38.909484376174646 ], [ -94.346681499976313, 38.908865298983436 ], [ -94.346161775351703, 38.908224087930229 ], [ -94.34568572270301, 38.907562501108849 ], [ -94.345254646045177, 38.9068823524332 ], [ -94.344869725974519, 38.906185506659455 ], [ -94.344532016443395, 38.905473874269141 ], [ -94.344242441883225, 38.904749406227573 ], [ -94.344001794684033, 38.904014088631556 ], [ -94.343810733036861, 38.903269937261527 ], [ -94.34366977914523, 38.902518992052904 ], [ -94.343579317810011, 38.901763311501753 ], [ -94.343539595391661, 38.90100496702042 ] ] ] } },
{ "type": "Feature", "properties": { }, "geometry": { "type": "Polygon", "coordinates": [ [ [ -94.489562064438104, 38.934468337016092 ], [ -94.48957162587881, 38.933709427515737 ], [ -94.489632026396464, 38.932951948819699 ], [ -94.489743098819829, 38.932197977078296 ], [ -94.489904537115379, 38.931449578764273 ], [ -94.490115897243442, 38.93070880501007 ], [ -94.490376598392274, 38.929977685987659 ], [ -94.490685924586373, 38.929258225346686 ], [ -94.491043026664315, 38.928552394725727 ], [ -94.491446924620632, 38.927862128352189 ], [ -94.491896510305367, 38.927189317745096 ], [ -94.492390550473289, 38.926535806535519 ], [ -94.492927690174653, 38.925903385418742 ], [ -94.493506456478016, 38.925293787252002 ], [ -94.494125262514771, 38.924708682311 ], [ -94.494782411834152, 38.924149673718226 ], [ -94.495476103056916, 38.923618293055625 ], [ -94.496204434814715, 38.923115996173408 ], [ -94.496965410961693, 38.922644159206619 ], [ -94.497756946044035, 38.922204074809983 ], [ -94.498576871012403, 38.921796948621648 ], [ -94.499422939161803, 38.921423895965219 ], [ -94.500292832282355, 38.921085938799017 ], [ -94.501184167004723, 38.920784002921131 ], [ -94.502094501322276, 38.920518915437405 ], [ -94.5030213412726, 38.920291402499814 ], [ -94.503962147760262, 38.920102087320693 ], [ -94.504914343501881, 38.919951488468925 ], [ -94.505875320074907, 38.919840018452106 ], [ -94.506842445051007, 38.91976798258893 ], [ -94.507813069194469, 38.919735578174596 ], [ -94.508784533706233, 38.919742893941745 ], [ -94.509754177493718, 38.919789909818164 ], [ -94.510719344447068, 38.91987649698202 ], [ -94.511677390701507, 38.920002418214459 ], [ -94.512625691866731, 38.920167328548573 ], [ -94.513561650203158, 38.920370776213069 ], [ -94.514482701725868, 38.920612203867947 ], [ -94.515386323216873, 38.920890950128843 ], [ -94.516270039126638, 38.921206251376077 ], [ -94.517131428346076, 38.921557243843139 ], [ -94.517968130830653, 38.921942965979397 ], [ -94.51877785405857, 38.922362361080168 ], [ -94.519558379305394, 38.92281428017715 ], [ -94.520307567718078, 38.923297485181671 ], [ -94.521023366171761, 38.923810652271591 ], [ -94.521703812893477, 38.924352375513237 ], [ -94.522347042837183, 38.924921170708068 ], [ -94.522951292795611, 38.925515479454027 ], [ -94.52351490623478, 38.926133673410014 ], [ -94.524036337838083, 38.926774058752407 ], [ -94.52451415774722, 38.927434880811049 ], [ -94.52494705548834, 38.928114328872333 ], [ -94.525333843572923, 38.92881054113613 ], [ -94.525673460762803, 38.929521609813214 ], [ -94.525964974990785, 38.930245586349123 ], [ -94.52620758592856, 38.930980486760141 ], [ -94.526400627194576, 38.931724297067134 ], [ -94.526543568195947, 38.932474978812067 ], [ -94.526636015598939, 38.933230474642201 ], [ -94.526677714424011, 38.933988713946853 ], [ -94.526668548762061, 38.934747618531127 ], [ -94.526608542109756, 38.93550510831119 ], [ -94.526497857323051, 38.936259107015267 ], [ -94.526336796188488, 38.937007547875233 ], [ -94.526125798613464, 38.937748379292472 ], [ -94.525865441437489, 38.938479570463265 ], [ -94.525556436867447, 38.939199116947506 ], [ -94.525199630541024, 38.939905046166047 ], [ -94.524795999223315, 38.940595422811271 ], [ -94.524346648142938, 38.941268354156001 ], [ -94.523852807974762, 38.941921995246346 ], [ -94.523315831477305, 38.942554553963973 ], [ -94.522737189793872, 38.943164295944079 ], [ -94.522118468427749, 38.943749549335351 ], [ -94.521461362902002, 38.944308709388814 ], [ -94.520767674116087, 38.944840242863094 ], [ -94.520039303411636, 38.94534269223373 ], [ -94.519278247361214, 38.945814679694998 ], [ -94.518486592294067, 38.946254910943331 ], [ -94.517666508574109, 38.946662178731621 ], [ -94.516820244645686, 38.947035366184906 ], [ -94.515950120863621, 38.947373449867953 ], [ -94.515058523124452, 38.94767550259656 ], [ -94.514147896316501, 38.947940695984606 ], [ -94.513220737606702, 38.948168302719857 ], [ -94.512279589582931, 38.948357698562262 ], [ -94.511327033270533, 38.948508364059201 ], [ -94.510365681042501, 38.948619885972896 ], [ -94.509398169442932, 38.948691958416063 ], [ -94.508427151943465, 38.948724383692721 ], [ -94.507455291652889, 38.948717072841646 ], [ -94.506485253999969, 38.948670045881187 ], [ -94.505519699409888, 38.948583431754649 ], [ -94.504561275994405, 38.948457467976283 ], [ -94.503612612276115, 38.948292499979097 ], [ -94.502676309966773, 38.948088980166204 ], [ -94.501754936819978, 38.947847466668051 ], [ -94.500851019577468, 38.947568621809538 ], [ -94.499967037029108, 38.947253210290604 ], [ -94.499105413205328, 38.946902097085868 ], [ -94.498268510721033, 38.946516245068842 ], [ -94.497458624289266, 38.946096712367215 ], [ -94.496677974422568, 38.945644649456831 ], [ -94.495928701339338, 38.945161296002034 ], [ -94.495212859092064, 38.944647977451424 ], [ -94.494532409933583, 38.944106101398106 ], [ -94.493889218936602, 38.943537153714843 ], [ -94.493285048881717, 38.942942694474418 ], [ -94.492721555427394, 38.942324353666748 ], [ -94.492200282575709, 38.941683826724407 ], [ -94.491722658445653, 38.941022869868938 ], [ -94.49128999136606, 38.940343295290823 ], [ -94.490903466298278, 38.939646966176355 ], [ -94.490564141598824, 38.938935791594929 ], [ -94.490272946130261, 38.938211721261403 ], [ -94.490030676728551, 38.937476740187122 ], [ -94.489837996033287, 38.936732863234951 ], [ -94.489695430686865, 38.935982129593171 ], [ -94.489603369907258, 38.93522659718306 ], [ -94.489562064438104, 38.934468337016092 ] ] ] } },
{ "type": "Feature", "properties": { }, "geometry": { "type": "Polygon", "coordinates": [ [ [ -94.368983445015061, 39.078349845376422 ], [ -94.368994268927693, 39.07759094005484 ], [ -94.369056034230681, 39.076833516228135 ], [ -94.369168570001335, 39.076079649891639 ], [ -94.369331566185394, 39.075331407224297 ], [ -94.369544574464499, 39.074590838926838 ], [ -94.369807009501997, 39.073859974602875 ], [ -94.370118150563684, 39.073140817198578 ], [ -94.370477143508865, 39.072435337516069 ], [ -94.370883003145906, 39.071745468815472 ], [ -94.371334615945997, 39.071073101520618 ], [ -94.371830743107097, 39.070420078042318 ], [ -94.372370023960073, 39.069788187734154 ], [ -94.372950979707056, 39.06917916199378 ], [ -94.373572017482061, 39.068594669523534 ], [ -94.374231434722404, 39.068036311763173 ], [ -94.374927423839111, 39.067505618507141 ], [ -94.375658077173128, 39.067004043718342 ], [ -94.376421392224245, 39.066532961549875 ], [ -94.377215277137793, 39.066093662585395 ], [ -94.37803755643462, 39.065687350308558 ], [ -94.378885976968419, 39.065315137810927 ], [ -94.37975821409411, 39.064978044747399 ], [ -94.380651878030605, 39.064676994547597 ], [ -94.381564520400516, 39.064412811890286 ], [ -94.38249364092907, 39.064186220448434 ], [ -94.383436694283787, 39.063997840910261 ], [ -94.384391097036641, 39.06384818928224 ], [ -94.38535423472959, 39.063737675478329 ], [ -94.386323469024219, 39.063666602199426 ], [ -94.387296144916277, 39.063635164105925 ], [ -94.388269597995304, 39.063643447285784 ], [ -94.389241161729842, 39.063691429019499 ], [ -94.390208174758257, 39.063778977842503 ], [ -94.391167988165648, 39.063905853904942 ], [ -94.392117972726666, 39.06407170962791 ], [ -94.393055526095111, 39.064276090654097 ], [ -94.39397807992043, 39.064518437090513 ], [ -94.394883106871788, 39.064798085039875 ], [ -94.395768127550838, 39.065114268416337 ], [ -94.396630717274292, 39.065466121040799 ], [ -94.397468512707675, 39.065852679010099 ], [ -94.398279218332675, 39.066272883333504 ], [ -94.399060612729826, 39.066725582829392 ], [ -94.399810554660107, 39.067209537274394 ], [ -94.400526988928206, 39.067723420796227 ], [ -94.401207952011987, 39.068265825501122 ], [ -94.401851577442429, 39.068835265325937 ], [ -94.40245610091938, 39.069430180104412 ], [ -94.403019865149247, 39.070048939836582 ], [ -94.403541324391213, 39.070689849149787 ], [ -94.404019048699439, 39.071351151938849 ], [ -94.404451727849704, 39.072031036173122 ], [ -94.404838174939556, 39.07272763885701 ], [ -94.405177329651963, 39.073439051130677 ], [ -94.405468261173638, 39.074163323496769 ], [ -94.405710170759434, 39.074898471159166 ], [ -94.405902393936316, 39.075642479458907 ], [ -94.406044402339944, 39.07639330939255 ], [ -94.406135805179375, 39.077148903198157 ], [ -94.406176350325154, 39.077907189992914 ], [ -94.406165925017987, 39.078666091447829 ], [ -94.40610455619553, 39.0794235274833 ], [ -94.405992410436582, 39.080177421970284 ], [ -94.405829793522358, 39.080925708421397 ], [ -94.405617149615836, 39.081666335656195 ], [ -94.405355060061567, 39.082397273425336 ], [ -94.405044241808511, 39.083116517977999 ], [ -94.404685545460651, 39.08382209755721 ], [ -94.40427995296001, 39.084512077808341 ], [ -94.40382857490863, 39.085184567085477 ], [ -94.403332647536573, 39.085837721641269 ], [ -94.402793529324029, 39.086469750686042 ], [ -94.402212697286984, 39.087078921302101 ], [ -94.401591742935977, 39.087663563199833 ], [ -94.400932367919708, 39.088222073302333 ], [ -94.400236379364557, 39.08875292014605 ], [ -94.399505684923369, 39.089254648085344 ], [ -94.398742287546796, 39.089725881289169 ], [ -94.397948279991425, 39.090165327519081 ], [ -94.397125839080118, 39.090571781677987 ], [ -94.396277219729868, 39.090944129119805 ], [ -94.395404748764037, 39.091281348711156 ], [ -94.394510818525703, 39.091582515636198 ], [ -94.393597880309883, 39.09184680393723 ], [ -94.39266843763275, 39.092073488783875 ], [ -94.391725039356288, 39.092261948464568 ], [ -94.390770272687561, 39.092411666094726 ], [ -94.389806756071749, 39.092522231037279 ], [ -94.388837131998841, 39.092593340031044 ], [ -94.387864059743563, 39.092624798024332 ], [ -94.386890208059, 39.092616518711161 ], [ -94.385918247843861, 39.092568524768652 ], [ -94.38495084480364, 39.092480947795167 ], [ -94.383990652126371, 39.09235402794895 ], [ -94.383040303192729, 39.0921881132886 ], [ -94.382102404341026, 39.09198365881722 ], [ -94.381179527707033, 39.091741225232433 ], [ -94.380274204158354, 39.091461477386346 ], [ -94.37938891634289, 39.091145182459307 ], [ -94.378526091870768, 39.09079320785257 ], [ -94.377688096648384, 39.09040651880575 ], [ -94.376877228383009, 39.089986175745736 ], [ -94.37609571027599, 39.089533331374142 ], [ -94.375345684921768, 39.089049227501647 ], [ -94.374629208429653, 39.088535191637682 ], [ -94.373948244784401, 39.087992633345088 ], [ -94.373304660461187, 39.087423040369778 ], [ -94.372700219309792, 39.086827974555973 ], [ -94.372136577721804, 39.086209067558357 ], [ -94.37161528009436, 39.085568016363105 ], [ -94.371137754602614, 39.08490657862987 ], [ -94.370705309292532, 39.084226567867795 ], [ -94.370319128504534, 39.083529848458703 ], [ -94.369980269637992, 39.082818330541308 ], [ -94.369689660264882, 39.082093964770444 ], [ -94.369448095600788, 39.081358736965569 ], [ -94.369256236339737, 39.08061466266372 ], [ -94.369114606858901, 39.07986378159142 ], [ -94.369023593797706, 39.079108152070965 ], [ -94.368983445015061, 39.078349845376422 ] ] ] } },
{ "type": "Feature", "properties": { }, "geometry": { "type": "Polygon", "coordinates": [ [ [ -94.556042653149305, 39.011029315519764 ], [ -94.556051487713262, 39.010270424412944 ], [ -94.556111216588135, 39.009512933981043 ], [ -94.556221674437069, 39.008758920408624 ], [ -94.556382556904026, 39.00801045028502 ], [ -94.556593421465649, 39.007269574941112 ], [ -94.556853688661178, 39.006538324828739 ], [ -94.55716264369704, 39.005818703957942 ], [ -94.557519438421636, 39.005112684407401 ], [ -94.55792309366457, 39.004422200922839 ], [ -94.558372501933903, 39.003749145618642 ], [ -94.55886643046361, 39.003095362796493 ], [ -94.559403524603269, 39.002462643895861 ], [ -94.559982311539969, 39.001852722589476 ], [ -94.560601204342674, 39.001267270037829 ], [ -94.561258506317429, 39.000707890314942 ], [ -94.561952415661779, 39.000176116018515 ], [ -94.562681030405344, 38.999673404075978 ], [ -94.563442353623131, 38.999201131758028 ], [ -94.564234298907238, 38.998760592910457 ], [ -94.565054696081987, 38.998352994414724 ], [ -94.565901297146723, 38.997979452886405 ], [ -94.566771782430479, 38.997640991621168 ], [ -94.567663766941052, 38.997338537796026 ], [ -94.568574806891874, 38.997072919933679 ], [ -94.569502406388253, 38.996844865636909 ], [ -94.570444024255451, 38.996654999599045 ], [ -94.571397080989428, 38.996503841895922 ], [ -94.572358965811702, 38.99639180656412 ], [ -94.57332704380913, 38.996319200469081 ], [ -94.574298663139018, 38.996286222466381 ], [ -94.575271162280274, 38.996292962858334 ], [ -94.576241877310707, 38.996339403147509 ], [ -94.577208149190838, 38.996425416087568 ], [ -94.578167331034336, 38.996550766031696 ], [ -94.579116795345485, 38.996715109577202 ], [ -94.580053941203943, 38.996917996504926 ], [ -94.580976201377382, 38.997158871010647 ], [ -94.581881049342414, 38.997437073225335 ], [ -94.582766006195271, 38.99775184101992 ], [ -94.583628647432718, 38.998102312089827 ], [ -94.584466609585618, 38.998487526313589 ], [ -94.585277596686169, 38.998906428378987 ], [ -94.586059386552122, 38.999357870669812 ], [ -94.58680983687006, 38.999840616405159 ], [ -94.587526891061728, 39.000353343022979 ], [ -94.588208583917051, 39.000894645798333 ], [ -94.588853046978585, 39.001463041686961 ], [ -94.589458513662706, 39.002056973383176 ], [ -94.590023324103257, 39.002674813581542 ], [ -94.590545929704817, 39.003314869430476 ], [ -94.591024897392472, 39.003975387165397 ], [ -94.591458913546958, 39.004654556909529 ], [ -94.591846787613974, 39.005350517628315 ], [ -94.592187455377726, 39.006061362224877 ], [ -94.592479981889639, 39.006785142761778 ], [ -94.592723564044263, 39.007519875795417 ], [ -94.592917532794687, 39.008263547808319 ], [ -94.593061355001922, 39.009014120724288 ], [ -94.593154634912295, 39.009769537491614 ], [ -94.593197115259215, 39.010527727718959 ], [ -94.593188677985736, 39.011286613348396 ], [ -94.593129344585904, 39.012044114350353 ], [ -94.593019276063671, 39.012798154424431 ], [ -94.59285877250953, 39.013546666690992 ], [ -94.592648272295378, 39.014287599357353 ], [ -94.592388350890147, 39.015018921343689 ], [ -94.592079719298837, 39.015738627852471 ], [ -94.591723222129318, 39.016444745866771 ], [ -94.591319835291884, 39.017135339562046 ], [ -94.590870663337839, 39.017808515616458 ], [ -94.590376936444031, 39.018462428405336 ], [ -94.58984000705172, 39.019095285065269 ], [ -94.589261346168826, 39.019705350414206 ], [ -94.588642539345315, 39.020290951713513 ], [ -94.587985282333122, 39.020850483259444 ], [ -94.587291376442096, 39.021382410790878 ], [ -94.586562723604757, 39.02188527570155 ], [ -94.585801321163487, 39.022357699044775 ], [ -94.58500925639413, 39.022798385320115 ], [ -94.584188700781553, 39.023206126030871 ], [ -94.583341904062195, 39.023579803003301 ], [ -94.582471188050704, 39.023918391457791 ], [ -94.581578940267178, 39.024220962823826 ], [ -94.580667607382679, 39.024486687290917 ], [ -94.579739688501306, 39.024714836088258 ], [ -94.578797728297047, 39.024904783487209 ], [ -94.577844310024673, 39.025056008520444 ], [ -94.576882048423755, 39.025168096413772 ], [ -94.575913582535534, 39.025240739725845 ], [ -94.574941568452459, 39.025273739193331 ], [ -94.573968672020655, 39.025267004278753 ], [ -94.572997561515109, 39.025220553419508 ], [ -94.572030900308221, 39.025134513977768 ], [ -94.57107133955185, 39.02500912189069 ], [ -94.570121510893173, 39.024844721022703 ], [ -94.569184019244375, 39.024641762221009 ], [ -94.568261435626383, 39.024400802077267 ], [ -94.567356290106247, 39.024122501398821 ], [ -94.566471064847889, 39.023807623393495 ], [ -94.565608187295183, 39.023457031573336 ], [ -94.564770023506426, 39.023071687382846 ], [ -94.563958871658571, 39.022652647558118 ], [ -94.563176955738868, 39.022201061224749 ], [ -94.56242641944182, 39.021718166741721 ], [ -94.561709320287662, 39.021205288300862 ], [ -94.561027623979101, 39.020663832290481 ], [ -94.560383199011397, 39.02009528343374 ], [ -94.559777811550845, 39.019501200712256 ], [ -94.559213120595572, 39.018883213086113 ], [ -94.558690673431926, 39.0182430150222 ], [ -94.55821190139892, 39.017582361843175 ], [ -94.557778115972184, 39.016903064909805 ], [ -94.55739050517812, 39.016206986650133 ], [ -94.55705013034806, 39.015496035448869 ], [ -94.556757923221099, 39.014772160411411 ], [ -94.556514683403506, 39.014037346016735 ], [ -94.556321076191409, 39.013293606673706 ], [ -94.556177630762761, 39.012542981196248 ], [ -94.556084738743124, 39.011787527211879 ], [ -94.556042653149305, 39.011029315519764 ] ] ] } },
{ "type": "Feature", "properties": { }, "geometry": { "type": "Polygon", "coordinates": [ [ [ -94.455306009982905, 38.994873193662052 ], [ -94.455315924927561, 38.994114287399888 ], [ -94.455376721961031, 38.993356826038564 ], [ -94.455488232820642, 38.992602885679538 ], [ -94.455650150266834, 38.99185453270799 ], [ -94.455862028942661, 38.99111381813055 ], [ -94.456123286611529, 38.990382771955289 ], [ -94.456433205769429, 38.989663397630437 ], [ -94.456790935626969, 38.988957666556239 ], [ -94.457195494455917, 38.988267512685397 ], [ -94.457645772293233, 38.987594827226765 ], [ -94.458140533995433, 38.986941453466571 ], [ -94.458678422634605, 38.986309181721595 ], [ -94.45925796322652, 38.985699744437916 ], [ -94.459877566780889, 38.985114811448618 ], [ -94.460535534662114, 38.98455598540329 ], [ -94.461230063249019, 38.984024797382084 ], [ -94.461959248880305, 38.983522702705855 ], [ -94.462721093072346, 38.983051076954197 ], [ -94.463513507995287, 38.982611212201853 ], [ -94.464334322191775, 38.982204313484061 ], [ -94.46518128652346, 38.981831495500174 ], [ -94.466052080328453, 38.981493779564779 ], [ -94.466944317773326, 38.981192090814417 ], [ -94.467855554381998, 38.980927255677386 ], [ -94.468783293724073, 38.980699999613989 ], [ -94.469724994244146, 38.980510945132728 ], [ -94.470678076213645, 38.980360610088319 ], [ -94.471639928786303, 38.980249406265834 ], [ -94.472607917138021, 38.980177638255107 ], [ -94.473579389671869, 38.980145502618136 ], [ -94.474551685268452, 38.980153087351901 ], [ -94.47552214056212, 38.980200371648245 ], [ -94.476488097223339, 38.980287225950939 ], [ -94.47744690922714, 38.980413412310412 ], [ -94.47839595008827, 38.980578585034671 ], [ -94.47933262004328, 38.980782291634888 ], [ -94.48025435315985, 38.981023974063049 ], [ -94.481158624354464, 38.981302970238296 ], [ -94.48204295629894, 38.98161851585774 ], [ -94.482904926197321, 38.981969746486911 ], [ -94.483742172414594, 38.982355699924184 ], [ -94.484552400939137, 38.982775318832658 ], [ -94.485333391661513, 38.983227453632381 ], [ -94.486083004452283, 38.983710865645044 ], [ -94.486799185022278, 38.984224230482717 ], [ -94.487479970549515, 38.984766141671152 ], [ -94.48812349505711, 38.985335114498035 ], [ -94.488727994527736, 38.985929590075628 ], [ -94.489291811740401, 38.986547939606602 ], [ -94.489813400816345, 38.98718846884185 ], [ -94.490291331461677, 38.98784942271751 ], [ -94.49072429289474, 38.988528990159224 ], [ -94.491111097447742, 38.98922530904003 ], [ -94.491450683832554, 38.989936471278654 ], [ -94.491742120061318, 38.990660528064133 ], [ -94.491984606014256, 38.991395495192634 ], [ -94.492177475647111, 38.99213935850176 ], [ -94.49232019883209, 38.992890079387557 ], [ -94.492412382827169, 38.993645600389335 ], [ -94.492453773369547, 38.994403850826437 ], [ -94.492444255390026, 38.99516275247241 ], [ -94.492383853346098, 38.995920225250202 ], [ -94.492272731172832, 38.996674192933312 ], [ -94.492111191851293, 38.997422588837132 ], [ -94.491899676595594, 38.9981633614847 ], [ -94.491638763660603, 38.998894480231684 ], [ -94.491329166773397, 38.999613940834777 ], [ -94.490971733192467, 39.000319770948437 ], [ -94.490567441400003, 39.001010035534861 ], [ -94.490117398433313, 39.00168284217218 ], [ -94.489622836862608, 39.002336346246508 ], [ -94.489085111423108, 39.00296875601331 ], [ -94.488505695310991, 39.003578337514291 ], [ -94.487886176152728, 39.004163419336351 ], [ -94.487228251659232, 39.004722397199188 ], [ -94.48653372497634, 39.005253738359364 ], [ -94.485804499744489, 39.005755985818162 ], [ -94.485042574881106, 39.006227762322084 ], [ -94.484250039100004, 39.006667774144724 ], [ -94.483429065182634, 39.007074814639509 ], [ -94.48258190401728, 39.007447767553721 ], [ -94.481710878422362, 39.007785610094466 ], [ -94.480818376770884, 39.008087415738117 ], [ -94.479906846433593, 39.00835235677561 ], [ -94.478978787059063, 39.00857970658641 ], [ -94.478036743709026, 39.008768841634897 ], [ -94.477083299868184, 39.008919243183655 ], [ -94.47612107034756, 39.009030498718928 ], [ -94.475152694101112, 39.009102303084347 ], [ -94.474180826975697, 39.009134459319611 ], [ -94.473208134413923, 39.009126879202022 ], [ -94.472237284130614, 39.009079583489203 ], [ -94.471270938782993, 39.008992701862432 ], [ -94.470311748654495, 39.008866472570666 ], [ -94.469362344373181, 39.008701241776272 ], [ -94.468425329684251, 39.008497462604311 ], [ -94.467503274296973, 39.00825569389788 ], [ -94.466598706825735, 39.00797659868315 ], [ -94.465714107844789, 39.00766094234811 ], [ -94.464851903075797, 39.007309590540231 ], [ -94.464014456727071, 39.006923506788816 ], [ -94.463204065002913, 39.006503749858496 ], [ -94.462422949800796, 39.006051470841456 ], [ -94.461673252613991, 39.005567909996032 ], [ -94.460957028656338, 39.005054393340835 ], [ -94.460276241225159, 39.004512329013444 ], [ -94.459632756318229, 39.003943203403978 ], [ -94.459028337518973, 39.003348577074135 ], [ -94.458464641164539, 39.002730080472865 ], [ -94.457943211809521, 39.002089409460652 ], [ -94.457465477997914, 39.001428320654668 ], [ -94.457032748354791, 39.000748626607617 ], [ -94.456646208008394, 39.000052190833564 ], [ -94.456306915352201, 38.999340922694486 ], [ -94.456015799155878, 38.998616772161625 ], [ -94.455773656032846, 38.997881724465927 ], [ -94.455581148271278, 38.997137794652488 ], [ -94.455438802034237, 38.996387022053888 ], [ -94.455347005933803, 38.995631464697432 ], [ -94.455306009982905, 38.994873193662052 ] ] ] } },
{ "type": "Feature", "properties": { }, "geometry": { "type": "Polygon", "coordinates": [ [ [ -94.5349504567141, 39.056886198866323 ], [ -94.534959506478415, 39.056127310460155 ], [ -94.535019483378662, 39.055369831270092 ], [ -94.535130221394567, 39.054615837449049 ], [ -94.535291415398859, 39.053867395531206 ], [ -94.53550262201118, 39.053126556769151 ], [ -94.535763260830336, 39.052395351513326 ], [ -94.536072616041622, 39.051675783649635 ], [ -94.536429838394412, 39.050969825110265 ], [ -94.536833947544338, 39.05027941047247 ], [ -94.537283834753836, 39.049606431660621 ], [ -94.537778265943061, 39.048952732765507 ], [ -94.538315885083136, 39.04832010499527 ], [ -94.538895217921876, 39.047710281771607 ], [ -94.539514676032127, 39.047124933984968 ], [ -94.540172561170976, 39.04656566542107 ], [ -94.540867069938528, 39.046034008371812 ], [ -94.54159629872278, 39.045531419442263 ], [ -94.542358248917438, 39.045059275564981 ], [ -94.543150832398169, 39.044618870232874 ], [ -94.543971877242441, 39.04421140996071 ], [ -94.544819133677194, 39.04383801098458 ], [ -94.545690280238119, 39.043499696208926 ], [ -94.546582930123776, 39.043197392408857 ], [ -94.547494637727311, 39.042931927695584 ], [ -94.54842290532774, 39.042704029252036 ], [ -94.549365189922909, 39.042514321344335 ], [ -94.550318910185169, 39.042363323615092 ], [ -94.551281453521327, 39.042251449662665 ], [ -94.552250183217211, 39.04217900591054 ], [ -94.553222445647805, 39.042146190769884 ], [ -94.554195577533164, 39.042153094097266 ], [ -94.555166913220489, 39.042199696949417 ], [ -94.556133791972684, 39.042285871635315 ], [ -94.557093565243363, 39.04241138206573 ], [ -94.558043603918875, 39.042575884399149 ], [ -94.558981305507459, 39.042778927982276 ], [ -94.559904101256066, 39.043019956582711 ], [ -94.560809463175588, 39.043298309910234 ], [ -94.561694910955396, 39.043613225422888 ], [ -94.562558018748149, 39.043963840412474 ], [ -94.563396421806971, 39.044349194364294 ], [ -94.56420782295632, 39.044768231584456 ], [ -94.564989998879312, 39.045219804087495 ], [ -94.565740806204275, 39.04570267473688 ], [ -94.566458187373854, 39.046215520629282 ], [ -94.567140176280816, 39.046756936713976 ], [ -94.567784903654939, 39.04732543963712 ], [ -94.568390602186369, 39.04791947180064 ], [ -94.568955611371422, 39.04853740562455 ], [ -94.569478382067473, 39.04917754800136 ], [ -94.569957480744378, 39.049838144929993 ], [ -94.570391593420851, 39.050517386317061 ], [ -94.570779529274702, 39.051213410932093 ], [ -94.571120223917319, 39.051924311503285 ], [ -94.571412742322821, 39.05264813993989 ], [ -94.571656281404117, 39.05338291266704 ], [ -94.571850172228537, 39.054126616058298 ], [ -94.571993881866689, 39.054877211951172 ], [ -94.57208701486951, 39.055632643230609 ], [ -94.572129314369178, 39.056390839464889 ], [ -94.572120662800543, 39.057149722579069 ], [ -94.572061082241319, 39.057907212549644 ], [ -94.571950734369381, 39.058661233105603 ], [ -94.571789920037517, 39.05940971741984 ], [ -94.571579078466328, 39.060150613775271 ], [ -94.571318786057503, 39.060881891190462 ], [ -94.571009754830399, 39.061601544988882 ], [ -94.570652830486054, 39.062307602296876 ], [ -94.57024899010375, 39.062998127455025 ], [ -94.569799339476418, 39.063671227328072 ], [ -94.569305110091818, 39.064325056498873 ], [ -94.568767655767843, 39.064957822331962 ], [ -94.568188448950878, 39.065567789892974 ], [ -94.567569076687391, 39.06615328671009 ], [ -94.566911236279708, 39.066712707364786 ], [ -94.566216730637677, 39.067244517898786 ], [ -94.565487463339039, 39.06774726002547 ], [ -94.564725433412065, 39.06821955513378 ], [ -94.563932729854628, 39.068660108073871 ], [ -94.563111525904858, 39.069067710713803 ], [ -94.562264073079007, 39.069441245257643 ], [ -94.561392694993103, 39.069779687315652 ], [ -94.560499780985197, 39.070082108718182 ], [ -94.559587779555926, 39.070347680065538 ], [ -94.558659191645475, 39.070575673006502 ], [ -94.557716563765439, 39.070765462239592 ], [ -94.556762481004512, 39.070916527231205 ], [ -94.555799559927522, 39.071028453646051 ], [ -94.554830441387239, 39.071100934485806 ], [ -94.553857783268953, 39.071133770932995 ], [ -94.552884253187841, 39.071126872897615 ], [ -94.551912521159423, 39.07108025926496 ], [ -94.550945252263176, 39.070994057844153 ], [ -94.549985099320011, 39.070868505017316 ], [ -94.549034695603339, 39.070703945090507 ], [ -94.548096647604382, 39.070500829348006 ], [ -94.54717352787155, 39.070259714812799 ], [ -94.54626786794357, 39.069981262716638 ], [ -94.545382151396169, 39.069666236683616 ], [ -94.544518807021277, 39.069315500632804 ], [ -94.543680202157859, 39.068930016405275 ], [ -94.54286863619248, 39.068510841122254 ], [ -94.542086334247756, 39.068059124281838 ], [ -94.541335441076114, 39.06757610460199 ], [ -94.540618015175411, 39.067063106618789 ], [ -94.539936023143014, 39.066521537049333 ], [ -94.539291334283348, 39.065952880929075 ], [ -94.53868571548432, 39.065358697534542 ], [ -94.53812082637603, 39.064740616102632 ], [ -94.537598214785504, 39.064100331358084 ], [ -94.537119312499726, 39.063439598861756 ], [ -94.536685431348289, 39.062760230192346 ], [ -94.536297759616687, 39.062064087974882 ], [ -94.535957358799791, 39.061353080769628 ], [ -94.535665160704269, 39.060629157835642 ], [ -94.535421964907826, 39.059894303783103 ], [ -94.535228436582017, 39.05915053312949 ], [ -94.53508510468464, 39.058399884774232 ], [ -94.534992360526132, 39.057644416407165 ], [ -94.5349504567141, 39.056886198866323 ] ] ] } },
{ "type": "Feature", "properties": { }, "geometry": { "type": "Polygon", "coordinates": [ [ [ -94.374583360501632, 38.925880016877677 ], [ -94.374594149505469, 38.925121093213214 ], [ -94.374655770600413, 38.924363650602295 ], [ -94.374768053271254, 38.923609765092358 ], [ -94.374930688169457, 38.922861502915879 ], [ -94.375143227978512, 38.922120914828405 ], [ -94.375405088656905, 38.921390030489427 ], [ -94.37571555105518, 38.920670852901921 ], [ -94.376073762902507, 38.919965352925566 ], [ -94.376478741157058, 38.919275463878634 ], [ -94.376929374713725, 38.918603076243379 ], [ -94.377424427461406, 38.917950032489358 ], [ -94.377962541681612, 38.917318122028817 ], [ -94.378542241778732, 38.916709076317879 ], [ -94.379161938331791, 38.916124564116963 ], [ -94.379819932456442, 38.915566186923321 ], [ -94.380514420465133, 38.915035474588066 ], [ -94.381243498812836, 38.914533881129856 ], [ -94.382005169314468, 38.914062780756304 ], [ -94.382797344619974, 38.913623464104283 ], [ -94.383617853931838, 38.913217134709093 ], [ -94.384464448949714, 38.912844905712205 ], [ -94.385334810025554, 38.912507796816605 ], [ -94.386226552512795, 38.912206731497889 ], [ -94.387137233291995, 38.911942534478641 ], [ -94.388064357455463, 38.911715929473253 ], [ -94.389005385132364, 38.911527537208933 ], [ -94.389957738436024, 38.911377873728519 ], [ -94.390918808514314, 38.911267348979592 ], [ -94.391885962684157, 38.911196265693832 ], [ -94.392856551630572, 38.91116481855952 ], [ -94.393827916650991, 38.911173093689463 ], [ -94.394797396924815, 38.911221068385956 ], [ -94.395762336788849, 38.911308611203097 ], [ -94.396720092998535, 38.911435482306537 ], [ -94.39766804195564, 38.911601334129614 ], [ -94.398603586882331, 38.911805712324067 ], [ -94.399524164922525, 38.912048057002735 ], [ -94.400427254151225, 38.912327704270901 ], [ -94.401310380472353, 38.912643888042105 ], [ -94.402171124386967, 38.912995742133468 ], [ -94.403007127613023, 38.913382302634851 ], [ -94.403816099538673, 38.91380251054548 ], [ -94.404595823491846, 38.914255214670668 ], [ -94.405344162808674, 38.914739174771015 ], [ -94.406059066684364, 38.915253064955344 ], [ -94.406738575790683, 38.915795477308201 ], [ -94.407380827644232, 38.916364925742016 ], [ -94.407984061711531, 38.916959850063584 ], [ -94.408546624236195, 38.917578620243518 ], [ -94.409066972775392, 38.918219540877296 ], [ -94.40954368043306, 38.918880855825734 ], [ -94.409975439778165, 38.919560753022004 ], [ -94.410361066436948, 38.920257369432385 ], [ -94.410699502349757, 38.920968796157062 ], [ -94.410989818682907, 38.921693083656962 ], [ -94.411231218387755, 38.922428247092697 ], [ -94.411423038399661, 38.923172271760585 ], [ -94.411564751470848, 38.923923118611214 ], [ -94.411655967631717, 38.924678729835428 ], [ -94.411696435276681, 38.925437034502245 ], [ -94.411686041871192, 38.926195954233577 ], [ -94.411624814277801, 38.926953408900047 ], [ -94.411512918700495, 38.927707322322121 ], [ -94.411350660246683, 38.928455627961519 ], [ -94.411138482108498, 38.929196274586509 ], [ -94.410876964364917, 38.929927231896258 ], [ -94.410566822408114, 38.930646496088286 ], [ -94.410208904998115, 38.931352095354079 ], [ -94.409804191950798, 38.932042095287521 ], [ -94.409353791465648, 38.93271460419146 ], [ -94.408858937100149, 38.933367778267687 ], [ -94.408320984399296, 38.933999826676136 ], [ -94.407741407189064, 38.934609016449286 ], [ -94.407121793544022, 38.93519367724835 ], [ -94.406463841440214, 38.935752205948006 ], [ -94.405769354104734, 38.936283071037188 ], [ -94.405040235075262, 38.936784816823682 ], [ -94.404278482982605, 38.937256067430859 ], [ -94.403486186070751, 38.937695530575915 ], [ -94.40266551646954, 38.938102001118537 ], [ -94.401818724235483, 38.938474364370791 ], [ -94.400948131177387, 38.938811599158768 ], [ -94.400056124483442, 38.939112780627589 ], [ -94.399145150167811, 38.939377082782066 ], [ -94.398217706354217, 38.939603780755924 ], [ -94.397276336415658, 38.939792252803429 ], [ -94.396323621988685, 38.939941982007568 ], [ -94.395362175881985, 38.940052557700703 ], [ -94.394394634898489, 38.940123676592982 ], [ -94.393423652591167, 38.94015514360602 ], [ -94.392451891972343, 38.940146872409201 ], [ -94.391482018196868, 38.940098885657164 ], [ -94.390516691239256, 38.940011314927872 ], [ -94.389558558585094, 38.939884400361507 ], [ -94.388610247957075, 38.939718490000899 ], [ -94.387674360095545, 38.939514038835654 ], [ -94.38675346161385, 38.939271607552435 ], [ -94.385850077947836, 38.938991860994818 ], [ -94.384966686419475, 38.938675566337075 ], [ -94.384105709433356, 38.938323590977014 ], [ -94.383269507825148, 38.937936900153396 ], [ -94.382460374380187, 38.937516554294845 ], [ -94.381680527540212, 38.937063706107423 ], [ -94.380932105315424, 38.936579597408929 ], [ -94.380217159418962, 38.936065555718592 ], [ -94.379537649639516, 38.935522990611808 ], [ -94.378895438467794, 38.934953389849724 ], [ -94.378292285991577, 38.93435831529451 ], [ -94.377729845073347, 38.933739398621569 ], [ -94.377209656823553, 38.933098336840366 ], [ -94.376733146382065, 38.932436887636598 ], [ -94.376301619019259, 38.931756864547957 ], [ -94.37591625656718, 38.9310601319875 ], [ -94.375578114190802, 38.93034860012763 ], [ -94.37528811750775, 38.929624219659246 ], [ -94.375047060064531, 38.928888976440362 ], [ -94.374855601175895, 38.928144886048763 ], [ -94.374714264133047, 38.927393988253939 ], [ -94.374623434785775, 38.926638341423214 ], [ -94.374583360501632, 38.925880016877677 ] ] ] } },
{ "type": "Feature", "properties": { }, "geometry": { "type": "Polygon", "coordinates": [ [ [ -94.575707684107599, 38.992462346246739 ], [ -94.575716312860706, 38.991703455699479 ], [ -94.575775822712018, 38.990945957516374 ], [ -94.575886048926321, 38.990191927903979 ], [ -94.576046687783702, 38.989443433496319 ], [ -94.576257297429578, 38.988702525691679 ], [ -94.576517299102719, 38.987971235031665 ], [ -94.576825978738029, 38.987251565638267 ], [ -94.577182488939258, 38.986545489723959 ], [ -94.577585851316144, 38.985854942189768 ], [ -94.578034959179504, 38.985181815326385 ], [ -94.578528580586635, 38.984527953632409 ], [ -94.579065361728539, 38.983895148764148 ], [ -94.579643830649729, 38.983285134630684 ], [ -94.580262401290057, 38.982699582647498 ], [ -94.580919377837702, 38.982140097161725 ], [ -94.58161295938109, 38.98160821106142 ], [ -94.5823412448471, 38.981105381580889 ], [ -94.583102238211865, 38.980632986313296 ], [ -94.583893853970039, 38.980192319441748 ], [ -94.584713922847484, 38.979784588198712 ], [ -94.5855601977417, 38.979410909563747 ], [ -94.58643035987383, 38.97907230720832 ], [ -94.587322025135578, 38.978769708696106 ], [ -94.588232750613429, 38.978503942946176 ], [ -94.589160041272734, 38.978275737966442 ], [ -94.590101356783293, 38.978085718862907 ], [ -94.591054118467895, 38.977934406130593 ], [ -94.592015716354879, 38.977822214230493 ], [ -94.592983516315741, 38.977749450456649 ], [ -94.593954867268167, 38.977716314096263 ], [ -94.594927108425054, 38.977722895885009 ], [ -94.595897576569811, 38.977769177759484 ], [ -94.5968636133383, 38.977855032906852 ], [ -94.597822572487388, 38.977980226111974 ], [ -94.598771827130733, 38.978144414401015 ], [ -94.59970877692183, 38.978347147979527 ], [ -94.600630855165022, 38.978587871462821 ], [ -94.601535535835154, 38.978865925394963 ], [ -94.602420340486674, 38.979180548052589 ], [ -94.60328284503349, 38.97953087752812 ], [ -94.604120686381208, 38.979915954087417 ], [ -94.604931568893491, 38.980334722794936 ], [ -94.605713270675281, 38.980786036399302 ], [ -94.606463649655311, 38.981268658471734 ], [ -94.607180649451792, 38.98178126678858 ], [ -94.607862305004772, 38.982322456948665 ], [ -94.608506747960348, 38.982890746215993 ], [ -94.609112211791356, 38.983484577576796 ], [ -94.609677036641031, 38.984102324000389 ], [ -94.610199673876053, 38.984742292892015 ], [ -94.610678690336599, 38.985402730725376 ], [ -94.611112772271539, 38.986081827842668 ], [ -94.611500728948158, 38.986777723408494 ], [ -94.611841495926143, 38.987488510504711 ], [ -94.61213413798697, 38.988212241351718 ], [ -94.612377851710391, 38.98894693264247 ], [ -94.612571967690812, 38.989690570974275 ], [ -94.612715952387575, 38.990441118363698 ], [ -94.612809409603457, 38.991196517829614 ], [ -94.612852081587604, 38.991954699028611 ], [ -94.612843849759415, 38.992713583928236 ], [ -94.612784735051349, 38.993471092501579 ], [ -94.612674897869297, 38.994225148428235 ], [ -94.612514637670884, 38.994973684785876 ], [ -94.612304392162017, 38.995714649716604 ], [ -94.612044736114385, 38.996446012052921 ], [ -94.611736379806302, 38.997165766887562 ], [ -94.611380167091625, 38.997871941071935 ], [ -94.610977073101253, 38.998562598628318 ], [ -94.61052820158389, 38.999235846060614 ], [ -94.610034781892793, 38.999889837549262 ], [ -94.609498165626874, 39.000522780015849 ], [ -94.608919822935235, 39.001132938043789 ], [ -94.608301338495025, 39.001718638641051 ], [ -94.607644407173623, 39.002278275832232 ], [ -94.606950829387088, 39.002810315067165 ], [ -94.606222506167413, 39.003313297433799 ], [ -94.605461433952087, 39.003785843663877 ], [ -94.604669699110346, 39.004226657920356 ], [ -94.603849472221029, 39.004634531355954 ], [ -94.603003002117859, 39.005008345433232 ], [ -94.602132609718439, 39.005347074996784 ], [ -94.601240681653934, 39.005649791089255 ], [ -94.600329663717162, 39.005915663503274 ], [ -94.599402054147021, 39.006143963062328 ], [ -94.598460396767749, 39.00633406362418 ], [ -94.597507274002169, 39.006485443801353 ], [ -94.596545299778001, 39.006597688393896 ], [ -94.595577112346987, 39.006670489530428 ], [ -94.59460536703665, 39.006703647514456 ], [ -94.593632728954773, 39.006697071373338 ], [ -94.592661865666699, 39.006650779108625 ], [ -94.591695439865902, 39.006564897647003 ], [ -94.590736102057775, 39.006439662491886 ], [ -94.589786483277365, 39.006275417076743 ], [ -94.588849187860731, 39.006072611821907 ], [ -94.587926786290268, 39.005831802897347 ], [ -94.587021808133585, 39.005553650695113 ], [ -94.58613673509555, 39.005238918015287 ], [ -94.585273994202765, 39.004888467970815 ], [ -94.584435951139071, 39.004503261616826 ], [ -94.583624903750845, 39.004084355310944 ], [ -94.582843075739575, 39.003632897812103 ], [ -94.582092610559485, 39.003150127125586 ], [ -94.581375565536845, 39.00263736710334 ], [ -94.580693906227054, 39.002096023808605 ], [ -94.580049501025229, 39.001527581655182 ], [ -94.579444116044854, 39.000933599331901 ], [ -94.578879410278802, 39.000315705523391 ], [ -94.578356931055694, 38.999675594439232 ], [ -94.577878109804146, 38.999015021163572 ], [ -94.577444258136524, 38.99833579683817 ], [ -94.577056564262676, 38.997639783692136 ], [ -94.576716089743599, 38.996928889931837 ], [ -94.576423766593578, 38.996205064505524 ], [ -94.576180394738856, 38.995470291756476 ], [ -94.575986639839343, 38.994726585979834 ], [ -94.575843031479707, 38.993975985897968 ], [ -94.575749961733905, 38.99322054906937 ], [ -94.575707684107599, 38.992462346246739 ] ] ] } },
{ "type": "Feature", "properties": { }, "geometry": { "type": "Polygon", "coordinates": [ [ [ -94.54482787701086, 39.105138029248309 ], [ -94.544836809908062, 39.104379148154287 ], [ -94.544896704745511, 39.103621671246465 ], [ -94.545007395723857, 39.102867674671721 ], [ -94.545168577840798, 39.102119224971879 ], [ -94.545379807744595, 39.101378373420815 ], [ -94.545640504966414, 39.100647150403873 ], [ -94.545949953527796, 39.099927559855423 ], [ -94.546307303918638, 39.099221573769391 ], [ -94.546711575440355, 39.098531126798086 ], [ -94.547161658907214, 39.097858110953915 ], [ -94.54765631969866, 39.097204370428457 ], [ -94.548194201154004, 39.09657169654318 ], [ -94.548773828299943, 39.095961822845368 ], [ -94.549393611900783, 39.095376420362818 ], [ -94.550051852820118, 39.094817093030194 ], [ -94.550746746681853, 39.094285373299442 ], [ -94.551476388817818, 39.093782717946304 ], [ -94.552238779488576, 39.093310504084329 ], [ -94.553031829362709, 39.092870025397104 ], [ -94.553853365239974, 39.09246248859931 ], [ -94.554701136002436, 39.092089010135652 ], [ -94.555572818777478, 39.091750613127353 ], [ -94.556466025295776, 39.091448224573845 ], [ -94.557378308426948, 39.09118267281761 ], [ -94.558307168875032, 39.090954685279172 ], [ -94.559250062015721, 39.090764886467987 ], [ -94.560204404856492, 39.09061379627493 ], [ -94.561167583101039, 39.090501828551112 ], [ -94.56213695829851, 39.09042928997637 ], [ -94.563109875058316, 39.090396379221254 ], [ -94.564083668310857, 39.090403186403933 ], [ -94.565055670594532, 39.090449692844352 ], [ -94.566023219349105, 39.090535771115512 ], [ -94.566983664195703, 39.090661185392392 ], [ -94.567934374183892, 39.090825592097026 ], [ -94.568872744985711, 39.091028540838373 ], [ -94.569796206017543, 39.09126947564426 ], [ -94.570702227470349, 39.091547736481949 ], [ -94.571588327229023, 39.091862561063444 ], [ -94.572452077662348, 39.092213086930364 ], [ -94.573291112264812, 39.092598353812988 ], [ -94.574103132132322, 39.093017306256861 ], [ -94.574885912254317, 39.093468796509768 ], [ -94.575637307604822, 39.093951587661486 ], [ -94.576355259016196, 39.094464357027654 ], [ -94.577037798819234, 39.095005699768315 ], [ -94.577683056234335, 39.095574132731734 ], [ -94.578289262499069, 39.096168098512727 ], [ -94.57885475571787, 39.096785969714389 ], [ -94.579377985420805, 39.09742605340201 ], [ -94.579857516818564, 39.098086595736497 ], [ -94.580292034742342, 39.098765786775246 ], [ -94.580680347257456, 39.099461765426788 ], [ -94.581021388940712, 39.100172624546389 ], [ -94.581314223812456, 39.10089641615788 ], [ -94.581558047915422, 39.101631156788223 ], [ -94.581752191532601, 39.102374832899798 ], [ -94.581896121038383, 39.10312540640561 ], [ -94.581989440377541, 39.10388082025262 ], [ -94.582031892167748, 39.104639004057489 ], [ -94.582023358422646, 39.105397879779687 ], [ -94.581963860893069, 39.106155367416378 ], [ -94.581853561025341, 39.106909390703116 ], [ -94.581692759536651, 39.107657882805441 ], [ -94.581481895608533, 39.108398791984861 ], [ -94.581221545700103, 39.109130087224678 ], [ -94.580912421984607, 39.109849763799239 ], [ -94.580555370413023, 39.110555848772073 ], [ -94.580151368410043, 39.11124640640746 ], [ -94.579701522208481, 39.111919543480553 ], [ -94.579207063829358, 39.112573414471505 ], [ -94.578669347715703, 39.113206226629501 ], [ -94.578089847029318, 39.113816244892298 ], [ -94.577470149620325, 39.114401796648202 ], [ -94.57681195368086, 39.114961276327087 ], [ -94.576117063094173, 39.115493149807875 ], [ -94.575387382492522, 39.115995958630286 ], [ -94.574624912036825, 39.116468323999349 ], [ -94.573831741932622, 39.116908950571521 ], [ -94.573010046697433, 39.117316630011892 ], [ -94.572162079195138, 39.117690244312897 ], [ -94.571290164453885, 39.118028768865045 ], [ -94.570396693284451, 39.118331275271565 ], [ -94.569484115716818, 39.118596933898694 ], [ -94.568554934272825, 39.118825016155022 ], [ -94.56761169709371, 39.119014896493383 ], [ -94.566656990941311, 39.119166054129593 ], [ -94.565693434092495, 39.119278074473691 ], [ -94.564723669146176, 39.119350650269276 ], [ -94.563750355763105, 39.11938358243804 ], [ -94.562776163358365, 39.119376780627178 ], [ -94.561803763766747, 39.11933026345789 ], [ -94.560835823901513, 39.119244158474714 ], [ -94.559874998426579, 39.119118701795372 ], [ -94.558923922462654, 39.118954237462347 ], [ -94.557985204347403, 39.11875121649809 ], [ -94.557061418469672, 39.118510195666076 ], [ -94.556155098197607, 39.118231835941572 ], [ -94.555268728920225, 39.117916900695981 ], [ -94.554404741221617, 39.117566253600131 ], [ -94.553565504206873, 39.11718085625197 ], [ -94.552753318997702, 39.116761765535351 ], [ -94.551970412416239, 39.116310130717473 ], [ -94.551218930873929, 39.115827190292372 ], [ -94.550500934482784, 39.115314268579951 ], [ -94.549818391404784, 39.114772772089268 ], [ -94.549173172455426, 39.114204185656554 ], [ -94.548567045975702, 39.113610068368487 ], [ -94.548001672986999, 39.112992049281885 ], [ -94.547478602642059, 39.112351822951716 ], [ -94.546999267984191, 39.11169114477989 ], [ -94.546564982026624, 39.111011826197313 ], [ -94.546176934162645, 39.110315729692793 ], [ -94.545836186915878, 39.109604763702322 ], [ -94.545543673040001, 39.108880877372954 ], [ -94.545300192975418, 39.108146055215478 ], [ -94.54510641266981, 39.107402311660742 ], [ -94.544962861768227, 39.106651685534665 ], [ -94.544869932177875, 39.10589623446679 ], [ -94.54482787701086, 39.105138029248309 ] ] ] } },
{ "type": "Feature", "properties": { }, "geometry": { "type": "Polygon", "coordinates": [ [ [ -94.47414735872249, 38.952015975485466 ], [ -94.474157080992242, 38.951257066216613 ], [ -94.474217654786088, 38.950499594226386 ], [ -94.474328912456599, 38.949745635646124 ], [ -94.474490547461258, 38.948997256911888 ], [ -94.474702115220225, 38.94825650910181 ], [ -94.474963034351759, 38.947525422316083 ], [ -94.475272588282152, 38.946806000115316 ], [ -94.475629927225185, 38.9461002140321 ], [ -94.476034070525799, 38.945409998171044 ], [ -94.476483909361349, 38.94473724391208 ], [ -94.476978209792648, 38.944083794731185 ], [ -94.477515616156793, 38.943451441153059 ], [ -94.478094654791732, 38.942841915849193 ], [ -94.478713738082902, 38.942256888895066 ], [ -94.479371168820293, 38.941697963198891 ], [ -94.480065144854123, 38.941166670114981 ], [ -94.480793764036378, 38.940664465253114 ], [ -94.481555029434517, 38.940192724495773 ], [ -94.482346854803154, 38.9397527402337 ], [ -94.483167070298677, 38.93934571783042 ], [ -94.484013428421221, 38.938972772324881 ], [ -94.484883610167685, 38.93863492538172 ], [ -94.485775231379264, 38.93833310249687 ], [ -94.486685849265683, 38.938068130466561 ], [ -94.487612969089099, 38.937840735126485 ], [ -94.488554050988597, 38.93765153936684 ], [ -94.489506516927634, 38.937501061429494 ], [ -94.490467757744781, 38.937389713490944 ], [ -94.49143514028907, 38.937317800535688 ], [ -94.492406014620386, 38.937285519522504 ], [ -94.493377721255413, 38.937292958846314 ], [ -94.494347598439376, 38.937340098096776 ], [ -94.495312989423951, 38.937426808114516 ], [ -94.496271249731535, 38.937552851344499 ], [ -94.497219754386123, 38.937717882486147 ], [ -94.498155905091267, 38.937921449437681 ], [ -94.499077137335533, 38.938162994532775 ], [ -94.499980927406156, 38.938441856065872 ], [ -94.500864799291918, 38.938757270101988 ], [ -94.501726331456453, 38.939108372566167 ], [ -94.502563163463435, 38.939494201606884 ], [ -94.503373002435922, 38.939913700227038 ], [ -94.50415362933191, 38.940365719175219 ], [ -94.504902905019264, 38.940849020089551 ], [ -94.505618776133232, 38.941362278885542 ], [ -94.506299280700858, 38.941904089378575 ], [ -94.506942553516566, 38.94247296713138 ], [ -94.507546831254487, 38.943067353515907 ], [ -94.508110457303232, 38.943685619978545 ], [ -94.508631886310283, 38.944326072497148 ], [ -94.509109688422924, 38.944986956217527 ], [ -94.509542553214629, 38.945666460257151 ], [ -94.509929293285495, 38.94636272266245 ], [ -94.5102688475273, 38.947073835506686 ], [ -94.51056028404372, 38.947797850114178 ], [ -94.510802802717691, 38.94853278239664 ], [ -94.510995737418838, 38.949276618287335 ], [ -94.511138557844674, 38.950027319257714 ], [ -94.511230870990332, 38.950782827901961 ], [ -94.511272422242669, 38.951541073573814 ], [ -94.511263096095519, 38.952299978060438 ], [ -94.511202916484066, 38.95305746127768 ], [ -94.511092046737005, 38.953811446971201 ], [ -94.51093078914667, 38.954559868407884 ], [ -94.510719584157897, 38.95530067404173 ], [ -94.510459009177779, 38.956031833139036 ], [ -94.510149777009502, 38.956751341346916 ], [ -94.509792733913955, 38.957457226190499 ], [ -94.509388857304828, 38.958147552483098 ], [ -94.508939253082858, 38.95882042763489 ], [ -94.508445152616716, 38.959474006845355 ], [ -94.507907909378503, 38.960106498165189 ], [ -94.507328995242986, 38.96071616741375 ], [ -94.506709996460685, 38.961301342938498 ], [ -94.506052609315745, 38.961860420203408 ], [ -94.505358635480292, 38.962391866193578 ], [ -94.504629977078295, 38.962894223623962 ], [ -94.503868631471988, 38.963366114940484 ], [ -94.503076685785501, 38.963806246102855 ], [ -94.502256311180702, 38.964213410138086 ], [ -94.501409756900685, 38.96458649045546 ], [ -94.500539344097675, 38.964924463913341 ], [ -94.499647459462025, 38.965226403629664 ], [ -94.498736548670067, 38.965491481528119 ], [ -94.497809109668864, 38.965718970613182 ], [ -94.496867685816241, 38.965908246967508 ], [ -94.495914858895276, 38.966058791466239 ], [ -94.494953242022405, 38.966170191203616 ], [ -94.493985472468736, 38.966242140627621 ], [ -94.493014204414507, 38.966274442379905 ], [ -94.492042101656793, 38.96626700783834 ], [ -94.491071830290366, 38.966219857360855 ], [ -94.49010605138227, 38.966133120229863 ], [ -94.489147413660305, 38.966007034297412 ], [ -94.488198546235495, 38.965841945331967 ], [ -94.487262051378877, 38.965638306068854 ], [ -94.486340497372481, 38.965396674966605 ], [ -94.485436411454359, 38.965117714673134 ], [ -94.48455227287711, 38.964802190205447 ], [ -94.483690506099052, 38.964450966848425 ], [ -94.482853474126927, 38.96406500777811 ], [ -94.482043472028565, 38.963645371416234 ], [ -94.481262720633211, 38.963193208523343 ], [ -94.480513360437072, 38.96270975903839 ], [ -94.479797445730725, 38.96219634867365 ], [ -94.479116938964779, 38.961654385274358 ], [ -94.478473705368884, 38.961085354953049 ], [ -94.47786950783923, 38.96049081800934 ], [ -94.477306002108364, 38.959872404646418 ], [ -94.476784732210646, 38.959231810495886 ], [ -94.476307126255506, 38.958570791963673 ], [ -94.475874492520362, 38.957891161409364 ], [ -94.475488015873594, 38.957194782172635 ], [ -94.475148754537287, 38.956483563460246 ], [ -94.474857637198653, 38.95575945510781 ], [ -94.474615460477779, 38.955024442230673 ], [ -94.474422886758504, 38.954280539778608 ], [ -94.474280442388334, 38.953529787009423 ], [ -94.474188516251985, 38.952774241896435 ], [ -94.47414735872249, 38.952015975485466 ] ] ] } },
{ "type": "Feature", "properties": { }, "geometry": { "type": "Polygon", "coordinates": [ [ [ -94.520447469425818, 39.105874143083589 ], [ -94.52045666374849, 39.105115258754225 ], [ -94.520516820397191, 39.104357789271248 ], [ -94.520627772855121, 39.103603810760255 ], [ -94.520789215403539, 39.102855389712772 ], [ -94.521000703977322, 39.102114577323306 ], [ -94.521261657399194, 39.101383403869072 ], [ -94.521571358989178, 39.100663873147838 ], [ -94.521928958544564, 39.09995795698886 ], [ -94.522333474684785, 39.099267589852118 ], [ -94.522783797554752, 39.098594663530633 ], [ -94.523278691878943, 39.097941021970094 ], [ -94.523816800357864, 39.097308456220283 ], [ -94.524396647397367, 39.0966986995317 ], [ -94.525016643160512, 39.096113422611197 ], [ -94.52567508793085, 39.09555422904905 ], [ -94.526370176775075, 39.095022650930495 ], [ -94.527100004492155, 39.094520144643106 ], [ -94.527862570835509, 39.094048086891902 ], [ -94.528655785993763, 39.093607770932785 ], [ -94.529477476315108, 39.093200403034636 ], [ -94.530325390259705, 39.092827099179608 ], [ -94.531197204563895, 39.092488882010699 ], [ -94.53209053059912, 39.092186678034935 ], [ -94.533002920908544, 39.091921315089444 ], [ -94.53393187590359, 39.091693520077875 ], [ -94.534874850701669, 39.09150391698266 ], [ -94.535829262087347, 39.091353025159009 ], [ -94.536792495577075, 39.091241257915016 ], [ -94.537761912569096, 39.091168921381922 ], [ -94.538734857558666, 39.09113621367726 ], [ -94.539708665399019, 39.091143224363549 ], [ -94.540680668588621, 39.091189934203776 ], [ -94.541648204564623, 39.091276215214315 ], [ -94.542608622982968, 39.091401831015276 ], [ -94.543559292965199, 39.091566437477148 ], [ -94.54449761029241, 39.091769583662185 ], [ -94.545421004526872, 39.092010713057761 ], [ -94.546326946041717, 39.092289165098478 ], [ -94.547212952939987, 39.092604176972891 ], [ -94.548076597843874, 39.092954885709879 ], [ -94.548915514535878, 39.093340330539036 ], [ -94.54972740443381, 39.093759455518523 ], [ -94.550510042881925, 39.094211112423608 ], [ -94.551261285241125, 39.094694063887594 ], [ -94.551979072761611, 39.095206986786849 ], [ -94.552661438221833, 39.095748475860717 ], [ -94.553306511318539, 39.096317047556411 ], [ -94.553912523792945, 39.096911144088352 ], [ -94.554477814279153, 39.097529137701152 ], [ -94.555000832861339, 39.098169335124282 ], [ -94.555480145327493, 39.098829982206574 ], [ -94.555914437107518, 39.099509268717902 ], [ -94.556302516885268, 39.100205333304636 ], [ -94.55664331987424, 39.100916268585891 ], [ -94.556935910748024, 39.101640126376154 ], [ -94.557179486217152, 39.102374923020271 ], [ -94.55737337724527, 39.103118644826381 ], [ -94.557517050898412, 39.103869253581458 ], [ -94.557610111822086, 39.104624692135012 ], [ -94.557652303341939, 39.105382890035159 ], [ -94.557643508184725, 39.106141769201905 ], [ -94.557583748817748, 39.106899249622067 ], [ -94.557473187405108, 39.107653255050188 ], [ -94.557312125381173, 39.108401718699831 ], [ -94.557101002641971, 39.109142588909748 ], [ -94.556840396356591, 39.109873834769203 ], [ -94.556531019401717, 39.11059345168718 ], [ -94.55617371842331, 39.111299466890024 ], [ -94.555769471530652, 39.11198994483258 ], [ -94.555319385628906, 39.112662992507843 ], [ -94.554824693397322, 39.113316764640537 ], [ -94.554286749921189, 39.113949468750327 ], [ -94.553707028986906, 39.114559370070779 ], [ -94.553087119049735, 39.115144796310453 ], [ -94.552428718885821, 39.115704142243054 ], [ -94.551733632939744, 39.116235874113997 ], [ -94.551003766380759, 39.116738533851162 ], [ -94.550241119881036, 39.117210743068256 ], [ -94.549447784130152, 39.117651206849921 ], [ -94.548625934101153, 39.118058717307697 ], [ -94.547777823083635, 39.118432156897526 ], [ -94.546905776500481, 39.118770501489244 ], [ -94.546012185525115, 39.119072823179771 ], [ -94.545099500517111, 39.119338292842265 ], [ -94.544170224293865, 39.119566182403851 ], [ -94.543226905257328, 39.119755866846241 ], [ -94.542272130394579, 39.119906825922897 ], [ -94.541308518171434, 39.120018645588914 ], [ -94.540338711339146, 39.120091019138741 ], [ -94.539365369673646, 39.120123748049231 ], [ -94.53839116266775, 39.120116742525546 ], [ -94.537418762196353, 39.120070021748148 ], [ -94.536450835174975, 39.119983713820474 ], [ -94.53549003623209, 39.119858055417353 ], [ -94.534539000415265, 39.119693391135002 ], [ -94.533600335951505, 39.119490172544715 ], [ -94.532676617081918, 39.119248956952383 ], [ -94.531770376990082, 39.118970405867792 ], [ -94.530884100844247, 39.118655283187536 ], [ -94.530020218972155, 39.118304453096719 ], [ -94.529181100187586, 39.117918877695409 ], [ -94.528369045286908, 39.117499614355928 ], [ -94.527586280733644, 39.117047812818967 ], [ -94.526834952548541, 39.11656471203581 ], [ -94.526117120421716, 39.11605163676608 ], [ -94.525434752063418, 39.115509993939817 ], [ -94.524789717808673, 39.114941268794375 ], [ -94.524183785490706, 39.114347020796529 ], [ -94.523618615597215, 39.113728879361204 ], [ -94.523095756722739, 39.11308853937846 ], [ -94.522616641329506, 39.112427756561388 ], [ -94.522182581828488, 39.111748342627287 ], [ -94.521794766990894, 39.111052160325805 ], [ -94.521454258700473, 39.110341118327568 ], [ -94.521161989054889, 39.109617165987302 ], [ -94.520918757824148, 39.108882287996032 ], [ -94.520725230273072, 39.108138498936924 ], [ -94.520581935353292, 39.107387837759831 ], [ -94.520489264269798, 39.106632362189551 ], [ -94.520447469425818, 39.105874143083589 ] ] ] } },
{ "type": "Feature", "properties": { }, "geometry": { "type": "Polygon", "coordinates": [ [ [ -94.520005525444546, 39.113254111086668 ], [ -94.520014722886245, 39.112495227608782 ], [ -94.520074887973152, 39.111737759063665 ], [ -94.520185854164751, 39.110983781574348 ], [ -94.520347315704029, 39.110235361629471 ], [ -94.520558828473298, 39.109494550420486 ], [ -94.520819811228421, 39.108763378221269 ], [ -94.521129547208517, 39.108043848826043 ], [ -94.521487186116119, 39.107337934060325 ], [ -94.521891746462401, 39.106647568380168 ], [ -94.5223421182707, 39.105974643574449 ], [ -94.522837066131061, 39.105321003584528 ], [ -94.523375232596976, 39.104688439455778 ], [ -94.52395514191511, 39.104078684434072 ], [ -94.524575204077692, 39.103493409221507 ], [ -94.525233719186176, 39.102934217403565 ], [ -94.525928882114428, 39.102402641060493 ], [ -94.526658787458388, 39.101900136574827 ], [ -94.527421434758807, 39.101428080646528 ], [ -94.528214733982551, 39.100987766526309 ], [ -94.529036511247625, 39.100580400477867 ], [ -94.529884514776171, 39.100207098478123 ], [ -94.530756421059266, 39.099868883164888 ], [ -94.531649841216648, 39.099566681039946 ], [ -94.532562327533938, 39.099301319935279 ], [ -94.533491380159845, 39.099073526749365 ], [ -94.534434453944726, 39.098883925459546 ], [ -94.535388965402319, 39.098733035416032 ], [ -94.536352299775373, 39.098621269921992 ], [ -94.5373218181862, 39.098548935103828 ], [ -94.538294864852659, 39.098516229074335 ], [ -94.539268774349893, 39.098523241391476 ], [ -94.540240878898345, 39.098569952813776 ], [ -94.541208515657942, 39.098656235353303 ], [ -94.54216903400895, 39.098781852626011 ], [ -94.543119802799566, 39.098946460498468 ], [ -94.544058217540609, 39.099149608029116 ], [ -94.544981707527853, 39.09939073870175 ], [ -94.545887742872452, 39.099669191947562 ], [ -94.546773841420674, 39.099984204951987 ], [ -94.547637575543902, 39.100334914740884 ], [ -94.548476578780409, 39.100720360541111 ], [ -94.549288552311054, 39.101139486408357 ], [ -94.550071271251113, 39.101591144115602 ], [ -94.550822590740992, 39.102074096294082 ], [ -94.551540451819591, 39.102587019818422 ], [ -94.552222887063792, 39.103128509426405 ], [ -94.552868025979009, 39.103697081563922 ], [ -94.553474100125982, 39.104291178444399 ], [ -94.554039447969572, 39.104909172311572 ], [ -94.554562519436601, 39.105549369894433 ], [ -94.55504188016981, 39.106210017041512 ], [ -94.555476215466456, 39.1068893035226 ], [ -94.555864333890739, 39.107585367984306 ], [ -94.556205170549859, 39.108296303046217 ], [ -94.556497790024579, 39.109020160523457 ], [ -94.556741388946563, 39.109754956761883 ], [ -94.556935298214654, 39.110498678070769 ], [ -94.55707898484431, 39.111249286238504 ], [ -94.557172053444916, 39.112004724116275 ], [ -94.557214247320445, 39.112762921254024 ], [ -94.557205449190619, 39.11352179957386 ], [ -94.557145681530272, 39.11427927906491 ], [ -94.55703510652566, 39.115033283484223 ], [ -94.556874025647815, 39.115781746048093 ], [ -94.556662878843866, 39.116522615098162 ], [ -94.556402243348359, 39.117253859726787 ], [ -94.556092832117486, 39.117973475346218 ], [ -94.555735491890729, 39.118679489186256 ], [ -94.555331200884496, 39.119369965705367 ], [ -94.554881066124508, 39.120043011900307 ], [ -94.554386320423561, 39.120696782499692 ], [ -94.553848319013269, 39.121329485027246 ], [ -94.553268535838555, 39.121939384720733 ], [ -94.552648559525181, 39.122524809292983 ], [ -94.551990089031079, 39.123084153522129 ], [ -94.551294928993599, 39.123615883658061 ], [ -94.550564984785083, 39.124118541633251 ], [ -94.549802257290636, 39.124590749066101 ], [ -94.549008837421994, 39.12503121104595 ], [ -94.548186900382959, 39.12543871968915 ], [ -94.547338699701911, 39.125812157456458 ], [ -94.546466561047808, 39.126150500222558 ], [ -94.54557287584683, 39.126452820089291 ], [ -94.544660094717216, 39.126718287934658 ], [ -94.543730720740299, 39.126946175690705 ], [ -94.54278730258649, 39.127135858343976 ], [ -94.541832427515047, 39.127286815652802 ], [ -94.540868714267049, 39.127398633577045 ], [ -94.539898805871218, 39.127471005415906 ], [ -94.538925362382443, 39.127503732650915 ], [ -94.537951053573252, 39.127496725491824 ], [ -94.536978551598153, 39.127450003123599 ], [ -94.536010523651527, 39.127363693654083 ], [ -94.535049624639001, 39.127238033762346 ], [ -94.534098489883007, 39.127073368048791 ], [ -94.533159727882307, 39.126870148088713 ], [ -94.532235913145811, 39.126628931191853 ], [ -94.531329579120367, 39.126350378871692 ], [ -94.530443211232111, 39.126035255028313 ], [ -94.529579240060599, 39.125684423850181 ], [ -94.528740034664722, 39.12529884744044 ], [ -94.527927896078509, 39.124879583174383 ], [ -94.527145050995074, 39.124427780795372 ], [ -94.526393645656057, 39.123944679257157 ], [ -94.525675739963148, 39.123431603321627 ], [ -94.524993301828275, 39.122889959920784 ], [ -94.52434820177767, 39.122321234293729 ], [ -94.52374220782481, 39.121726985908744 ], [ -94.523176980626161, 39.121108844181926 ], [ -94.522654068933136, 39.120468504004343 ], [ -94.522174905352486, 39.119807721089721 ], [ -94.521740802426862, 39.119128307155783 ], [ -94.521352949046189, 39.118432124952292 ], [ -94.521012407199379, 39.117721083149725 ], [ -94.52072010907564, 39.116997131102359 ], [ -94.520476854522542, 39.116262253500494 ], [ -94.520283308868258, 39.115518464926318 ], [ -94.520140001113475, 39.11476780432838 ], [ -94.520047322497817, 39.114012329429954 ], [ -94.520005525444546, 39.113254111086668 ] ] ] } },
{ "type": "Feature", "properties": { }, "geometry": { "type": "Polygon", "coordinates": [ [ [ -94.544007480780181, 39.106617906196149 ], [ -94.544016422140785, 39.105859025170361 ], [ -94.544076326503912, 39.105101548668067 ], [ -94.544187028044007, 39.10434755283498 ], [ -94.544348221729692, 39.103599104210865 ], [ -94.544559464177425, 39.102858254066618 ], [ -94.54482017488391, 39.102127032783677 ], [ -94.545129637833625, 39.101407444291624 ], [ -94.545487003477007, 39.100701460578698 ], [ -94.545891291073573, 39.100011016290658 ], [ -94.546341391393497, 39.099338003432521 ], [ -94.546836069770023, 39.098684266187647 ], [ -94.547373969494217, 39.098051595868441 ], [ -94.54795361554271, 39.097441726012391 ], [ -94.548573418628038, 39.096856327636715 ], [ -94.549231679560393, 39.096297004664763 ], [ -94.549926593908836, 39.09576528953653 ], [ -94.550656256949154, 39.095262639015104 ], [ -94.551418668884651, 39.094790430200739 ], [ -94.552211740325703, 39.094349956763182 ], [ -94.55303329801302, 39.093942425402673 ], [ -94.553881090769011, 39.093568952549042 ], [ -94.554752795660875, 39.093230561308083 ], [ -94.555646024358779, 39.092928178663414 ], [ -94.55655832967166, 39.092662632941327 ], [ -94.55748721224289, 39.092434651545794 ], [ -94.558430127387652, 39.092244858969444 ], [ -94.55938449205324, 39.092093775086127 ], [ -94.560347691883663, 39.091981813729561 ], [ -94.561317088369023, 39.091909281562259 ], [ -94.562290026060509, 39.091876377237135 ], [ -94.563263839831308, 39.091883190854837 ], [ -94.56423586216367, 39.091929703717646 ], [ -94.565203430442509, 39.092015788381033 ], [ -94.566163894235586, 39.09214120900247 ], [ -94.567114622540601, 39.092305621986647 ], [ -94.568053010979469, 39.092508576925361 ], [ -94.568976488920356, 39.092749517829475 ], [ -94.569882526507882, 39.093027784649585 ], [ -94.570768641582816, 39.093342615081326 ], [ -94.571632406471991, 39.093693146650367 ], [ -94.572471454630289, 39.094078419071387 ], [ -94.573283487116498, 39.094497376874784 ], [ -94.574066278885439, 39.094948872293671 ], [ -94.57481768487925, 39.095431668403776 ], [ -94.575535645901041, 39.095944442507097 ], [ -94.576218194255247, 39.096485789750808 ], [ -94.576863459138778, 39.097054226970819 ], [ -94.577469671768668, 39.09764819675032 ], [ -94.578035170231828, 39.098266071681486 ], [ -94.578558404043861, 39.098906158819382 ], [ -94.579037938404085, 39.099566704315492 ], [ -94.579472458135513, 39.100245898218546 ], [ -94.579860771298371, 39.100941879429271 ], [ -94.580201812467521, 39.101652740795878 ], [ -94.580494645664658, 39.102376534336059 ], [ -94.580738466936964, 39.103111276571489 ], [ -94.580932606575047, 39.103854953960138 ], [ -94.581076530964069, 39.104605528411504 ], [ -94.581169844062714, 39.105360942869915 ], [ -94.581212288505611, 39.10611912695034 ], [ -94.581203746326452, 39.106878002611502 ], [ -94.581144239299007, 39.107635489850651 ], [ -94.58103392889555, 39.108389512404443 ], [ -94.58087311586209, 39.109138003440357 ], [ -94.580662239411609, 39.109878911222822 ], [ -94.580401876037527, 39.110610204738904 ], [ -94.580092737949897, 39.111329879267608 ], [ -94.579735671139019, 39.112035961878085 ], [ -94.579331653071335, 39.112726516841001 ], [ -94.578881790023601, 39.113399650938796 ], [ -94.578387314063008, 39.114053518659773 ], [ -94.577849579680759, 39.114686327261985 ], [ -94.577270060088722, 39.115296341692918 ], [ -94.576650343188859, 39.115881889351328 ], [ -94.575992127226741, 39.116441364678309 ], [ -94.575297216140555, 39.116973233564622 ], [ -94.574567514618806, 39.117476037562611 ], [ -94.573805022879796, 39.117948397890466 ], [ -94.573011831187472, 39.118389019218426 ], [ -94.572190114118641, 39.118796693225953 ], [ -94.571342124597095, 39.119170301920327 ], [ -94.57047018771145, 39.119508820707452 ], [ -94.569576694333307, 39.119811321206313 ], [ -94.568664094553625, 39.12007697379935 ], [ -94.567734890955265, 39.1203050499117 ], [ -94.566791631740301, 39.120494924013002 ], [ -94.56583690373111, 39.120646075336232 ], [ -94.564873325264585, 39.120758089308723 ], [ -94.563903538999028, 39.120830658691538 ], [ -94.562930204653767, 39.120863584423986 ], [ -94.561955991701453, 39.120856776170918 ], [ -94.560983572033336, 39.120810252571253 ], [ -94.560015612617804, 39.120724141187139 ], [ -94.559054768172444, 39.120598678153904 ], [ -94.558103673870107, 39.120434207531503 ], [ -94.557164938098794, 39.120231180359617 ], [ -94.556241135295821, 39.119990153418826 ], [ -94.555334798875776, 39.119711787701156 ], [ -94.554448414271988, 39.119396846594491 ], [ -94.553584412110624, 39.119046193785785 ], [ -94.552745161536436, 39.118660790888654 ], [ -94.551932963708325, 39.118241694802236 ], [ -94.551150045482984, 39.117790054808452 ], [ -94.550398553303793, 39.117307109415613 ], [ -94.549680547311837, 39.116794182957243 ], [ -94.548997995695458, 39.116252681955437 ], [ -94.548352769293416, 39.115684091258871 ], [ -94.547746636467124, 39.115089969965901 ], [ -94.547181258255279, 39.114471947144345 ], [ -94.546658183824832, 39.113831717359453 ], [ -94.546178846230177, 39.113171036022614 ], [ -94.545744558492558, 39.112491714573416 ], [ -94.545356510009967, 39.111795615508527 ], [ -94.545015763307603, 39.111084647270999 ], [ -94.544723251137555, 39.110360759014 ], [ -94.544479773935436, 39.109625935253625 ], [ -94.544285997640898, 39.108882190425106 ], [ -94.544142451887893, 39.10813156335783 ], [ -94.544049528569388, 39.107376111683905 ], [ -94.544007480780181, 39.106617906196149 ] ] ] } },
{ "type": "Feature", "properties": { }, "geometry": { "type": "Polygon", "coordinates": [ [ [ -94.179346167958059, 39.138789847242123 ], [ -94.179359019038642, 39.13803093493793 ], [ -94.17942285319063, 39.137273586374647 ], [ -94.179537493817236, 39.136519877334493 ], [ -94.17970262509283, 39.135771873558404 ], [ -94.179917792846084, 39.135031625085617 ], [ -94.180182405821952, 39.134301160636426 ], [ -94.180495737318566, 39.13358248205455 ], [ -94.18085692719464, 39.132877558823544 ], [ -94.181264984241494, 39.132188322672462 ], [ -94.181718788913116, 39.131516662285961 ], [ -94.182217096406688, 39.130864418132305 ], [ -94.182758540085032, 39.130233377424567 ], [ -94.183341635231258, 39.129625269227795 ], [ -94.183964783125433, 39.129041759726164 ], [ -94.184626275432038, 39.128484447662537 ], [ -94.185324298886002, 39.127954859963239 ], [ -94.186056940264407, 39.127454447559685 ], [ -94.186822191630455, 39.126984581418363 ], [ -94.187617955834995, 39.126546548790081 ], [ -94.188442052260868, 39.126141549688441 ], [ -94.189292222794094, 39.125770693607215 ], [ -94.190166138005864, 39.125434996485801 ], [ -94.191061403528124, 39.125135377930498 ], [ -94.19197556660589, 39.124872658699644 ], [ -94.192906122807798, 39.124647558459166 ], [ -94.193850522877298, 39.124460693814704 ], [ -94.19480617970531, 39.124312576625719 ], [ -94.195770475405723, 39.124203612605996 ], [ -94.196740768474385, 39.124134100214533 ], [ -94.197714401012234, 39.124104229839787 ], [ -94.198688705992694, 39.124114083279231 ], [ -94.199661014554096, 39.124163633516098 ], [ -94.200628663296811, 39.124252744793466 ], [ -94.201589001565608, 39.124381172985757 ], [ -94.202539398697368, 39.124548566266526 ], [ -94.203477251214551, 39.124754466070769 ], [ -94.204399989944719, 39.124998308349092 ], [ -94.205305087046995, 39.125279425110328 ], [ -94.206190062926254, 39.125597046248622 ], [ -94.207052493016178, 39.125950301649482 ], [ -94.207890014412925, 39.126338223569775 ], [ -94.208700332341195, 39.12675974928473 ], [ -94.209481226435102, 39.12721372399475 ], [ -94.210230556816882, 39.127698903984466 ], [ -94.210946269956636, 39.128213960025136 ], [ -94.211626404297263, 39.128757481011114 ], [ -94.212269095629154, 39.129327977820871 ], [ -94.212872582199964, 39.129923887391591 ], [ -94.213435209545381, 39.130543576996509 ], [ -94.2139554350277, 39.131185348713338 ], [ -94.214431832069764, 39.131847444071568 ], [ -94.214863094072413, 39.132528048865886 ], [ -94.215248038004901, 39.133225298122795 ], [ -94.21558560765807, 39.133937281206677 ], [ -94.215874876551482, 39.134662047051499 ], [ -94.216115050486195, 39.135397609503826 ], [ -94.216305469736213, 39.13614195276265 ], [ -94.21644561087237, 39.136893036900801 ], [ -94.216535088213476, 39.137648803453573 ], [ -94.216573654900529, 39.138407181058355 ], [ -94.216561203590956, 39.139166091130718 ], [ -94.216497766770829, 39.139923453560733 ], [ -94.216383516683635, 39.140677192414294 ], [ -94.216218764876203, 39.141425241623757 ], [ -94.216003961362318, 39.142165550652159 ], [ -94.215739693406348, 39.142896090115713 ], [ -94.215426683930062, 39.143614857348844 ], [ -94.2150657895466, 39.14431988189672 ], [ -94.214657998227196, 39.145009230920195 ], [ -94.214204426606486, 39.145681014498045 ], [ -94.213706316933894, 39.146333390812238 ], [ -94.213165033679275, 39.146964571201728 ], [ -94.212582059801875, 39.147572825071087 ], [ -94.211958992692971, 39.148156484640118 ], [ -94.21129753980297, 39.148713949521778 ], [ -94.210599513965121, 39.149243691115466 ], [ -94.209866828428417, 39.149744256803679 ], [ -94.209101491613495, 39.150214273940442 ], [ -94.208305601605659, 39.150652453620665 ], [ -94.207481340400449, 39.151057594219608 ], [ -94.20663096791715, 39.151428584693207 ], [ -94.20575681579723, 39.151764407629642 ], [ -94.204861281004312, 39.152064142044161 ], [ -94.203946819243583, 39.15232696590904 ], [ -94.20301593821884, 39.152552158411964 ], [ -94.202071190745457, 39.152739101936447 ], [ -94.201115167738749, 39.152887283758794 ], [ -94.200150491096764, 39.152996297457108 ], [ -94.199179806497312, 39.153065844028063 ], [ -94.198205776129171, 39.153095732708756 ], [ -94.19723107137763, 39.153085881501134 ], [ -94.196258365484297, 39.153036317397522 ], [ -94.195290326202098, 39.152947176306775 ], [ -94.194329608465083, 39.152818702681088 ], [ -94.193378847093896, 39.152651248844698 ], [ -94.192440649556787, 39.152445274026057 ], [ -94.191517588806263, 39.152201343096465 ], [ -94.190612196211362, 39.151920125018329 ], [ -94.18972695460468, 39.151602391007593 ], [ -94.188864291463872, 39.151249012415377 ], [ -94.188026572246173, 39.15086095833454 ], [ -94.187216093894222, 39.150439292937818 ], [ -94.186435078531559, 39.149985172555212 ], [ -94.185685667364567, 39.149499842498066 ], [ -94.184969914808292, 39.148984633639358 ], [ -94.184289782851636, 39.148440958758989 ], [ -94.183647135678115, 39.147870308664594 ], [ -94.18304373455625, 39.147274248098419 ], [ -94.182481233014173, 39.146654411441588 ], [ -94.181961172311247, 39.146012498227478 ], [ -94.181484977219284, 39.145350268476896 ], [ -94.181053952124827, 39.144669537867571 ], [ -94.180669277463011, 39.143972172751475 ], [ -94.180332006492776, 39.143260085033589 ], [ -94.180043062422186, 39.142535226926341 ], [ -94.179803235891313, 39.141799585594001 ], [ -94.179613182819935, 39.14105517770183 ], [ -94.179473422625279, 39.140304043885102 ], [ -94.179384336814891, 39.139548243152845 ], [ -94.179346167958059, 39.138789847242123 ] ] ] } },
{ "type": "Feature", "properties": { }, "geometry": { "type": "Polygon", "coordinates": [ [ [ -94.179346167958059, 39.138789847242123 ], [ -94.179359019038642, 39.13803093493793 ], [ -94.17942285319063, 39.137273586374647 ], [ -94.179537493817236, 39.136519877334493 ], [ -94.17970262509283, 39.135771873558404 ], [ -94.179917792846084, 39.135031625085617 ], [ -94.180182405821952, 39.134301160636426 ], [ -94.180495737318566, 39.13358248205455 ], [ -94.18085692719464, 39.132877558823544 ], [ -94.181264984241494, 39.132188322672462 ], [ -94.181718788913116, 39.131516662285961 ], [ -94.182217096406688, 39.130864418132305 ], [ -94.182758540085032, 39.130233377424567 ], [ -94.183341635231258, 39.129625269227795 ], [ -94.183964783125433, 39.129041759726164 ], [ -94.184626275432038, 39.128484447662537 ], [ -94.185324298886002, 39.127954859963239 ], [ -94.186056940264407, 39.127454447559685 ], [ -94.186822191630455, 39.126984581418363 ], [ -94.187617955834995, 39.126546548790081 ], [ -94.188442052260868, 39.126141549688441 ], [ -94.189292222794094, 39.125770693607215 ], [ -94.190166138005864, 39.125434996485801 ], [ -94.191061403528124, 39.125135377930498 ], [ -94.19197556660589, 39.124872658699644 ], [ -94.192906122807798, 39.124647558459166 ], [ -94.193850522877298, 39.124460693814704 ], [ -94.19480617970531, 39.124312576625719 ], [ -94.195770475405723, 39.124203612605996 ], [ -94.196740768474385, 39.124134100214533 ], [ -94.197714401012234, 39.124104229839787 ], [ -94.198688705992694, 39.124114083279231 ], [ -94.199661014554096, 39.124163633516098 ], [ -94.200628663296811, 39.124252744793466 ], [ -94.201589001565608, 39.124381172985757 ], [ -94.202539398697368, 39.124548566266526 ], [ -94.203477251214551, 39.124754466070769 ], [ -94.204399989944719, 39.124998308349092 ], [ -94.205305087046995, 39.125279425110328 ], [ -94.206190062926254, 39.125597046248622 ], [ -94.207052493016178, 39.125950301649482 ], [ -94.207890014412925, 39.126338223569775 ], [ -94.208700332341195, 39.12675974928473 ], [ -94.209481226435102, 39.12721372399475 ], [ -94.210230556816882, 39.127698903984466 ], [ -94.210946269956636, 39.128213960025136 ], [ -94.211626404297263, 39.128757481011114 ], [ -94.212269095629154, 39.129327977820871 ], [ -94.212872582199964, 39.129923887391591 ], [ -94.213435209545381, 39.130543576996509 ], [ -94.2139554350277, 39.131185348713338 ], [ -94.214431832069764, 39.131847444071568 ], [ -94.214863094072413, 39.132528048865886 ], [ -94.215248038004901, 39.133225298122795 ], [ -94.21558560765807, 39.133937281206677 ], [ -94.215874876551482, 39.134662047051499 ], [ -94.216115050486195, 39.135397609503826 ], [ -94.216305469736213, 39.13614195276265 ], [ -94.21644561087237, 39.136893036900801 ], [ -94.216535088213476, 39.137648803453573 ], [ -94.216573654900529, 39.138407181058355 ], [ -94.216561203590956, 39.139166091130718 ], [ -94.216497766770829, 39.139923453560733 ], [ -94.216383516683635, 39.140677192414294 ], [ -94.216218764876203, 39.141425241623757 ], [ -94.216003961362318, 39.142165550652159 ], [ -94.215739693406348, 39.142896090115713 ], [ -94.215426683930062, 39.143614857348844 ], [ -94.2150657895466, 39.14431988189672 ], [ -94.214657998227196, 39.145009230920195 ], [ -94.214204426606486, 39.145681014498045 ], [ -94.213706316933894, 39.146333390812238 ], [ -94.213165033679275, 39.146964571201728 ], [ -94.212582059801875, 39.147572825071087 ], [ -94.211958992692971, 39.148156484640118 ], [ -94.21129753980297, 39.148713949521778 ], [ -94.210599513965121, 39.149243691115466 ], [ -94.209866828428417, 39.149744256803679 ], [ -94.209101491613495, 39.150214273940442 ], [ -94.208305601605659, 39.150652453620665 ], [ -94.207481340400449, 39.151057594219608 ], [ -94.20663096791715, 39.151428584693207 ], [ -94.20575681579723, 39.151764407629642 ], [ -94.204861281004312, 39.152064142044161 ], [ -94.203946819243583, 39.15232696590904 ], [ -94.20301593821884, 39.152552158411964 ], [ -94.202071190745457, 39.152739101936447 ], [ -94.201115167738749, 39.152887283758794 ], [ -94.200150491096764, 39.152996297457108 ], [ -94.199179806497312, 39.153065844028063 ], [ -94.198205776129171, 39.153095732708756 ], [ -94.19723107137763, 39.153085881501134 ], [ -94.196258365484297, 39.153036317397522 ], [ -94.195290326202098, 39.152947176306775 ], [ -94.194329608465083, 39.152818702681088 ], [ -94.193378847093896, 39.152651248844698 ], [ -94.192440649556787, 39.152445274026057 ], [ -94.191517588806263, 39.152201343096465 ], [ -94.190612196211362, 39.151920125018329 ], [ -94.18972695460468, 39.151602391007593 ], [ -94.188864291463872, 39.151249012415377 ], [ -94.188026572246173, 39.15086095833454 ], [ -94.187216093894222, 39.150439292937818 ], [ -94.186435078531559, 39.149985172555212 ], [ -94.185685667364567, 39.149499842498066 ], [ -94.184969914808292, 39.148984633639358 ], [ -94.184289782851636, 39.148440958758989 ], [ -94.183647135678115, 39.147870308664594 ], [ -94.18304373455625, 39.147274248098419 ], [ -94.182481233014173, 39.146654411441588 ], [ -94.181961172311247, 39.146012498227478 ], [ -94.181484977219284, 39.145350268476896 ], [ -94.181053952124827, 39.144669537867571 ], [ -94.180669277463011, 39.143972172751475 ], [ -94.180332006492776, 39.143260085033589 ], [ -94.180043062422186, 39.142535226926341 ], [ -94.179803235891313, 39.141799585594001 ], [ -94.179613182819935, 39.14105517770183 ], [ -94.179473422625279, 39.140304043885102 ], [ -94.179384336814891, 39.139548243152845 ], [ -94.179346167958059, 39.138789847242123 ] ] ] } },
{ "type": "Feature", "properties": { }, "geometry": { "type": "Polygon", "coordinates": [ [ [ -94.179346167958059, 39.138789847242123 ], [ -94.179359019038642, 39.13803093493793 ], [ -94.17942285319063, 39.137273586374647 ], [ -94.179537493817236, 39.136519877334493 ], [ -94.17970262509283, 39.135771873558404 ], [ -94.179917792846084, 39.135031625085617 ], [ -94.180182405821952, 39.134301160636426 ], [ -94.180495737318566, 39.13358248205455 ], [ -94.18085692719464, 39.132877558823544 ], [ -94.181264984241494, 39.132188322672462 ], [ -94.181718788913116, 39.131516662285961 ], [ -94.182217096406688, 39.130864418132305 ], [ -94.182758540085032, 39.130233377424567 ], [ -94.183341635231258, 39.129625269227795 ], [ -94.183964783125433, 39.129041759726164 ], [ -94.184626275432038, 39.128484447662537 ], [ -94.185324298886002, 39.127954859963239 ], [ -94.186056940264407, 39.127454447559685 ], [ -94.186822191630455, 39.126984581418363 ], [ -94.187617955834995, 39.126546548790081 ], [ -94.188442052260868, 39.126141549688441 ], [ -94.189292222794094, 39.125770693607215 ], [ -94.190166138005864, 39.125434996485801 ], [ -94.191061403528124, 39.125135377930498 ], [ -94.19197556660589, 39.124872658699644 ], [ -94.192906122807798, 39.124647558459166 ], [ -94.193850522877298, 39.124460693814704 ], [ -94.19480617970531, 39.124312576625719 ], [ -94.195770475405723, 39.124203612605996 ], [ -94.196740768474385, 39.124134100214533 ], [ -94.197714401012234, 39.124104229839787 ], [ -94.198688705992694, 39.124114083279231 ], [ -94.199661014554096, 39.124163633516098 ], [ -94.200628663296811, 39.124252744793466 ], [ -94.201589001565608, 39.124381172985757 ], [ -94.202539398697368, 39.124548566266526 ], [ -94.203477251214551, 39.124754466070769 ], [ -94.204399989944719, 39.124998308349092 ], [ -94.205305087046995, 39.125279425110328 ], [ -94.206190062926254, 39.125597046248622 ], [ -94.207052493016178, 39.125950301649482 ], [ -94.207890014412925, 39.126338223569775 ], [ -94.208700332341195, 39.12675974928473 ], [ -94.209481226435102, 39.12721372399475 ], [ -94.210230556816882, 39.127698903984466 ], [ -94.210946269956636, 39.128213960025136 ], [ -94.211626404297263, 39.128757481011114 ], [ -94.212269095629154, 39.129327977820871 ], [ -94.212872582199964, 39.129923887391591 ], [ -94.213435209545381, 39.130543576996509 ], [ -94.2139554350277, 39.131185348713338 ], [ -94.214431832069764, 39.131847444071568 ], [ -94.214863094072413, 39.132528048865886 ], [ -94.215248038004901, 39.133225298122795 ], [ -94.21558560765807, 39.133937281206677 ], [ -94.215874876551482, 39.134662047051499 ], [ -94.216115050486195, 39.135397609503826 ], [ -94.216305469736213, 39.13614195276265 ], [ -94.21644561087237, 39.136893036900801 ], [ -94.216535088213476, 39.137648803453573 ], [ -94.216573654900529, 39.138407181058355 ], [ -94.216561203590956, 39.139166091130718 ], [ -94.216497766770829, 39.139923453560733 ], [ -94.216383516683635, 39.140677192414294 ], [ -94.216218764876203, 39.141425241623757 ], [ -94.216003961362318, 39.142165550652159 ], [ -94.215739693406348, 39.142896090115713 ], [ -94.215426683930062, 39.143614857348844 ], [ -94.2150657895466, 39.14431988189672 ], [ -94.214657998227196, 39.145009230920195 ], [ -94.214204426606486, 39.145681014498045 ], [ -94.213706316933894, 39.146333390812238 ], [ -94.213165033679275, 39.146964571201728 ], [ -94.212582059801875, 39.147572825071087 ], [ -94.211958992692971, 39.148156484640118 ], [ -94.21129753980297, 39.148713949521778 ], [ -94.210599513965121, 39.149243691115466 ], [ -94.209866828428417, 39.149744256803679 ], [ -94.209101491613495, 39.150214273940442 ], [ -94.208305601605659, 39.150652453620665 ], [ -94.207481340400449, 39.151057594219608 ], [ -94.20663096791715, 39.151428584693207 ], [ -94.20575681579723, 39.151764407629642 ], [ -94.204861281004312, 39.152064142044161 ], [ -94.203946819243583, 39.15232696590904 ], [ -94.20301593821884, 39.152552158411964 ], [ -94.202071190745457, 39.152739101936447 ], [ -94.201115167738749, 39.152887283758794 ], [ -94.200150491096764, 39.152996297457108 ], [ -94.199179806497312, 39.153065844028063 ], [ -94.198205776129171, 39.153095732708756 ], [ -94.19723107137763, 39.153085881501134 ], [ -94.196258365484297, 39.153036317397522 ], [ -94.195290326202098, 39.152947176306775 ], [ -94.194329608465083, 39.152818702681088 ], [ -94.193378847093896, 39.152651248844698 ], [ -94.192440649556787, 39.152445274026057 ], [ -94.191517588806263, 39.152201343096465 ], [ -94.190612196211362, 39.151920125018329 ], [ -94.18972695460468, 39.151602391007593 ], [ -94.188864291463872, 39.151249012415377 ], [ -94.188026572246173, 39.15086095833454 ], [ -94.187216093894222, 39.150439292937818 ], [ -94.186435078531559, 39.149985172555212 ], [ -94.185685667364567, 39.149499842498066 ], [ -94.184969914808292, 39.148984633639358 ], [ -94.184289782851636, 39.148440958758989 ], [ -94.183647135678115, 39.147870308664594 ], [ -94.18304373455625, 39.147274248098419 ], [ -94.182481233014173, 39.146654411441588 ], [ -94.181961172311247, 39.146012498227478 ], [ -94.181484977219284, 39.145350268476896 ], [ -94.181053952124827, 39.144669537867571 ], [ -94.180669277463011, 39.143972172751475 ], [ -94.180332006492776, 39.143260085033589 ], [ -94.180043062422186, 39.142535226926341 ], [ -94.179803235891313, 39.141799585594001 ], [ -94.179613182819935, 39.14105517770183 ], [ -94.179473422625279, 39.140304043885102 ], [ -94.179384336814891, 39.139548243152845 ], [ -94.179346167958059, 39.138789847242123 ] ] ] } },
{ "type": "Feature", "properties": { }, "geometry": { "type": "Polygon", "coordinates": [ [ [ -94.417701051044745, 39.05083748043279 ], [ -94.417711357743542, 39.050078576784877 ], [ -94.4177725864335, 39.049321133697305 ], [ -94.417884567664586, 39.048567227219976 ], [ -94.418046992904053, 39.047818923643632 ], [ -94.418259415399561, 39.047078273837833 ], [ -94.418521251420842, 39.046347307631393 ], [ -94.418831781875909, 39.045628028251564 ], [ -94.419190154297638, 39.044922406836513 ], [ -94.419595385194796, 39.044232377036558 ], [ -94.420046362761042, 39.043559829718639 ], [ -94.420541849934281, 39.042906607788531 ], [ -94.421080487797923, 39.042274501145158 ], [ -94.421660799314594, 39.041665241780365 ], [ -94.422281193381792, 39.041080499037953 ], [ -94.422939969198652, 39.040521875044575 ], [ -94.423635320931382, 39.039990900325186 ], [ -94.424365342664913, 39.039489029614771 ], [ -94.425128033626834, 39.03901763787794 ], [ -94.425921303669597, 39.038578016547078 ], [ -94.426742978995733, 39.03817136998947 ], [ -94.427590808110637, 39.037798812212721 ], [ -94.428462467986449, 39.037461363817812 ], [ -94.429355570420512, 39.037159949207748 ], [ -94.430267668570707, 39.036895394059421 ], [ -94.431196263650136, 39.036668423065883 ], [ -94.432138811762982, 39.036479657954622 ], [ -94.433092730862583, 39.03632961578775 ], [ -94.434055407813275, 39.036218707548343 ], [ -94.435024205536436, 39.036147237016941 ], [ -94.43599647022161, 39.036115399941202 ], [ -94.436969538582915, 39.036123283501048 ], [ -94.437940745141191, 39.036170866070549 ], [ -94.438907429511914, 39.036258017277447 ], [ -94.439866943679434, 39.036384498359922 ], [ -94.440816659237512, 39.036549962819834 ], [ -94.441753974576514, 39.036753957370486 ], [ -94.442676321997936, 39.036995923176406 ], [ -94.443581174736693, 39.037275197381803 ], [ -94.444466053872375, 39.037591014923578 ], [ -94.445328535110491, 39.037942510623779 ], [ -94.446166255415136, 39.038328721556042 ], [ -94.446976919475489, 39.038748589679429 ], [ -94.447758305987946, 39.039200964732579 ], [ -94.448508273737374, 39.039684607380295 ], [ -94.449224767460237, 39.04019819260396 ], [ -94.44990582347431, 39.040740313326673 ], [ -94.450549575058972, 39.041309484263017 ], [ -94.451154257571559, 39.041904145983352 ], [ -94.451718213286114, 39.04252266918111 ], [ -94.452239895940608, 39.043163359131903 ], [ -94.452717874980536, 39.043824460331969 ], [ -94.453150839487307, 39.044504161303543 ], [ -94.453537601780127, 39.045200599553866 ], [ -94.453877100681808, 39.045911866674523 ], [ -94.454168404439372, 39.046636013566925 ], [ -94.454410713291026, 39.047371055779855 ], [ -94.454603361672824, 39.048114978944604 ], [ -94.454745820058292, 39.048865744292428 ], [ -94.454837696426154, 39.049621294239849 ], [ -94.454878737351891, 39.050379558025853 ], [ -94.454868828719796, 39.051138457386152 ], [ -94.454807996053589, 39.051895912248625 ], [ -94.4546964044644, 39.052649846434406 ], [ -94.454534358215994, 39.053398193349118 ], [ -94.454322299908384, 39.054138901648422 ], [ -94.454060809281756, 39.054869940862595 ], [ -94.453750601643847, 39.055589306964535 ], [ -94.453392525924954, 39.056295027865922 ], [ -94.452987562365536, 39.056985168826436 ], [ -94.452536819842962, 39.057657837761255 ], [ -94.452041532844135, 39.0583111904321 ], [ -94.451503058092456, 39.058943435507679 ], [ -94.450922870838241, 39.059552839479416 ], [ -94.45030256082255, 39.060137731419211 ], [ -94.449643827925357, 39.060696507565744 ], [ -94.448948477510186, 39.061227635727001 ], [ -94.448218415477712, 39.061729659486915 ], [ -94.447455643041835, 39.062201202204015 ], [ -94.44666225124277, 39.062640970791733 ], [ -94.445840415211961, 39.063047759269431 ], [ -94.444992388204739, 39.063420452074574 ], [ -94.444120495417081, 39.063758027126774 ], [ -94.443227127603521, 39.064059558635371 ], [ -94.442314734513715, 39.064324219642707 ], [ -94.441385818165941, 39.064551284295888 ], [ -94.440442925975944, 39.064740129841297 ], [ -94.439488643760157, 39.064890238335543 ], [ -94.438525588632629, 39.065001198068877 ], [ -94.437556401815357, 39.065072704696576 ], [ -94.436583741381796, 39.065104562075469 ], [ -94.435610274953717, 39.065096682803258 ], [ -94.434638672371619, 39.065049088458842 ], [ -94.433671598358941, 39.064961909543499 ], [ -94.43271170520029, 39.064835385122642 ], [ -94.431761625454243, 39.064669862169211 ], [ -94.43082396472056, 39.06446579461079 ], [ -94.429901294481965, 39.064223742082746 ], [ -94.428996145040387, 39.063944368390985 ], [ -94.42811099856695, 39.063628439688642 ], [ -94.427248282285191, 39.063276822371527 ], [ -94.426410361806177, 39.062890480698492 ], [ -94.425599534633903, 39.062470474142891 ], [ -94.424818023859046, 39.062017954482783 ], [ -94.424067972058197, 39.061534162637685 ], [ -94.423351435415739, 39.061020425260878 ], [ -94.422670378084163, 39.060478151096277 ], [ -94.422026666798544, 39.059908827110426 ], [ -94.42142206575997, 39.059314014409843 ], [ -94.420858231801759, 39.058695343955236 ], [ -94.420336709852009, 39.058054512084375 ], [ -94.419858928704429, 39.057393275855944 ], [ -94.419426197109502, 39.056713448227086 ], [ -94.419039700196208, 39.056016893078237 ], [ -94.418700496234138, 39.055305520098607 ], [ -94.418409513744891, 39.054581279546596 ], [ -94.418167548970331, 39.053846156899532 ], [ -94.417975263704676, 39.053102167407431 ], [ -94.417833183495986, 39.052351350565672 ], [ -94.417741696222166, 39.051595764521977 ], [ -94.417701051044745, 39.05083748043279 ] ] ] } },
{ "type": "Feature", "properties": { }, "geometry": { "type": "Polygon", "coordinates": [ [ [ -94.50558550620157, 39.112851807805995 ], [ -94.505594858491733, 39.112092922378018 ], [ -94.50565517804668, 39.111335458200926 ], [ -94.505766297902653, 39.110581491385268 ], [ -94.505927911881741, 39.109833088389948 ], [ -94.506139575448657, 39.109092300359428 ], [ -94.506400706946408, 39.108361157503651 ], [ -94.506710589206875, 39.107641663535944 ], [ -94.507068371532242, 39.106935790184352 ], [ -94.507473072041194, 39.106245471790984 ], [ -94.507923580373642, 39.105572600014838 ], [ -94.508418660746145, 39.104919018651643 ], [ -94.508956955349802, 39.104286518585774 ], [ -94.509536988080967, 39.103676832887373 ], [ -94.510157168594404, 39.103091632068384 ], [ -94.51081579666814, 39.102532519510255 ], [ -94.5115110668673, 39.102001027075957 ], [ -94.512241073494735, 39.101498610918064 ], [ -94.513003815814471, 39.1010266474945 ], [ -94.513797203533827, 39.100586429802547 ], [ -94.514619062529093, 39.100179163841773 ], [ -94.515467140799231, 39.099805965314957 ], [ -94.516339114631251, 39.099467856576602 ], [ -94.517232594960419, 39.09916576383668 ], [ -94.518145133908106, 39.098900514627687 ], [ -94.519074231479351, 39.098672835541798 ], [ -94.520017342401815, 39.098483350244031 ], [ -94.520971883087881, 39.098332577767124 ], [ -94.521935238700536, 39.098220931092477 ], [ -94.522904770304109, 39.098148716021271 ], [ -94.523877822080422, 39.098116130338646 ], [ -94.524851728590718, 39.098123263273123 ], [ -94.525823822063586, 39.098170095253195 ], [ -94.526791439689163, 39.098256497960975 ], [ -94.527751930899939, 39.098382234683548 ], [ -94.528702664618194, 39.098546960960554 ], [ -94.529641036450457, 39.098750225526331 ], [ -94.530564475809626, 39.098991471544331 ], [ -94.531470452945044, 39.099270038130022 ], [ -94.532356485861911, 39.099585162158505 ], [ -94.533220147110796, 39.099935980351731 ], [ -94.534059070428938, 39.100321531639636 ], [ -94.53487095721546, 39.100740759789055 ], [ -94.535653582822505, 39.101192516292798 ], [ -94.536404802645464, 39.101675563511513 ], [ -94.537122557995488, 39.102188578059327 ], [ -94.537804881738353, 39.102730154424634 ], [ -94.538449903684153, 39.103298808815502 ], [ -94.539055855713357, 39.103892983219822 ], [ -94.539621076624655, 39.104511049668758 ], [ -94.540144016691883, 39.105151314692165 ], [ -94.540623241917132, 39.105812023953497 ], [ -94.541057437968334, 39.10649136705208 ], [ -94.541445413790612, 39.107187482478977 ], [ -94.541786104881339, 39.107898462713727 ], [ -94.542078576219765, 39.108622359447303 ], [ -94.542322024843003, 39.109357188917521 ], [ -94.542515782061429, 39.110100937342089 ], [ -94.542659315306977, 39.110851566434647 ], [ -94.542752229609135, 39.111607018988522 ], [ -94.542794268694678, 39.112365224512956 ], [ -94.542785315707519, 39.113124104906532 ], [ -94.542725393547016, 39.113881580152224 ], [ -94.542614664822977, 39.114635574018152 ], [ -94.542453431428015, 39.115384019749087 ], [ -94.54224213372764, 39.11612486573231 ], [ -94.541981349370346, 39.116856081122968 ], [ -94.541671791720901, 39.117575661412992 ], [ -94.541314307920615, 39.118281633928632 ], [ -94.540909876580116, 39.118972063241252 ], [ -94.540459605110414, 39.119645056476635 ], [ -94.539964726699822, 39.12029876850832 ], [ -94.539426596944509, 39.120931407020301 ], [ -94.538846690142051, 39.121541237425568 ], [ -94.538226595257882, 39.122126587626781 ], [ -94.537568011575914, 39.122685852605784 ], [ -94.536872744044587, 39.123217498829661 ], [ -94.53614269833183, 39.123720068460905 ], [ -94.535379875601848, 39.124192183360101 ], [ -94.534586367028311, 39.124632548870366 ], [ -94.533764348059051, 39.125039957372614 ], [ -94.532916072447776, 39.125413291602307 ], [ -94.532043866069628, 39.125751527718208 ], [ -94.531150120537134, 39.126053738114756 ], [ -94.530237286634545, 39.126319093970352 ], [ -94.529307867588443, 39.126546867524418 ], [ -94.52836441219327, 39.126736434076882 ], [ -94.527409507810773, 39.126887273704803 ], [ -94.526445773262736, 39.126998972691048 ], [ -94.525475851636486, 39.127071224661279 ], [ -94.524502403023376, 39.127103831426126 ], [ -94.523528097209976, 39.127096703526021 ], [ -94.522555606342607, 39.127049860477364 ], [ -94.521587597585025, 39.1269634307193 ], [ -94.520626725790066, 39.126837651261113 ], [ -94.519675626205228, 39.126672867031388 ], [ -94.518736907232466, 39.126469529930723 ], [ -94.517813143262245, 39.126228197590351 ], [ -94.516906867601733, 39.125949531840604 ], [ -94.516020565516413, 39.125634296892827 ], [ -94.515156667404824, 39.125283357240356 ], [ -94.5143175421248, 39.12489767528394 ], [ -94.513505490489976, 39.124478308688396 ], [ -94.512722738954324, 39.124026407477757 ], [ -94.511971433502126, 39.123543210876839 ], [ -94.511253633760433, 39.123030043908145 ], [ -94.510571307349821, 39.122488313753244 ], [ -94.509926324489399, 39.121919505889032 ], [ -94.509320452870526, 39.121325180009087 ], [ -94.508755352813466, 39.120706965741853 ], [ -94.508232572720274, 39.120066558177015 ], [ -94.507753544836191, 39.119405713212792 ], [ -94.50731958133116, 39.118726242736699 ], [ -94.506931870712208, 39.118030009653204 ], [ -94.506591474576354, 39.117318922771865 ], [ -94.506299324712799, 39.116594931570134 ], [ -94.506056220562215, 39.115860020845247 ], [ -94.505862827040147, 39.115116205269672 ], [ -94.505719672729938, 39.11436552386553 ], [ -94.505627148450387, 39.113610034412616 ], [ -94.50558550620157, 39.112851807805995 ] ] ] } },
{ "type": "Feature", "properties": { }, "geometry": { "type": "Polygon", "coordinates": [ [ [ -94.562546443629785, 39.111190888768078 ], [ -94.562555184986792, 39.11043201092329 ], [ -94.562614892748286, 39.109674529419308 ], [ -94.562725401627119, 39.108920520416177 ], [ -94.56288640711935, 39.108172050490374 ], [ -94.563097466356552, 39.107431170971786 ], [ -94.563357999336773, 39.10669991232291 ], [ -94.563667290530702, 39.105980278576254 ], [ -94.564024490858557, 39.105274241844555 ], [ -94.564428620031904, 39.104583736919324 ], [ -94.564878569254034, 39.103910655972108 ], [ -94.565373104271146, 39.103256843373181 ], [ -94.565910868766053, 39.102624090641775 ], [ -94.566490388084787, 39.102014131541367 ], [ -94.567110073286045, 39.10142863733391 ], [ -94.567768225501879, 39.100869212205481 ], [ -94.568463040598132, 39.100337388876 ], [ -94.569192614121448, 39.099834624405048 ], [ -94.569954946519388, 39.099362296204987 ], [ -94.570747948619243, 39.098921698272591 ], [ -94.571569447350797, 39.098514037649018 ], [ -94.572417191697113, 39.098140431118019 ], [ -94.573288858857254, 39.097801902151396 ], [ -94.574182060604102, 39.097499378109774 ], [ -94.575094349819807, 39.097233687706506 ], [ -94.576023227191385, 39.097005558741564 ], [ -94.576966148047845, 39.096815616111449 ], [ -94.577920529320622, 39.096664380100663 ], [ -94.578883756608022, 39.096552264959314 ], [ -94.579853191324901, 39.096479577770744 ], [ -94.580826177917785, 39.096446517612115 ], [ -94.581800051126066, 39.096453175010531 ], [ -94.582772143269466, 39.096499531695827 ], [ -94.58373979154203, 39.0965854606509 ], [ -94.584700345292902, 39.096710726459385 ], [ -94.585651173273902, 39.096874985949732 ], [ -94.586589670834613, 39.097077789133905 ], [ -94.58751326704494, 39.097318580438198 ], [ -94.588419431726393, 39.097596700222788 ], [ -94.589305682372441, 39.097911386585906 ], [ -94.590169590939425, 39.09826177744776 ], [ -94.591008790489596, 39.0986469129084 ], [ -94.591820981668008, 39.099065737873367 ], [ -94.592603938995737, 39.099517104939757 ], [ -94.593355516962333, 39.09999977753494 ], [ -94.594073655900843, 39.100512433299507 ], [ -94.594756387629189, 39.10105366770496 ], [ -94.595401840842868, 39.101621997896643 ], [ -94.596008246243855, 39.102215866751244 ], [ -94.596573941391739, 39.102833647137835 ], [ -94.597097375264013, 39.103473646370915 ], [ -94.59757711251261, 39.104134110843262 ], [ -94.598011837405224, 39.10481323082611 ], [ -94.598400357440511, 39.105509145423284 ], [ -94.59874160662693, 39.106219947666069 ], [ -94.59903464841652, 39.106943689734784 ], [ -94.599278678285103, 39.107678388292783 ], [ -94.599473025951824, 39.108422029918337 ], [ -94.599617157231776, 39.109172576619606 ], [ -94.599710675516548, 39.109927971417683 ], [ -94.599753322878314, 39.110686143982043 ], [ -94.59974498079427, 39.111445016303627 ], [ -94.599685670489393, 39.112202508389515 ], [ -94.599575552896255, 39.112956543963719 ], [ -94.599414928231752, 39.113705056158622 ], [ -94.599204235191891, 39.114445993181249 ], [ -94.598944049766516, 39.115177323939058 ], [ -94.59863508367701, 39.115897043609536 ], [ -94.598278182441277, 39.116603179138529 ], [ -94.597874323070812, 39.11729379465207 ], [ -94.597424611406339, 39.117966996767002 ], [ -94.596930279098913, 39.11862093978548 ], [ -94.59639268024479, 39.119253830759426 ], [ -94.5958132876831, 39.119863934410695 ], [ -94.595193688966447, 39.120449577893623 ], [ -94.594535582015183, 39.121009155386645 ], [ -94.593840770467537, 39.121541132500496 ], [ -94.593111158737983, 39.122044050490743 ], [ -94.592348746797583, 39.122516530262956 ], [ -94.591555624690514, 39.122957276159745 ], [ -94.590733966801807, 39.123365079518834 ], [ -94.58988602589217, 39.123738821992625 ], [ -94.589014126916098, 39.124077478619881 ], [ -94.588120660640598, 39.12438012064132 ], [ -94.587208077081684, 39.124645918050973 ], [ -94.58627887877725, 39.124874141876482 ], [ -94.585335613914495, 39.125064166182021 ], [ -94.584380869331, 39.125215469788245 ], [ -94.583417263408947, 39.125327637704459 ], [ -94.582447438881886, 39.125400362269104 ], [ -94.581474055574148, 39.125433443995533 ], [ -94.580499783092833, 39.125426792120322 ], [ -94.579527293492745, 39.12538042485312 ], [ -94.578559253934415, 39.125294469326974 ], [ -94.577598319355758, 39.125169161249374 ], [ -94.576647125177345, 39.125004844254974 ], [ -94.575708280061775, 39.124801968961833 ], [ -94.574784358746996, 39.124561091733696 ], [ -94.573877894973407, 39.124282873151806 ], [ -94.572991374524477, 39.123968076200349 ], [ -94.572127228399864, 39.123617564170772 ], [ -94.57128782614005, 39.123232298290546 ], [ -94.570475469320925, 39.122813335083023 ], [ -94.569692385236195, 39.122361823465766 ], [ -94.568940720785065, 39.121879001595083 ], [ -94.56822253658207, 39.121366193465931 ], [ -94.567539801305188, 39.120824805276094 ], [ -94.56689438629779, 39.120256321565158 ], [ -94.566288060439348, 39.119662301138398 ], [ -94.565722485298735, 39.119044372787414 ], [ -94.565199210583671, 39.118404230818847 ], [ -94.564719669898437, 39.117743630403723 ], [ -94.564285176821741, 39.117064382760248 ], [ -94.563896921315163, 39.116368350183272 ], [ -94.563555966471938, 39.115657440934143 ], [ -94.563263245615175, 39.114933604004875 ], [ -94.563019559752846, 39.114198823771488 ], [ -94.562825575396801, 39.113455114550497 ], [ -94.562681822751443, 39.112704515074363 ], [ -94.562588694276769, 39.111949082900225 ], [ -94.562546443629785, 39.111190888768078 ] ] ] } },
{ "type": "Feature", "properties": { }, "geometry": { "type": "Polygon", "coordinates": [ [ [ -94.389817602126413, 39.101223277191181 ], [ -94.389828198829107, 39.100464376810386 ], [ -94.38988975357141, 39.099706948508334 ], [ -94.39000209600573, 39.098953068293241 ], [ -94.390164916605656, 39.098204802382689 ], [ -94.390377767531874, 39.097464201541676 ], [ -94.390640063876788, 39.096733295463409 ], [ -94.390951085284101, 39.096014087208893 ], [ -94.391309977938747, 39.095308547719924 ], [ -94.391715756921784, 39.094618610420717 ], [ -94.392167308923163, 39.093946165923185 ], [ -94.392663395305391, 39.093293056849795 ], [ -94.393202655509015, 39.092661072788637 ], [ -94.39378361079082, 39.092051945394132 ], [ -94.394404668284281, 39.091467343646997 ], [ -94.395064125371007, 39.090908869286125 ], [ -94.395760174351281, 39.090378052425095 ], [ -94.396490907400718, 39.089876347365106 ], [ -94.397254321799451, 39.089405128615716 ], [ -94.398048325419651, 39.088965687134284 ], [ -94.39887074245614, 39.088559226794352 ], [ -94.399719319384644, 39.088186861092545 ], [ -94.400591731131215, 39.087849610102893 ], [ -94.401485587436184, 39.087548397686994 ], [ -94.402398439395213, 39.087284048967391 ], [ -94.403327786159522, 39.087057288071328 ], [ -94.40427108177731, 39.086868736150564 ], [ -94.405225742157498, 39.086718909683242 ], [ -94.406189152137074, 39.086608219061617 ], [ -94.40715867263269, 39.086536967470373 ], [ -94.408131647857189, 39.08650535005787 ], [ -94.409105412581397, 39.086513453402766 ], [ -94.410077299421502, 39.086561255277751 ], [ -94.411044646132311, 39.086648624710591 ], [ -94.412004802886358, 39.086775322342518 ], [ -94.412955139519426, 39.086941001083197 ], [ -94.413893052722571, 39.087145207059898 ], [ -94.414815973161197, 39.087387380859141 ], [ -94.415721372501878, 39.087666859056498 ], [ -94.416606770327874, 39.087982876031248 ], [ -94.417469740924346, 39.088334566060283 ], [ -94.41830791991508, 39.088720965686115 ], [ -94.419119010732473, 39.089141016352094 ], [ -94.419900790903284, 39.089593567297939 ], [ -94.420651118132881, 39.090077378707754 ], [ -94.421367936171578, 39.090591125101639 ], [ -94.422049280446842, 39.09113339896215 ], [ -94.422693283446108, 39.091702714585288 ], [ -94.423298179835456, 39.092297512145805 ], [ -94.42386231130007, 39.092916161965718 ], [ -94.42438413109322, 39.093556968974333 ], [ -94.424862208281269, 39.09421817734767 ], [ -94.425295231672948, 39.094897975314666 ], [ -94.425682013422232, 39.095594500117024 ], [ -94.426021492294566, 39.096305843109263 ], [ -94.426312736587604, 39.097030054984813 ], [ -94.426554946698189, 39.097765151114224 ], [ -94.42674745732856, 39.098509116980679 ], [ -94.426889739325375, 39.099259913697956 ], [ -94.426981401146378, 39.100015483595953 ], [ -94.427022189950733, 39.100773755858249 ], [ -94.427011992309517, 39.101532652196411 ], [ -94.426950834534551, 39.102290092545637 ], [ -94.426838882624153, 39.103044000765685 ], [ -94.426676441826089, 39.103792310332139 ], [ -94.426463955818448, 39.104532970001721 ], [ -94.426202005510746, 39.105263949436669 ], [ -94.425891307468007, 39.105983244772261 ], [ -94.425532711962433, 39.106688884112643 ], [ -94.425127200657371, 39.107378932939604 ], [ -94.424675883930121, 39.10805149941929 ], [ -94.424179997840454, 39.108704739592795 ], [ -94.423640900753355, 39.109336862435654 ], [ -94.423060069624952, 39.109946134772926 ], [ -94.422439095961494, 39.110530886035896 ], [ -94.421779681462894, 39.111089512847521 ], [ -94.421083633362272, 39.11162048342392 ], [ -94.420352859474406, 39.112122341779802 ], [ -94.419589362966548, 39.112593711726028 ], [ -94.41879523686616, 39.113033300648738 ], [ -94.417972658320323, 39.113439903058946 ], [ -94.41712388262286, 39.113812403903502 ], [ -94.416251237025463, 39.11414978162771 ], [ -94.415357114349888, 39.114451110981442 ], [ -94.414443966418943, 39.114715565560978 ], [ -94.413514297324099, 39.114942420079224 ], [ -94.412570656548681, 39.115131052358677 ], [ -94.411615631965418, 39.115280945040816 ], [ -94.41065184272756, 39.115391687007872 ], [ -94.409681932073724, 39.115462974512603 ], [ -94.408708560065719, 39.115494612013215 ], [ -94.407734396279949, 39.11548651271093 ], [ -94.406762112472435, 39.115438698788772 ], [ -94.405794375237633, 39.115351301350984 ], [ -94.404833838681682, 39.115224560063112 ], [ -94.403883137129966, 39.115058822493879 ], [ -94.402944877889581, 39.114854543160476 ], [ -94.402021634086367, 39.114612282280127 ], [ -94.401115937596586, 39.114332704231337 ], [ -94.400230272092642, 39.114016575728833 ], [ -94.399367066222069, 39.113664763717608 ], [ -94.398528686938818, 39.113278232991632 ], [ -94.397717433004928, 39.11285804354393 ], [ -94.396935528680785, 39.112405347655312 ], [ -94.396185117621258, 39.111921386729662 ], [ -94.395468256994505, 39.111407487885032 ], [ -94.39478691183966, 39.110865060309123 ], [ -94.394142949678923, 39.110295591390113 ], [ -94.393538135398757, 39.109700642632738 ], [ -94.392974126414387, 39.109081845371584 ], [ -94.392452468130628, 39.108440896292706 ], [ -94.39197458971158, 39.107779552776655 ], [ -94.391541800170742, 39.107099628075126 ], [ -94.391155284792049, 39.106402986334949 ], [ -94.390816101891645, 39.105691537482812 ], [ -94.390525179929128, 39.1049672319851 ], [ -94.390283314976131, 39.104232055496993 ], [ -94.390091168548778, 39.103488023415757 ], [ -94.389949265810174, 39.102737175353063 ], [ -94.38985799414732, 39.101981569541572 ], [ -94.389817602126413, 39.101223277191181 ] ] ] } },
{ "type": "Feature", "properties": { }, "geometry": { "type": "Polygon", "coordinates": [ [ [ -94.563747098419668, 39.108741067209458 ], [ -94.563755827471113, 39.107982189235187 ], [ -94.563815521166887, 39.107224707112657 ], [ -94.563926014258556, 39.106470697003672 ], [ -94.564087002285632, 39.105722225487803 ], [ -94.564298042427765, 39.10498134389929 ], [ -94.564558554735441, 39.104250082706429 ], [ -94.564867823736193, 39.103530445948728 ], [ -94.565225000411132, 39.10282440574727 ], [ -94.565629104536811, 39.102133896903119 ], [ -94.5660790273852, 39.101460811598656 ], [ -94.566573534774861, 39.100806994216178 ], [ -94.567111270464366, 39.100174236288055 ], [ -94.567690759878744, 39.099564271592108 ], [ -94.568310414158574, 39.098978771405697 ], [ -94.568968534520678, 39.098419339931333 ], [ -94.569663316918167, 39.097887509906393 ], [ -94.570392856987212, 39.097384738408849 ], [ -94.571155155266922, 39.096912402870409 ], [ -94.571948122678066, 39.096471797307977 ], [ -94.572769586245343, 39.096064128783667 ], [ -94.573617295048038, 39.095690514102941 ], [ -94.574488926382486, 39.095351976759929 ], [ -94.575382092119568, 39.095049444138247 ], [ -94.576294345239944, 39.094783744974798 ], [ -94.57722318652938, 39.09455560709354 ], [ -94.578166071415595, 39.094365655415437 ], [ -94.579120416928362, 39.094214410249755 ], [ -94.580083608763815, 39.094102285871699 ], [ -94.58105300843377, 39.094029589389869 ], [ -94.582025960480593, 39.093996519906923 ], [ -94.582999799738161, 39.094003167975437 ], [ -94.583971858619037, 39.094049515350804 ], [ -94.584939474408287, 39.094135435041387 ], [ -94.585899996543873, 39.094260691656153 ], [ -94.58685079386413, 39.094424942048683 ], [ -94.587789261802484, 39.094627736255823 ], [ -94.588712829509973, 39.094868518728425 ], [ -94.58961896688605, 39.095146629850795 ], [ -94.590505191498949, 39.095461307744834 ], [ -94.591369075376306, 39.095811690353884 ], [ -94.592208251647975, 39.096196817800561 ], [ -94.593020421022786, 39.096615635012299 ], [ -94.593803358081544, 39.097066994607374 ], [ -94.594554917369408, 39.097549660033572 ], [ -94.595273039270623, 39.098062308951057 ], [ -94.595955755649868, 39.098603536850057 ], [ -94.596601195244801, 39.099171860893705 ], [ -94.597207588794802, 39.099765723975466 ], [ -94.597773273892088, 39.100383498980193 ], [ -94.598296699541805, 39.101023493237093 ], [ -94.598776430418582, 39.101683953152587 ], [ -94.599211150807776, 39.102363069010345 ], [ -94.599599668220506, 39.103058979925464 ], [ -94.599940916672651, 39.103769778939345 ], [ -94.600233959618464, 39.104493518241135 ], [ -94.600477992530784, 39.105228214501736 ], [ -94.600672345120614, 39.105971854305807 ], [ -94.600816483189817, 39.106722399666459 ], [ -94.600910010111562, 39.10747779360851 ], [ -94.600952667934521, 39.108235965803793 ], [ -94.600944338107482, 39.108994838244321 ], [ -94.600885041821996, 39.109752330936857 ], [ -94.600774939972396, 39.110506367603818 ], [ -94.600614332732619, 39.111254881374656 ], [ -94.600403658751063, 39.11199582045213 ], [ -94.60014349396549, 39.11272715373812 ], [ -94.599834550040867, 39.113446876403252 ], [ -94.599477672434432, 39.11415301538522 ], [ -94.599073838093048, 39.114843634800685 ], [ -94.598624152788872, 39.115516841255847 ], [ -94.598129848100768, 39.116170789041043 ], [ -94.597592278049348, 39.116803685195194 ], [ -94.597012915394785, 39.117413794426021 ], [ -94.59639334760773, 39.117999443872634 ], [ -94.595735272523683, 39.118559027697202 ], [ -94.595040493693489, 39.11909101149314 ], [ -94.594310915441895, 39.119593936497758 ], [ -94.593548537648061, 39.120066423597471 ], [ -94.592755450262487, 39.120507177114845 ], [ -94.591933827574891, 39.120914988366735 ], [ -94.59108592224932, 39.121288738983949 ], [ -94.590214059142625, 39.12162740398297 ], [ -94.589320628923247, 39.12193005458159 ], [ -94.588408081508234, 39.12219586075031 ], [ -94.587478919336206, 39.122424093492789 ], [ -94.586535690495111, 39.122614126848795 ], [ -94.585580981723595, 39.122765439614085 ], [ -94.584617411305445, 39.122877616772904 ], [ -94.583647621876707, 39.122950350638327 ], [ -94.582674273165296, 39.12298344169816 ], [ -94.581700034683266, 39.122976799163382 ], [ -94.580727578392015, 39.122930441217981 ], [ -94.57975957136064, 39.122844494969428 ], [ -94.578798668437685, 39.122719196099716 ], [ -94.577847504956807, 39.12255488821819 ], [ -94.576908689496292, 39.122352021917891 ], [ -94.575984796712675, 39.122111153537837 ], [ -94.575078360268051, 39.121832943634956 ], [ -94.574191865870887, 39.121518155169575 ], [ -94.573327744449344, 39.121167651409806 ], [ -94.572488365476133, 39.120782393560397 ], [ -94.571676030463308, 39.120363438122624 ], [ -94.570892966644791, 39.11991193399264 ], [ -94.570141320864224, 39.119429119306218 ], [ -94.569423153685022, 39.118916318038529 ], [ -94.568740433738569, 39.118374936368525 ], [ -94.568095032326255, 39.117806458817832 ], [ -94.567488718290434, 39.117212444174804 ], [ -94.56692315316765, 39.116594521215141 ], [ -94.566399886638322, 39.115954384230655 ], [ -94.565920352284436, 39.115293788378708 ], [ -94.565485863667533, 39.114614544864963 ], [ -94.565097610737098, 39.113918515972919 ], [ -94.564756656579576, 39.113207609953797 ], [ -94.564463934516311, 39.112483775790807 ], [ -94.564220245558843, 39.111748997852338 ], [ -94.564026256227706, 39.111005290448666 ], [ -94.563882496741144, 39.110254692307244 ], [ -94.563789359578124, 39.109499260981615 ], [ -94.563747098419668, 39.108741067209458 ] ] ] } },
{ "type": "Feature", "properties": { }, "geometry": { "type": "Polygon", "coordinates": [ [ [ -94.346191463645226, 39.123266418530847 ], [ -94.346202524958997, 39.122507516599647 ], [ -94.346264559836584, 39.121750105552678 ], [ -94.346377396612908, 39.120996261349262 ], [ -94.346540724405443, 39.120248050106696 ], [ -94.34675409398389, 39.119507522438489 ], [ -94.347016919018557, 39.118776707835693 ], [ -94.347328477703925, 39.118057609107012 ], [ -94.347687914752484, 39.117352196892476 ], [ -94.348094243753678, 39.116662404266016 ], [ -94.348546349890839, 39.115990121441591 ], [ -94.349042993008766, 39.115337190597245 ], [ -94.349582811023609, 39.114705400831376 ], [ -94.350164323665041, 39.114096483264788 ], [ -94.350785936540959, 39.113512106302124 ], [ -94.351445945513063, 39.112953871065386 ], [ -94.352142541371549, 39.112423307012115 ], [ -94.352873814795856, 39.111921867750077 ], [ -94.353637761587947, 39.111450927059984 ], [ -94.354432288163807, 39.111011775136916 ], [ -94.355255217288104, 39.110605615060798 ], [ -94.356104294036214, 39.110233559505417 ], [ -94.356977191967488, 39.109896627695079 ], [ -94.357871519493017, 39.109595742617074 ], [ -94.358784826420077, 39.10933172849743 ], [ -94.359714610656056, 39.109105308547065 ], [ -94.360658325053123, 39.108917102984229 ], [ -94.361613384375318, 39.108767627338807 ], [ -94.362577172368859, 39.108657291042704 ], [ -94.363547048916857, 39.10858639631077 ], [ -94.364520357258556, 39.108555137314603 ], [ -94.365494431253765, 39.108563599652008 ], [ -94.366466602672787, 39.108611760113206 ], [ -94.367434208491844, 39.108699486744712 ], [ -94.368394598174476, 39.108826539210327 ], [ -94.369345140918796, 39.108992569448723 ], [ -94.370283232851449, 39.109197122625382 ], [ -94.371206304148075, 39.109439638376728 ], [ -94.372111826061598, 39.109719452342624 ], [ -94.37299731783871, 39.110035797983471 ], [ -94.373860353506217, 39.11038780867672 ], [ -94.374698568508322, 39.110774520087261 ], [ -94.375509666177194, 39.111194872805029 ], [ -94.376291424019016, 39.111647715242938 ], [ -94.377041699798241, 39.11213180678704 ], [ -94.377758437403841, 39.112645821190398 ], [ -94.378439672481178, 39.113188350201625 ], [ -94.379083537814211, 39.113757907417856 ], [ -94.379688268443388, 39.114352932351942 ], [ -94.380252206505162, 39.114971794702839 ], [ -94.380773805779683, 39.115612798817288 ], [ -94.38125163593449, 39.116274188330863 ], [ -94.381684386452108, 39.116954150975673 ], [ -94.382070870231175, 39.117650823541517 ], [ -94.38241002685055, 39.118362296977217 ], [ -94.38270092548801, 39.119086621617846 ], [ -94.382942767484749, 39.119821812523881 ], [ -94.383134888549037, 39.120565854917665 ], [ -94.383276760592551, 39.121316709701972 ], [ -94.383367993194142, 39.122072319046218 ], [ -94.38340833468709, 39.122830612024444 ], [ -94.383397672866522, 39.123589510289982 ], [ -94.383336035314727, 39.12434693377115 ], [ -94.383223589343586, 39.12510080637238 ], [ -94.383060641553897, 39.125849061665278 ], [ -94.382847637012546, 39.12658964855369 ], [ -94.382585158049821, 39.127320536897727 ], [ -94.382273922679644, 39.128039723080796 ], [ -94.381914782647129, 39.128745235504653 ], [ -94.38150872110873, 39.129435139997469 ], [ -94.381056849950738, 39.130107545119671 ], [ -94.380560406753816, 39.130760607353253 ], [ -94.380020751411479, 39.131392536160341 ], [ -94.379439362411787, 39.13200159889675 ], [ -94.37881783279218, 39.132586125567308 ], [ -94.378157865778789, 39.133144513409803 ], [ -94.377461270121685, 39.133675231294696 ], [ -94.376729955139268, 39.134176823928833 ], [ -94.375965925484863, 39.134647915851104 ], [ -94.375171275650331, 39.135087215209495 ], [ -94.374348184221461, 39.135493517308774 ], [ -94.373498907901151, 39.135865707919095 ], [ -94.37262577531655, 39.136202766336453 ], [ -94.371731180627506, 39.136503768186458 ], [ -94.370817576953854, 39.136767887963686 ], [ -94.369887469639394, 39.136994401299603 ], [ -94.368943409371695, 39.137182686952812 ], [ -94.367987985176157, 39.137332228515966 ], [ -94.367023817304158, 39.1374426158349 ], [ -94.366053550034636, 39.137513546135793 ], [ -94.365079844409181, 39.137544824857322 ], [ -94.364105370920683, 39.137536366185593 ], [ -94.363132802175812, 39.137488193290181 ], [ -94.362164805551487, 39.137400438260848 ], [ -94.361204035865981, 39.137273341744894 ], [ -94.36025312808448, 39.137107252286285 ], [ -94.359314690079842, 39.13690262536835 ], [ -94.358391295468024, 39.136660022162609 ], [ -94.357485476538443, 39.136380107987392 ], [ -94.35659971729855, 39.136063650480153 ], [ -94.355736446651918, 39.135711517489113 ], [ -94.354898031728837, 39.135324674689294 ], [ -94.354086771387486, 39.134904182930278 ], [ -94.35330488990401, 39.134451195322548 ], [ -94.352554530868531, 39.133966954070544 ], [ -94.351837751304302, 39.133452787061422 ], [ -94.35115651602564, 39.132910104218567 ], [ -94.350512692250803, 39.132340393630273 ], [ -94.34990804448401, 39.131745217464022 ], [ -94.349344229680966, 39.131126207677802 ], [ -94.348822792711061, 39.130485061540206 ], [ -94.34834516212851, 39.129823536971713 ], [ -94.34791264626422, 39.129143447719883 ], [ -94.347526429648681, 39.128446658382082 ], [ -94.347187569775883, 39.127735079288819 ], [ -94.346896994216877, 39.127010661262652 ], [ -94.34665549809074, 39.126275390266244 ], [ -94.346463741899754, 39.125531281954757 ], [ -94.346322249734641, 39.124780376147626 ], [ -94.346231407854503, 39.124024731234435 ], [ -94.346191463645226, 39.123266418530847 ] ] ] } },
{ "type": "Feature", "properties": { }, "geometry": { "type": "Polygon", "coordinates": [ [ [ -94.532237564164902, 39.105906024451201 ], [ -94.532246631976506, 39.105147141717019 ], [ -94.532306662208384, 39.104389668668396 ], [ -94.532417488690129, 39.103635681441162 ], [ -94.532578806048122, 39.102887246551091 ], [ -94.532790170560148, 39.10214641523104 ], [ -94.533051001388671, 39.101415217810512 ], [ -94.53336058218936, 39.100695658153278 ], [ -94.53371806309012, 39.099989708168287 ], [ -94.534122463035118, 39.099299302408504 ], [ -94.534572672487172, 39.098626332773115 ], [ -94.53506745648103, 39.097972643326742 ], [ -94.535605458018949, 39.097340025250652 ], [ -94.536185201799242, 39.096730211938905 ], [ -94.536805098267223, 39.096144874253689 ], [ -94.537463447977942, 39.095585615951933 ], [ -94.538158446257839, 39.095053969296323 ], [ -94.538888188153408, 39.094551390862293 ], [ -94.539650673652531, 39.094079257552593 ], [ -94.5404438131647, 39.093638862830105 ], [ -94.541265433244732, 39.093231413179474 ], [ -94.542113282544662, 39.092858024806731 ], [ -94.542985037977317, 39.092519720586367 ], [ -94.543878311074934, 39.092217427263726 ], [ -94.544790654525244, 39.09195197292059 ], [ -94.545719568867568, 39.091724084710776 ], [ -94.546662509330346, 39.091534386871814 ], [ -94.547616892791851, 39.091383399018262 ], [ -94.548580104844788, 39.091271534721066 ], [ -94.549549506945951, 39.09119910037704 ], [ -94.550522443631223, 39.09116629437144 ], [ -94.551496249776548, 39.091173206535785 ], [ -94.552468257885039, 39.09121981790269 ], [ -94.553435805380474, 39.091306000758053 ], [ -94.55439624188736, 39.091431518990582 ], [ -94.555346936477861, 39.091596028737825 ], [ -94.556285284865979, 39.091799079326726 ], [ -94.557208716529203, 39.092040114506325 ], [ -94.558114701738546, 39.092318473969129 ], [ -94.559000758477779, 39.092633395157179 ], [ -94.559864459233026, 39.092984015347611 ], [ -94.560703437634331, 39.093369374012433 ], [ -94.561515394930979, 39.093788415445857 ], [ -94.562298106283222, 39.094239991651925 ], [ -94.563049426852814, 39.094722865485018 ], [ -94.56376729767635, 39.09523571403421 ], [ -94.564449751304679, 39.095777132242588 ], [ -94.565094917193633, 39.096345636751607 ], [ -94.565701026830837, 39.096939669959916 ], [ -94.566266418584789, 39.097557604285718 ], [ -94.566789542262839, 39.098197746621182 ], [ -94.567268963365578, 39.098858342966274 ], [ -94.5677033670258, 39.099537583230138 ], [ -94.568091561621301, 39.100233606186173 ], [ -94.568432482051435, 39.10094450456787 ], [ -94.568725192668396, 39.101668330291176 ], [ -94.568968889854887, 39.102403099789157 ], [ -94.569162904241352, 39.103146799444723 ], [ -94.569306702556034, 39.103897391105924 ], [ -94.569399889102939, 39.104652817669582 ], [ -94.569442206863528, 39.105411008717013 ], [ -94.569433538218661, 39.106169886187452 ], [ -94.569373905288828, 39.106927370072782 ], [ -94.569263469891524, 39.107681384118429 ], [ -94.569102533115554, 39.108429861514793 ], [ -94.568891534513384, 39.109170750563308 ], [ -94.568631050913581, 39.109902020302016 ], [ -94.568321794856175, 39.110621666074728 ], [ -94.567964612655274, 39.111327715029113 ], [ -94.567560482094137, 39.112018231527792 ], [ -94.567110509758493, 39.112691322458339 ], [ -94.566615928015707, 39.113345142427157 ], [ -94.566078091647583, 39.113977898823023 ], [ -94.565498474146239, 39.114587856736343 ], [ -94.564878663682748, 39.115173343720663 ], [ -94.564220358759826, 39.115732754383323 ], [ -94.563525363560302, 39.116264554792323 ], [ -94.562795583003947, 39.116767286687683 ], [ -94.562033017526446, 39.117239571485307 ], [ -94.561239757594564, 39.117680114062551 ], [ -94.560417977972833, 39.118087706314867 ], [ -94.559569931757196, 39.11846123047382 ], [ -94.558697944192232, 39.118799662177253 ], [ -94.557804406289051, 39.119102073283074 ], [ -94.556891768261153, 39.119367634419056 ], [ -94.555962532796713, 39.119595617261304 ], [ -94.555019248185502, 39.119785396535498 ], [ -94.554064501319871, 39.119936451734858 ], [ -94.553100910588597, 39.120048368550584 ], [ -94.552131118683803, 39.120120840010458 ], [ -94.551157785340379, 39.120153667322576 ], [ -94.550183580028232, 39.12014676042196 ], [ -94.549211174617611, 39.120100138218341 ], [ -94.548243236037678, 39.120013928544573 ], [ -94.547282418948726, 39.11988836780575 ], [ -94.546331358448313, 39.119723800330014 ], [ -94.545392662831418, 39.119520677422948 ], [ -94.544468906424896, 39.119279556127807 ], [ -94.54356262251568, 39.119001097695602 ], [ -94.5426762963926, 39.118686065768635 ], [ -94.541812358520971, 39.118335324283031 ], [ -94.540973177868636, 39.117949835095708 ], [ -94.540161055402223, 39.11753065534252 ], [ -94.539378217771116, 39.117078934534874 ], [ -94.538626811197091, 39.116595911402648 ], [ -94.537908895585829, 39.116082910492551 ], [ -94.537226438877198, 39.115541338530768 ], [ -94.536581311649101, 39.114972680560435 ], [ -94.53597528199036, 39.11437849586423 ], [ -94.535410010656179, 39.113760413683664 ], [ -94.53488704651987, 39.113120128746573 ], [ -94.534407822332895, 39.112459396615264 ], [ -94.533973650804981, 39.111780028868353 ], [ -94.533585721015058, 39.111083888129144 ], [ -94.533245095162499, 39.110372882954636 ], [ -94.532952705667668, 39.109648962598932 ], [ -94.532709352629553, 39.108914111665726 ], [ -94.532515701647156, 39.108170344664366 ], [ -94.532372282010755, 39.10741970048462 ], [ -94.532279485267409, 39.10666423680513 ], [ -94.532237564164902, 39.105906024451201 ] ] ] } },
{ "type": "Feature", "properties": { }, "geometry": { "type": "Polygon", "coordinates": [ [ [ -94.419702949030054, 39.043657764434585 ], [ -94.419713235596888, 39.042898860118704 ], [ -94.419774439009387, 39.042141415585604 ], [ -94.419886389887324, 39.041387506889194 ], [ -94.420048779781723, 39.040639200326474 ], [ -94.420261162037619, 39.039898546775255 ], [ -94.420522953035501, 39.039167576074775 ], [ -94.420833433807246, 39.038448291464739 ], [ -94.421191752022295, 39.037742664097777 ], [ -94.42159692433836, 39.03705262764074 ], [ -94.422047839109908, 39.036380072978929 ], [ -94.422543259447238, 39.035726843038468 ], [ -94.423081826617135, 39.035094727740379 ], [ -94.423662063776064, 39.034485459100409 ], [ -94.424282380025431, 39.033900706487984 ], [ -94.424941074777635, 39.033342072056953 ], [ -94.425636342421029, 39.032811086361072 ], [ -94.426366277270859, 39.03230920416555 ], [ -94.427128878792686, 39.03183780046664 ], [ -94.427922057083876, 39.031398166729666 ], [ -94.428743638598107, 39.030991507356006 ], [ -94.429591372097562, 39.030618936388564 ], [ -94.430462934816092, 39.030281474464566 ], [ -94.431355938816822, 39.029980046024136 ], [ -94.432267937526987, 39.029715476782201 ], [ -94.433196432431728, 39.029488491470474 ], [ -94.434138879909256, 39.029299711855721 ], [ -94.435092698188157, 39.029149655039838 ], [ -94.436055274408531, 39.029038732046025 ], [ -94.437023971767246, 39.02896724669526 ], [ -94.437996136728387, 39.0289353947758 ], [ -94.438969106278762, 39.02894326350814 ], [ -94.439940215209475, 39.028990831306963 ], [ -94.440906803403053, 39.029077967840387 ], [ -94.441866223106899, 39.02920443438672 ], [ -94.442815846173204, 39.029369884487558 ], [ -94.443753071245339, 39.029573864895369 ], [ -94.44467533087176, 39.029815816813354 ], [ -94.445580098527657, 39.030095077423631 ], [ -94.446464895525523, 39.030410881700178 ], [ -94.447327297795624, 39.030762364501264 ], [ -94.448164942518332, 39.03114856293567 ], [ -94.448975534589749, 39.031568418996549 ], [ -94.449756852903548, 39.032020782455447 ], [ -94.450506756431395, 39.032504414008756 ], [ -94.451223190085841, 39.033017988668099 ], [ -94.451904190349353, 39.03356009938534 ], [ -94.45254789065423, 39.034129260902375 ], [ -94.45315252649857, 39.034723913815185 ], [ -94.453716440284609, 39.035342428841226 ], [ -94.454238085865484, 39.035983111278362 ], [ -94.45471603278871, 39.036644205643299 ], [ -94.455148970224101, 39.037323900476949 ], [ -94.455535710565513, 39.038020333303251 ], [ -94.455875192696453, 39.038731595728592 ], [ -94.456166484910369, 39.039455738667186 ], [ -94.456408787477699, 39.040190777678674 ], [ -94.456601434852288, 39.040934698403049 ], [ -94.456743897510975, 39.041685462078298 ], [ -94.456835783421411, 39.042441011125504 ], [ -94.456876839133486, 39.04319927478619 ], [ -94.456866950491559, 39.043958174796465 ], [ -94.456806142965164, 39.044715631082497 ], [ -94.456694581597063, 39.045469567461581 ], [ -94.456532570568754, 39.046217917333472 ], [ -94.456320552384213, 39.046958629345838 ], [ -94.456059106674132, 39.047689673018908 ], [ -94.455748948623565, 39.048409044313523 ], [ -94.45539092702731, 39.049114771127236 ], [ -94.454986021977817, 39.049804918703721 ], [ -94.454535342192372, 39.050477594940162 ], [ -94.454040121986154, 39.051130955578486 ], [ -94.453501717899684, 39.051763209265694 ], [ -94.452921604989697, 39.052372622469818 ], [ -94.452301372793514, 39.052957524237598 ], [ -94.451642720977844, 39.05351631078095 ], [ -94.450947454683899, 39.054047449879583 ], [ -94.45021747958161, 39.054549485087549 ], [ -94.449454796646478, 39.055021039732168 ], [ -94.448661496673111, 39.055460820694364 ], [ -94.447839754540965, 39.055867621959642 ], [ -94.446991823247657, 39.056240327930574 ], [ -94.446120027726423, 39.056577916490795 ], [ -94.445226758464713, 39.056879461812692 ], [ -94.444314464941598, 39.057144136900789 ], [ -94.443385648901952, 39.057371215863725 ], [ -94.442442857485986, 39.057560075908626 ], [ -94.441488676233377, 39.057710199052401 ], [ -94.440525721980848, 39.05782117354515 ], [ -94.439556635673299, 39.057892695001669 ], [ -94.438584075108096, 39.057924567238118 ], [ -94.437610707632729, 39.057916702811383 ], [ -94.436639202815854, 39.057869123259621 ], [ -94.435672225112356, 39.057781959043481 ], [ -94.434712426542362, 39.057655449187969 ], [ -94.43376243940466, 39.057489940625985 ], [ -94.432824869044694, 39.057285887245548 ], [ -94.431902286697067, 39.057043848642991 ], [ -94.430997222422363, 39.056764488585927 ], [ -94.430112158157939, 39.056448573189918 ], [ -94.429249520901749, 39.056096968814181 ], [ -94.428411676047986, 39.055710639681891 ], [ -94.42760092089317, 39.055290645231864 ], [ -94.426819478330501, 39.054838137208797 ], [ -94.426069490749526, 39.054354356500149 ], [ -94.425353014158631, 39.053840629728477 ], [ -94.424672012545756, 39.053298365608462 ], [ -94.424028352493409, 39.052729051078991 ], [ -94.42342379806243, 39.052134247220472 ], [ -94.422860005958654, 39.051515584969259 ], [ -94.422338520995737, 39.050874760640497 ], [ -94.421860771866392, 39.050213531272085 ], [ -94.421428067233734, 39.049533709802255 ], [ -94.421041592153287, 39.048837160094486 ], [ -94.420702404835311, 39.048125791822983 ], [ -94.420411433756257, 39.047401555233222 ], [ -94.420169475127324, 39.046666435791607 ], [ -94.419977190726399, 39.045922448739354 ], [ -94.419835106099811, 39.045171633565189 ], [ -94.419743609138138, 39.044416048412231 ], [ -94.419702949030054, 39.043657764434585 ] ] ] } },
{ "type": "Feature", "properties": { }, "geometry": { "type": "Polygon", "coordinates": [ [ [ -94.428182469005918, 39.007558938315704 ], [ -94.428192671474605, 39.006800030479383 ], [ -94.428253764932649, 39.006042579213016 ], [ -94.428365580304074, 39.005288660589386 ], [ -94.428527809514051, 39.004540340933161 ], [ -94.428740006350651, 39.003799671158589 ], [ -94.429001587705031, 39.003068681150012 ], [ -94.429311835185942, 39.002349374200705 ], [ -94.42966989710429, 39.001643721525305 ], [ -94.430074790822061, 39.000953656860759 ], [ -94.430525405458908, 39.000281071170534 ], [ -94.431020504949032, 38.999627807466617 ], [ -94.431558731439608, 38.998995655763437 ], [ -94.432138609021592, 38.998386348177412 ], [ -94.432758547782285, 38.997801554185521 ], [ -94.433416848168847, 38.99724287605595 ], [ -94.434111705650309, 38.996711844463043 ], [ -94.434841215665571, 38.996209914298618 ], [ -94.435603378843822, 38.995738460691186 ], [ -94.436396106482675, 38.995298775243576 ], [ -94.437217226269624, 38.994892062499581 ], [ -94.438064488230694, 38.994519436649007 ], [ -94.438935570890251, 38.994181918480031 ], [ -94.439828087625102, 38.993880432587446 ], [ -94.440739593195616, 38.993615804844005 ], [ -94.441667590436083, 38.993388760142089 ], [ -94.442609537086071, 38.993199920411449 ], [ -94.443562852744094, 38.993049802918918 ], [ -94.444524925925009, 38.992938818854029 ], [ -94.445493121201537, 38.992867272205103 ], [ -94.446464786410914, 38.992835358928268 ], [ -94.447437259906849, 38.99284316641198 ], [ -94.448407877837113, 38.992890673238477 ], [ -94.449373981427186, 38.992977749242584 ], [ -94.450332924250034, 38.993104155868053 ], [ -94.451282079462288, 38.993269546820173 ], [ -94.452218846987265, 38.993473469012933 ], [ -94.453140660625266, 38.993715363808384 ], [ -94.454044995071882, 38.993994568544487 ], [ -94.454929372825134, 38.99431031834763 ], [ -94.455791370962942, 38.994661748224537 ], [ -94.456628627772076, 38.995047895428222 ], [ -94.457438849210916, 38.995467702091432 ], [ -94.458219815188301, 38.995920018120188 ], [ -94.458969385641254, 38.996403604340067 ], [ -94.459685506395232, 38.996917135886072 ], [ -94.460366214790568, 38.997459205827418 ], [ -94.461009645060074, 38.998028329016918 ], [ -94.461614033442913, 38.998622946154867 ], [ -94.462177723020687, 38.999241428056045 ], [ -94.462699168262532, 38.999882080108414 ], [ -94.463176939266774, 39.000543146911411 ], [ -94.463609725687348, 39.001222817080865 ], [ -94.463996340334205, 39.001919228207939 ], [ -94.464335722437696, 39.002630471958057 ], [ -94.464626940568039, 39.003354599296316 ], [ -94.464869195201416, 39.004089625824875 ], [ -94.465061820925811, 39.004833537217863 ], [ -94.465204288280376, 39.00558429473876 ], [ -94.465296205222771, 39.006339840825596 ], [ -94.465337318220861, 39.007098104728122 ], [ -94.465327512964919, 39.007857008182029 ], [ -94.465266814698893, 39.008614471104345 ], [ -94.465155388168895, 39.009368417294603 ], [ -94.464993537189571, 39.01011678012614 ], [ -94.464781703828848, 39.0108575082116 ], [ -94.464520467213276, 39.011588571027836 ], [ -94.464210541957073, 39.012307964483838 ], [ -94.463852776218943, 39.013013716417206 ], [ -94.463448149391922, 39.013703892003484 ], [ -94.462997769432221, 39.014376599063951 ], [ -94.462502869834481, 39.015029993256839 ], [ -94.461964806261463, 39.015662283138063 ], [ -94.461385052837258, 39.016271735077311 ], [ -94.460765198114231, 39.016856678016019 ], [ -94.460106940724515, 39.017415508054107 ], [ -94.459412084728015, 39.017946692852902 ], [ -94.458682534669506, 39.018448775842018 ], [ -94.457920290358572, 39.018920380218603 ], [ -94.457127441386476, 39.019360212727925 ], [ -94.456306161395091, 39.019767067214943 ], [ -94.455458702113589, 39.020139827936944 ], [ -94.454587387179529, 39.020477472628023 ], [ -94.453694605760958, 39.020779075307196 ], [ -94.452782805997401, 39.021043808822171 ], [ -94.451854488277803, 39.021270947121728 ], [ -94.450912198373899, 39.021459867250591 ], [ -94.449958520447865, 39.021610051061124 ], [ -94.448996069953978, 39.021721086637172 ], [ -94.448027486453398, 39.021792669426056 ], [ -94.447055426362368, 39.021824603075686 ], [ -94.446082555653589, 39.021816799974388 ], [ -94.445111542531251, 39.021769281491927 ], [ -94.444145050099678, 39.021682177921178 ], [ -94.443185729046107, 39.021555728120397 ], [ -94.442236210357919, 39.021390278857375 ], [ -94.441299098094106, 39.021186283856949 ], [ -94.440376962231383, 39.020944302554781 ], [ -94.439472331604549, 39.020664998560669 ], [ -94.438587686960545, 39.020349137835773 ], [ -94.437725454145607, 39.019997586588616 ], [ -94.436887997444131, 39.019611308895918 ], [ -94.436077613087789, 39.019191364054656 ], [ -94.435296522952711, 39.018738903672656 ], [ -94.434546868462121, 39.018255168505974 ], [ -94.433830704711369, 39.017741485051438 ], [ -94.433149994831169, 39.017199261904203 ], [ -94.432506604604981, 39.016629985889999 ], [ -94.431902297354895, 39.016035217982925 ], [ -94.431338729110436, 39.015416589020063 ], [ -94.430817444073085, 39.014775795224651 ], [ -94.430339870389275, 39.014114593550275 ], [ -94.429907316243231, 39.013434796858718 ], [ -94.429520966280123, 39.012738268945093 ], [ -94.429181878369647, 39.012026919423462 ], [ -94.428890980718393, 39.01130269848759 ], [ -94.428649069338917, 39.010567591560807 ], [ -94.428456805882476, 39.009823613849839 ], [ -94.428314715840855, 39.009072804817805 ], [ -94.428223187122427, 39.008317222591018 ], [ -94.428182469005918, 39.007558938315704 ] ] ] } },
{ "type": "Feature", "properties": { }, "geometry": { "type": "Polygon", "coordinates": [ [ [ -94.464542156463651, 39.009904739655397 ], [ -94.464551969709319, 39.009145836359259 ], [ -94.464612675889654, 39.008388373720713 ], [ -94.464724106989763, 39.007634427844984 ], [ -94.464885955987356, 39.006886065132655 ], [ -94.465097777711748, 39.006145336617202 ], [ -94.465358990081143, 39.005414272345085 ], [ -94.465668875714314, 39.004694875814216 ], [ -94.466026583912452, 39.003989118485791 ], [ -94.466431133005358, 39.003298934384453 ], [ -94.466881413055475, 39.002626214801893 ], [ -94.467376188912056, 39.001972803117752 ], [ -94.467914103607285, 39.001340489752657 ], [ -94.468493682084471, 39.00073100726658 ], [ -94.469113335248593, 39.000146025616232 ], [ -94.469771364327258, 38.999587147584371 ], [ -94.470465965530821, 38.999055904393295 ], [ -94.47119523499839, 38.998553751514756 ], [ -94.471957174016126, 38.998082064687488 ], [ -94.472749694493913, 38.997642136153232 ], [ -94.473570624684925, 38.997235171121616 ], [ -94.474417715132844, 38.996862284473373 ], [ -94.475288644830229, 38.996524497710794 ], [ -94.476181027571428, 38.996222736164071 ], [ -94.477092418482499, 38.995957826460604 ], [ -94.478020320710641, 38.995730494264613 ], [ -94.478962192254642, 38.995541362292791 ], [ -94.479915452917922, 38.995390948611835 ], [ -94.480877491365305, 38.995279665221886 ], [ -94.481845672264214, 38.995207816930495 ], [ -94.482817343491035, 38.995175600519296 ], [ -94.483789843382894, 38.99518310420634 ], [ -94.484760508015469, 38.995230307405265 ], [ -94.485726678486643, 38.995317080781874 ], [ -94.486685708186769, 38.995443186608142 ], [ -94.487634970035216, 38.995608279412643 ], [ -94.488571863664177, 38.995811906925418 ], [ -94.489493822529624, 38.996053511315161 ], [ -94.490398320930581, 38.996332430714816 ], [ -94.491282880917424, 38.996647901031942 ], [ -94.492145079070369, 38.996999058038504 ], [ -94.492982553129963, 38.997384939734765 ], [ -94.493793008461196, 38.997804488980599 ], [ -94.494574224334002, 38.998256556387155 ], [ -94.495324060002744, 38.998739903461093 ], [ -94.496040460568182, 38.999253205992744 ], [ -94.496721462606018, 38.999795057678931 ], [ -94.497365199546508, 39.000363973970785 ], [ -94.497969906790544, 39.000958396135864 ], [ -94.498533926547935, 39.001576695523703 ], [ -94.49905571238493, 39.002217178022988 ], [ -94.499533833468348, 39.002878088698424 ], [ -94.499966978494442, 39.003557616594541 ], [ -94.500353959291999, 39.00425389969319 ], [ -94.500693714089394, 39.004965030011654 ], [ -94.500985310436633, 39.005689058826938 ], [ -94.501227947774439, 39.006424002012331 ], [ -94.501420959642843, 39.007167845471486 ], [ -94.501563815523284, 39.007918550655333 ], [ -94.5016561223091, 39.008674060146575 ], [ -94.501697625399856, 39.009432303296514 ], [ -94.501688209416656, 39.010191201899005 ], [ -94.501627898536256, 39.010948675885679 ], [ -94.501516856442549, 39.011702649026994 ], [ -94.50135538589582, 39.012451054623611 ], [ -94.50114392792031, 39.013191841172222 ], [ -94.500883060612566, 39.013922977990525 ], [ -94.500573497573214, 39.014642460785794 ], [ -94.50021608596667, 39.015348317151705 ], [ -94.499811804213579, 39.016038611978509 ], [ -94.499361759322539, 39.016711452761442 ], [ -94.498867183867773, 39.017364994792906 ], [ -94.498329432621517, 39.0179974462242 ], [ -94.497749978849598, 39.018607072982654 ], [ -94.497130410280818, 39.019192203530871 ], [ -94.496472424760697, 39.019751233454777 ], [ -94.495777825601607, 39.020282629867872 ], [ -94.4950485166421, 39.020784935619695 ], [ -94.494286497028654, 39.021256773296571 ], [ -94.493493855734414, 39.021696849004037 ], [ -94.492672765829923, 39.022103955920009 ], [ -94.491825478521292, 39.022476977609251 ], [ -94.490954316972875, 39.022814891089901 ], [ -94.490061669930498, 39.023116769643437 ], [ -94.489149985163849, 39.023381785360499 ], [ -94.488221762745255, 39.023609211415383 ], [ -94.487279548184034, 39.023798424063031 ], [ -94.486325925434912, 39.023948904352871 ], [ -94.485363509800166, 39.024060239554927 ], [ -94.484394940744906, 39.024132124294049 ], [ -94.483422874645484, 39.024164361389232 ], [ -94.482449977491072, 39.02415686239582 ], [ -94.481478917558491, 39.024109647848768 ], [ -94.48051235808083, 39.024022847206567 ], [ -94.479552949929797, 39.023896698496003 ], [ -94.478603324332397, 39.023731547658336 ], [ -94.477666085641758, 39.023527847599347 ], [ -94.47674380418249, 39.02328615694519 ], [ -94.475839009189926, 39.023007138508028 ], [ -94.474954181863268, 39.022691557465414 ], [ -94.474091748551274, 39.022340279258465 ], [ -94.473254074089908, 39.021954267214852 ], [ -94.472443455309772, 39.021534579902799 ], [ -94.471662114731728, 39.021082368223865 ], [ -94.470912194467715, 39.020598872252016 ], [ -94.470195750343834, 39.020085417828348 ], [ -94.469514746261567, 39.019543412920136 ], [ -94.468871048813099, 39.018974343755019 ], [ -94.468266422164831, 39.018379770740331 ], [ -94.467702523223963, 39.017761324179297 ], [ -94.467180897100505, 39.017120699795669 ], [ -94.466702972877826, 39.016459654079242 ], [ -94.466270059702794, 39.015779999465089 ], [ -94.465883343206414, 39.015083599359642 ], [ -94.465543882264612, 39.014372363027583 ], [ -94.465252606107796, 39.013648240353433 ], [ -94.465010311787154, 39.012913216492237 ], [ -94.464817662004549, 39.012169306424219 ], [ -94.4646751833114, 39.011418549428257 ], [ -94.464583264681863, 39.010663003489327 ], [ -94.464542156463651, 39.009904739655397 ] ] ] } },
{ "type": "Feature", "properties": { }, "geometry": { "type": "Polygon", "coordinates": [ [ [ -94.254201382704636, 39.006601230075375 ], [ -94.254213445425421, 39.005842306021918 ], [ -94.254276396909347, 39.005084914525007 ], [ -94.254390062989089, 39.004331131487568 ], [ -94.25455413051958, 39.003583022856631 ], [ -94.254768148253802, 39.002842638962292 ], [ -94.25503152809658, 39.002112008899729 ], [ -94.255343546732831, 39.0013931349704 ], [ -94.255703347625442, 39.000687987197189 ], [ -94.256109943377496, 38.999998497928637 ], [ -94.256562218451819, 38.999326556547111 ], [ -94.257058932240426, 38.998674004295033 ], [ -94.257598722475478, 38.9980426292339 ], [ -94.258180108971885, 38.997434161348941 ], [ -94.258801497691707, 38.996850267813834 ], [ -94.259461185118596, 38.996292548427505 ], [ -94.260157362930798, 38.995762531235876 ], [ -94.260888122959258, 38.99526166835053 ], [ -94.261651462417859, 38.994791331975328 ], [ -94.26244528939084, 38.994352810652245 ], [ -94.263267428562926, 38.993947305736327 ], [ -94.264115627176011, 38.993575928109301 ], [ -94.264987561196591, 38.993239695141277 ], [ -94.265880841676704, 38.992939527908042 ], [ -94.266793021291434, 38.992676248672197 ], [ -94.267721601034793, 38.992450578634546 ], [ -94.268664037055999, 38.992263135962027 ], [ -94.26961774761763, 38.992114434097545 ], [ -94.27058012015641, 38.992004880356163 ], [ -94.271548518427764, 38.991934774811604 ], [ -94.272520289714663, 38.991904309476055 ], [ -94.273492772080999, 38.991913567775356 ], [ -94.274463301650087, 38.991962524321274 ], [ -94.275429219888224, 38.992051044981139 ], [ -94.276387880873997, 38.992178887244947 ], [ -94.277336658532931, 38.992345700888784 ], [ -94.278272953818572, 38.992551028932709 ], [ -94.279194201819948, 38.992794308890666 ], [ -94.280097878776402, 38.993074874308867 ], [ -94.280981508980645, 38.99339195658866 ], [ -94.281842671551246, 38.993744687088544 ], [ -94.282679007056217, 38.994132099500128 ], [ -94.28348822396957, 38.994553132491305 ], [ -94.284268104943379, 38.995006632609183 ], [ -94.285016512878073, 38.995491357435618 ], [ -94.285731396774665, 38.996005978985991 ], [ -94.286410797352715, 38.996549087342373 ], [ -94.287052852418668, 38.997119194511306 ], [ -94.287655801970104, 38.997714738495297 ], [ -94.288217993021632, 38.998334087567315 ], [ -94.288737884139366, 38.998975544736538 ], [ -94.289214049671386, 38.999637352392988 ], [ -94.289645183662685, 39.000317697118767 ], [ -94.290030103443598, 39.001014714652399 ], [ -94.290367752881963, 39.001726494993065 ], [ -94.290657205289833, 39.002451087630476 ], [ -94.2908976659768, 39.003186506886443 ], [ -94.291088474442603, 39.003930737353265 ], [ -94.291229106203019, 39.004681739414252 ], [ -94.291319174243739, 39.005437454831331 ], [ -94.291358430098185, 39.006195812384078 ], [ -94.291346764546006, 39.006954733545442 ], [ -94.291284207930175, 39.007712138177794 ], [ -94.291170930091795, 39.008465950234338 ], [ -94.29100723992228, 39.009214103450063 ], [ -94.290793584534171, 39.009954547006416 ], [ -94.290530548052729, 39.010685251154555 ], [ -94.290218850031124, 39.011404212781315 ], [ -94.289859343493688, 39.012109460902991 ], [ -94.289453012612356, 39.012799062071579 ], [ -94.289000970022315, 39.01347112567877 ], [ -94.288504453784398, 39.014123809142902 ], [ -94.28796482400206, 39.01475532296503 ], [ -94.287383559102395, 39.015363935639535 ], [ -94.28676225179116, 39.015947978406416 ], [ -94.286102604692715, 39.016505849831759 ], [ -94.285406425687015, 39.017036020203811 ], [ -94.284675622956144, 39.017537035732779 ], [ -94.283912199754113, 39.018007522542369 ], [ -94.283118248914164, 39.018446190442432 ], [ -94.282295947108722, 39.01885183647201 ], [ -94.281447548877679, 39.019223348203248 ], [ -94.280575380441647, 39.019559706796798 ], [ -94.279681833316857, 39.019859989800501 ], [ -94.278769357749667, 39.02012337368334 ], [ -94.277840455988567, 39.02034913609797 ], [ -94.276897675412442, 39.020536657865364 ], [ -94.275943601533712, 39.020685424676024 ], [ -94.274980850896256, 39.020795028503336 ], [ -94.27401206388717, 39.020865168724804 ], [ -94.273039897482548, 39.02089565294834 ], [ -94.272067017947549, 39.020886397541148 ], [ -94.271096093510295, 39.020837427859774 ], [ -94.270129787030697, 39.020748878180818 ], [ -94.269170748683905, 39.020620991332194 ], [ -94.2682216086788, 39.020454118026308 ], [ -94.267284970031781, 39.020248715896805 ], [ -94.266363401415774, 39.020005348241398 ], [ -94.26545943010413, 39.01972468247471 ], [ -94.264575535029167, 39.019407488294846 ], [ -94.263714139974311, 39.019054635569312 ], [ -94.262877606918693, 39.018667091945602 ], [ -94.262068229552668, 39.018245920193458 ], [ -94.261288226982174, 39.017792275286013 ], [ -94.260539737638965, 39.017307401227789 ], [ -94.259824813413985, 39.016792627638416 ], [ -94.259145414029533, 39.016249366101583 ], [ -94.258503401666047, 39.015679106289035 ], [ -94.257900535858113, 39.01508341187067 ], [ -94.257338468673609, 39.014463916221679 ], [ -94.256818740189303, 39.013822317938846 ], [ -94.256342774275254, 39.013160376178192 ], [ -94.255911874699436, 39.012479905826901 ], [ -94.255527221563185, 39.011782772522807 ], [ -94.255189868077281, 39.011070887535169 ], [ -94.254900737687123, 39.010346202520807 ], [ -94.254660621555047, 39.009610704170001 ], [ -94.254470176406286, 39.008866408757008 ], [ -94.254329922744489, 39.008115356610105 ], [ -94.25424024344143, 39.007359606516111 ], [ -94.254201382704636, 39.006601230075375 ] ] ] } },
{ "type": "Feature", "properties": { }, "geometry": { "type": "Polygon", "coordinates": [ [ [ -94.495697309131145, 39.105670192924563 ], [ -94.495706769056667, 39.104911305334433 ], [ -94.495767191004603, 39.104153843426118 ], [ -94.495878407731183, 39.10339988330368 ], [ -94.496040112793636, 39.102651491407329 ], [ -94.496251861407842, 39.101910718850867 ], [ -94.496513071684433, 39.101179595801547 ], [ -94.496823026240236, 39.100460125918211 ], [ -94.497180874180088, 39.099754280862683 ], [ -94.497585633443705, 39.09906399489941 ], [ -94.498036193510785, 39.098391159598343 ], [ -94.498531318456955, 39.097737618655209 ], [ -94.499069650351998, 39.09710516284354 ], [ -94.499649712990831, 39.096495525112196 ], [ -94.500269915947044, 39.095910375841704 ], [ -94.500928558937844, 39.0953513182723 ], [ -94.501623836488193, 39.094819884116383 ], [ -94.502353842881391, 39.09431752936694 ], [ -94.503116577382698, 39.093845630313758 ], [ -94.503909949721304, 39.09340547977795 ], [ -94.504731785816119, 39.09299828357527 ], [ -94.505579833729172, 39.092625157217597 ], [ -94.506451769830917, 39.092287122861897 ], [ -94.50734520516022, 39.091985106514649 ], [ -94.508257691961887, 39.091719935499277 ], [ -94.509186730383817, 39.091492336194037 ], [ -94.510129775315704, 39.091302932045622 ], [ -94.511084243350624, 39.091152241864741 ], [ -94.512047519850384, 39.091040678407587 ], [ -94.513016966095819, 39.090968547247662 ], [ -94.513989926502262, 39.090936045940431 ], [ -94.514963735880869, 39.090943263483588 ], [ -94.515935726725857, 39.090990180073987 ], [ -94.516903236508043, 39.091076667162191 ], [ -94.517863614954791, 39.091202487804303 ], [ -94.518814231296687, 39.091367297310214 ], [ -94.519752481461225, 39.091570644186397 ], [ -94.520675795193924, 39.091811971370909 ], [ -94.521581643087657, 39.092090617756931 ], [ -94.522467543500994, 39.092405820000991 ], [ -94.523331069346824, 39.092756714610722 ], [ -94.524169854732662, 39.093142340306748 ], [ -94.524981601434874, 39.093561640651934 ], [ -94.525764085188754, 39.094013466941227 ], [ -94.526515161777724, 39.094496581343904 ], [ -94.527232772904796, 39.095009660289911 ], [ -94.52791495183034, 39.095551298090946 ], [ -94.52855982876082, 39.096120010786564 ], [ -94.529165635973555, 39.096714240204641 ], [ -94.529730712663721, 39.09733235822533 ], [ -94.530253509500028, 39.097972671236811 ], [ -94.530732592876831, 39.098633424770782 ], [ -94.531166648850572, 39.099312808304845 ], [ -94.53155448675021, 39.10000896021895 ], [ -94.531895042451055, 39.100719972892271 ], [ -94.532187381303444, 39.101443897926465 ], [ -94.532430700707764, 39.102178751481404 ], [ -94.532624332328766, 39.102922519708443 ], [ -94.532767743942927, 39.103673164266539 ], [ -94.532860540913461, 39.104428627906238 ], [ -94.532902467289176, 39.105186840106008 ], [ -94.532893406523485, 39.105945722745822 ], [ -94.532833381811685, 39.106703195802126 ], [ -94.532722556045371, 39.107457183048709 ], [ -94.532561231383823, 39.108205617748204 ], [ -94.532349848443445, 39.108946448317838 ], [ -94.532088985107194, 39.109677643954747 ], [ -94.531779354957095, 39.110397200204801 ], [ -94.531421805334062, 39.111103144459953 ], [ -94.531017315029956, 39.111793541368876 ], [ -94.530566991618301, 39.112466498146091 ], [ -94.530072068430599, 39.113120169764954 ], [ -94.529533901186596, 39.113752764020226 ], [ -94.528953964287425, 39.114362546446209 ], [ -94.52833384678182, 39.114947845077104 ], [ -94.527675248016394, 39.115507055036204 ], [ -94.526979972981621, 39.116038642941533 ], [ -94.526249927366663, 39.116541151115584 ], [ -94.525487112335966, 39.117013201587632 ], [ -94.524693619042637, 39.117453499877556 ], [ -94.523871622892983, 39.117860838550811 ], [ -94.523023377578539, 39.118234100534551 ], [ -94.522151208891643, 39.118572262185879 ], [ -94.521257508341662, 39.118874396103642 ], [ -94.520344726589641, 39.119139673676258 ], [ -94.519415366719187, 39.119367367358052 ], [ -94.518471977362452, 39.119556852668282 ], [ -94.517517145699998, 39.119707609907053 ], [ -94.516553490353957, 39.11981922558342 ], [ -94.515583654194231, 39.119891393551811 ], [ -94.514610297077468, 39.119923915853434 ], [ -94.513636088538945, 39.1199167032606 ], [ -94.512663700457736, 39.119869775522226 ], [ -94.511695799715241, 39.11978326130987 ], [ -94.51073504086753, 39.1196573978646 ], [ -94.50978405885175, 39.119492530345504 ], [ -94.50884546174683, 39.119289110881724 ], [ -94.507921823608413, 39.119047697330451 ], [ -94.507015677397845, 39.118768951744784 ], [ -94.506129508025012, 39.118453638555046 ], [ -94.505265745523786, 39.118102622469138 ], [ -94.504426758379495, 39.117716866097375 ], [ -94.503614847026299, 39.117297427308571 ], [ -94.502832237532829, 39.116845456324626 ], [ -94.502081075493322, 39.11636219256156 ], [ -94.501363420140947, 39.115848961225844 ], [ -94.500681238699883, 39.11530716967539 ], [ -94.500036400991249, 39.114738303555157 ], [ -94.499430674307973, 39.114143922718242 ], [ -94.498865718572588, 39.113525656943445 ], [ -94.498343081791177, 39.11288520146141 ], [ -94.497864195815808, 39.112224312301372 ], [ -94.497430372427232, 39.111544801471702 ], [ -94.497042799748286, 39.110848531987102 ], [ -94.496702538997795, 39.110137412756565 ], [ -94.496410521593916, 39.109413393345847 ], [ -94.496167546614373, 39.108678458629115 ], [ -94.495974278620864, 39.107934623344192 ], [ -94.495831245852941, 39.107183926566883 ], [ -94.495738838796626, 39.106428426118754 ], [ -94.495697309131145, 39.105670192924563 ] ] ] } },
{ "type": "Feature", "properties": { }, "geometry": { "type": "Polygon", "coordinates": [ [ [ -94.253074278535365, 39.033711167648455 ], [ -94.253086350096368, 39.032952246890069 ], [ -94.253149329866261, 39.032194858854169 ], [ -94.253263043598025, 39.031441079434003 ], [ -94.253427178013837, 39.030692974566563 ], [ -94.253641281681311, 39.029952594571355 ], [ -94.253904766267766, 39.029221968532589 ], [ -94.254216908169141, 39.028503098740337 ], [ -94.254576850508769, 39.027797955205756 ], [ -94.254983605500485, 39.02710847026529 ], [ -94.25543605716922, 39.026436533288965 ], [ -94.255932964421788, 39.025783985506642 ], [ -94.256472964459022, 39.025152614966935 ], [ -94.257054576520005, 39.024544151642161 ], [ -94.257676205947931, 39.023960262692903 ], [ -94.258336148566386, 39.023402547904858 ], [ -94.259032595353943, 39.02287253531081 ], [ -94.259763637404475, 39.022371677009076 ], [ -94.260527271159134, 39.021901345190372 ], [ -94.261321403896119, 39.021462828383598 ], [ -94.262143859462796, 39.021057327930841 ], [ -94.262992384234877, 39.020685954701115 ], [ -94.263864653286035, 39.020349726051911 ], [ -94.264758276751394, 39.020049563046747 ], [ -94.265670806367496, 39.019786287936228 ], [ -94.266599742170669, 39.019560621909484 ], [ -94.267542539336091, 39.019373183122134 ], [ -94.268496615138375, 39.019224485006198 ], [ -94.269459356015219, 39.019114934866224 ], [ -94.270428124714584, 39.019044832765985 ], [ -94.271400267506266, 39.019014370708099 ], [ -94.272373121438108, 39.019023632109452 ], [ -94.273344021617135, 39.019072591573341 ], [ -94.274310308496084, 39.019161114959232 ], [ -94.275269335145154, 39.019288959749822 ], [ -94.276218474489767, 39.019455775714512 ], [ -94.277155126494023, 39.019661105867286 ], [ -94.278076725271063, 39.019904387716686 ], [ -94.278980746100515, 39.02018495480413 ], [ -94.279864712334103, 39.020502038526814 ], [ -94.280726202170783, 39.020854770239779 ], [ -94.281562855282758, 39.021242183631891 ], [ -94.282372379274534, 39.021663217368818 ], [ -94.283152555957258, 39.022116717996283 ], [ -94.283901247421483, 39.022601443095297 ], [ -94.284616401891441, 39.023116064681105 ], [ -94.285296059345157, 39.023659172836304 ], [ -94.285938356884941, 39.024229279568566 ], [ -94.286541533843462, 39.024824822882238 ], [ -94.28710393661143, 39.025444171052683 ], [ -94.28762402317389, 39.026085627092129 ], [ -94.288100367342281, 39.026747433394206 ], [ -94.288531662670735, 39.027427776545252 ], [ -94.288916726046025, 39.028124792288565 ], [ -94.289254500940871, 39.028836570628634 ], [ -94.289544060321774, 39.029561161061025 ], [ -94.289784609203252, 39.030296577913909 ], [ -94.289975486841371, 39.031040805786425 ], [ -94.290116168560274, 39.031791805069211 ], [ -94.290206267206599, 39.032547517531924 ], [ -94.290245534227722, 39.033305871962355 ], [ -94.290233860370435, 39.034064789841949 ], [ -94.290171275998347, 39.034822191042046 ], [ -94.290057951026412, 39.035575999525165 ], [ -94.289894194473135, 39.036324149035899 ], [ -94.289680453630936, 39.03706458876561 ], [ -94.28941731285731, 39.037795288975616 ], [ -94.289105491989446, 39.038514246563238 ], [ -94.288745844386682, 39.039219490555411 ], [ -94.288339354606009, 39.039909087515021 ], [ -94.287887135716772, 39.040581146844765 ], [ -94.287390426261794, 39.041233825974267 ], [ -94.286850586873101, 39.041865335415835 ], [ -94.286269096551521, 39.042473943675283 ], [ -94.285647548620062, 39.043057982004157 ], [ -94.284987646362254, 39.043615848980046 ], [ -94.284291198357309, 39.044146014902822 ], [ -94.2835601135247, 39.044647025994273 ], [ -94.282796395891992, 39.045117508389637 ], [ -94.282002139099973, 39.045556171910299 ], [ -94.28117952066043, 39.045961813606745 ], [ -94.280330795982181, 39.046333321062463 ], [ -94.279458292181701, 39.04666967544933 ], [ -94.278564401695846, 39.046969954326215 ], [ -94.277651575713634, 39.047233334173072 ], [ -94.27672231744576, 39.047459092653177 ], [ -94.275779175250037, 39.047646610598001 ], [ -94.27482473563208, 39.047795373708269 ], [ -94.273861616140266, 39.04790497396732 ], [ -94.272892458174766, 39.04797511076228 ], [ -94.271919919730692, 39.048005591710407 ], [ -94.27094666809505, 39.047996333187839 ], [ -94.269975372518132, 39.047947360559753 ], [ -94.269008696879297, 39.047858808110895 ], [ -94.268049292367621, 39.047730918677011 ], [ -94.267099790197705, 39.047564042977797 ], [ -94.266162794380577, 39.047358638653748 ], [ -94.265240874570011, 39.04711526900897 ], [ -94.264336559003681, 39.046834601463914 ], [ -94.263452327559051, 39.046517405722064 ], [ -94.262590604942886, 39.046164551655629 ], [ -94.261753754033379, 39.045777006916332 ], [ -94.260944069393105, 39.04535583427753 ], [ -94.260163770971033, 39.044902188715376 ], [ -94.259414998010399, 39.044417314236746 ], [ -94.25869980317988, 39.043902540463094 ], [ -94.258020146943636, 39.04335927897916 ], [ -94.257377892186, 39.042789019457196 ], [ -94.256774799105614, 39.04219332556687 ], [ -94.256212520392737, 39.041573830682538 ], [ -94.25569259670317, 39.040932233399438 ], [ -94.255216452441005, 39.040270292871384 ], [ -94.254785391861887, 39.039589823982702 ], [ -94.254400595507079, 39.038892692367661 ], [ -94.254063116978344, 39.038180809291305 ], [ -94.253773880062127, 39.037456126405566 ], [ -94.253533676210907, 39.036720630395223 ], [ -94.25334316238839, 39.035976337528382 ], [ -94.253202859284414, 39.035225288126533 ], [ -94.253113149904152, 39.034469540969113 ], [ -94.253074278535365, 39.033711167648455 ] ] ] } },
{ "type": "Feature", "properties": { }, "geometry": { "type": "Polygon", "coordinates": [ [ [ -94.339478720446976, 38.980954690974265 ], [ -94.339489875342267, 38.980195770752111 ], [ -94.339551901429431, 38.979438346179016 ], [ -94.339664627078974, 38.978684493251592 ], [ -94.339827741724363, 38.977936278111493 ], [ -94.340040796730591, 38.977195751383782 ], [ -94.340303206640925, 38.976464942558103 ], [ -94.340614250797785, 38.975745854428766 ], [ -94.340973075333523, 38.975040457608515 ], [ -94.341378695525222, 38.974350685131085 ], [ -94.341829998506952, 38.973678427157523 ], [ -94.342325746332008, 38.973025525800253 ], [ -94.342864579376467, 38.972393770079513 ], [ -94.343445020074753, 38.971784891025692 ], [ -94.344065476976709, 38.971200556940836 ], [ -94.344724249115231, 38.97064236883255 ], [ -94.345419530672061, 38.970111856032347 ], [ -94.346149415929375, 38.969610472010757 ], [ -94.346911904493126, 38.969139590400246 ], [ -94.347704906774084, 38.968700501237151 ], [ -94.348526249711611, 38.968294407432452 ], [ -94.349373682724305, 38.967922421481305 ], [ -94.350244883871383, 38.967585562420084 ], [ -94.351137466208129, 38.967284753039372 ], [ -94.352048984317804, 38.967020817360194 ], [ -94.352976941002396, 38.966794478380741 ], [ -94.353918794114151, 38.966606356099369 ], [ -94.354871963508856, 38.966456965819368 ], [ -94.355833838102512, 38.966346716740183 ], [ -94.356801783011818, 38.966275910838732 ], [ -94.357773146759229, 38.966244742043941 ], [ -94.358745268523151, 38.966253295706878 ], [ -94.359715485413219, 38.966301548367646 ], [ -94.360681139751378, 38.966389367819843 ], [ -94.36163958633864, 38.966516513472378 ], [ -94.362588199687977, 38.966682637007615 ], [ -94.363524381203646, 38.966887283334223 ], [ -94.364445566287458, 38.967129891831824 ], [ -94.365349231352752, 38.967409797884294 ], [ -94.366232900726942, 38.967726234697665 ], [ -94.367094153423892, 38.968078335397173 ], [ -94.367930629767812, 38.968465135398532 ], [ -94.36874003785033, 38.968885575046166 ], [ -94.369520159803642, 38.969338502511825 ], [ -94.370268857872219, 38.96982267694554 ], [ -94.370984080266695, 38.970336771870095 ], [ -94.371663866783976, 38.970879378810189 ], [ -94.372306354178107, 38.97144901114617 ], [ -94.372909781267282, 38.972044108181798 ], [ -94.37347249376289, 38.972663039415245 ], [ -94.373992948807597, 38.973304109001326 ], [ -94.374469719209543, 38.973965560393175 ], [ -94.37490149736152, 38.974645581150426 ], [ -94.375287098833837, 38.975342307900924 ], [ -94.375625465631202, 38.976053831442456 ], [ -94.3759156691046, 38.976778201970525 ], [ -94.376156912509799, 38.977513434417808 ], [ -94.376348533205629, 38.978257513891023 ], [ -94.376490004485632, 38.979008401189837 ], [ -94.376580937038071, 38.979764038393462 ], [ -94.376621080029864, 38.980522354498689 ], [ -94.376610321811654, 38.981281271094986 ], [ -94.376548690241549, 38.982038708060252 ], [ -94.37643635262657, 38.982792589262154 ], [ -94.376273615281903, 38.983540848249191 ], [ -94.376060922708746, 38.984281433915953 ], [ -94.375798856392962, 38.985012316127012 ], [ -94.37548813322762, 38.985731491284064 ], [ -94.375129603563522, 38.986436987820852 ], [ -94.374724248892932, 38.987126871611125 ], [ -94.374273179172633, 38.987799251274268 ], [ -94.373777629793707, 38.98845228336463 ], [ -94.373238958205832, 38.989084177429596 ], [ -94.372658640205657, 38.989693200923078 ], [ -94.372038265898993, 38.990277683960493 ], [ -94.371379535348055, 38.990836023902297 ], [ -94.370684253915428, 38.991366689753448 ], [ -94.369954327317572, 38.991868226366584 ], [ -94.36919175640152, 38.99233925843739 ], [ -94.368398631658692, 38.992778494281048 ], [ -94.367577127491487, 38.993184729379536 ], [ -94.366729496247785, 38.993556849689639 ], [ -94.365858062040189, 38.993893834702909 ], [ -94.364965214366904, 38.994194760248838 ], [ -94.364053401551743, 38.994458801033645 ], [ -94.363125124021565, 38.994685232907557 ], [ -94.362182927439406, 38.994873434854519 ], [ -94.36122939571257, 38.995022890698337 ], [ -94.360267143894873, 38.995133190521273 ], [ -94.359298811002574, 38.995204031790443 ], [ -94.358327052763997, 38.9952352201894 ], [ -94.357354534322909, 38.99522667015232 ], [ -94.356383922915725, 38.995178405099352 ], [ -94.355417880542916, 38.995090557372698 ], [ -94.354459056654875, 38.994963367873211 ], [ -94.353510080872411, 38.994797185398902 ], [ -94.352573555762149, 38.994592465686885 ], [ -94.351652049686805, 38.994349770161556 ], [ -94.350748089749871, 38.994069764392528 ], [ -94.3498641548546, 38.993753216266306 ], [ -94.349002668896219, 38.993400993877167 ], [ -94.348165994106225, 38.993014063142724 ], [ -94.347356424567167, 38.992593485150856 ], [ -94.346576179915814, 38.992140413245515 ], [ -94.345827399252002, 38.991656089859234 ], [ -94.345112135270028, 38.991141843101154 ], [ -94.344432348628615, 38.990599083110091 ], [ -94.343789902575082, 38.990029298182591 ], [ -94.343186557838308, 38.989434050686675 ], [ -94.342623967804613, 38.98881497277268 ], [ -94.342103673989627, 38.988173761892824 ], [ -94.34162710181873, 38.987512176142047 ], [ -94.341195556727286, 38.986832029432748 ], [ -94.340810220591521, 38.986135186517075 ], [ -94.340472148499614, 38.985423557869922 ], [ -94.340182265871775, 38.984699094447393 ], [ -94.339941365936951, 38.983963782334548 ], [ -94.339750107573195, 38.983219637297545 ], [ -94.339609013517176, 38.982468699254973 ], [ -94.339518468947688, 38.981713026683671 ], [ -94.339478720446976, 38.980954690974265 ] ] ] } },
{ "type": "Feature", "properties": { }, "geometry": { "type": "Polygon", "coordinates": [ [ [ -94.363162859198283, 38.850547847374081 ], [ -94.363173782061324, 38.849788913242683 ], [ -94.363235483200739, 38.849031466129055 ], [ -94.363347791888003, 38.848277582092777 ], [ -94.363510398709366, 38.847529327362302 ], [ -94.363722856431238, 38.846788752672929 ], [ -94.363984581242903, 38.84605788764776 ], [ -94.364294854372943, 38.845338735237412 ], [ -94.364652824074568, 38.844633266233245 ], [ -94.365057507974598, 38.843943413869482 ], [ -94.365507795779308, 38.843271068528857 ], [ -94.366002452329369, 38.842618072566161 ], [ -94.366540120995836, 38.84198621526393 ], [ -94.367119327407423, 38.84137722793399 ], [ -94.367738483498812, 38.840792779178223 ], [ -94.368395891868914, 38.840234470321555 ], [ -94.369089750437027, 38.839703831029475 ], [ -94.369818157384003, 38.839202315122101 ], [ -94.370579116365036, 38.838731296596222 ], [ -94.371370541979701, 38.838292065866078 ], [ -94.372190265484093, 38.837885826233197 ], [ -94.373036040729843, 38.837513690594697 ], [ -94.373905550313381, 38.837176678399352 ], [ -94.374796411918979, 38.836875712859261 ], [ -94.375706184838094, 38.836611618425039 ], [ -94.376632376647322, 38.836385118531311 ], [ -94.377572450026861, 38.836196833618459 ], [ -94.37852382970074, 38.836047279436215 ], [ -94.379483909480228, 38.83593686563362 ], [ -94.380450059391023, 38.835865894639142 ], [ -94.381419632864976, 38.835834560833952 ], [ -94.382389973976842, 38.835842950020812 ], [ -94.383358424706472, 38.835891039189725 ], [ -94.384322332206423, 38.835978696581229 ], [ -94.385279056055779, 38.836105682046906 ], [ -94.386225975479874, 38.836271647706496 ], [ -94.387160496516969, 38.83647613889935 ], [ -94.388080059111857, 38.836718595428053 ], [ -94.388982144117421, 38.836998353090635 ], [ -94.389864280185193, 38.837314645497173 ], [ -94.390724050525876, 38.837666606165982 ], [ -94.391559099521814, 38.838053270893717 ], [ -94.392367139173004, 38.838473580392588 ], [ -94.393145955359628, 38.838926383188067 ], [ -94.393893413903413, 38.839410438768837 ], [ -94.394607466411813, 38.839924420980424 ], [ -94.395286155888769, 38.840466921653473 ], [ -94.395927622096849, 38.841036454456685 ], [ -94.396530106655874, 38.841631458963846 ], [ -94.397091957864404, 38.842250304924043 ], [ -94.397611635230561, 38.842891296723394 ], [ -94.398087713699766, 38.84355267802588 ], [ -94.398518887567974, 38.844232636581189 ], [ -94.398903974069214, 38.844929309185851 ], [ -94.399241916627943, 38.845640786784479 ], [ -94.399531787766776, 38.846365119697225 ], [ -94.399772791661817, 38.847100322958859 ], [ -94.399964266338259, 38.847844381755436 ], [ -94.400105685500137, 38.848595256942936 ], [ -94.400196659988993, 38.849350890633708 ], [ -94.400236938867451, 38.850109211834429 ], [ -94.400226410124304, 38.850868142121229 ], [ -94.40016510099916, 38.851625601335328 ], [ -94.400053177925543, 38.852379513284639 ], [ -94.399890946092384, 38.853127811434867 ], [ -94.39967884862476, 38.853868444574978 ], [ -94.399417465386378, 38.854599382441471 ], [ -94.39910751140637, 38.855318621285697 ], [ -94.398749834934804, 38.856024189369307 ], [ -94.398345415132155, 38.856714152372497 ], [ -94.397895359398674, 38.857386618700396 ], [ -94.397400900351073, 38.858039744672617 ], [ -94.396863392454378, 38.858671739582235 ], [ -94.396284308318471, 38.859280870609759 ], [ -94.395665234668996, 38.859865467578913 ], [ -94.395007868003788, 38.860423927540943 ], [ -94.394314009946612, 38.860954719174792 ], [ -94.393585562311046, 38.861456386991279 ], [ -94.392824521887633, 38.861927555329245 ], [ -94.39203297496914, 38.862366932133092 ], [ -94.391213091628472, 38.86277331250087 ], [ -94.390367119765244, 38.863145581993528 ], [ -94.389497378937151, 38.863482719695789 ], [ -94.38860625399353, 38.863783801020446 ], [ -94.387696188528082, 38.864048000248332 ], [ -94.386769678169415, 38.864274592796669 ], [ -94.38582926372743, 38.864462957209973 ], [ -94.384877524214872, 38.864612576867437 ], [ -94.383917069762887, 38.864723041402677 ], [ -94.382950534450814, 38.86479404783141 ], [ -94.381980569069327, 38.864825401384209 ], [ -94.381009833837467, 38.864817016041961 ], [ -94.380040991093509, 38.864768914772554 ], [ -94.379076697979826, 38.864681229468033 ], [ -94.378119599142238, 38.864554200582589 ], [ -94.377172319463838, 38.864388176472239 ], [ -94.376237456853389, 38.864183612438026 ], [ -94.375317575108468, 38.863941069475423 ], [ -94.374415196872846, 38.863661212733405 ], [ -94.373532796707693, 38.863344809687419 ], [ -94.372672794295795, 38.862992728031308 ], [ -94.371837547797469, 38.862605933294027 ], [ -94.371029347376535, 38.862185486187755 ], [ -94.370250408914288, 38.861732539694692 ], [ -94.369502867928659, 38.861248335900513 ], [ -94.368788773715451, 38.860734202583565 ], [ -94.368110083727615, 38.860191549568725 ], [ -94.367468658208224, 38.859621864856422 ], [ -94.366866255091651, 38.859026710537179 ], [ -94.36630452518699, 38.85840771850328 ], [ -94.365785007657152, 38.857766585969067 ], [ -94.365309125805467, 38.857105070812437 ], [ -94.36487818318183, 38.856424986750227 ], [ -94.364493360018628, 38.855728198361028 ], [ -94.36415571000623, 38.855016615968744 ], [ -94.363866157416794, 38.854292190401424 ], [ -94.36362549458417, 38.853556907639351 ], [ -94.363434379746352, 38.852812783367568 ], [ -94.363293335256913, 38.852061857447417 ], [ -94.363202746169264, 38.851306188322418 ], [ -94.363162859198283, 38.850547847374081 ] ] ] } },
{ "type": "Feature", "properties": { }, "geometry": { "type": "Polygon", "coordinates": [ [ [ -94.576261342035252, 39.054912772677014 ], [ -94.57626994979222, 39.054153889893314 ], [ -94.576329483495101, 39.053396398292563 ], [ -94.576439778338226, 39.052642374063133 ], [ -94.576600530408683, 39.051893883823986 ], [ -94.576811297536707, 39.051152978961547 ], [ -94.577071500524809, 39.050421690008783 ], [ -94.577380424751695, 39.049702021082282 ], [ -94.577737222146595, 39.048995944392416 ], [ -94.578140913528287, 39.048305394841393 ], [ -94.578590391302441, 39.047632264724392 ], [ -94.579084422509411, 39.046978398547779 ], [ -94.579621652214456, 39.046345587978948 ], [ -94.580200607230509, 39.045735566941289 ], [ -94.580819700163488, 39.0451500068679 ], [ -94.581477233768965, 39.044590512126696 ], [ -94.582171405607909, 39.044058615629723 ], [ -94.582900312989239, 39.043555774638349 ], [ -94.583661958184976, 39.043083366775932 ], [ -94.584454253904184, 39.042642686258702 ], [ -94.585275029010546, 39.042234940355193 ], [ -94.586122034467834, 39.041861246083876 ], [ -94.586992949497343, 39.041522627157882 ], [ -94.587885387930058, 39.041220011185139 ], [ -94.588796904736625, 39.040954227131557 ], [ -94.589725002717174, 39.040726003054289 ], [ -94.59066713933278, 39.040535964110838 ], [ -94.591620733659994, 39.040384630849928 ], [ -94.592583173449583, 39.040272417788259 ], [ -94.593551822270243, 39.040199632277442 ], [ -94.59452402671792, 39.040166473663945 ], [ -94.595497123671166, 39.040173032744327 ], [ -94.596468447572803, 39.040219291517424 ], [ -94.597435337718139, 39.040305123233864 ], [ -94.598395145529963, 39.040430292743039 ], [ -94.599345241800606, 39.0405944571365 ], [ -94.600283023881374, 39.040797166685856 ], [ -94.601205922799778, 39.041037866073019 ], [ -94.602111410285332, 39.041315895908902 ], [ -94.602997005684827, 39.041630494537117 ], [ -94.603860282748215, 39.041980800117024 ], [ -94.604698876266667, 39.042365852981135 ], [ -94.60551048854478, 39.042784598260013 ], [ -94.606292895689307, 39.043235888767818 ], [ -94.607043953697257, 39.043718488140421 ], [ -94.607761604326711, 39.044231074217748 ], [ -94.608443880734441, 39.044772242660983 ], [ -94.609088912864806, 39.045340510795043 ], [ -94.60969493257528, 39.045934321665491 ], [ -94.610260278484432, 39.046552048299191 ], [ -94.610783400529229, 39.04719199815694 ], [ -94.611262864218972, 39.047852417765903 ], [ -94.611697354574204, 39.048531497519427 ], [ -94.61208567973982, 39.049227376630867 ], [ -94.612426774262119, 39.049938148228215 ], [ -94.612719702021067, 39.050661864575261 ], [ -94.61296365880925, 39.051396542405541 ], [ -94.613157974550504, 39.052140168353972 ], [ -94.613302115151981, 39.052890704471629 ], [ -94.613395683984351, 39.053646093808645 ], [ -94.61343842298588, 39.054404266049758 ], [ -94.613430213387247, 39.055163143187137 ], [ -94.613371076054889, 39.055920645215181 ], [ -94.613261171451711, 39.056674695831262 ], [ -94.613100799215118, 39.057423228127305 ], [ -94.61289039735334, 39.058164190256107 ], [ -94.612630541061904, 39.058895551057311 ], [ -94.612321941163643, 39.059615305627091 ], [ -94.611965442175915, 39.060321480816803 ], [ -94.61156202001051, 39.061012140645012 ], [ -94.611112779312208, 39.061685391608329 ], [ -94.610618950443154, 39.062339387876385 ], [ -94.610081886121264, 39.062972336356481 ], [ -94.609503057721639, 39.063582501614206 ], [ -94.608884051251067, 39.064168210636403 ], [ -94.608226563006767, 39.064727857423229 ], [ -94.607532394930701, 39.065259907396758 ], [ -94.606803449672753, 39.065762901614136 ], [ -94.606041725375889, 39.066235460773235 ], [ -94.605249310197692, 39.066676289000171 ], [ -94.6044283765833, 39.06708417740807 ], [ -94.603581175305536, 39.067458007417152 ], [ -94.60271002928863, 39.067796753827139 ], [ -94.601817327232311, 39.068099487633347 ], [ -94.60090551705423, 39.068365378578825 ], [ -94.599977099168527, 39.068593697435318 ], [ -94.599034619619047, 39.068783818006921 ], [ -94.598080663086535, 39.068935218850541 ], [ -94.597117845788588, 39.06904748470906 ], [ -94.596148808292583, 39.069120307652376 ], [ -94.595176208260966, 39.069153487923934 ], [ -94.594202713149301, 39.069146934489851 ], [ -94.593230992877096, 39.069100665289469 ], [ -94.592263712491729, 39.06901480718637 ], [ -94.591303524845969, 39.068889595620277 ], [ -94.590353063309038, 39.068725373960433 ], [ -94.589414934531561, 39.068522592562616 ], [ -94.588491711284519, 39.068281807532159 ], [ -94.587585925391792, 39.068003679196408 ], [ -94.586700060776025, 39.06768897029098 ], [ -94.585836546636813, 39.067338543864729 ], [ -94.584997750780474, 39.06695336090916 ], [ -94.584185973119261, 39.06653447771901 ], [ -94.583403439358378, 39.06608304299111 ], [ -94.582652294888064, 39.065600294669693 ], [ -94.581934598897533, 39.065087556546779 ], [ -94.581252318726996, 39.064546234626967 ], [ -94.580607324473306, 39.063977813266888 ], [ -94.58000138386403, 39.063383851099772 ], [ -94.579436157413937, 39.062765976756381 ], [ -94.578913193877227, 39.062125884394263 ], [ -94.578433926007975, 39.06146532904755 ], [ -94.577999666640167, 39.060786121810061 ], [ -94.57761160509817, 39.060090124865184 ], [ -94.577270803947371, 39.059379246375961 ], [ -94.576978196093535, 39.058655435249698 ], [ -94.576734582239197, 39.05792067579128 ], [ -94.576540628703214, 39.057176982260167 ], [ -94.576396865610022, 39.056426393345689 ], [ -94.576303685452942, 39.055670966576166 ], [ -94.576261342035252, 39.054912772677014 ] ] ] } },
{ "type": "Feature", "properties": { }, "geometry": { "type": "Polygon", "coordinates": [ [ [ -94.572112189337858, 39.013351886859041 ], [ -94.572120851503058, 39.012592998354556 ], [ -94.572180409732596, 39.011835503470664 ], [ -94.572290699157008, 39.011081478404712 ], [ -94.572451415881531, 39.010332989778021 ], [ -94.5726621178366, 39.009592088972738 ], [ -94.572922226006526, 39.008860806511017 ], [ -94.573231026032957, 39.008141146491987 ], [ -94.573587670188417, 39.007435081102038 ], [ -94.573991179714412, 39.006744545212975 ], [ -94.574440447517489, 39.006071431083093 ], [ -94.574934241215701, 39.00541758317565 ], [ -94.575471206527197, 39.004784793108712 ], [ -94.576049870991213, 39.00417479475027 ], [ -94.576668648011349, 39.003589259472093 ], [ -94.577325841209955, 39.003029791575038 ], [ -94.578019649081739, 39.002497923898503 ], [ -94.578748169933391, 39.001995113625789 ], [ -94.579509407096324, 39.001522738296977 ], [ -94.580301274397513, 39.001082092040086 ], [ -94.581121601874116, 39.000674382030695 ], [ -94.58196814171572, 39.000300725189774 ], [ -94.582838574418332, 38.99996214512872 ], [ -94.583730515133198, 38.999659569349781 ], [ -94.584641520193088, 38.9993938267095 ], [ -94.585569093798512, 38.99916564515221 ], [ -94.586510694845188, 38.998975649719554 ], [ -94.587463743874864, 38.998824360841539 ], [ -94.588425630129933, 38.998712192913736 ], [ -94.589393718693174, 38.998639453164465 ], [ -94.590365357692932, 38.998606340815066 ], [ -94.591337885554253, 38.998612946535545 ], [ -94.592308638276464, 38.998659252197001 ], [ -94.593274956717039, 38.998745130921584 ], [ -94.594234193862405, 38.998870347429801 ], [ -94.595183722065812, 38.999034558684166 ], [ -94.596120940232368, 38.999237314827617 ], [ -94.597043280932198, 38.999478060413971 ], [ -94.597948217421973, 38.999756135927107 ], [ -94.598833270556085, 39.000070779584888 ], [ -94.599696015568313, 39.000421129422634 ], [ -94.60053408870597, 39.000806225650884 ], [ -94.60134519369808, 39.001225013280603 ], [ -94.602127108040207, 39.001676345009052 ], [ -94.602877689078809, 39.002158984358275 ], [ -94.603594879878358, 39.002671609057714 ], [ -94.604276714855388, 39.003212814661836 ], [ -94.604921325163943, 39.003781118392709 ], [ -94.60552694381775, 39.004374963197421 ], [ -94.606091910535099, 39.004992722008865 ], [ -94.606614676293106, 39.00563270219871 ], [ -94.607093807578764, 39.006293150210084 ], [ -94.607527990325167, 39.006972256357606 ], [ -94.607916033522088, 39.007668159781446 ], [ -94.608256872490813, 39.00837895354217 ], [ -94.608549571814038, 39.009102689842138 ], [ -94.608793327913077, 39.009837385359496 ], [ -94.608987471264626, 39.010581026680121 ], [ -94.609131468251334, 39.011331575812449 ], [ -94.609224922640635, 39.012086975770558 ], [ -94.609267576687699, 39.012845156209686 ], [ -94.609259311859418, 39.013604039099363 ], [ -94.609200149176957, 39.014361544418058 ], [ -94.609090249176091, 39.015115595854105 ], [ -94.608929911484978, 39.01586412649727 ], [ -94.608719574020427, 39.016605084505017 ], [ -94.608459811804678, 39.017336438728542 ], [ -94.608151335405751, 39.018056184282422 ], [ -94.60779498900537, 39.018762348043147 ], [ -94.607391748099772, 39.019452994061169 ], [ -94.606942716839399, 39.020126228871561 ], [ -94.606449125014493, 39.020780206688876 ], [ -94.605912324695197, 39.02141313447175 ], [ -94.605333786534587, 39.022023276843314 ], [ -94.604715095745235, 39.022608960853972 ], [ -94.604057947760012, 39.023168580573326 ], [ -94.603364143588891, 39.023700601498568 ], [ -94.602635584884595, 39.024203564767411 ], [ -94.601874268730455, 39.024676091163478 ], [ -94.60108228216491, 39.025116884903639 ], [ -94.600261796457517, 39.02552473719647 ], [ -94.599415061152285, 39.025898529562099 ], [ -94.598544397894756, 39.026237236904265 ], [ -94.597652194059677, 39.026539930326244 ], [ -94.596740896197076, 39.026805779682576 ], [ -94.595813003314476, 39.027034055859673 ], [ -94.594871060014185, 39.027224132779274 ], [ -94.593917649504306, 39.027375489118533 ], [ -94.592955386502865, 39.0274877097428 ], [ -94.5919869100548, 39.027560486846376 ], [ -94.591014876281548, 39.027593620798669 ], [ -94.590041951083222, 39.027587020693005 ], [ -94.589070802813879, 39.027540704596738 ], [ -94.588104094949685, 39.027454799502053 ], [ -94.587144478770824, 39.02732954097737 ], [ -94.586194586076857, 39.027165272520513 ], [ -94.585257021956096, 39.026962444615251 ], [ -94.584334357628748, 39.026721613493997 ], [ -94.583429123383866, 39.026443439610048 ], [ -94.582543801629356, 39.026128685823309 ], [ -94.581680820074482, 39.025778215305024 ], [ -94.580842545063547, 39.025392989166875 ], [ -94.580031275079293, 39.024974063821233 ], [ -94.579249234433831, 39.024522588079648 ], [ -94.578498567164516, 39.024039799997936 ], [ -94.577781331151613, 39.023527023476191 ], [ -94.577099492474005, 39.022985664623342 ], [ -94.576454920018179, 39.022417207896346 ], [ -94.575849380355663, 39.021823212024394 ], [ -94.5752845329027, 39.02120530572968 ], [ -94.574761925375526, 39.020565183256437 ], [ -94.574282989553552, 39.019904599720384 ], [ -94.573849037362095, 39.019225366291749 ], [ -94.573461257285388, 39.018529345224877 ], [ -94.573120711119373, 39.017818444748151 ], [ -94.57282833107331, 39.017094613828391 ], [ -94.572584917227829, 39.016359836824115 ], [ -94.57239113535644, 39.015616128042247 ], [ -94.572247515116047, 39.01486552621347 ], [ -94.572154448611485, 39.01411008890107 ], [ -94.572112189337858, 39.013351886859041 ] ] ] } },
{ "type": "Feature", "properties": { }, "geometry": { "type": "Polygon", "coordinates": [ [ [ -94.570531489683901, 39.015971649291572 ], [ -94.570540168127067, 39.015212760878882 ], [ -94.57059974450658, 39.014455266738025 ], [ -94.570710053903042, 39.013701243064247 ], [ -94.570870792366748, 39.012952756475002 ], [ -94.571081517768391, 39.012211858346802 ], [ -94.571341651027851, 39.011480579194298 ], [ -94.571650477717924, 39.010760923107547 ], [ -94.572007150037876, 39.010054862262074 ], [ -94.572410689151937, 39.009364331517119 ], [ -94.572859987885479, 39.00869122311682 ], [ -94.573353813771774, 39.008037381508629 ], [ -94.573890812440737, 39.007404598293284 ], [ -94.574469511340112, 39.006794607319918 ], [ -94.575088323779184, 39.006209079939964 ], [ -94.575745553283284, 39.005649620432592 ], [ -94.576439398247658, 39.005117761614137 ], [ -94.57716795687746, 39.004614960643536 ], [ -94.577929232400649, 39.004142595035361 ], [ -94.578721138539237, 39.003701958890893 ], [ -94.579541505224057, 39.003294259357986 ], [ -94.580388084537418, 39.002920613328861 ], [ -94.58125855686734, 39.002582044385271 ], [ -94.582150537256638, 39.002279479998947 ], [ -94.583061581929584, 39.002013748995211 ], [ -94.583989194978315, 39.001785579286533 ], [ -94.584930835190661, 39.001595595882044 ], [ -94.585883923001276, 39.001444319178852 ], [ -94.586845847546485, 39.001332163539146 ], [ -94.587813973804344, 39.001259436157603 ], [ -94.588785649800087, 39.001226336221748 ], [ -94.589758213857621, 39.001232954367552 ], [ -94.59072900187725, 39.001279272432178 ], [ -94.591695354619887, 39.001365163503799 ], [ -94.592654624978167, 39.00149039226914 ], [ -94.593604185214431, 39.001654615657216 ], [ -94.594541434146166, 39.001857383777775 ], [ -94.595463804259296, 39.002098141151912 ], [ -94.596368768730002, 39.002376228231242 ], [ -94.597253848336038, 39.002690883201993 ], [ -94.598116618238734, 39.003041244068591 ], [ -94.598954714617193, 39.00342635101142 ], [ -94.599765841136744, 39.003845149012136 ], [ -94.600547775234006, 39.004296490739655 ], [ -94.601298374201193, 39.004779139688729 ], [ -94.602015581053621, 39.005291773562512 ], [ -94.602697430163715, 39.005832987890386 ], [ -94.603342052646695, 39.006401299870625 ], [ -94.603947681482794, 39.006995152427677 ], [ -94.604512656362289, 39.007612918473285 ], [ -94.605035428239702, 39.008252905359306 ], [ -94.605514563585103, 39.008913359510551 ], [ -94.605948748320273, 39.009592471224835 ], [ -94.606336791429342, 39.010288379627106 ], [ -94.60667762823357, 39.010999177764241 ], [ -94.606970323321406, 39.011722917826631 ], [ -94.607214073125533, 39.012457616482109 ], [ -94.607408208139645, 39.013201260307888 ], [ -94.607552194769028, 39.013951811305553 ], [ -94.607645636809281, 39.014707212484005 ], [ -94.607688276549183, 39.015465393495134 ], [ -94.607679995494593, 39.016224276306815 ], [ -94.60762081471097, 39.01698178089768 ], [ -94.607510894783502, 39.01773583095801 ], [ -94.607350535394787, 39.01848435958123 ], [ -94.607140174520907, 39.019225314930345 ], [ -94.606880387248125, 39.019956665863695 ], [ -94.606571884212997, 39.020676407504837 ], [ -94.606215509670164, 39.021382566740883 ], [ -94.6058122391929, 39.022073207634605 ], [ -94.605363177012606, 39.022746436735048 ], [ -94.604869553004278, 39.023400408272359 ], [ -94.604332719326209, 39.024033329222242 ], [ -94.60375414672292, 39.02464346422655 ], [ -94.603135420501445, 39.025229140355776 ], [ -94.602478236191814, 39.025788751701057 ], [ -94.601784394903646, 39.026320763782493 ], [ -94.601055798391485, 39.026823717761928 ], [ -94.600294443842415, 39.027296234448428 ], [ -94.599502418400263, 39.027737018085446 ], [ -94.598681893441295, 39.02814485990919 ], [ -94.597835118617297, 39.028518641468445 ], [ -94.596964415682294, 39.028857337696586 ], [ -94.596072172120031, 39.0291600197273 ], [ -94.59516083458962, 39.029425857446341 ], [ -94.594232902207551, 39.029654121772055 ], [ -94.593290919684605, 39.029844186658643 ], [ -94.592337470336659, 39.029995530816286 ], [ -94.591375168988392, 39.030107739143723 ], [ -94.590406654790101, 39.030180503869047 ], [ -94.589434583966906, 39.030213625395568 ], [ -94.588461622520725, 39.030207012850774 ], [ -94.587490438905121, 39.030160684336131 ], [ -94.586523696693433, 39.030074766877952 ], [ -94.585564047260092, 39.029949496078615 ], [ -94.584614122496021, 39.029785215469623 ], [ -94.583676527577552, 39.029582375568175 ], [ -94.582753833809491, 39.029341532639648 ], [ -94.58184857156165, 39.029063347169732 ], [ -94.580963223318818, 39.028748582050191 ], [ -94.580100216862903, 39.028398100483408 ], [ -94.57926191860652, 39.028012863611465 ], [ -94.578450627096117, 39.02759392787619 ], [ -94.57766856670284, 39.027142442117714 ], [ -94.576917881518114, 39.026659644419354 ], [ -94.576200629471288, 39.026146858707648 ], [ -94.575518776685058, 39.025605491116806 ], [ -94.574874192084522, 39.025037026127741 ], [ -94.574268642274362, 39.024443022492363 ], [ -94.573703786698502, 39.023825108954227 ], [ -94.573181173095278, 39.023184979777376 ], [ -94.572702233260557, 39.022524390096017 ], [ -94.572268279130483, 39.021845151097196 ], [ -94.571880499194393, 39.02114912505057 ], [ -94.571539955247616, 39.020438220198145 ], [ -94.57124757949309, 39.019714385518746 ], [ -94.571004171999519, 39.018979605381176 ], [ -94.57081039852271, 39.018235894100968 ], [ -94.570666788696315, 39.017485290415578 ], [ -94.570573734596437, 39.016729851893359 ], [ -94.570531489683901, 39.015971649291572 ] ] ] } },
{ "type": "Feature", "properties": { }, "geometry": { "type": "Polygon", "coordinates": [ [ [ -94.177486331520242, 39.023859083975545 ], [ -94.177499212838967, 39.023100157207566 ], [ -94.177562994474911, 39.022342796295817 ], [ -94.177677499984526, 39.021589077056575 ], [ -94.177842413921653, 39.020841065259333 ], [ -94.178057282719578, 39.020100810966063 ], [ -94.178321515951197, 39.019370342914122 ], [ -94.178634387963569, 39.018651662958376 ], [ -94.178995039882423, 39.017946740587675 ], [ -94.179402481980446, 39.017257507530488 ], [ -94.179855596403428, 39.016585852464836 ], [ -94.18035314024597, 39.015933615846556 ], [ -94.180893748968614, 39.015302584870305 ], [ -94.181475940146839, 39.014694488576829 ], [ -94.182098117541273, 39.014110993120141 ], [ -94.182758575478402, 39.013553697207129 ], [ -94.183455503529231, 39.013024127722417 ], [ -94.184186991473254, 39.01252373555009 ], [ -94.184951034534123, 39.012053891603777 ], [ -94.185745538872638, 39.01161588307599 ], [ -94.186568327321922, 39.011210909916699 ], [ -94.187417145349244, 39.010840081550953 ], [ -94.188289667228219, 39.010504413844423 ], [ -94.189183502404333, 39.010204826324873 ], [ -94.19009620203677, 39.009942139667494 ], [ -94.191025265698457, 39.009717073450688 ], [ -94.191968148216191, 39.009530244188319 ], [ -94.192922266632294, 39.009382163644176 ], [ -94.19388500726879, 39.009273237432652 ], [ -94.194853732874961, 39.009203763909923 ], [ -94.195825789838878, 39.009173933358426 ], [ -94.196798515443263, 39.009183827466757 ], [ -94.19776924514602, 39.009233419106685 ], [ -94.198735319865776, 39.009322572407513 ], [ -94.199694093252461, 39.00945104312796 ], [ -94.200642938923309, 39.00961847932421 ], [ -94.201579257644653, 39.009824422312555 ], [ -94.202500484440037, 39.010068307923966 ], [ -94.203404095605151, 39.010349468046982 ], [ -94.204287615610738, 39.010667132455126 ], [ -94.205148623874734, 39.011020430913405 ], [ -94.205984761384912, 39.011408395558583 ], [ -94.206793737154442, 39.011829963546511 ], [ -94.207573334492437, 39.012283979959399 ], [ -94.208321417072554, 39.012769200965089 ], [ -94.209035934783103, 39.013284297219869 ], [ -94.20971492934261, 39.013827857505341 ], [ -94.21035653966554, 39.014398392589619 ], [ -94.210959006963492, 39.014994339302419 ], [ -94.211520679567869, 39.015614064812631 ], [ -94.212040017460751, 39.016255871097144 ], [ -94.212515596501603, 39.016917999588266 ], [ -94.212946112338059, 39.017598635987682 ], [ -94.213330383990026, 39.018295915233118 ], [ -94.213667357097307, 39.019007926604878 ], [ -94.213956106821513, 39.019732718957655 ], [ -94.214195840394282, 39.02046830606384 ], [ -94.214385899304702, 39.021212672053515 ], [ -94.214525761119845, 39.021963776936182 ], [ -94.214615040932998, 39.022719562189479 ], [ -94.21465349243573, 39.02347795639902 ], [ -94.214641008610513, 39.024236880934559 ], [ -94.21457762204183, 39.024994255646533 ], [ -94.214463504844801, 39.025748004567447 ], [ -94.214298968211125, 39.0264960616026 ], [ -94.214084461573719, 39.027236376194381 ], [ -94.213820571391793, 39.027966918944813 ], [ -94.21350801955974, 39.028685687180591 ], [ -94.213147661443898, 39.029390710445703 ], [ -94.212740483552594, 39.030080055906197 ], [ -94.212287600845329, 39.030751833652573 ], [ -94.211790253688804, 39.031404201884854 ], [ -94.211249804467485, 39.032035371966437 ], [ -94.210667733858429, 39.032643613332453 ], [ -94.210045636779995, 39.033227258239513 ], [ -94.209385218025716, 39.033784706343248 ], [ -94.208688287595336, 39.034314429091623 ], [ -94.20795675573541, 39.034814973921392 ], [ -94.207192627703407, 39.035284968246344 ], [ -94.206397998269523, 39.035723123226425 ], [ -94.205575045971216, 39.036128237307082 ], [ -94.204726027136346, 39.036499199519284 ], [ -94.203853269691407, 39.036834992530927 ], [ -94.202959166771819, 39.037134695441374 ], [ -94.202046170151846, 39.0373974863112 ], [ -94.201116783512418, 39.037622644420232 ], [ -94.200173555565357, 39.037809552247786 ], [ -94.199219073052944, 39.037957697169297 ], [ -94.19825595364226, 39.038066672865092 ], [ -94.197286838733945, 39.038136180436773 ], [ -94.196314386205231, 39.03816602922889 ], [ -94.195341263107267, 39.038156137352985 ], [ -94.194370138337177, 39.038106531912838 ], [ -94.193403675304779, 39.038017348930332 ], [ -94.192444524614572, 39.037888832971966 ], [ -94.191495316783161, 39.037721336477183 ], [ -94.190558655012083, 39.037515318790327 ], [ -94.189637108036337, 39.037271344898855 ], [ -94.188733203068224, 39.036990083881413 ], [ -94.187849418855919, 39.036672307069935 ], [ -94.186988178876248, 39.036318885930925 ], [ -94.186151844680097, 39.03593078967171 ], [ -94.185342709409269, 39.035509082578436 ], [ -94.184562991502176, 39.035054921092993 ], [ -94.183814828606145, 39.034569550636938 ], [ -94.183100271712803, 39.034054302191429 ], [ -94.182421279532932, 39.033510588642294 ], [ -94.181779713125991, 39.032939900900566 ], [ -94.181177330799215, 39.032343803809134 ], [ -94.180615783290264, 39.031723931846635 ], [ -94.180096609246462, 39.031081984640799 ], [ -94.179621231013186, 39.030419722303229 ], [ -94.179190950742722, 39.029738960598721 ], [ -94.178806946834243, 39.029041565962395 ], [ -94.17847027071447, 39.028329450378216 ], [ -94.178181843967991, 39.027604566133256 ], [ -94.177942455824507, 39.026868900461899 ], [ -94.177752761010353, 39.026124470094864 ], [ -94.177613277969328, 39.02537331572794 ], [ -94.177524387458249, 39.024617496425698 ], [ -94.177486331520242, 39.023859083975545 ] ] ] } },
{ "type": "Feature", "properties": { }, "geometry": { "type": "Polygon", "coordinates": [ [ [ -94.564469706700194, 39.098841129340308 ], [ -94.564478430342575, 39.098082250250677 ], [ -94.564538111495835, 39.097324766844125 ], [ -94.564648584946738, 39.096570755286081 ], [ -94.564809546289439, 39.095822282160121 ], [ -94.56502055277744, 39.095081398805029 ], [ -94.565281024554196, 39.094350135694022 ], [ -94.565590246259006, 39.093630496872045 ], [ -94.565947369003254, 39.092924454465958 ], [ -94.566351412711853, 39.092233943283063 ], [ -94.5668012688229, 39.091560855512327 ], [ -94.567295703338303, 39.090907035542998 ], [ -94.567833360216753, 39.090274274914762 ], [ -94.568412765099552, 39.089664307413038 ], [ -94.569032329359203, 39.089078804323101 ], [ -94.569690354459368, 39.088519369855646 ], [ -94.570385036614297, 39.087987536756501 ], [ -94.571114471734887, 39.08748476211224 ], [ -94.571876660647774, 39.087012423363468 ], [ -94.572669514573263, 39.086571814536065 ], [ -94.573490860846817, 39.086164142701307 ], [ -94.574338448868872, 39.085790524673904 ], [ -94.575209956266335, 39.08545198395737 ], [ -94.576102995249258, 39.085149447944715 ], [ -94.577015119145216, 39.084883745382257 ], [ -94.577943829093499, 39.08465560410346 ], [ -94.578886580881132, 39.084465649038634 ], [ -94.579840791902001, 39.084314400506479 ], [ -94.580803848220114, 39.084202272791437 ], [ -94.581773111717951, 39.084129573011332 ], [ -94.582745927310299, 39.084096500277859 ], [ -94.583719630204271, 39.084103145152511 ], [ -94.584691553185365, 39.084149489399394 ], [ -94.58565903391036, 39.084235406035404 ], [ -94.586619422186629, 39.084360659677785 ], [ -94.587570087218666, 39.084524907188204 ], [ -94.588508424801759, 39.08472769861126 ], [ -94.589431864443569, 39.084968478405315 ], [ -94.590337876393946, 39.085246586961844 ], [ -94.591223978564344, 39.085561262409627 ], [ -94.592087743317506, 39.08591164269852 ], [ -94.592926804109354, 39.086296767957293 ], [ -94.593738861964852, 39.086715583119194 ], [ -94.59452169177024, 39.087166940807869 ], [ -94.595273148364427, 39.087649604476134 ], [ -94.59599117241298, 39.088162251788731 ], [ -94.596673796048805, 39.088703478240063 ], [ -94.597319148263765, 39.089271800997018 ], [ -94.59792546003689, 39.08986566295637 ], [ -94.598491069184746, 39.090483437005823 ], [ -94.599014424920966, 39.091123430477033 ], [ -94.599494092112167, 39.091783889778334 ], [ -94.599928755218684, 39.092463005194922 ], [ -94.600317221909194, 39.093158915842949 ], [ -94.600658426339166, 39.093869714764388 ], [ -94.600951432084145, 39.094593454148537 ], [ -94.6011954347196, 39.095328150665942 ], [ -94.601389764040249, 39.09607179090046 ], [ -94.601533885912488, 39.096822336864008 ], [ -94.601627403754676, 39.097577731579655 ], [ -94.601670059641165, 39.098335904717132 ], [ -94.601661735026838, 39.099094778265851 ], [ -94.601602451089789, 39.099852272229597 ], [ -94.601492368691297, 39.100606310327329 ], [ -94.601331787952759, 39.101354825684638 ], [ -94.601121147450698, 39.102095766500078 ], [ -94.600861023031825, 39.102827101670847 ], [ -94.600552126251117, 39.103546826362553 ], [ -94.600195302437257, 39.104252967507499 ], [ -94.599791528390199, 39.104943589216575 ], [ -94.599341909717353, 39.105616798089869 ], [ -94.598847677815414, 39.10627074841134 ], [ -94.598310186505827, 39.106903647213095 ], [ -94.597730908333233, 39.107513759195861 ], [ -94.597111430536899, 39.108099411491423 ], [ -94.596453450705852, 39.108658998254342 ], [ -94.595758772129855, 39.109190985070221 ], [ -94.59502929885879, 39.109693913168293 ], [ -94.594267030483991, 39.11016640342676 ], [ -94.593474056655808, 39.110607160159695 ], [ -94.592652551352415, 39.111014974675378 ], [ -94.591804766915772, 39.11138872859582 ], [ -94.590933027870875, 39.111727396928686 ], [ -94.590039724545676, 39.112030050882723 ], [ -94.5891273065088, 39.112295860419458 ], [ -94.588198275843638, 39.112524096533392 ], [ -94.587255180276969, 39.112714133255153 ], [ -94.586300606181453, 39.112865449371427 ], [ -94.585337171470982, 39.112977629857262 ], [ -94.584367518408854, 39.113050367016712 ], [ -94.583394306348396, 39.113083461328529 ], [ -94.582420204426313, 39.113076821994781 ], [ -94.581447884228922, 39.113030467190683 ], [ -94.580480012451446, 39.112944524015006 ], [ -94.579519243570957, 39.112819228141248 ], [ -94.578568212552938, 39.112654923170474 ], [ -94.577629527611919, 39.112452059687612 ], [ -94.576705763046007, 39.112211194023821 ], [ -94.575799452165228, 39.111932986728426 ], [ -94.574913080333289, 39.111618200754428 ], [ -94.57404907814194, 39.111267699362955 ], [ -94.573209814736671, 39.110882443752033 ], [ -94.572397591312367, 39.110463490416606 ], [ -94.571614634796831, 39.110011988246868 ], [ -94.570863091739412, 39.109529175372963 ], [ -94.570145022421812, 39.109016375764909 ], [ -94.56946239520714, 39.108474995596843 ], [ -94.568817081142711, 39.107906519386056 ], [ -94.568210848831555, 39.107312505917044 ], [ -94.567645359586464, 39.10669458396206 ], [ -94.567122162880125, 39.106054447809953 ], [ -94.566642692103585, 39.10539385261562 ], [ -94.566208260644501, 39.104714609582722 ], [ -94.565820058296268, 39.104018580993326 ], [ -94.565479148007199, 39.103307675097625 ], [ -94.565186462979099, 39.102583840878381 ], [ -94.564942804122623, 39.101849062704034 ], [ -94.564748837876564, 39.101105354885426 ], [ -94.564605094396612, 39.100354756151077 ], [ -94.564511966118673, 39.099599324056115 ], [ -94.564469706700194, 39.098841129340308 ] ] ] } },
{ "type": "Feature", "properties": { }, "geometry": { "type": "Polygon", "coordinates": [ [ [ -94.557531473353777, 39.091879985248049 ], [ -94.557540273053817, 39.091121104308584 ], [ -94.557600025210093, 39.090363622192022 ], [ -94.557710564415373, 39.089609615059985 ], [ -94.557871586084204, 39.088861149483762 ], [ -94.55808264730544, 39.088120276781254 ], [ -94.558343168073222, 39.087389027396327 ], [ -94.55865243289324, 39.086669405336131 ], [ -94.55900959275948, 39.085963382681534 ], [ -94.559413667495761, 39.0852728941856 ], [ -94.559863548455866, 39.084599831975069 ], [ -94.560358001574301, 39.083946040369142 ], [ -94.560895670759407, 39.083313310829752 ], [ -94.561475081619363, 39.082703377057165 ], [ -94.562094645510925, 39.082117910244271 ], [ -94.562752663899303, 39.081558514502454 ], [ -94.563447333017621, 39.08102672247152 ], [ -94.564176748812969, 39.080523991125638 ], [ -94.564938912165331, 39.080051697786921 ], [ -94.565731734365329, 39.079611136356974 ], [ -94.566553042835679, 39.079203513777408 ], [ -94.56740058708057, 39.07882994672817 ], [ -94.568272044847021, 39.078491458573282 ], [ -94.569165028481137, 39.078188976561975 ], [ -94.570077091462153, 39.07792332929283 ], [ -94.571005735096151, 39.077695244448023 ], [ -94.571948415351756, 39.077505346803498 ], [ -94.572902549818622, 39.07735415652084 ], [ -94.573865524770284, 39.077242087725146 ], [ -94.574834702311804, 39.077169447372988 ], [ -94.575807427593119, 39.077136434413454 ], [ -94.57678103606834, 39.077143139244477 ], [ -94.577752860781231, 39.077189543466041 ], [ -94.578720239657272, 39.077275519930872 ], [ -94.579680522782354, 39.077400833092483 ], [ -94.580631079648526, 39.077565139649529 ], [ -94.58156930634685, 39.077767989484961 ], [ -94.582492632688187, 39.078008826897126 ], [ -94.583398529232241, 39.0782869921197 ], [ -94.584284514206061, 39.078601723126233 ], [ -94.585148160292917, 39.078952157714312 ], [ -94.585987101273275, 39.079337335863904 ], [ -94.586799038499876, 39.079756202363271 ], [ -94.587581747188935, 39.080207609695286 ], [ -94.588333082510715, 39.080690321176668 ], [ -94.589050985462691, 39.081203014340929 ], [ -94.589733488509154, 39.08174428455672 ], [ -94.590378720972055, 39.082312648870797 ], [ -94.590984914158284, 39.082906550065843 ], [ -94.591550406209151, 39.083524360921821 ], [ -94.592073646658974, 39.084164388669251 ], [ -94.592553200690219, 39.084824879622325 ], [ -94.59298775307326, 39.08550402397919 ], [ -94.593376111780259, 39.086199960776412 ], [ -94.5937172112627, 39.086910782984006 ], [ -94.594010115383909, 39.087634542727152 ], [ -94.594254019998118, 39.088369256620361 ], [ -94.59444825516897, 39.089112911199486 ], [ -94.594592287021257, 39.089863468436917 ], [ -94.594685719220479, 39.090618871324516 ], [ -94.594728294076205, 39.091377049509312 ], [ -94.594719893265932, 39.092135924966676 ], [ -94.59466053817718, 39.092893417694903 ], [ -94.594550389866825, 39.093647451416111 ], [ -94.59438974863761, 39.094395959267693 ], [ -94.594179053232509, 39.09513688946857 ], [ -94.593918879649422, 39.095868210944907 ], [ -94.593609939578812, 39.096587918899708 ], [ -94.59325307846872, 39.097294040311027 ], [ -94.592849273222029, 39.0979846393438 ], [ -94.592399629532395, 39.098657822660222 ], [ -94.591905378865746, 39.099311744614255 ], [ -94.591367875095628, 39.099944612315802 ], [ -94.590788590801509, 39.100554690550894 ], [ -94.59016911323998, 39.101140306543854 ], [ -94.58951114, 39.101699854548876 ], [ -94.588816474353749, 39.102231800257918 ], [ -94.588087020316124, 39.102734685013083 ], [ -94.587324777426105, 39.103207129811473 ], [ -94.586531835264509, 39.103647839092041 ], [ -94.585710367722939, 39.104055604293315 ], [ -94.584862627040039, 39.104429307172765 ], [ -94.583990937620996, 39.104767922878153 ], [ -94.58309768965772, 39.105070522762801 ], [ -94.582185332567093, 39.105336276936669 ], [ -94.581256368265258, 39.105564456546318 ], [ -94.580313344296954, 39.105754435777548 ], [ -94.579358846838289, 39.105905693574861 ], [ -94.578395493592794, 39.106017815073493 ], [ -94.577425926600029, 39.10609049273944 ], [ -94.576452804976967, 39.106123527214763 ], [ -94.575478797611908, 39.106116827865847 ], [ -94.574506575831421, 39.106070413032597 ], [ -94.573538806060398, 39.105984409978582 ], [ -94.572578142495615, 39.105859054541625 ], [ -94.571627219813266, 39.105694690486175 ], [ -94.570688645930204, 39.105491768559318 ], [ -94.569764994839431, 39.105250845252534 ], [ -94.568858799539242, 39.104972581273216 ], [ -94.567972545075847, 39.104657739729824 ], [ -94.567108661718535, 39.104307184035818 ], [ -94.566269518286418, 39.10392187553812 ], [ -94.5654574156449, 39.103502870876575 ], [ -94.564674580390047, 39.103051319082049 ], [ -94.563923158738291, 39.102568458420592 ], [ -94.563205210638003, 39.102055612993112 ], [ -94.562522704119559, 39.101514189099213 ], [ -94.56187750989902, 39.100945671375868 ], [ -94.561271396250504, 39.100351618721149 ], [ -94.560706024161306, 39.099733660014579 ], [ -94.560182942782731, 39.099093489645433 ], [ -94.559703585189553, 39.098432862862182 ], [ -94.559269264459104, 39.097753590954831 ], [ -94.558881170081264, 39.097057536284296 ], [ -94.558540364708463, 39.096346607171988 ], [ -94.558247781255062, 39.095622752664006 ], [ -94.55800422035351, 39.094887957184135 ], [ -94.557810348174385, 39.094144235090347 ], [ -94.557666694615875, 39.09339362515 ], [ -94.557573651867841, 39.092638184948648 ], [ -94.557531473353777, 39.091879985248049 ] ] ] } },
{ "type": "Feature", "properties": { }, "geometry": { "type": "Polygon", "coordinates": [ [ [ -94.439909506728753, 39.095521241136858 ], [ -94.439919567147044, 39.094762345518198 ], [ -94.439980581885067, 39.094004900136909 ], [ -94.440092382075434, 39.09325098104982 ], [ -94.440254659677777, 39.092502654582802 ], [ -94.440466968340516, 39.091761971668539 ], [ -94.440728724641502, 39.091030962226874 ], [ -94.441039209703419, 39.090311629603697 ], [ -94.441397571179778, 39.089605945083171 ], [ -94.441802825605748, 39.088915842488433 ], [ -94.442253861106991, 39.088243212885715 ], [ -94.442749440459394, 39.08758989940597 ], [ -94.443288204490685, 39.086957692198546 ], [ -94.443868675814926, 39.086348323530267 ], [ -94.444489262889164, 39.085763463043854 ], [ -94.445148264381388, 39.085204713187835 ], [ -94.445843873837518, 39.084673604831202 ], [ -94.446574184634684, 39.084171593074245 ], [ -94.447337195207183, 39.083700053267052 ], [ -94.448130814530856, 39.08326027724673 ], [ -94.448952867850679, 39.082853469803318 ], [ -94.449801102636201, 39.082480745384224 ], [ -94.45067319474829, 39.082143125045896 ], [ -94.451566754800581, 39.081841533661333 ], [ -94.452479334698054, 39.081576797390724 ], [ -94.453408434335188, 39.0813496414223 ], [ -94.454351508435309, 39.08116068798936 ], [ -94.455305973512537, 39.081010454668998 ], [ -94.456269214937464, 39.080899352967151 ], [ -94.457238594087343, 39.080827687193583 ], [ -94.45821145556134, 39.08079565363014 ], [ -94.459185134441313, 39.080803339994425 ], [ -94.460156963578285, 39.080850725200257 ], [ -94.461124280885102, 39.08093767941569 ], [ -94.462084436615143, 39.08106396441832 ], [ -94.463034800607545, 39.08122923424704 ], [ -94.46397276947927, 39.081433036148312 ], [ -94.464895773744345, 39.081674811814565 ], [ -94.465801284841106, 39.081953898911145 ], [ -94.466686822048274, 39.082269532887956 ], [ -94.467549959271039, 39.082620849070388 ], [ -94.46838833167881, 39.083006885024496 ], [ -94.469199642176378, 39.08342658318945 ], [ -94.469981667691059, 39.083878793770346 ], [ -94.470732265258675, 39.084362277883542 ], [ -94.471449377891574, 39.084875710945781 ], [ -94.472131040212858, 39.085417686298136 ], [ -94.472775383841409, 39.085986719054667 ], [ -94.473380642512893, 39.08658125016558 ], [ -94.473945156922696, 39.087199650683402 ], [ -94.474467379277613, 39.087840226221253 ], [ -94.474945877543703, 39.088501221590164 ], [ -94.475379339378534, 39.089180825603748 ], [ -94.475766575737183, 39.089877176036232 ], [ -94.476106524141684, 39.090588364721185 ], [ -94.47639825160519, 39.091312442776228 ], [ -94.476640957202477, 39.092047425940059 ], [ -94.476833974279643, 39.092791300006986 ], [ -94.476976772296894, 39.09354202634394 ], [ -94.477068958299043, 39.094297547475421 ], [ -94.477110278009548, 39.095055792720331 ], [ -94.477100616545158, 39.095814683866045 ], [ -94.477039998748438, 39.096572140863785 ], [ -94.476928589137842, 39.097326087529424 ], [ -94.476766691474452, 39.098074457234944 ], [ -94.476554747947162, 39.098815198573924 ], [ -94.476293337977637, 39.099546280986416 ], [ -94.475983176648697, 39.100265700327022 ], [ -94.475625112759943, 39.10097148436153 ], [ -94.475220126515794, 39.101661698176457 ], [ -94.474769326852282, 39.102334449487053 ], [ -94.474273948409689, 39.102987893828896 ], [ -94.473735348159039, 39.103620239618905 ], [ -94.473155001691879, 39.10422975307187 ], [ -94.472534499183212, 39.104814762958831 ], [ -94.471875541038486, 39.105373665194378 ], [ -94.471179933236868, 39.105904927239997 ], [ -94.470449582383125, 39.106407092311585 ], [ -94.469686490481806, 39.106878783379265 ], [ -94.468892749448145, 39.107318706948739 ], [ -94.468070535370614, 39.107725656613326 ], [ -94.467222102540973, 39.10809851636747 ], [ -94.466349777268164, 39.10843626367194 ], [ -94.465455951493126, 39.108737972262666 ], [ -94.464543076222185, 39.109002814695323 ], [ -94.463613654797015, 39.109230064618551 ], [ -94.462670236019889, 39.109419098769692 ], [ -94.461715407153051, 39.109569398687199 ], [ -94.460751786811628, 39.109680552135572 ], [ -94.459782017769882, 39.109752254238067 ], [ -94.458808759700375, 39.109784308314815 ], [ -94.457834681866458, 39.109776626423454 ], [ -94.456862455788098, 39.109729229601172 ], [ -94.455894747901439, 39.109642247807166 ], [ -94.454934212232374, 39.109515919566036 ], [ -94.453983483104466, 39.10935059131257 ], [ -94.453045167901251, 39.10914671644047 ], [ -94.452121839903185, 39.108904854056746 ], [ -94.451216031218806, 39.108625667446177 ], [ -94.450330225829845, 39.108309922249163 ], [ -94.449466852769362, 39.107958484358825 ], [ -94.44862827945181, 39.107572317542598 ], [ -94.447816805173659, 39.107152480795058 ], [ -94.447034654801953, 39.106700125429441 ], [ -94.446283972668851, 39.106216491915703 ], [ -94.44556681668854, 39.10570290647393 ], [ -94.4448851527128, 39.105160777432587 ], [ -94.444240849140897, 39.104591591361434 ], [ -94.443635671798305, 39.103996908990041 ], [ -94.443071279098561, 39.103378360923074 ], [ -94.442549217501394, 39.102737643164069 ], [ -94.442070917279452, 39.102076512460116 ], [ -94.441637688605354, 39.101396781480418 ], [ -94.441250717969467, 39.100700313841784 ], [ -94.440911064938433, 39.099989018994812 ], [ -94.440619659262921, 39.099264846984973 ], [ -94.440377298342611, 39.098529783102983 ], [ -94.440184645054998, 39.097785842438903 ], [ -94.440042225954187, 39.097035064355424 ], [ -94.439950429843847, 39.096279506895037 ], [ -94.439909506728753, 39.095521241136858 ] ] ] } },
{ "type": "Feature", "properties": { }, "geometry": { "type": "Polygon", "coordinates": [ [ [ -94.526487414133555, 39.106285108958453 ], [ -94.526496543558238, 39.105526225490941 ], [ -94.526556635642024, 39.104768754220217 ], [ -94.52666752404501, 39.10401477127705 ], [ -94.526828903223887, 39.103266343165274 ], [ -94.527040329287104, 39.102525521098976 ], [ -94.527301221228512, 39.101794335382095 ], [ -94.527610862536449, 39.101074789846152 ], [ -94.527968403173148, 39.100368856361193 ], [ -94.52837286191928, 39.09967846943487 ], [ -94.528823129076727, 39.099005520914531 ], [ -94.529317969522381, 39.09835185480685 ], [ -94.529856026104056, 39.097719262228992 ], [ -94.530435823369487, 39.097109476505061 ], [ -94.531055771617787, 39.096524168421524 ], [ -94.531714171262351, 39.095964941654159 ], [ -94.532409217493196, 39.09543332837918 ], [ -94.533139005225692, 39.094930785080521 ], [ -94.533901534322482, 39.094458688564629 ], [ -94.534694715073897, 39.094018332193599 ], [ -94.535516373922093, 39.09361092234699 ], [ -94.536364259413205, 39.093237575121819 ], [ -94.537236048361166, 39.092899313279879 ], [ -94.538129352206681, 39.092597063450505 ], [ -94.539041723553481, 39.092331653596347 ], [ -94.539970662864675, 39.092103810749471 ], [ -94.540913625300547, 39.091914159023204 ], [ -94.541868027679314, 39.091763217905893 ], [ -94.542831255542026, 39.091651400840561 ], [ -94.543800670302275, 39.091579014094755 ], [ -94.544773616461356, 39.091546255923475 ], [ -94.545747428869319, 39.091553216027329 ], [ -94.54671944001214, 39.091599875307722 ], [ -94.547686987305241, 39.091686105919422 ], [ -94.548647420373655, 39.091811671620448 ], [ -94.549598108298909, 39.091976228418453 ], [ -94.55053644681314, 39.09217932551158 ], [ -94.551459865420739, 39.092420406521612 ], [ -94.552365834428301, 39.09269881101558 ], [ -94.553251871863807, 39.093013776312254 ], [ -94.554115550266019, 39.093364439568028 ], [ -94.554954503325973, 39.093749840136987 ], [ -94.555766432362148, 39.094168922198591 ], [ -94.556549112611876, 39.094620537645611 ], [ -94.557300399321875, 39.095103449224958 ], [ -94.558018233621169, 39.095616333922251 ], [ -94.558700648160354, 39.096157786581593 ], [ -94.559345772502056, 39.096726323749955 ], [ -94.559951838247386, 39.097320387736495 ], [ -94.560517183884812, 39.097938350875012 ], [ -94.561040259347735, 39.098578519978602 ], [ -94.561519630268521, 39.099239140973857 ], [ -94.561953981917199, 39.099918403702226 ], [ -94.562342122813803, 39.100614446875419 ], [ -94.562682988004582, 39.101325363171377 ], [ -94.562975641992864, 39.102049204456804 ], [ -94.563219281316364, 39.102783987121974 ], [ -94.563413236763893, 39.103527697513499 ], [ -94.56355697522504, 39.104278297449873 ], [ -94.563650101167752, 39.105033729804966 ], [ -94.563692357739498, 39.105791924144086 ], [ -94.563683627488786, 39.106550802397223 ], [ -94.563623932704928, 39.107308284553909 ], [ -94.563513435374958, 39.108062294364117 ], [ -94.563352436757484, 39.108810765029652 ], [ -94.563141376574549, 39.109551644870194 ], [ -94.562880831823662, 39.110282902948839 ], [ -94.562571515212582, 39.111002534641216 ], [ -94.562214273221613, 39.111708567133341 ], [ -94.561810083798107, 39.11239906483285 ], [ -94.561360053689356, 39.113072134678717 ], [ -94.560865415421389, 39.11372593133499 ], [ -94.560327523931221, 39.114358662254219 ], [ -94.559747852862387, 39.11496859259659 ], [ -94.559127990533142, 39.115554049991133 ], [ -94.558469635588693, 39.116113429126237 ], [ -94.557774592349332, 39.116645196156291 ], [ -94.557044765866863, 39.117147892912776 ], [ -94.556282156703233, 39.117620140907952 ], [ -94.555488855445319, 39.11806064512011 ], [ -94.554667036971267, 39.118468197549852 ], [ -94.553818954483845, 39.118841680538004 ], [ -94.552946933327419, 39.119180069835352 ], [ -94.552053364605456, 39.119482437416139 ], [ -94.551140698616209, 39.119747954027559 ], [ -94.550211438124776, 39.119975891467945 ], [ -94.549268131489782, 39.120165624587536 ], [ -94.548313365664129, 39.12031663300624 ], [ -94.54734975908876, 39.120428502543682 ], [ -94.546379954499344, 39.120500926357387 ], [ -94.545406611665641, 39.120533705786272 ], [ -94.544432400083636, 39.120526750896794 ], [ -94.543459991640816, 39.120480080730424 ], [ -94.542492053274657, 39.120393823251675 ], [ -94.541531239644769, 39.120268214996869 ], [ -94.540580185839175, 39.120103600424606 ], [ -94.539641500134394, 39.119900430969707 ], [ -94.538717756829925, 39.119659263803229 ], [ -94.537811489176605, 39.119380760302043 ], [ -94.536925182418514, 39.119065684232176 ], [ -94.536061266967593, 39.118714899650861 ], [ -94.535222111729993, 39.118329368533281 ], [ -94.534410017602355, 39.117910148130299 ], [ -94.533627211156087, 39.117458388064833 ], [ -94.532875838527119, 39.116975327174472 ], [ -94.532157959527794, 39.116462290109403 ], [ -94.53147554199721, 39.115920683695009 ], [ -94.530830456405539, 39.115351993068799 ], [ -94.530224470727106, 39.114757777602982 ], [ -94.52965924559625, 39.114139666623387 ], [ -94.52913632975924, 39.113499354936664 ], [ -94.528657155834807, 39.112838598178435 ], [ -94.528223036394607, 39.112159207994686 ], [ -94.52783516037448, 39.111463047070124 ], [ -94.527494589826119, 39.110752024016911 ], [ -94.527202257018047, 39.110028088138002 ], [ -94.526958961893627, 39.109293224079515 ], [ -94.526765369892942, 39.108549446386625 ], [ -94.526622010144393, 39.107798793978162 ], [ -94.526529274030764, 39.107043324555164 ], [ -94.526487414133555, 39.106285108958453 ] ] ] } },
{ "type": "Feature", "properties": { }, "geometry": { "type": "Polygon", "coordinates": [ [ [ -94.447478704690027, 39.022552085509993 ], [ -94.447488697959415, 39.021793181744634 ], [ -94.447549593120243, 39.021035725914423 ], [ -94.447661221638711, 39.020281794105252 ], [ -94.447823275950682, 39.019533452678502 ], [ -94.448035310322084, 39.018792752608675 ], [ -94.448296742087749, 39.018061723863568 ], [ -94.448606853264792, 39.017342369843064 ], [ -94.448964792536017, 39.01663666189117 ], [ -94.449369577597821, 39.015946533896575 ], [ -94.449820097866024, 39.015273876996567 ], [ -94.45031511753173, 39.014620534398411 ], [ -94.450853278959258, 39.013988296332812 ], [ -94.451433106416275, 39.013378895152847 ], [ -94.452053010125994, 39.012794000591931 ], [ -94.452711290630177, 39.012235215193712 ], [ -94.453406143451005, 39.011704069926246 ], [ -94.454135664038972, 39.011202019992631 ], [ -94.45489785299317, 39.010730440849187 ], [ -94.455690621539659, 39.010290624442362 ], [ -94.456511797253043, 39.00988377567441 ], [ -94.457359130005457, 39.009511009107342 ], [ -94.458230298126765, 39.009173345914398 ], [ -94.459122914759249, 39.008871711087203 ], [ -94.460034534389422, 39.008606930906019 ], [ -94.460962659539064, 39.008379730680325 ], [ -94.461904747597359, 39.008190732765428 ], [ -94.462858217775747, 39.008040454860932 ], [ -94.46382045816614, 39.007929308595337 ], [ -94.464788832883769, 39.007857598400768 ], [ -94.465760689274973, 39.00782552068091 ], [ -94.466733365170498, 39.007833163274242 ], [ -94.467704196164604, 39.007880505214274 ], [ -94.468670522900126, 39.007967416787153 ], [ -94.469629698339844, 39.008093659886747 ], [ -94.470579095004339, 39.008258888665985 ], [ -94.471516112156735, 39.008462650482912 ], [ -94.472438182914772, 39.008704387138778 ], [ -94.473342781270986, 39.008983436404613 ], [ -94.474227429001829, 39.009299033832683 ], [ -94.475089702446866, 39.00965031484715 ], [ -94.475927239139992, 39.01003631710897 ], [ -94.476737744274132, 39.01045598314812 ], [ -94.477518996982113, 39.010908163256062 ], [ -94.478268856416605, 39.011391618631066 ], [ -94.478985267612401, 39.011905024767003 ], [ -94.479666267115078, 39.012446975077033 ], [ -94.480309988360816, 39.013015984742268 ], [ -94.480914666792245, 39.013610494774554 ], [ -94.481478644696921, 39.014228876282715 ], [ -94.482000375754481, 39.014869434930446 ], [ -94.482478429280462, 39.015530415573743 ], [ -94.482911494154848, 39.01621000706529 ], [ -94.483298382424636, 39.016906347212483 ], [ -94.483638032570298, 39.017617527876062 ], [ -94.483929512427252, 39.018341600194795 ], [ -94.484172021754034, 39.019076579922334 ], [ -94.484364894440091, 39.019820452861858 ], [ -94.48450760034703, 39.020571180383008 ], [ -94.484599746777903, 39.021326705006786 ], [ -94.484641079570565, 39.022084956042512 ], [ -94.48463148381181, 39.022843855261819 ], [ -94.484570984170105, 39.023601322594033 ], [ -94.484459744845836, 39.024355281827241 ], [ -94.484298069139058, 39.025103666299572 ], [ -94.484086398635782, 39.025844424564951 ], [ -94.483825312014531, 39.026575526017936 ], [ -94.483515523476754, 39.027294966462065 ], [ -94.483157880804711, 39.02800077360645 ], [ -94.48275336305241, 39.028691012475605 ], [ -94.482303077875358, 39.029363790717532 ], [ -94.481808258506703, 39.030017263795479 ], [ -94.481270260387646, 39.030649640049184 ], [ -94.480690557461273, 39.031259185611553 ], [ -94.48007073814, 39.031844229167284 ], [ -94.479412500957494, 39.03240316654032 ], [ -94.478717649916902, 39.032934465097533 ], [ -94.477988089548219, 39.033436667956366 ], [ -94.477225819688243, 39.033908397984987 ], [ -94.476432929997301, 39.034348361583824 ], [ -94.475611594228056, 39.03475535223798 ], [ -94.474764064262018, 39.035128253830905 ], [ -94.47389266393003, 39.035466043709953 ], [ -94.472999782633934, 39.035767795495538 ], [ -94.472087868786929, 39.03603268162594 ], [ -94.471159423090768, 39.036259975630934 ], [ -94.470216991668195, 39.036449054127701 ], [ -94.469263159069783, 39.036599398533767 ], [ -94.468300541174358, 39.03671059649205 ], [ -94.467331778002702, 39.036782343004042 ], [ -94.466359526464473, 39.036814441268191 ], [ -94.465386453058215, 39.036806803220884 ], [ -94.464415226544915, 39.036759449778856 ], [ -94.463448510615109, 39.036672510781926 ], [ -94.462488956570127, 39.036546224636744 ], [ -94.461539196037478, 39.036380937661946 ], [ -94.460601833740625, 39.036177103137106 ], [ -94.459679440343308, 39.035935280057629 ], [ -94.458774545387897, 39.035656131599275 ], [ -94.457889630347566, 39.035340423296596 ], [ -94.457027121811421, 39.034989020940209 ], [ -94.456189384821258, 39.034602888198577 ], [ -94.455378716378704, 39.034183083971321 ], [ -94.454597339140122, 39.033730759480953 ], [ -94.453847395317254, 39.033247155111098 ], [ -94.45313094079988, 39.032733597000366 ], [ -94.452449939517024, 39.032191493400575 ], [ -94.451806258052088, 39.03162233081013 ], [ -94.451201660526493, 39.031027669892687 ], [ -94.450637803766341, 39.030409141192514 ], [ -94.450116232764671, 39.029768440658593 ], [ -94.449638376452356, 39.029107324989468 ], [ -94.449205543788679, 39.028427606811839 ], [ -94.448818920182518, 39.02773114970627 ], [ -94.44847956425366, 39.027019863093464 ], [ -94.448188404943224, 39.02629569699549 ], [ -94.447946238980663, 39.025560636686095 ], [ -94.447753728714588, 39.024816697245001 ], [ -94.447611400312638, 39.024065918031184 ], [ -94.447519642335735, 39.023310357089983 ], [ -94.447478704690027, 39.022552085509993 ] ] ] } },
{ "type": "Feature", "properties": { }, "geometry": { "type": "Polygon", "coordinates": [ [ [ -94.50821788083708, 38.874300990314495 ], [ -94.508227256307293, 38.873542075815401 ], [ -94.508287428026406, 38.872784584853704 ], [ -94.508398229455025, 38.872030593614163 ], [ -94.508559355306829, 38.871282168623893 ], [ -94.508770362402785, 38.870541361089522 ], [ -94.509030670902746, 38.869810201276813 ], [ -94.50933956591102, 38.869090692948426 ], [ -94.509696199451213, 38.868384807875039 ], [ -94.510099592804934, 38.867694480434693 ], [ -94.510548639207599, 38.867021602315219 ], [ -94.51104210689401, 38.866368017334246 ], [ -94.511578642484949, 38.865735516390764 ], [ -94.512156774705659, 38.865125832562327 ], [ -94.512774918425833, 38.864540636360886 ], [ -94.513431379009944, 38.863981531160526 ], [ -94.514124356965837, 38.863450048809405 ], [ -94.514851952878942, 38.862947645437806 ], [ -94.515612172618631, 38.862475697473904 ], [ -94.516402932802151, 38.862035497877834 ], [ -94.517222066501517, 38.861628252604554 ], [ -94.518067329177413, 38.861255077304996 ], [ -94.518936404824316, 38.860916994274511 ], [ -94.519826912309682, 38.86061492965684 ], [ -94.520736411890141, 38.860349710911223 ], [ -94.521662411886879, 38.860122064549806 ], [ -94.522602375502061, 38.859932614150878 ], [ -94.523553727757772, 38.859781878654019 ], [ -94.524513862538498, 38.859670270941287 ], [ -94.525480149718248, 38.859598096708545 ], [ -94.526449942352656, 38.859565553629892 ], [ -94.527420583916822, 38.859572730817483 ], [ -94.528389415568981, 38.859619608578264 ], [ -94.529353783420589, 38.859706058468142 ], [ -94.530311045792672, 38.85983184364359 ], [ -94.531258580439257, 38.859996619509573 ], [ -94.532193791717802, 38.860199934662162 ], [ -94.533114117687418, 38.860441232123307 ], [ -94.534017037115603, 38.860719850864186 ], [ -94.534900076374342, 38.861035027613198 ], [ -94.535760816206817, 38.861385898943666 ], [ -94.536596898346573, 38.861771503635474 ], [ -94.537406031970733, 38.862190785304335 ], [ -94.53818599997004, 38.862642595291391 ], [ -94.538934665018459, 38.863125695805508 ], [ -94.539649975425817, 38.86363876330951 ], [ -94.540329970757512, 38.86418039214125 ], [ -94.540972787205916, 38.86474909835966 ], [ -94.54157666269883, 38.865343323805256 ], [ -94.542139941730838, 38.865961440364117 ], [ -94.542661079904533, 38.866601754423684 ], [ -94.543138648168934, 38.86726251150823 ], [ -94.543571336743412, 38.867941901081423 ], [ -94.543957958716533, 38.868638061502729 ], [ -94.544297453309596, 38.869349085124547 ], [ -94.544588888795829, 38.870073023515417 ], [ -94.544831465067318, 38.870807892796016 ], [ -94.545024515842385, 38.871551679072454 ], [ -94.545167510506928, 38.872302343952562 ], [ -94.545260055585175, 38.873057830130143 ], [ -94.545301895834811, 38.873816067021302 ], [ -94.545292914963994, 38.874574976438339 ], [ -94.54523313596782, 38.875332478284811 ], [ -94.545122721082905, 38.876086496256725 ], [ -94.544961971360522, 38.876834963534073 ], [ -94.544751325858726, 38.877575828446886 ], [ -94.544491360455964, 38.878307060100816 ], [ -94.544182786288943, 38.879026653946049 ], [ -94.543826447818802, 38.879732637274977 ], [ -94.543423320531105, 38.880423074633072 ], [ -94.542974508275321, 38.88109607312817 ], [ -94.54248124025132, 38.881749787623853 ], [ -94.541944867650798, 38.882382425802085 ], [ -94.541366859962721, 38.882992253081753 ], [ -94.540748800952969, 38.883577597379237 ], [ -94.540092384329, 38.884136853697868 ], [ -94.539399409101335, 38.884668488533819 ], [ -94.538671774654631, 38.885171044086128 ], [ -94.537911475541691, 38.885643142259333 ], [ -94.537120596014915, 38.886083488447532 ], [ -94.536301304309845, 38.88649087508972 ], [ -94.535455846696919, 38.886864184986038 ], [ -94.534586541317438, 38.887202394366511 ], [ -94.533695771820916, 38.887504575703069 ], [ -94.53278598082143, 38.887769900257659 ], [ -94.531859663190602, 38.887997640358911 ], [ -94.530919359206337, 38.888187171401455 ], [ -94.529967647575717, 38.888337973562187 ], [ -94.529007138351631, 38.88844963322866 ], [ -94.528040465762544, 38.888521844135774 ], [ -94.527070280975479, 38.888554408207668 ], [ -94.526099244811832, 38.888547236102141 ], [ -94.525130020436663, 38.888500347456578 ], [ -94.524165266041294, 38.888413870834313 ], [ -94.523207627539733, 38.888288043371794 ], [ -94.522259731298931, 38.88812321012734 ], [ -94.52132417692313, 38.887919823133522 ], [ -94.520403530112262, 38.887678440155504 ], [ -94.51950031561401, 38.887399723159064 ], [ -94.518617010289276, 38.88708443649228 ], [ -94.517756036309919, 38.886733444786145 ], [ -94.516919754507782, 38.886347710579628 ], [ -94.516110457893291, 38.885928291676009 ], [ -94.515330365361422, 38.885476338237709 ], [ -94.514581615602609, 38.884993089627535 ], [ -94.513866261235179, 38.884479871005261 ], [ -94.513186263175342, 38.883938089688684 ], [ -94.512543485260622, 38.883369231289564 ], [ -94.511939689141016, 38.882774855634679 ], [ -94.51137652945232, 38.882156592483703 ], [ -94.510855549284386, 38.881516137055243 ], [ -94.510378175957072, 38.880855245373951 ], [ -94.509945717115201, 38.880175729450805 ], [ -94.509559357153208, 38.879479452310619 ], [ -94.509220153979186, 38.87876832287985 ], [ -94.508929036127014, 38.878044290749173 ], [ -94.508686800224567, 38.877309340824979 ], [ -94.508494108824365, 38.876565487884683 ], [ -94.508351488603097, 38.875814771050841 ], [ -94.508259328934116, 38.875059248198895 ], [ -94.50821788083708, 38.874300990314495 ] ] ] } },
{ "type": "Feature", "properties": { }, "geometry": { "type": "Polygon", "coordinates": [ [ [ -94.518777378727208, 39.106163878118089 ], [ -94.51878659090579, 39.105404993601681 ], [ -94.518846765609055, 39.104647524658411 ], [ -94.518957736270664, 39.103893547412369 ], [ -94.519119197122009, 39.103145128351542 ], [ -94.519330704047789, 39.102404318664931 ], [ -94.519591675820479, 39.101673148622289 ], [ -94.519901395709823, 39.100953622011978 ], [ -94.52025901346299, 39.100247710651928 ], [ -94.520663547649576, 39.099557348988938 ], [ -94.521113888365107, 39.098884428800972 ], [ -94.521608800285236, 39.098230794016857 ], [ -94.522146926062291, 39.097598235667768 ], [ -94.522726790054818, 39.096988486983918 ], [ -94.523346802379493, 39.096403218650167 ], [ -94.524005263274589, 39.095844034233259 ], [ -94.524700367762676, 39.095312465793306 ], [ -94.525430210599964, 39.094809969691383 ], [ -94.526192791498559, 39.094337922604609 ], [ -94.526986020607254, 39.093897617759623 ], [ -94.527807724236141, 39.093490261394891 ], [ -94.528655650809043, 39.09311696946093 ], [ -94.529527477027727, 39.092778764568124 ], [ -94.530420814231107, 39.092476573189856 ], [ -94.531333214931848, 39.092211223128793 ], [ -94.532262179512941, 39.091983441253291 ], [ -94.533205163065645, 39.091793851509777 ], [ -94.534159582350554, 39.091642973216992 ], [ -94.535122822862576, 39.091531219645958 ], [ -94.536092245980768, 39.091458896890479 ], [ -94.537065196183576, 39.091426203030395 ], [ -94.538039008310051, 39.091433227590336 ], [ -94.539011014846892, 39.091479951295312 ], [ -94.539978553222099, 39.091566246123762 ], [ -94.540938973085048, 39.091691875657979 ], [ -94.541889643553276, 39.091856495730894 ], [ -94.542827960406584, 39.09205965536745 ], [ -94.543751353208435, 39.092300798018272 ], [ -94.544657292335913, 39.092579263081625 ], [ -94.545543295898526, 39.092894287710465 ], [ -94.546406936527532, 39.093245008898741 ], [ -94.547245848017084, 39.093630465841912 ], [ -94.548057731799162, 39.094049602565029 ], [ -94.548840363234717, 39.094501270811186 ], [ -94.549591597703767, 39.094984233182629 ], [ -94.55030937647804, 39.095497166525831 ], [ -94.550991732359876, 39.096038665551525 ], [ -94.551636795072142, 39.096607246679667 ], [ -94.552242796384419, 39.097201352098828 ], [ -94.552808074961277, 39.097819354029212 ], [ -94.553331080919463, 39.098459559177527 ], [ -94.553810380081458, 39.099120213371393 ], [ -94.5542446579135, 39.099799506361165 ], [ -94.554632723137587, 39.10049557677543 ], [ -94.55497351100702, 39.101206517217314 ], [ -94.555266086236742, 39.101930379487079 ], [ -94.555509645580059, 39.102665179917288 ], [ -94.555703520044759, 39.103408904805612 ], [ -94.555847176742233, 39.104159515930561 ], [ -94.555940220364391, 39.104914956135104 ], [ -94.555982394284214, 39.105673154962737 ], [ -94.555973581276746, 39.106432034330901 ], [ -94.555913803858132, 39.10718951422578 ], [ -94.555803224241956, 39.107943518403282 ], [ -94.555642143912479, 39.108691980080387 ], [ -94.555431002815922, 39.109432847601155 ], [ -94.555170378171709, 39.110164090062199 ], [ -94.554860982906874, 39.110883702881722 ], [ -94.554503663717611, 39.111589713297278 ], [ -94.554099398763157, 39.11228018577679 ], [ -94.553649294998252, 39.112953227328177 ], [ -94.553154585151191, 39.11360699269288 ], [ -94.552616624355622, 39.114239689409118 ], [ -94.552036886445478, 39.11484958273067 ], [ -94.55141695992269, 39.115435000388025 ], [ -94.550758543608922, 39.115994337178371 ], [ -94.550063441993132, 39.116526059372156 ], [ -94.54933356028765, 39.117028708923804 ], [ -94.54857089920624, 39.117500907474948 ], [ -94.547777549478596, 39.117941360139426 ], [ -94.546955686116149, 39.11834885905931 ], [ -94.546107562445144, 39.118722286722146 ], [ -94.545235503923251, 39.119060619030513 ], [ -94.544341901756752, 39.119362928115031 ], [ -94.543429206335958, 39.119628384883413 ], [ -94.542499920506899, 39.119856261298196 ], [ -94.54155659269793, 39.12004593237716 ], [ -94.540601809920261, 39.120196877910445 ], [ -94.539638190661464, 39.120308683890322 ], [ -94.538668377692119, 39.120381043648791 ], [ -94.537695030805054, 39.120413758700586 ], [ -94.536720819507394, 39.120406739288896 ], [ -94.535748415685845, 39.120360004632303 ], [ -94.534780486265106, 39.120273682872366 ], [ -94.533819685880246, 39.120148010721877 ], [ -94.532868649582724, 39.11998333281479 ], [ -94.531929985600925, 39.119780100759804 ], [ -94.531006268174536, 39.119538871899749 ], [ -94.530100030483155, 39.11926030778087 ], [ -94.529213757688424, 39.118945172335486 ], [ -94.528349880108806, 39.118594329783782 ], [ -94.527510766546229, 39.118208742259966 ], [ -94.526698717782708, 39.117789467169679 ], [ -94.525915960264825, 39.117337654285805 ], [ -94.52516463999396, 39.116854542590794 ], [ -94.524446816638445, 39.116341456874146 ], [ -94.523764457884397, 39.1157998040946 ], [ -94.523119434040382, 39.115231069516732 ], [ -94.522513512910976, 39.114636812633222 ], [ -94.521948354953139, 39.114018662883339 ], [ -94.521425508728555, 39.113378315179922 ], [ -94.52094640666472, 39.112717525257175 ], [ -94.520512361135886, 39.112038104851869 ], [ -94.520124560874933, 39.111341916731369 ], [ -94.519784067725539, 39.110630869582209 ], [ -94.519491813743798, 39.109906912773177 ], [ -94.519248598656674, 39.109172031007539 ], [ -94.519055087684691, 39.10842823887873 ], [ -94.518911809733922, 39.107677575344944 ], [ -94.518819155962859, 39.106922098137439 ], [ -94.518777378727208, 39.106163878118089 ] ] ] } },
{ "type": "Feature", "properties": { }, "geometry": { "type": "Polygon", "coordinates": [ [ [ -94.532677307786471, 39.106896099825953 ], [ -94.532686370657245, 39.106137217273847 ], [ -94.532746396664763, 39.105379744200327 ], [ -94.53285721965014, 39.104625756741335 ], [ -94.533018534249223, 39.103877321413293 ], [ -94.533229896747287, 39.103136489450264 ], [ -94.533490726312252, 39.102405291183501 ], [ -94.53380030660314, 39.101685730479126 ], [ -94.534157787749194, 39.100979779248917 ], [ -94.534562188693798, 39.100289372049289 ], [ -94.535012399896985, 39.099616400783347 ], [ -94.535507186388614, 39.09896270952018 ], [ -94.536045191164064, 39.098330089446009 ], [ -94.536624938912666, 39.097720273960384 ], [ -94.537244840068851, 39.0971349339314 ], [ -94.537903195174735, 39.096575673122416 ], [ -94.53859819954198, 39.096044023802946 ], [ -94.539327948200324, 39.095541442555735 ], [ -94.540090441119148, 39.095069306291194 ], [ -94.540883588687521, 39.094628908480296 ], [ -94.541705217438235, 39.094221455616108 ], [ -94.54255307599955, 39.09384806391347 ], [ -94.54342484125894, 39.093509756255948 ], [ -94.544318124721713, 39.093207459398286 ], [ -94.545230479047206, 39.092942001431922 ], [ -94.546159404745012, 39.092714109520585 ], [ -94.547102357012477, 39.092524407911924 ], [ -94.548056752695572, 39.092373416230821 ], [ -94.549019977353581, 39.09226154805868 ], [ -94.549989392408804, 39.092189109802902 ], [ -94.550962342361686, 39.09215629985944 ], [ -94.551936162051902, 39.092163208070616 ], [ -94.552908183945505, 39.092209815479862 ], [ -94.553875745428556, 39.092295994383882 ], [ -94.554836196087322, 39.092421508682229 ], [ -94.555786904955298, 39.092586014523221 ], [ -94.556725267707407, 39.09278906124451 ], [ -94.55764871378183, 39.093030092605737 ], [ -94.558554713410203, 39.09330844830987 ], [ -94.559440784536804, 39.093623365809229 ], [ -94.560304499608449, 39.09397398239112 ], [ -94.56114349221599, 39.094359337537412 ], [ -94.561955463569831, 39.094778375551982 ], [ -94.562738188791741, 39.095229948448271 ], [ -94.563489523005572, 39.095712819089741 ], [ -94.564207407210475, 39.09622566457422 ], [ -94.56488987392072, 39.09676707985323 ], [ -94.565535052556285, 39.09733558157626 ], [ -94.566141174569893, 39.097929612149635 ], [ -94.566706578296092, 39.098547543998805 ], [ -94.567229713509491, 39.099187684022752 ], [ -94.56770914567899, 39.099848278227803 ], [ -94.568143559907057, 39.100527516528999 ], [ -94.568531764542485, 39.101223537705138 ], [ -94.568872694457099, 39.101934434494616 ], [ -94.569165413977004, 39.102658258817762 ], [ -94.569409119460531, 39.103393027111551 ], [ -94.569603141515287, 39.10413672576216 ], [ -94.569746946848397, 39.104887316620463 ], [ -94.569840139744628, 39.105642742585445 ], [ -94.569882463167914, 39.106400933240138 ], [ -94.569873799483545, 39.107159810524855 ], [ -94.569814170798338, 39.107917294431992 ], [ -94.569703738918051, 39.108671308706938 ], [ -94.569542804921753, 39.109419786539476 ], [ -94.569331808354249, 39.110160676229846 ], [ -94.569071326038411, 39.110891946814313 ], [ -94.568762070510658, 39.111611593634429 ], [ -94.568404888083606, 39.112317643834935 ], [ -94.568000756541011, 39.11300816177507 ], [ -94.567550782471244, 39.113681254338431 ], [ -94.567056198246334, 39.114335076126963 ], [ -94.566518358654847, 39.114967834524386 ], [ -94.565938737197655, 39.115577794615646 ], [ -94.565318922056633, 39.116163283948339 ], [ -94.5646606117473, 39.116722697123286 ], [ -94.563965610467164, 39.117254500201597 ], [ -94.563235823152667, 39.117757234915963 ], [ -94.562473250257966, 39.118229522674518 ], [ -94.561679982270192, 39.118670068346503 ], [ -94.560858193975946, 39.119077663818857 ], [ -94.560010138494917, 39.11945119131429 ], [ -94.559138141097108, 39.119789626461454 ], [ -94.558244592820628, 39.120092041108805 ], [ -94.557331943907428, 39.120357605874403 ], [ -94.556402697075541, 39.120585592424355 ], [ -94.555459400645972, 39.120775375474153 ], [ -94.554504641543517, 39.120926434506643 ], [ -94.553541038190559, 39.121038355202515 ], [ -94.552571233313884, 39.121110830578843 ], [ -94.551597886683993, 39.121143661833045 ], [ -94.550623667807287, 39.121136758889278 ], [ -94.549651248591289, 39.121090140646409 ], [ -94.548683296003091, 39.121003934926406 ], [ -94.547722464741483, 39.120878378123578 ], [ -94.54677138994289, 39.120713814555231 ], [ -94.545832679941626, 39.120510695516224 ], [ -94.544908909104024, 39.120269578039206 ], [ -94.544002610756664, 39.119991123364748 ], [ -94.54311627022804, 39.119676095124859 ], [ -94.542252318023017, 39.119325357245536 ], [ -94.5414131231488, 39.118939871573865 ], [ -94.54060098661104, 39.118520695236029 ], [ -94.539818135097775, 39.118068977734083 ], [ -94.539066714868852, 39.117585957788918 ], [ -94.538348785867484, 39.11707295993849 ], [ -94.537666316070215, 39.116531390900619 ], [ -94.53702117609086, 39.115962735710426 ], [ -94.536415134053215, 39.115368553643052 ], [ -94.535849850746445, 39.114750473932787 ], [ -94.535326875076663, 39.114110191300718 ], [ -94.534847639826921, 39.113449461302878 ], [ -94.534413457737273, 39.112770095512069 ], [ -94.53402551791558, 39.112073956546261 ], [ -94.533684882588659, 39.11136295295757 ], [ -94.533392484202807, 39.110639033995824 ], [ -94.533149122881341, 39.109904184260927 ], [ -94.532955464245902, 39.109160418258931 ], [ -94.53281203760767, 39.108409774876939 ], [ -94.532719234532834, 39.107654311791379 ], [ -94.532677307786471, 39.106896099825953 ] ] ] } },
{ "type": "Feature", "properties": { }, "geometry": { "type": "Polygon", "coordinates": [ [ [ -94.50637917960205, 38.907700871700385 ], [ -94.506388567455289, 38.906941961074203 ], [ -94.506448775370416, 38.906184474304617 ], [ -94.506559636706115, 38.905430487564715 ], [ -94.506720846009301, 38.904682067369073 ], [ -94.506931959869675, 38.903941264910863 ], [ -94.507192398152071, 38.903210110441535 ], [ -94.507501445602756, 38.902490607708671 ], [ -94.507858253825447, 38.901784728467128 ], [ -94.508261843621028, 38.901094407078382 ], [ -94.508711107684817, 38.900421535213098 ], [ -94.509204813653511, 38.899767956671056 ], [ -94.509741607493538, 38.899135462332957 ], [ -94.510320017221332, 38.898525785257519 ], [ -94.510938456945297, 38.897940595937463 ], [ -94.511595231218095, 38.897381497727238 ], [ -94.512288539687603, 38.896850022455105 ], [ -94.513016482033521, 38.896347626231204 ], [ -94.51377706317605, 38.895875685463373 ], [ -94.514568198742566, 38.895435493091313 ], [ -94.515387720777085, 38.895028255049475 ], [ -94.516233383677161, 38.894655086968385 ], [ -94.517102870341702, 38.894317011122922 ], [ -94.517993798513302, 38.894014953636599 ], [ -94.518903727297399, 38.893749741948653 ], [ -94.519830163840837, 38.89352210255138 ], [ -94.520770570151512, 38.893332659003633 ], [ -94.521722370040465, 38.893181930225921 ], [ -94.522682956167799, 38.893070329081645 ], [ -94.523649697172971, 38.892998161248507 ], [ -94.524619944870381, 38.892965624382981 ], [ -94.525591041490514, 38.892972807580193 ], [ -94.526560326947035, 38.893019691130704 ], [ -94.527525146110165, 38.893106146574731 ], [ -94.528482856066574, 38.893231937053692 ], [ -94.529430833345984, 38.893396717958368 ], [ -94.530366481095015, 38.893600037871401 ], [ -94.531287236178727, 38.893841339802123 ], [ -94.532190576190558, 38.894119962709944 ], [ -94.533074026351557, 38.894435143312435 ], [ -94.533935166280429, 38.894786018172951 ], [ -94.534771636615517, 38.89517162606235 ], [ -94.53558114547117, 38.89559091058824 ], [ -94.536361474710617, 38.896042723084683 ], [ -94.537110486018435, 38.896525825754395 ], [ -94.537826126755775, 38.89703889505504 ], [ -94.538506435582804, 38.897580525320301 ], [ -94.539149547832494, 38.898149232605896 ], [ -94.539753700621446, 38.898743458750197 ], [ -94.540317237683553, 38.899361575638054 ], [ -94.540838613913195, 38.9000018896567 ], [ -94.541316399605691, 38.90066264633117 ], [ -94.541749284383002, 38.901342035126852 ], [ -94.542136080794251, 38.902038194405939 ], [ -94.54247572758068, 38.90274921652442 ], [ -94.542767292596338, 38.90347315305543 ], [ -94.543009975376009, 38.904208020125104 ], [ -94.543203109343665, 38.904951803845904 ], [ -94.543346163654732, 38.90570246583296 ], [ -94.543438744667284, 38.906457948788059 ], [ -94.543480597037913, 38.907216182136303 ], [ -94.543471604438849, 38.907975087699675 ], [ -94.543411789894634, 38.908732585392208 ], [ -94.54330131573667, 38.909486598921148 ], [ -94.54314048317606, 38.910235061478424 ], [ -94.542929731495434, 38.910975921406717 ], [ -94.542669636861845, 38.911707147824941 ], [ -94.542360910763918, 38.912426736197219 ], [ -94.542004398077168, 38.913132713830407 ], [ -94.54160107476271, 38.913823145285058 ], [ -94.541152045205635, 38.91449613768458 ], [ -94.540658539199953, 38.915149845908573 ], [ -94.540121908588347, 38.91578247765554 ], [ -94.539543623566061, 38.916392298361302 ], [ -94.538925268658389, 38.916977635959469 ], [ -94.538268538383392, 38.917536885471016 ], [ -94.537575232611132, 38.918068513410013 ], [ -94.536847251632366, 38.918571061993653 ], [ -94.536086590950148, 38.919043153144848 ], [ -94.535295335808598, 38.919483492276235 ], [ -94.534475655473742, 38.919890871845404 ], [ -94.53362979728243, 38.920264174671317 ], [ -94.53276008047537, 38.920602377002723 ], [ -94.531868889831486, 38.920904551330331 ], [ -94.530958669121034, 38.921169868934768 ], [ -94.530031914395565, 38.921397602163282 ], [ -94.529091167133274, 38.921587126428989 ], [ -94.528139007258616, 38.921737921927026 ], [ -94.527178046055624, 38.921849575062993 ], [ -94.526210918994209, 38.921921779589546 ], [ -94.525240278489704, 38.921954337448184 ], [ -94.524268786615295, 38.921947159313788 ], [ -94.523299107787807, 38.921900264840325 ], [ -94.522333901446871, 38.921813782607252 ], [ -94.521375814747827, 38.92168794976665 ], [ -94.520427475288628, 38.921523111391863 ], [ -94.519491483890761, 38.921319719529926 ], [ -94.518570407454249, 38.921078331959762 ], [ -94.517666771906491, 38.920799610660268 ], [ -94.516783055264355, 38.920484319991864 ], [ -94.515921680828782, 38.920133324597103 ], [ -94.51508501053074, 38.919747587025725 ], [ -94.514275338446708, 38.919328165090931 ], [ -94.51349488450181, 38.918876208964157 ], [ -94.512745788377785, 38.918392958016341 ], [ -94.512030103642715, 38.917879737414367 ], [ -94.511349792118523, 38.91733795448225 ], [ -94.510706718501751, 38.916769094836894 ], [ -94.510102645252516, 38.91617471830925 ], [ -94.509539227765515, 38.915556454662095 ], [ -94.509018009836254, 38.914915999116097 ], [ -94.508540419435064, 38.91425510769686 ], [ -94.508107764800286, 38.913575592415249 ], [ -94.507721230861335, 38.912879316294891 ], [ -94.507381876001247, 38.912168188259955 ], [ -94.507090629167607, 38.911444157897712 ], [ -94.506848287339508, 38.910709210110106 ], [ -94.506655513357487, 38.909965359668966 ], [ -94.506512834122034, 38.909214645690263 ], [ -94.50642063916564, 38.908459126041741 ], [ -94.50637917960205, 38.907700871700385 ] ] ] } },
{ "type": "Feature", "properties": { }, "geometry": { "type": "Polygon", "coordinates": [ [ [ -94.514605447159965, 39.113373249943372 ], [ -94.514614702531873, 39.112614365762859 ], [ -94.514674925601511, 39.111856898877264 ], [ -94.514785949669431, 39.111102925404928 ], [ -94.514947468820111, 39.110354511823239 ], [ -94.515159038777995, 39.109613709306039 ], [ -94.515420078142341, 39.10888254810321 ], [ -94.515729869997287, 39.108163031978691 ], [ -94.516087563892413, 39.107457132721436 ], [ -94.516492178188358, 39.106766784744849 ], [ -94.516942602760892, 39.106093879789171 ], [ -94.517437602055679, 39.105440261741265 ], [ -94.51797581848551, 39.104807721586198 ], [ -94.518555776160468, 39.104197992504126 ], [ -94.519175884940509, 39.103612745125965 ], [ -94.519834444799656, 39.10305358296084 ], [ -94.520529650489479, 39.102522038007727 ], [ -94.521259596489045, 39.102019566563122 ], [ -94.522022282227994, 39.101547545236407 ], [ -94.522815617568199, 39.101107267183551 ], [ -94.523637428528971, 39.100699938569399 ], [ -94.524485463240438, 39.100326675268377 ], [ -94.525357398108497, 39.099988499812298 ], [ -94.526250844174811, 39.099686338593834 ], [ -94.527163353654274, 39.099421019332951 ], [ -94.528092426632298, 39.099193268813593 ], [ -94.529035517903708, 39.099003710896277 ], [ -94.529990043934461, 39.098852864812542 ], [ -94.530953389927532, 39.098741143745215 ], [ -94.531922916973485, 39.09866885369911 ], [ -94.53289596926659, 39.0986361926645 ], [ -94.533869881366613, 39.098643250076179 ], [ -94.534841985486864, 39.098690006569278 ], [ -94.535809618788448, 39.098776334032543 ], [ -94.536770130661012, 39.098901995958961 ], [ -94.537720889970416, 39.099066648092908 ], [ -94.538659292253371, 39.099269839371622 ], [ -94.539582766839573, 39.099511013159209 ], [ -94.540488783882225, 39.099789508768836 ], [ -94.541374861277546, 39.100104563269937 ], [ -94.542238571454646, 39.100455313574798 ], [ -94.543077548017138, 39.100840798799304 ], [ -94.543889492218739, 39.101259962891199 ], [ -94.544672179254761, 39.101711657518742 ], [ -94.545423464352766, 39.102194645212101 ], [ -94.546141288645586, 39.102707602748517 ], [ -94.546823684810548, 39.103249124772617 ], [ -94.547468782459902, 39.103817727641427 ], [ -94.548074813267093, 39.104411853484116 ], [ -94.548640115815488, 39.105029874465032 ], [ -94.549163140155684, 39.105670097238743 ], [ -94.549642452059288, 39.106330767584701 ], [ -94.550076736957138, 39.107010075208983 ], [ -94.550464803551236, 39.107706158700168 ], [ -94.550805587090593, 39.108417110625517 ], [ -94.551098152301378, 39.109140982753836 ], [ -94.551341695963742, 39.109875791390643 ], [ -94.551535549127792, 39.110619522811042 ], [ -94.551679178962672, 39.111370138775598 ], [ -94.55177219023328, 39.11212558211389 ], [ -94.551814326400645, 39.112883782360747 ], [ -94.551805470342657, 39.113642661429544 ], [ -94.5517456446929, 39.114400139307179 ], [ -94.551635011796577, 39.1151541397549 ], [ -94.551473873283499, 39.115902595999749 ], [ -94.551262669258833, 39.116643456400453 ], [ -94.551001977114097, 39.11737469007295 ], [ -94.550692509960967, 39.118094292459332 ], [ -94.550335114692345, 39.118800290825519 ], [ -94.54993076967574, 39.119490749672252 ], [ -94.549480582085152, 39.120163776044592 ], [ -94.548985784878496, 39.120817524725375 ], [ -94.548447733428816, 39.121450203298309 ], [ -94.54786790181852, 39.12206007706672 ], [ -94.547247878806417, 39.12264547381448 ], [ -94.546589363478816, 39.12320478839591 ], [ -94.545894160596248, 39.123736487142146 ], [ -94.545164175648893, 39.124239112071699 ], [ -94.544401409633778, 39.124711284893564 ], [ -94.543607953568639, 39.125151710792004 ], [ -94.542785982756797, 39.12555918198229 ], [ -94.541937750819486, 39.125932581027925 ], [ -94.541065583511653, 39.126270883909847 ], [ -94.54017187233832, 39.126573162839286 ], [ -94.539259067989164, 39.126838588806621 ], [ -94.538329673609383, 39.127066433858793 ], [ -94.537386237925517, 39.127256073099531 ], [ -94.536431348245088, 39.127406986406363 ], [ -94.535467623349319, 39.127518759859917 ], [ -94.534497706298993, 39.127591086881438 ], [ -94.533524257172814, 39.12762376907552 ], [ -94.532549945758788, 39.127616716775542 ], [ -94.531577444218598, 39.12756994929039 ], [ -94.530609419745346, 39.127483594851739 ], [ -94.529648527235125, 39.127357890262154 ], [ -94.528697401992446, 39.127193180244703 ], [ -94.527758652489837, 39.126989916496285 ], [ -94.526834853201805, 39.126748656446814 ], [ -94.52592853753265, 39.126470061728241 ], [ -94.52504219085796, 39.126154896356965 ], [ -94.524178243698955, 39.125804024635435 ], [ -94.523339065048376, 39.125418408778017 ], [ -94.522526955866667, 39.124999106268241 ], [ -94.521744142766053, 39.124547266954337 ], [ -94.520992771900168, 39.12406412989138 ], [ -94.520274903075887, 39.123551019938652 ], [ -94.519592504103727, 39.123009344121435 ], [ -94.518947445402262, 39.12244058776767 ], [ -94.518341494871279, 39.121846310429831 ], [ -94.517776313047904, 39.12122814160336 ], [ -94.517253448558819, 39.120587776253522 ], [ -94.516774333881088, 39.119926970162979 ], [ -94.516340281423041, 39.119247535112862 ], [ -94.515952479935947, 39.11855133391073 ], [ -94.515611991266297, 39.117840275278951 ], [ -94.515319747457241, 39.117116308617867 ], [ -94.51507654820729, 39.116381418657625 ], [ -94.514883058692874, 39.115637620014141 ], [ -94.51473980776062, 39.114886951663372 ], [ -94.514647186494329, 39.11413147134968 ], [ -94.514605447159965, 39.113373249943372 ] ] ] } },
{ "type": "Feature", "properties": { }, "geometry": { "type": "Polygon", "coordinates": [ [ [ -94.574372706658423, 39.01145223654234 ], [ -94.574381345105778, 39.010693348134836 ], [ -94.574440878266017, 39.009935852388978 ], [ -94.574551141338489, 39.009181825504562 ], [ -94.57471183050076, 39.008433334107977 ], [ -94.574922503758955, 39.007692429589071 ], [ -94.575182582176112, 39.006961142480222 ], [ -94.575491351475478, 39.006241476893443 ], [ -94.575847964013875, 39.005535405030443 ], [ -94.576251441119425, 39.004844861780846 ], [ -94.576700675787549, 39.004171739423242 ], [ -94.577194435727137, 39.003517882443482 ], [ -94.577731366748822, 39.002885082484617 ], [ -94.578309996485714, 39.002275073441773 ], [ -94.578928738436502, 39.00168952671612 ], [ -94.5795858963196, 39.001130046639915 ], [ -94.580279668726334, 39.000598166086021 ], [ -94.581008154060513, 39.000095342273021 ], [ -94.581769355750694, 38.999622952778218 ], [ -94.582561187720955, 38.999182291768413 ], [ -94.583381480105061, 38.998774566459652 ], [ -94.584227985188605, 38.998400893814882 ], [ -94.585098383562695, 38.998062297488801 ], [ -94.585990290472409, 38.997759705028201 ], [ -94.586901262343048, 38.99749394533535 ], [ -94.587828803465783, 38.997265746401268 ], [ -94.588770372825238, 38.997075733315192 ], [ -94.589723391049745, 38.996924426555502 ], [ -94.59068524746597, 38.996812240566676 ], [ -94.591653307238289, 38.996739482626495 ], [ -94.592624918573762, 38.996706352006107 ], [ -94.593597419973136, 38.996712939425485 ], [ -94.594568147508042, 38.996759226805828 ], [ -94.595534442104892, 38.996845087319336 ], [ -94.596493656815383, 38.996970285736282 ], [ -94.597443164054084, 38.997134479068748 ], [ -94.598380362783544, 38.997337217508644 ], [ -94.599302685627066, 38.997577945658279 ], [ -94.600207605890262, 38.99785600404919 ], [ -94.601092644471919, 38.998170630946078 ], [ -94.601955376645762, 38.998520964430163 ], [ -94.602793438694292, 38.998906044756687 ], [ -94.603604534376984, 38.999324816980135 ], [ -94.604386441214984, 38.999776133839923 ], [ -94.605137016575426, 39.000258758898802 ], [ -94.605854203538442, 39.00077136992531 ], [ -94.606536036531168, 39.001312562511337 ], [ -94.607180646713275, 39.001880853914606 ], [ -94.607786267098987, 39.002474687115928 ], [ -94.608351237402033, 39.003092435080013 ], [ -94.608874008589851, 39.003732405208211 ], [ -94.60935314713474, 39.00439284397126 ], [ -94.609787338950142, 39.005071941709105 ], [ -94.610175393001157, 39.005767837585005 ], [ -94.610516244579514, 39.006478624680206 ], [ -94.610808958233591, 39.007202355215369 ], [ -94.611052730345605, 39.007937045884518 ], [ -94.611246891348543, 39.008680683286833 ], [ -94.611390907576933, 39.009431229441553 ], [ -94.611484382745601, 39.010186627370985 ], [ -94.611527059053003, 39.010944806736006 ], [ -94.611518817905122, 39.011703689509154 ], [ -94.611459680258406, 39.012461195669296 ], [ -94.611349806580137, 39.013215248902561 ], [ -94.611189496426462, 39.013963782293835 ], [ -94.61097918763879, 39.014704743993192 ], [ -94.610719455160847, 39.015436102841761 ], [ -94.610411009479208, 39.016155853941548 ], [ -94.610054694691456, 39.016862024153951 ], [ -94.609651486207184, 39.01755267751178 ], [ -94.609202488087959, 39.018225920530107 ], [ -94.608708930033188, 39.018879907401079 ], [ -94.608172164020388, 39.019512845058543 ], [ -94.607593660608515, 39.020122998098699 ], [ -94.606975004914844, 39.020708693542737 ], [ -94.606317892275925, 39.021268325428984 ], [ -94.605624123604727, 39.021800359221359 ], [ -94.604895600456516, 39.022303336022304 ], [ -94.604134319817035, 39.0227758765784 ], [ -94.603342368627196, 39.023216685067752 ], [ -94.602521918059367, 39.023624552658511 ], [ -94.601675217561123, 39.02399836082887 ], [ -94.600804588682337, 39.024337084439281 ], [ -94.599912418703354, 39.024639794548371 ], [ -94.599001154081179, 39.024905660964947 ], [ -94.598073293732028, 39.025133954528606 ], [ -94.59713138216884, 39.025324049113415 ], [ -94.596178002512488, 39.025475423348048 ], [ -94.595215769396262, 39.02558766204875 ], [ -94.594247321783001, 39.025660457360239 ], [ -94.593275315714877, 39.025693609601909 ], [ -94.592302417015944, 39.025687027816872 ], [ -94.591331293967457, 39.025640730022225 ], [ -94.590364609976334, 39.025554843159881 ], [ -94.589405016257174, 39.025429602748233 ], [ -94.588455144547893, 39.025265352235309 ], [ -94.587517599879192, 39.025062542055657 ], [ -94.586594953417901, 39.024821728392986 ], [ -94.585689735404088, 39.024543571652664 ], [ -94.584804428201139, 39.024228834647502 ], [ -94.58394145947841, 39.023878380502687 ], [ -94.583103195545078, 39.023493170284929 ], [ -94.5822919348536, 39.023074260362876 ], [ -94.581509901690637, 39.022622799505747 ], [ -94.580759240073149, 39.02214002572849 ], [ -94.580042007866027, 39.021627262891919 ], [ -94.579360171137807, 39.021085917067431 ], [ -94.578715598769818, 39.020517472676218 ], [ -94.578110057333475, 39.019923488413617 ], [ -94.577545206250093, 39.019305592969999 ], [ -94.577022593246028, 39.018665480559797 ], [ -94.57654365011588, 39.018004906271187 ], [ -94.576109688805204, 39.017325681249048 ], [ -94.575721897823428, 39.016629667724679 ], [ -94.575381338996621, 39.015918773905803 ], [ -94.575088944568932, 39.015194948741033 ], [ -94.574845514660637, 39.014460176573181 ], [ -94.574651715089473, 39.013716471695936 ], [ -94.574508075561013, 39.012965872829355 ], [ -94.574414988233229, 39.01221043752863 ], [ -94.574372706658423, 39.01145223654234 ] ] ] } },
{ "type": "Feature", "properties": { }, "geometry": { "type": "Polygon", "coordinates": [ [ [ -94.409206288193559, 39.030586028377975 ], [ -94.409216689457722, 39.029827121295881 ], [ -94.409277998095021, 39.029069678760465 ], [ -94.409390044437998, 39.028315776819838 ], [ -94.409552519777094, 39.027567481752165 ], [ -94.409764977224441, 39.026826844403509 ], [ -94.410026832955651, 39.026095894568499 ], [ -94.410337367826415, 39.025376635429438 ], [ -94.410695729359162, 39.02467103806913 ], [ -94.41110093409408, 39.02398103607198 ], [ -94.411551870297998, 39.023308520228916 ], [ -94.412047301023605, 39.022655333359637 ], [ -94.41258586751033, 39.022023265267208 ], [ -94.41316609291755, 39.0214140478381 ], [ -94.413786386379826, 39.020829350301547 ], [ -94.414445047372865, 39.020270774660681 ], [ -94.415140270378316, 39.01973985130833 ], [ -94.415870149834461, 39.019238034839169 ], [ -94.416632685359218, 39.018766700069612 ], [ -94.417425787231238, 39.018327138276391 ], [ -94.418247282113995, 39.017920553664176 ], [ -94.419094919007264, 39.017548060071263 ], [ -94.419966375409714, 39.017210677923316 ], [ -94.420859263675808, 39.016909331442235 ], [ -94.421771137549769, 39.016644846118766 ], [ -94.422699498858535, 39.016417946455057 ], [ -94.423641804346033, 39.016229253983603 ], [ -94.42459547262942, 39.016079285567919 ], [ -94.425557891259245, 39.015968451989352 ], [ -94.426526423863507, 39.015897056824222 ], [ -94.427498417356929, 39.015865295614034 ], [ -94.428471209195379, 39.015873255331037 ], [ -94.429442134655915, 39.015920914140885 ], [ -94.430408534122861, 39.016008141462592 ], [ -94.43136776035972, 39.016134698325899 ], [ -94.432317185747749, 39.016300238025096 ], [ -94.433254209470888, 39.016504307067301 ], [ -94.434176264628249, 39.016746346412923 ], [ -94.435080825254204, 39.017025693004562 ], [ -94.435965413227436, 39.017341581580617 ], [ -94.436827605049984, 39.017693146768309 ], [ -94.437665038477846, 39.018079425450551 ], [ -94.438475418985206, 39.018499359400522 ], [ -94.439256526044531, 39.018951798176097 ], [ -94.440006219205614, 39.019435502267093 ], [ -94.44072244395673, 39.019949146486084 ], [ -94.441403237352162, 39.02049132359403 ], [ -94.442046733390541, 39.021060548150544 ], [ -94.442651168129373, 39.021655260578491 ], [ -94.443214884521623, 39.022273831431818 ], [ -94.44373633696118, 39.022914565854997 ], [ -94.444214095524828, 39.02357570822182 ], [ -94.444646849898575, 39.024255446941169 ], [ -94.445033412978148, 39.02495191941626 ], [ -94.445372724133122, 39.025663217144356 ], [ -94.445663852125975, 39.026387390942411 ], [ -94.445905997677698, 39.027122456285007 ], [ -94.446098495673098, 39.027866398739526 ], [ -94.446240816999179, 39.028617179483923 ], [ -94.446332570011762, 39.029372740892086 ], [ -94.446373501625914, 39.030131012171196 ], [ -94.446363498027139, 39.03088991503612 ], [ -94.446302585001106, 39.031647369404837 ], [ -94.44619092788092, 39.032401299099583 ], [ -94.446028831111633, 39.033149637538095 ], [ -94.445816737433489, 39.033890333399135 ], [ -94.445555226685357, 39.034621356247015 ], [ -94.445245014231801, 39.035340702099468 ], [ -94.444886949017956, 39.036046398923688 ], [ -94.444482011257094, 39.036736512045458 ], [ -94.444031309757321, 39.037409149456401 ], [ -94.443536078894525, 39.038062467004842 ], [ -94.442997675239539, 39.038694673456028 ], [ -94.442417573848942, 39.03930403540754 ], [ -94.44179736422943, 39.039888882046789 ], [ -94.441138745986706, 39.040447609736994 ], [ -94.440443524170718, 39.04097868641945 ], [ -94.43971360433018, 39.041480655819591 ], [ -94.438950987289587, 39.041952141445435 ], [ -94.43815776366344, 39.042391850367437 ], [ -94.437336108122196, 39.042798576768988 ], [ -94.436488273426306, 39.043171205258247 ], [ -94.435616584244258, 39.043508713931679 ], [ -94.434723430771967, 39.043810177181079 ], [ -94.433811262170877, 39.044074768236406 ], [ -94.432882579843124, 39.044301761437062 ], [ -94.431939930561953, 39.044490534225751 ], [ -94.430985899476866, 39.044640568858995 ], [ -94.430023103012275, 39.044751453829946 ], [ -94.429054181679774, 39.044822884999213 ], [ -94.428081792823662, 39.044854666430844 ], [ -94.427108603319738, 39.044846710931019 ], [ -94.426137282247836, 39.044799040287856 ], [ -94.425170493558085, 39.044711785212044 ], [ -94.424210888751318, 39.04458518497789 ], [ -94.423261099594043, 39.044419586766288 ], [ -94.422323730887797, 39.044215444711185 ], [ -94.4214013533132, 39.043973318652142 ], [ -94.420496496368344, 39.043693872596585 ], [ -94.419611641421071, 39.043377872895874 ], [ -94.41874921489439, 39.043026186140317 ], [ -94.417911581603747, 39.042639776778856 ], [ -94.417101038264704, 39.042219704470121 ], [ -94.416319807188813, 39.041767121172128 ], [ -94.415570030185052, 39.041283267978436 ], [ -94.414853762683705, 39.040769471710099 ], [ -94.414172968098882, 39.040227141272041 ], [ -94.413529512444953, 39.039657763784568 ], [ -94.412925159222027, 39.03906290050034 ], [ -94.412361564583975, 39.038444182518226 ], [ -94.411840272802934, 39.037803306305769 ], [ -94.411362712041949, 39.037142029042577 ], [ -94.410930190447829, 39.036462163797793 ], [ -94.410543892574438, 39.035765574554375 ], [ -94.410204876146594, 39.035054171094451 ], [ -94.409914069172714, 39.03432990375947 ], [ -94.409672267414621, 39.03359475809966 ], [ -94.409480132220878, 39.032850749427595 ], [ -94.409338188729507, 39.032099917290829 ], [ -94.409246824445091, 39.031344319878528 ], [ -94.409206288193559, 39.030586028377975 ] ] ] } },
{ "type": "Feature", "properties": { }, "geometry": { "type": "Polygon", "coordinates": [ [ [ -94.564416962438926, 39.109281176996554 ], [ -94.564425684174225, 39.108522299185076 ], [ -94.564485370946969, 39.107764816924046 ], [ -94.564595857527706, 39.107010806375683 ], [ -94.564756839473731, 39.106262334120785 ], [ -94.564967873981274, 39.105521451495669 ], [ -94.565228381116256, 39.104790188971435 ], [ -94.565537645420278, 39.104070550591288 ], [ -94.565894817887298, 39.103364508480759 ], [ -94.566298918305321, 39.102673997446139 ], [ -94.566748837956439, 39.102000909675866 ], [ -94.567243342667922, 39.101347089558956 ], [ -94.567781076205591, 39.10071432863527 ], [ -94.568360564000329, 39.100104360690878 ], [ -94.568980217197122, 39.099518857012001 ], [ -94.569638337015689, 39.09895942181074 ], [ -94.570333119410563, 39.098427587834671 ], [ -94.57106266001793, 39.097924812172565 ], [ -94.571824959375377, 39.097452472267541 ], [ -94.572617928400661, 39.097011862148484 ], [ -94.573439394114018, 39.096604188889948 ], [ -94.574287105588866, 39.09623056931035 ], [ -94.57515874011419, 39.09589202691722 ], [ -94.576051909552106, 39.095589489108029 ], [ -94.576964166873154, 39.09532378463382 ], [ -94.577893012851561, 39.095095641333124 ], [ -94.578835902902213, 39.094905684141715 ], [ -94.579790254040759, 39.094754433383955 ], [ -94.580753451947913, 39.094642303350355 ], [ -94.581722858118894, 39.094569601164963 ], [ -94.582695817078275, 39.094536525946054 ], [ -94.583669663641032, 39.094543168261922 ], [ -94.584641730199763, 39.094589509883683 ], [ -94.585609354018501, 39.094675423835454 ], [ -94.586569884513295, 39.094800674741919 ], [ -94.587520690499588, 39.094964919472275 ], [ -94.588459167387128, 39.095167708078883 ], [ -94.589382744302469, 39.095408485027924 ], [ -94.590288891119911, 39.095686590718806 ], [ -94.591175125381838, 39.096001263288379 ], [ -94.592039019089526, 39.096351640694515 ], [ -94.59287820534594, 39.096736763074091 ], [ -94.593690384832584, 39.097155575368447 ], [ -94.594473332102638, 39.097606930209324 ], [ -94.595224901673291, 39.098089591057551 ], [ -94.595943033900667, 39.098602235585844 ], [ -94.596625760621194, 39.099143459296492 ], [ -94.597271210544235, 39.099711779364064 ], [ -94.597877614380891, 39.100305638693015 ], [ -94.598443309695199, 39.100923410178446 ], [ -94.598966745464352, 39.101563401159247 ], [ -94.599446486335253, 39.102223858050841 ], [ -94.599881216565876, 39.102902971145191 ], [ -94.600269743640382, 39.10359887956502 ], [ -94.60061100154816, 39.104309676358561 ], [ -94.600904053717571, 39.10503341372111 ], [ -94.601148095596116, 39.105768108328888 ], [ -94.601342456870256, 39.106511746771105 ], [ -94.601486603317966, 39.107262291064657 ], [ -94.601580138289464, 39.108017684237282 ], [ -94.601622803811338, 39.108775855962953 ], [ -94.601614481311174, 39.109534728235005 ], [ -94.601555191960472, 39.110292221060703 ], [ -94.60144509663445, 39.111046258162084 ], [ -94.601284495489139, 39.111794772667444 ], [ -94.601073827156185, 39.112535712777557 ], [ -94.600813667557787, 39.113267047391496 ], [ -94.600504728344646, 39.113986771676238 ], [ -94.600147854961037, 39.114692912565054 ], [ -94.599744024342158, 39.115383534169396 ], [ -94.59929434224992, 39.11605674308948 ], [ -94.598800040254332, 39.116710693608866 ], [ -94.598262472368546, 39.117343592758999 ], [ -94.597683111346768, 39.117953705239373 ], [ -94.597063544655072, 39.118539358180207 ], [ -94.596405470125973, 39.119098945734066 ], [ -94.59571069130871, 39.119630933484153 ], [ -94.594981112527933, 39.1201338626569 ], [ -94.594218733664263, 39.120606354127318 ], [ -94.593425644671058, 39.121047112205936 ], [ -94.592604019842426, 39.121454928197124 ], [ -94.591756111848284, 39.121828683718661 ], [ -94.590884245552758, 39.122167353773563 ], [ -94.589990811633029, 39.122470009565738 ], [ -94.589078260016279, 39.122735821051464 ], [ -94.58814909315268, 39.122964059219754 ], [ -94.587205859142998, 39.123154098095476 ], [ -94.586251144740089, 39.123305416459282 ], [ -94.585287568243217, 39.123417599279996 ], [ -94.584317772305084, 39.123490338855177 ], [ -94.583344416671508, 39.123523435656935 ], [ -94.582370170873546, 39.123516798880509 ], [ -94.581397706892702, 39.123470446694071 ], [ -94.580429691819162, 39.123384506189268 ], [ -94.579468780523598, 39.123259213032341 ], [ -94.57851760836266, 39.123094910816953 ], [ -94.577578783938506, 39.122892050120626 ], [ -94.576654881932271, 39.122651187266975 ], [ -94.575748436031404, 39.122372982797785 ], [ -94.574861931970332, 39.122058199658461 ], [ -94.573997800703793, 39.121707701102508 ], [ -94.573158411731526, 39.121322448320441 ], [ -94.572346066593056, 39.120903497799617 ], [ -94.571562992550085, 39.120451998422745 ], [ -94.570811336474407, 39.119969188312531 ], [ -94.570093158957647, 39.11945639143164 ], [ -94.569410428659566, 39.118915013947003 ], [ -94.568765016910021, 39.118346540368762 ], [ -94.568158692579658, 39.11775252947443 ], [ -94.567593117233358, 39.11713461002946 ], [ -94.567069840579521, 39.116494476316021 ], [ -94.566590296227929, 39.115833883482516 ], [ -94.56615579776755, 39.115154642726388 ], [ -94.565767535174857, 39.11445861632361 ], [ -94.565426571562753, 39.113747712518574 ], [ -94.565133840278534, 39.113023880288466 ], [ -94.564890142358976, 39.112289103996389 ], [ -94.564696144349156, 39.111545397948142 ], [ -94.564552376491093, 39.110794800867502 ], [ -94.564459231286662, 39.110039370305088 ], [ -94.564416962438926, 39.109281176996554 ] ] ] } },
{ "type": "Feature", "properties": { }, "geometry": { "type": "Polygon", "coordinates": [ [ [ -94.181509842092495, 39.010549670701941 ], [ -94.181522681584028, 39.00979074249301 ], [ -94.181586411888304, 39.009033378534284 ], [ -94.181700856703529, 39.008279654650586 ], [ -94.18186570075089, 39.007531636624336 ], [ -94.182080490656176, 39.006791374534814 ], [ -94.182344636209407, 39.006060897141005 ], [ -94.182657411998747, 39.005342206323668 ], [ -94.183017959414357, 39.004637271601702 ], [ -94.183425289016014, 39.003948024737738 ], [ -94.183878283258323, 39.003276354447983 ], [ -94.184375699565749, 39.002624101230317 ], [ -94.184916173748704, 39.001993052325226 ], [ -94.18549822375158, 39.001384936822923 ], [ -94.186120253722066, 39.000801420930387 ], [ -94.186780558390652, 39.000244103410893 ], [ -94.187477327748326, 38.999714511208566 ], [ -94.188208652009237, 38.999214095270041 ], [ -94.188972526845347, 38.998744226574395 ], [ -94.189766858878031, 38.998306192382202 ], [ -94.190589471412082, 38.997901192714018 ], [ -94.191438110396291, 38.997530337067815 ], [ -94.192310450594206, 38.997194641384155 ], [ -94.193204101948496, 38.996895025267662 ], [ -94.194116616121221, 38.996632309472027 ], [ -94.19504549319268, 38.996407213655594 ], [ -94.195988188500053, 38.996220354413445 ], [ -94.196942119597765, 38.996072243591541 ], [ -94.197904673320124, 38.995963286887218 ], [ -94.198873212927694, 38.995893782740232 ], [ -94.199845085317179, 38.995863921516843 ], [ -94.200817628276141, 38.995873784989605 ], [ -94.201788177762026, 38.995923346114111 ], [ -94.202754075186377, 38.99601246910315 ], [ -94.203712674684098, 38.996140909798243 ], [ -94.204661350348076, 38.996308316337711 ], [ -94.205597503409791, 38.996514230118848 ], [ -94.206518569346002, 38.996758087052392 ], [ -94.207422024892608, 38.997039219105218 ], [ -94.208305394946308, 38.997356856127446 ], [ -94.209166259335504, 38.99771012795884 ], [ -94.210002259441879, 38.998098066808843 ], [ -94.210811104654951, 38.998519609903653 ], [ -94.211590578641463, 38.998973602393356 ], [ -94.212338545413104, 38.999458800511093 ], [ -94.213052955175655, 38.999973874975517 ], [ -94.213731849943656, 39.000517414627645 ], [ -94.214373368905385, 39.001087930291902 ], [ -94.21497575352322, 39.001683858850896 ], [ -94.215537352355682, 39.002303567523057 ], [ -94.216056625587626, 39.002945358331154 ], [ -94.216532149256466, 39.003607472749728 ], [ -94.216962619162317, 39.004288096518827 ], [ -94.217346854451904, 39.00498536461069 ], [ -94.217683800865558, 39.005697366336037 ], [ -94.217972533639056, 39.006422150575915 ], [ -94.218212260051516, 39.007157731124906 ], [ -94.218402321612743, 39.007902092131033 ], [ -94.2185421958836, 39.008653193617526 ], [ -94.218631497924363, 39.00940897707131 ], [ -94.218669981366801, 39.010167371083043 ], [ -94.2186575391069, 39.010926297023161 ], [ -94.218594203616306, 39.011683674738357 ], [ -94.218480146871187, 39.012437428253115 ], [ -94.218315679898538, 39.013185491460341 ], [ -94.218101251941292, 39.013925813785761 ], [ -94.217837449243873, 39.01465636581041 ], [ -94.217524993461666, 39.015375144835907 ], [ -94.217164739698461, 39.016080180376889 ], [ -94.216757674177188, 39.016769539566106 ], [ -94.216304911549884, 39.017441332456755 ], [ -94.215807691854479, 39.018093717207677 ], [ -94.215267377126466, 39.01872490513729 ], [ -94.214685447674384, 39.01933316563219 ], [ -94.214063498029802, 39.019916830896818 ], [ -94.21340323258211, 39.020474300531404 ], [ -94.212706460910667, 39.02100404592516 ], [ -94.211975092826634, 39.021504614453086 ], [ -94.211211133138207, 39.021974633464275 ], [ -94.210416676153656, 39.022412814051293 ], [ -94.209593899937175, 39.022817954589627 ], [ -94.208745060333328, 39.023188944037919 ], [ -94.207872484776587, 39.023524764989638 ], [ -94.206978565902944, 39.023824496467689 ], [ -94.20606575498131, 39.024087316454477 ], [ -94.205136555182648, 39.024312504150075 ], [ -94.204193514705622, 39.024499441952813 ], [ -94.203239219777601, 39.024647617155964 ], [ -94.202276287550418, 39.024756623356808 ], [ -94.201307358910569, 39.02482616157333 ], [ -94.200335091223579, 39.024856041065973 ], [ -94.199362151032929, 39.024846179862017 ], [ -94.198391206733277, 39.024796604981034 ], [ -94.197424921238749, 39.024707452360957 ], [ -94.196465944666244, 39.02457896648486 ], [ -94.19551690705417, 39.024411499709473 ], [ -94.194580411136627, 39.024205511297467 ], [ -94.193659025193256, 39.023961566155762 ], [ -94.192755275994216, 39.023680333283913 ], [ -94.19187164186016, 39.023362583936382 ], [ -94.191010545856003, 39.023009189504073 ], [ -94.190174349137621, 39.022621119120807 ], [ -94.189365344469678, 39.022199437001468 ], [ -94.188585749932429, 39.021745299519146 ], [ -94.187837702834955, 39.021259952029297 ], [ -94.187123253851567, 39.020744725449795 ], [ -94.186444361397406, 39.020201032606238 ], [ -94.18580288625887, 39.019630364352587 ], [ -94.185200586493423, 39.01903428547805 ], [ -94.184639112612899, 39.018414430411084 ], [ -94.184120003063427, 39.017772498732853 ], [ -94.183644680014268, 39.017110250512204 ], [ -94.183214445467243, 39.016429501475059 ], [ -94.182830477697038, 39.01573211802166 ], [ -94.182493828032278, 39.015020012105182 ], [ -94.182205417985969, 39.014295135986146 ], [ -94.181966036743106, 39.013559476876601 ], [ -94.18177633901216, 39.012815051489234 ], [ -94.181636843246025, 39.012063900506227 ], [ -94.1815479302375, 39.011308082982922 ], [ -94.181509842092495, 39.010549670701941 ] ] ] } },
{ "type": "Feature", "properties": { }, "geometry": { "type": "Polygon", "coordinates": [ [ [ -94.480850370474201, 39.093537762232103 ], [ -94.480859992186609, 39.092778871270177 ], [ -94.480920567078627, 39.092021412659626 ], [ -94.481031927488317, 39.091267462494969 ], [ -94.481193766580304, 39.090519087188675 ], [ -94.481405639204297, 39.089778337808674 ], [ -94.481666963132355, 39.089047244458314 ], [ -94.481977020671067, 39.088327810714766 ], [ -94.482334960644408, 39.087622008140507 ], [ -94.482739800741172, 39.086931770883368 ], [ -94.483190430220873, 39.086258990379655 ], [ -94.483685612970234, 39.08560551017478 ], [ -94.484223990901867, 39.084973120875858 ], [ -94.484804087685788, 39.084363555249432 ], [ -94.485424312803218, 39.08377848347849 ], [ -94.486082965911734, 39.083219508591057 ], [ -94.486778241509583, 39.08268816207309 ], [ -94.487508233886388, 39.082185899677668 ], [ -94.488270942346588, 39.081714097441768 ], [ -94.489064276691522, 39.081274047921504 ], [ -94.489886062944805, 39.080866956656173 ], [ -94.490734049305516, 39.080493938870525 ], [ -94.491605912313162, 39.080156016424418 ], [ -94.492499263207122, 39.079854115018101 ], [ -94.493411654463614, 39.079589061660549 ], [ -94.494340586492356, 39.079361582408055 ], [ -94.495283514474423, 39.079172300378872 ], [ -94.496237855323031, 39.079021734049547 ], [ -94.497200994748056, 39.078910295837424 ], [ -94.498170294405384, 39.078838290973245 ], [ -94.499143099111407, 39.078805916666937 ], [ -94.500116744103138, 39.078813261568577 ], [ -94.501088562324341, 39.078860305526483 ], [ -94.50205589171793, 39.078946919642618 ], [ -94.503016082504516, 39.079072866625317 ], [ -94.503966504427865, 39.079237801438595 ], [ -94.504904553947, 39.079441272245859 ], [ -94.505827661356136, 39.079682721645746 ], [ -94.506733297812261, 39.079961488196751 ], [ -94.507618982252154, 39.080276808226202 ], [ -94.508482288179266, 39.080627817919044 ], [ -94.509320850302615, 39.081013555680528 ], [ -94.510132371009149, 39.081432964766414 ], [ -94.510914626652379, 39.081884896173506 ], [ -94.511665473639738, 39.082368111782877 ], [ -94.512382854302444, 39.082881287746915 ], [ -94.513064802531545, 39.083423018111198 ], [ -94.51370944916485, 39.083991818661254 ], [ -94.514315027110101, 39.084586130983823 ], [ -94.514879876190165, 39.08520432673145 ], [ -94.515402447697028, 39.085844712078888 ], [ -94.515881308642179, 39.086505532359062 ], [ -94.516315145691479, 39.087184976866141 ], [ -94.516702768773683, 39.087881183812407 ], [ -94.51704311435293, 39.088592245425637 ], [ -94.517335248355579, 39.089316213172822 ], [ -94.517578368743742, 39.090051103096144 ], [ -94.517771807728053, 39.090794901246682 ], [ -94.517915033613491, 39.091545569200804 ], [ -94.518007652273027, 39.092301049644348 ], [ -94.518049408244977, 39.093059272009164 ], [ -94.518040185450701, 39.09381815814681 ], [ -94.517980007530568, 39.094575628023598 ], [ -94.517869037797254, 39.095329605421611 ], [ -94.517707578805741, 39.096078023629985 ], [ -94.517496071541899, 39.096818831110745 ], [ -94.517235094230728, 39.097549997123942 ], [ -94.516925360767985, 39.09826951729638 ], [ -94.516567718779086, 39.098975419118595 ], [ -94.516163147310451, 39.099665767355368 ], [ -94.515712754159395, 39.100338669354521 ], [ -94.515217772849965, 39.100992280239453 ], [ -94.514679559262504, 39.101624807971348 ], [ -94.514099587926424, 39.102234518266918 ], [ -94.513479447986057, 39.102819739358175 ], [ -94.512820838850601, 39.10337886658111 ], [ -94.512125565540046, 39.103910366780738 ], [ -94.51139553373973, 39.104412782520207 ], [ -94.51063274457708, 39.104884736082489 ], [ -94.509839289134973, 39.105324933253485 ], [ -94.509017342716618, 39.105732166876216 ], [ -94.508169158877664, 39.106105320166243 ], [ -94.507297063242248, 39.106443369779072 ], [ -94.506403447119723, 39.106745388621199 ], [ -94.505490760939722, 39.107010548397014 ], [ -94.504561507523817, 39.107238121884251 ], [ -94.503618235212087, 39.107427484932231 ], [ -94.502663530863913, 39.107578118176733 ], [ -94.501700012751925, 39.107689608467275 ], [ -94.500730323369254, 39.107761650002516 ], [ -94.499757122169441, 39.107794045170799 ], [ -94.498783078259521, 39.107786705093432 ], [ -94.497810863066334, 39.107739649869266 ], [ -94.49684314299634, 39.107653008519797 ], [ -94.495882572109181, 39.107527018635004 ], [ -94.494931784825638, 39.107362025720946 ], [ -94.493993388689589, 39.107158482250817 ], [ -94.493069957204455, 39.106916946422011 ], [ -94.492164022763887, 39.106638080623043 ], [ -94.491278069695881, 39.106322649613936 ], [ -94.490414527440137, 39.105971518425648 ], [ -94.4895757638769, 39.105585649984071 ], [ -94.488764078826236, 39.105166102465219 ], [ -94.48798169773525, 39.104714026388969 ], [ -94.487230765570885, 39.104230661459248 ], [ -94.48651334093519, 39.103717333159715 ], [ -94.485831390418866, 39.103175449113778 ], [ -94.485186783209173, 39.102606495219675 ], [ -94.484581285966414, 39.102012031570744 ], [ -94.48401655798358, 39.101393688172372 ], [ -94.483494146641846, 39.100753160467555 ], [ -94.483015483174967, 39.10009220468303 ], [ -94.482581878753464, 39.099412633009251 ], [ -94.482194520899853, 39.098716308627182 ], [ -94.481854470244087, 39.098005140595703 ], [ -94.481562657628587, 39.097281078613804 ], [ -94.481319881570045, 39.096546107671713 ], [ -94.481126806085257, 39.095802242606005 ], [ -94.480983958886711, 39.095051522573492 ], [ -94.480891729952432, 39.09429600545888 ], [ -94.480850370474201, 39.093537762232103 ] ] ] } },
{ "type": "Feature", "properties": { }, "geometry": { "type": "Polygon", "coordinates": [ [ [ -94.476197686326913, 38.950826295519512 ], [ -94.476207386959885, 38.950067386357745 ], [ -94.476267938279619, 38.949309913596998 ], [ -94.476379172700319, 38.948555953370793 ], [ -94.476540783743317, 38.947807572119792 ], [ -94.476752326894456, 38.947066820929066 ], [ -94.47701322083951, 38.946335729908213 ], [ -94.477322749073807, 38.945616302629467 ], [ -94.477680061881543, 38.944910510639431 ], [ -94.478084178679325, 38.944220288059 ], [ -94.478533990717068, 38.943547526286544 ], [ -94.479028264129042, 38.942894068818738 ], [ -94.479565643326282, 38.942261706203027 ], [ -94.48014465472113, 38.941652171135765 ], [ -94.48076371077363, 38.941067133719194 ], [ -94.481421114348279, 38.940508196890271 ], [ -94.482115063369648, 38.939976892033826 ], [ -94.482843655763631, 38.939474674791981 ], [ -94.483604894670975, 38.939002921081126 ], [ -94.484396693918754, 38.938562923327552 ], [ -94.485216883734807, 38.938155886931732 ], [ -94.486063216689459, 38.937782926970982 ], [ -94.486933373848501, 38.937445065149539 ], [ -94.48782497112029, 38.937143227004086 ], [ -94.488735565780061, 38.936878239372696 ], [ -94.489662663153425, 38.936650828133715 ], [ -94.490603723440898, 38.936461616220924 ], [ -94.491556168664999, 38.936311121920404 ], [ -94.492517389720945, 38.936199757453466 ], [ -94.49348475351178, 38.936127827849809 ], [ -94.494455610148705, 38.936095530113811 ], [ -94.495427300196781, 38.936102952686142 ], [ -94.496397161946589, 38.936150075202313 ], [ -94.497362538692045, 38.936236768548731 ], [ -94.498320785994494, 38.936362795216006 ], [ -94.499269278913545, 38.936527809948842 ], [ -94.50020541918488, 38.936731360690381 ], [ -94.50112664232563, 38.936972889818655 ], [ -94.502030424647984, 38.937251735671786 ], [ -94.502914290161968, 38.937567134357714 ], [ -94.503775817348725, 38.937918221843468 ], [ -94.504612645785642, 38.938304036318513 ], [ -94.505422482605596, 38.938723520825626 ], [ -94.506203108772596, 38.93917552615202 ], [ -94.506952385156524, 38.939658813973125 ], [ -94.507668258390922, 38.940172060240272 ], [ -94.508348766497079, 38.940713858803164 ], [ -94.508992044259898, 38.941282725257182 ], [ -94.509596328340024, 38.941877101005275 ], [ -94.510159962108901, 38.942495357522937 ], [ -94.510681400192951, 38.94313580081527 ], [ -94.511159212714759, 38.943796676053417 ], [ -94.51159208921942, 38.944476172378089 ], [ -94.511978842275099, 38.945172427856882 ], [ -94.512318410738132, 38.945883534582087 ], [ -94.512609862673386, 38.946607543894793 ], [ -94.512852397921662, 38.947342471721321 ], [ -94.513045350307323, 38.94808630400717 ], [ -94.513188189479564, 38.948837002233709 ], [ -94.513280522382246, 38.949592509002763 ], [ -94.513322094348197, 38.950350753673206 ], [ -94.513312789814591, 38.951109658035058 ], [ -94.513252632657455, 38.951867142004566 ], [ -94.513141786144047, 38.952621129325415 ], [ -94.512980552503066, 38.953369553260103 ], [ -94.512769372113723, 38.954110362255861 ], [ -94.512508822315795, 38.954841525569812 ], [ -94.512199615843372, 38.955561038837665 ], [ -94.511842598887, 38.956266929570681 ], [ -94.511438748788663, 38.956957262566128 ], [ -94.510989171376409, 38.957630145215887 ], [ -94.51049509794538, 38.958283732698952 ], [ -94.509957881893499, 38.958916233043396 ], [ -94.509378995020938, 38.95952591204388 ], [ -94.508760023503427, 38.960111098021194 ], [ -94.508102663550233, 38.960670186410717 ], [ -94.50740871675886, 38.961201644167083 ], [ -94.506680085179028, 38.961704013972998 ], [ -94.505918766099256, 38.962175918240526 ], [ -94.505126846570889, 38.962616062893851 ], [ -94.504306497683899, 38.963023240923029 ], [ -94.50345996861077, 38.96339633569896 ], [ -94.502589580434432, 38.963734324040402 ], [ -94.50169771977761, 38.964036279024434 ], [ -94.500786832250739, 38.964301372532901 ], [ -94.49985941573695, 38.964528877527442 ], [ -94.49891801353229, 38.964718170047057 ], [ -94.497965207360366, 38.964868730922539 ], [ -94.497003610280572, 38.964980147203171 ], [ -94.496035859509647, 38.965052113291549 ], [ -94.495064609176225, 38.965084431783566 ], [ -94.494092523028712, 38.965077014011158 ], [ -94.493122267116235, 38.965029880286224 ], [ -94.492156502463402, 38.964943159845156 ], [ -94.491197877758907, 38.964817090494201 ], [ -94.490249022078004, 38.964652017956283 ], [ -94.489312537659529, 38.964448394921632 ], [ -94.488390992756862, 38.964206779804236 ], [ -94.487486914583144, 38.963927835208096 ], [ -94.486602782369715, 38.963612326107146 ], [ -94.485741020557498, 38.963261117744068 ], [ -94.484903992139678, 38.962875173253728 ], [ -94.484093992174422, 38.962455551017875 ], [ -94.483313241485192, 38.962003401758253 ], [ -94.482563880566332, 38.96151996537639 ], [ -94.481847963710564, 38.961006567548644 ], [ -94.481167453374454, 38.960464616085822 ], [ -94.480524214797583, 38.959895597067721 ], [ -94.479920010889941, 38.95930107076299 ], [ -94.47935649740171, 38.958682667345585 ], [ -94.478835218388667, 38.958042082419908 ], [ -94.478357601985365, 38.957381072366566 ], [ -94.477924956498015, 38.956701449521951 ], [ -94.477538466827397, 38.956005077204594 ], [ -94.477199191231435, 38.955293864602339 ], [ -94.476908058436592, 38.954569761534096 ], [ -94.47666586510546, 38.95383475310075 ], [ -94.476473273667565, 38.953090854239953 ], [ -94.47633081051913, 38.952340104199735 ], [ -94.476238864596468, 38.951584560945989 ], [ -94.476197686326913, 38.950826295519512 ] ] ] } },
{ "type": "Feature", "properties": { }, "geometry": { "type": "Polygon", "coordinates": [ [ [ -94.517836979439693, 39.069573537300485 ], [ -94.517846209725846, 39.068814648145164 ], [ -94.517906376173201, 39.068057175504627 ], [ -94.518017312241042, 39.067303195513148 ], [ -94.518178712258475, 39.066554774666393 ], [ -94.518390132279805, 39.065813964158522 ], [ -94.518650991318438, 39.065082794261862 ], [ -94.518960572955734, 39.06436326876473 ], [ -94.51931802732021, 39.063657359482526 ], [ -94.519722373431577, 39.062967000856858 ], [ -94.520172501902849, 39.062294084657964 ], [ -94.520667177993232, 39.061640454804433 ], [ -94.521205045002986, 39.0610079023146 ], [ -94.521784628001143, 39.060398160403359 ], [ -94.522404337875571, 39.059812899737793 ], [ -94.523062475694147, 39.059253723864458 ], [ -94.523757237365373, 39.058722164820836 ], [ -94.524486718585152, 39.058219678943075 ], [ -94.525248920056441, 39.05774764288109 ], [ -94.526041752967487, 39.057307349832136 ], [ -94.526863044713437, 39.056900006003097 ], [ -94.527710544845874, 39.05652672731091 ], [ -94.528581931234001, 39.056188536330403 ], [ -94.529474816420532, 39.055886359497485 ], [ -94.530386754155131, 39.055621024575572 ], [ -94.531315246087573, 39.055393258392101 ], [ -94.532257748602248, 39.055203684851001 ], [ -94.533211679775661, 39.055052823226994 ], [ -94.534174426437914, 39.054941086745799 ], [ -94.535143351318823, 39.054868781454623 ], [ -94.536115800259623, 39.054836105385633 ], [ -94.537089109470287, 39.054843148014804 ], [ -94.538060612813041, 39.054889890017641 ], [ -94.539027649092105, 39.054976203322362 ], [ -94.539987569330151, 39.055101851460442 ], [ -94.540937744011316, 39.055266490213612 ], [ -94.541875570271571, 39.055469668555276 ], [ -94.542798479016469, 39.055710829884376 ], [ -94.543703941947427, 39.055989313547556 ], [ -94.544589478476894, 39.056304356646237 ], [ -94.545452662514251, 39.056655096123123 ], [ -94.546291129103338, 39.057040571122911 ], [ -94.54710258089402, 39.057459725620433 ], [ -94.547884794430075, 39.057911411309334 ], [ -94.548635626235964, 39.058394390743267 ], [ -94.54935301868646, 39.058907340721142 ], [ -94.550035005642357, 39.059448855907284 ], [ -94.550679717837752, 39.060017452676504 ], [ -94.55128538800318, 39.060611573173702 ], [ -94.551850355711451, 39.061229589576968 ], [ -94.552373071932251, 39.061869808552494 ], [ -94.552852103283342, 39.062530475889297 ], [ -94.553286135966516, 39.063209781300934 ], [ -94.553673979377365, 39.063905863381301 ], [ -94.554014569379163, 39.064616814700905 ], [ -94.554306971231327, 39.065340687029632 ], [ -94.554550382164805, 39.066075496671992 ], [ -94.554744133596685, 39.066819229899984 ], [ -94.554887692978284, 39.067569848468871 ], [ -94.554980665271088, 39.068325295200957 ], [ -94.555022794046479, 39.069083499621676 ], [ -94.555013962206175, 39.069842383633009 ], [ -94.554954192320963, 39.070599867208422 ], [ -94.554843646586704, 39.071353874093788 ], [ -94.554682626397735, 39.072102337498826 ], [ -94.554471571538286, 39.072843205763093 ], [ -94.554211058994156, 39.073574447981464 ], [ -94.553901801387724, 39.074294059573262 ], [ -94.55354464504029, 39.075000067779811 ], [ -94.553140567667043, 39.075690537075644 ], [ -94.552690675710608, 39.076363574478016 ], [ -94.55219620132047, 39.077017334740418 ], [ -94.551658498986484, 39.077650025415721 ], [ -94.551079041835408, 39.078259911775042 ], [ -94.550459417600607, 39.078845321568693 ], [ -94.549801324275833, 39.079404649616265 ], [ -94.549106565465152, 39.079936362212969 ], [ -94.548377045441327, 39.080439001340338 ], [ -94.547614763926518, 39.080911188669404 ], [ -94.546821810609458, 39.081351629345626 ], [ -94.546000359414194, 39.081759115544642 ], [ -94.545152662536097, 39.082132529789703 ], [ -94.544281044261567, 39.08247084802084 ], [ -94.543387894588477, 39.082773142407966 ], [ -94.542475662664913, 39.083038583899679 ], [ -94.541546850064336, 39.083266444500985 ], [ -94.540604003915647, 39.083456099273455 ], [ -94.539649709907238, 39.083607028052413 ], [ -94.538686585184351, 39.08371881687637 ], [ -94.537717271159252, 39.083791159124608 ], [ -94.536744426254245, 39.083823856360077 ], [ -94.535770718597661, 39.083816818874894 ], [ -94.534798818692707, 39.083770065937188 ], [ -94.533831392079975, 39.083683725738545 ], [ -94.532871092013394, 39.083558035042174 ], [ -94.531920552170291, 39.083393338532609 ], [ -94.530982379415505, 39.083190087869198 ], [ -94.530059146639729, 39.082948840445411 ], [ -94.529153385691728, 39.082670257857878 ], [ -94.528267580424128, 39.082355104089004 ], [ -94.527404159871963, 39.082004243408619 ], [ -94.526565491582687, 39.081618637999938 ], [ -94.52575387511628, 39.081199345316918 ], [ -94.524971535733201, 39.080747515179922 ], [ -94.524220618287771, 39.080264386617905 ], [ -94.523503181343557, 39.079751284465807 ], [ -94.522821191527157, 39.079209615726576 ], [ -94.522176518135907, 39.07864086570774 ], [ -94.521570928014057, 39.078046593943469 ], [ -94.521006080711871, 39.07742842991297 ], [ -94.520483523940428, 39.076788068567481 ], [ -94.520004689335025, 39.076127265677819 ], [ -94.519570888538283, 39.075447833015559 ], [ -94.519183309613993, 39.07475163338102 ], [ -94.518843013801146, 39.07404057549163 ], [ -94.518550932617089, 39.073316608745081 ], [ -94.518307865317624, 39.072581717871365 ], [ -94.518114476720669, 39.071837917488452 ], [ -94.517971295399647, 39.071087246576845 ], [ -94.517878712250962, 39.070331762887676 ], [ -94.517836979439693, 39.069573537300485 ] ] ] } },
{ "type": "Feature", "properties": { }, "geometry": { "type": "Polygon", "coordinates": [ [ [ -94.517367048837528, 39.069293460916995 ], [ -94.517376284220674, 39.068534571664578 ], [ -94.517436455560599, 39.067777099136499 ], [ -94.517547396303144, 39.067023119466768 ], [ -94.517708800764652, 39.066274699150107 ], [ -94.517920224987307, 39.065533889379211 ], [ -94.518181087972991, 39.064802720424375 ], [ -94.518490673292291, 39.064083196071358 ], [ -94.518848131063677, 39.063377288132372 ], [ -94.519252480297553, 39.062686931045363 ], [ -94.519702611598419, 39.062014016576349 ], [ -94.520197290217752, 39.061360388639145 ], [ -94.520735159448918, 39.060727838246834 ], [ -94.521314744354925, 39.060118098608591 ], [ -94.521934455818382, 39.059532840385245 ], [ -94.522592594902932, 39.058973667116632 ], [ -94.523287357513567, 39.058442110833184 ], [ -94.524016839343659, 39.057939627863426 ], [ -94.524779041094547, 39.057467594849307 ], [ -94.525571873953723, 39.057027304979769 ], [ -94.526393165316478, 39.056619964452963 ], [ -94.527240664735501, 39.056246689176824 ], [ -94.52811205008193, 39.055908501716807 ], [ -94.529004933901348, 39.055606328499174 ], [ -94.529916869947215, 39.055340997277476 ], [ -94.530845359873879, 39.055113234868998 ], [ -94.531787860071248, 39.054923665167372 ], [ -94.532741788622189, 39.05477280743677 ], [ -94.533704532363956, 39.05466107489228 ], [ -94.534673454034404, 39.054588773570359 ], [ -94.535645899483498, 39.054556101492281 ], [ -94.536619204930815, 39.054563148123108 ], [ -94.5375907042488, 39.054609894127388 ], [ -94.538557736252756, 39.05469621142241 ], [ -94.539517651976979, 39.054821863528701 ], [ -94.540467821918, 39.054986506217105 ], [ -94.541405643224707, 39.055189688450341 ], [ -94.54232854681625, 39.055430853616606 ], [ -94.543234004408063, 39.055709341052072 ], [ -94.544119535427271, 39.056024387847813 ], [ -94.544982713798262, 39.056375130936438 ], [ -94.545821174580382, 39.056760609452724 ], [ -94.546632620439382, 39.057179767361873 ], [ -94.54741482793527, 39.057631456348176 ], [ -94.548165653609018, 39.058114438956245 ], [ -94.548883039852157, 39.058627391976287 ], [ -94.549565020542516, 39.059168910064315 ], [ -94.550209726431262, 39.05973750958713 ], [ -94.550815390266266, 39.060331632682114 ], [ -94.55138035163759, 39.060949651520197 ], [ -94.551903061532315, 39.061589872760905 ], [ -94.55238208658551, 39.06225054218703 ], [ -94.55281611301622, 39.062929849506403 ], [ -94.553203950237176, 39.063625933307648 ], [ -94.553544534128577, 39.064336886156561 ], [ -94.553836929966621, 39.065060759818827 ], [ -94.554080334998702, 39.065795570595256 ], [ -94.554274080658132, 39.066539304754727 ], [ -94.554417634412047, 39.067289924049938 ], [ -94.554510601237325, 39.068045371301203 ], [ -94.554552724720423, 39.068803576032494 ], [ -94.554543887777555, 39.069562460144923 ], [ -94.554484112993478, 39.070319943611658 ], [ -94.554373562577553, 39.071073950178885 ], [ -94.554212537936962, 39.071822413057141 ], [ -94.554001478868187, 39.072563280587467 ], [ -94.553740962368551, 39.073294521866679 ], [ -94.553431701071347, 39.07401413231667 ], [ -94.553074541308035, 39.074720139181913 ], [ -94.552670460803171, 39.075410606940601 ], [ -94.552220566008003, 39.076083642614201 ], [ -94.551726089079864, 39.076737400960909 ], [ -94.551188384515598, 39.077370089538888 ], [ -94.550608925448088, 39.077979973624956 ], [ -94.549989299615987, 39.078565380975689 ], [ -94.549331205017495, 39.079124706417367 ], [ -94.548636445260172, 39.079656416252341 ], [ -94.547906924619411, 39.080159052469732 ], [ -94.547144642819077, 39.080631236748566 ], [ -94.546351689548743, 39.081071674242622 ], [ -94.54553023873234, 39.081479157136357 ], [ -94.544682542564175, 39.081852567962009 ], [ -94.543810925328771, 39.082190882669053 ], [ -94.542917777021145, 39.082493173437037 ], [ -94.542005546785646, 39.082758611224513 ], [ -94.541076736191101, 39.082986468046663 ], [ -94.540133892360913, 39.08317611897543 ], [ -94.539179600977135, 39.083327043856677 ], [ -94.538216479177777, 39.083438828739617 ], [ -94.537247168367102, 39.083511167014372 ], [ -94.536274326958591, 39.083543860254785 ], [ -94.535300623070924, 39.083536818763939 ], [ -94.534328727197035, 39.083490061820996 ], [ -94.533361304866389, 39.083403717628478 ], [ -94.532401009321148, 39.08327802296057 ], [ -94.531450474226219, 39.08311332251273 ], [ -94.530512306433408, 39.082910067955098 ], [ -94.529589078819768, 39.082668816691836 ], [ -94.528683323219866, 39.082390230330091 ], [ -94.527797523471662, 39.082075072862636 ], [ -94.526934108594986, 39.08172420856944 ], [ -94.52609544612173, 39.081338599643615 ], [ -94.525283835595857, 39.080919303548782 ], [ -94.524501502261558, 39.080467470114634 ], [ -94.523750590956496, 39.079984338379177 ], [ -94.523033160227399, 39.079471233186055 ], [ -94.522351176683785, 39.078929561546516 ], [ -94.521706509605778, 39.078360808776061 ], [ -94.521100925820306, 39.077766534416376 ], [ -94.520536084860197, 39.077148367953782 ], [ -94.520013534419178, 39.076508004346159 ], [ -94.519534706115138, 39.075847199370536 ], [ -94.519100911573432, 39.075167764804178 ], [ -94.518713338840698, 39.074471563452597 ], [ -94.51837304913893, 39.073760504037914 ], [ -94.518080973968736, 39.073036535962004 ], [ -94.517837912569433, 39.072301643958468 ], [ -94.517644529742796, 39.07155784264836 ], [ -94.517501354046402, 39.070807171014685 ], [ -94.517408776361293, 39.070051686810622 ], [ -94.517367048837528, 39.069293460916995 ] ] ] } },
{ "type": "Feature", "properties": { }, "geometry": { "type": "Polygon", "coordinates": [ [ [ -94.529257464553908, 39.106185550421955 ], [ -94.529266564278643, 39.105426667317005 ], [ -94.529326626607372, 39.104669195197864 ], [ -94.529437485281733, 39.103915210197755 ], [ -94.529598834839874, 39.1031667788262 ], [ -94.529810231471373, 39.102425952306348 ], [ -94.530071094250729, 39.101694760954423 ], [ -94.530380706746087, 39.100975208617484 ], [ -94.530738218998565, 39.100269267184302 ], [ -94.53114264986651, 39.099578871184349 ], [ -94.531592889728131, 39.098905912489975 ], [ -94.532087703534941, 39.098252235135753 ], [ -94.532625734207684, 39.097619630269719 ], [ -94.533205506364908, 39.097009831249707 ], [ -94.533825430374378, 39.0964245088987 ], [ -94.53448380671577, 39.095865266931554 ], [ -94.535178830642792, 39.095333637566164 ], [ -94.535908597131808, 39.094831077330589 ], [ -94.536671106103455, 39.094358963077674 ], [ -94.53746426790309, 39.093918588218109 ], [ -94.538285909024637, 39.0935111591821 ], [ -94.539133778062634, 39.093137792119244 ], [ -94.540005551875993, 39.092799509845641 ], [ -94.540898841946728, 39.092497239046565 ], [ -94.5418112009162, 39.092231807742095 ], [ -94.542740129281327, 39.092003943023002 ], [ -94.543683082232263, 39.091814269062517 ], [ -94.544637476613147, 39.091663305409803 ], [ -94.54560069798687, 39.091551465569587 ], [ -94.546570107784746, 39.091479055871758 ], [ -94.547543050521639, 39.091446274634102 ], [ -94.548516861056925, 39.091453211620369 ], [ -94.549488871881721, 39.091499847795234 ], [ -94.550456420412345, 39.091586055376702 ], [ -94.55141685627045, 39.09171159818581 ], [ -94.552367548529972, 39.091876132292846 ], [ -94.553305892911226, 39.092079206958104 ], [ -94.554229318902586, 39.092320265864714 ], [ -94.555135296790553, 39.092598648640227 ], [ -94.556021344578838, 39.092913592662875 ], [ -94.556885034777991, 39.093264235147274 ], [ -94.557724001046807, 39.093649615504411 ], [ -94.558535944667753, 39.094068677969062 ], [ -94.559318640838299, 39.094520274487714 ], [ -94.560069944761707, 39.095003167859069 ], [ -94.560787797519993, 39.095516035118706 ], [ -94.561470231713344, 39.096057471158453 ], [ -94.562115376850684, 39.09662599257085 ], [ -94.562721464476283, 39.097220041708248 ], [ -94.563286833018836, 39.097837990945173 ], [ -94.563809932349102, 39.098478147132852 ], [ -94.564289328034221, 39.099138756233302 ], [ -94.564723705276478, 39.09981800812065 ], [ -94.565111872525932, 39.10051404153635 ], [ -94.565452764756714, 39.101224949185173 ], [ -94.565745446398168, 39.101948782957571 ], [ -94.565989113912323, 39.102683559264506 ], [ -94.566183098010796, 39.103427264470106 ], [ -94.566326865504749, 39.104177860407134 ], [ -94.566420020782616, 39.10493328996057 ], [ -94.566462306911504, 39.105691482703456 ], [ -94.566453606358905, 39.106450360570257 ], [ -94.566393941332763, 39.107207843551677 ], [ -94.566283473738523, 39.10796185539553 ], [ -94.566122504753267, 39.10871032929812 ], [ -94.565911474017824, 39.109451213570352 ], [ -94.565650958448828, 39.110182477263265 ], [ -94.565341670674016, 39.110902115737197 ], [ -94.564984457094567, 39.111608156159669 ], [ -94.564580295579844, 39.112298662916622 ], [ -94.564130292800499, 39.112971742922277 ], [ -94.563635681207529, 39.113625550812898 ], [ -94.563097815664719, 39.114258294010313 ], [ -94.562518169744266, 39.114868237641062 ], [ -94.561898331695332, 39.115453709297817 ], [ -94.561240000096447, 39.116013103629861 ], [ -94.560544979203726, 39.116544886749971 ], [ -94.559815174007539, 39.117047600445517 ], [ -94.559052585011301, 39.11751986618232 ], [ -94.558259302746478, 39.117960388890005 ], [ -94.557437502038923, 39.118367960518491 ], [ -94.556589436042614, 39.118741463355924 ], [ -94.555717430056504, 39.119079873098627 ], [ -94.554823875142361, 39.119382261664747 ], [ -94.553911221560469, 39.119647799743916 ], [ -94.552981972041763, 39.119875759075526 ], [ -94.552038674914698, 39.120065514449763 ], [ -94.551083917105998, 39.120216545425443 ], [ -94.550120317034583, 39.12032843776025 ], [ -94.549150517418241, 39.120400884549149 ], [ -94.54817717801302, 39.120433687068015 ], [ -94.547202968305527, 39.120426755319897 ], [ -94.546230560178074, 39.120380108282745 ], [ -94.545262620567243, 39.120293873857555 ], [ -94.544301804136182, 39.120168288517391 ], [ -94.543350745980575, 39.120003696657932 ], [ -94.542412054388947, 39.119800549651686 ], [ -94.541488303676999, 39.119559404608069 ], [ -94.540582027115974, 39.119280922843238 ], [ -94.539695709974481, 39.118965868063569 ], [ -94.53883178269308, 39.118615104267882 ], [ -94.537992614210438, 39.118229593374323 ], [ -94.537180505459659, 39.117810392578278 ], [ -94.5363976830524, 39.117358651448868 ], [ -94.535646293168512, 39.116875608771757 ], [ -94.534928395667777, 39.116362589147208 ], [ -94.534245958440209, 39.115820999352756 ], [ -94.533600852010125, 39.11525232448038 ], [ -94.53299484440916, 39.114658123859115 ], [ -94.53242959633188, 39.114040026774077 ], [ -94.531906656587651, 39.113399727993922 ], [ -94.531427457860886, 39.112738983118916 ], [ -94.530993312791395, 39.112059603762496 ], [ -94.530605410385363, 39.111363452579781 ], [ -94.530264812767001, 39.110652438156272 ], [ -94.529972452279111, 39.109928509771379 ], [ -94.529729128941057, 39.109193652050728 ], [ -94.529535508270328, 39.108449879522176 ], [ -94.529392119473982, 39.107699231090542 ], [ -94.529299354014526, 39.106943764446044 ], [ -94.529257464553908, 39.106185550421955 ] ] ] } },
{ "type": "Feature", "properties": { }, "geometry": { "type": "Polygon", "coordinates": [ [ [ -94.535237395894853, 39.106646506999347 ], [ -94.535246431352007, 39.105887624766474 ], [ -94.535306429781087, 39.10513015089532 ], [ -94.535417225098826, 39.10437616152408 ], [ -94.535578512016897, 39.103627723174512 ], [ -94.535789846896392, 39.102886887089035 ], [ -94.536050648980904, 39.102155683610299 ], [ -94.536360202004701, 39.1014361166188 ], [ -94.536717656171675, 39.100730158043596 ], [ -94.537122030499091, 39.100039742461327 ], [ -94.537572215519802, 39.099366761798137 ], [ -94.538066976335344, 39.09871306014891 ], [ -94.538604956011298, 39.098080428728409 ], [ -94.539184679305677, 39.097470600967313 ], [ -94.539804556719801, 39.096885247767389 ], [ -94.540462888860688, 39.096325972928135 ], [ -94.541157871102783, 39.095794308757547 ], [ -94.54188759853632, 39.095291711879035 ], [ -94.542650071188675, 39.094819559245892 ], [ -94.543443199504338, 39.094379144373917 ], [ -94.544264810068654, 39.093971673802933 ], [ -94.54511265155962, 39.093598263796274 ], [ -94.545984400911323, 39.093259937287634 ], [ -94.54687766967254, 39.092957621083372 ], [ -94.547790010542812, 39.092692143327916 ], [ -94.548718924068396, 39.09246423123917 ], [ -94.549661865479976, 39.092274509120003 ], [ -94.550616251653125, 39.092123496651425 ], [ -94.551579468173145, 39.092011607471754 ], [ -94.552548876484522, 39.09193914804591 ], [ -94.553521821106202, 39.09190631682776 ], [ -94.554495636892383, 39.091913203717837 ], [ -94.55546765631982, 39.091959789817949 ], [ -94.556435216781338, 39.092045947483108 ], [ -94.557395667866004, 39.092171440670981 ], [ -94.55834637860616, 39.092335925587669 ], [ -94.559284744671672, 39.092538951628086 ], [ -94.560208195491725, 39.092779962608489 ], [ -94.561114201284965, 39.09305829828763 ], [ -94.562000279978932, 39.093373196172649 ], [ -94.562864003999763, 39.093723793604525 ], [ -94.563703006913897, 39.094109130117602 ], [ -94.564514989903657, 39.094528150066729 ], [ -94.565297728059036, 39.094979705514838 ], [ -94.566049076468573, 39.09546255937321 ], [ -94.566766976092694, 39.095975388785618 ], [ -94.567449459403548, 39.09651678874765 ], [ -94.568094655775781, 39.097085275950782 ], [ -94.568700796613641, 39.097679292841093 ], [ -94.569266220200291, 39.098297211881587 ], [ -94.569789376256011, 39.098937340006344 ], [ -94.570268830192759, 39.099597923254379 ], [ -94.570703267053489, 39.100277151570793 ], [ -94.571091495125117, 39.100973163761786 ], [ -94.571432449215322, 39.101684052590457 ], [ -94.571725193584129, 39.102407869999013 ], [ -94.571968924521812, 39.103142632443415 ], [ -94.572162972566346, 39.10388632632602 ], [ -94.572306804353687, 39.104636913510802 ], [ -94.572400024096169, 39.105392336906917 ], [ -94.572442374684215, 39.106150526104514 ], [ -94.572433738408634, 39.106909403047986 ], [ -94.57237413730121, 39.107666887730772 ], [ -94.572263733092072, 39.10842090389621 ], [ -94.572102826784445, 39.109169384729 ], [ -94.571891857847206, 39.109910278521241 ], [ -94.571631403027439, 39.110641554298049 ], [ -94.571322174786161, 39.111361207386821 ], [ -94.570965019361068, 39.112067264915176 ], [ -94.570560914461865, 39.11275779122235 ], [ -94.570110966603764, 39.113430893169074 ], [ -94.56961640808683, 39.114084725331622 ], [ -94.569078593629044, 39.114717495065349 ], [ -94.568498996662228, 39.115327467424159 ], [ -94.567879205300997, 39.115912969922043 ], [ -94.567220917995527, 39.116472397123765 ], [ -94.566525938880133, 39.117004215052013 ], [ -94.565796172830318, 39.117506965398775 ], [ -94.565033620241806, 39.11797926952935 ], [ -94.564240371545921, 39.118419832268067 ], [ -94.563418601476172, 39.118827445455068 ], [ -94.56257056310217, 39.119200991264478 ], [ -94.561698581646922, 39.119539445274725 ], [ -94.560805048104626, 39.119841879282497 ], [ -94.55989241267676, 39.120107463852712 ], [ -94.558963178044237, 39.120335470597162 ], [ -94.558019892494542, 39.120525274175932 ], [ -94.557065142922525, 39.120676354015494 ], [ -94.556101547724396, 39.120788295739402 ], [ -94.555131749604485, 39.120860792307077 ], [ -94.554158408314734, 39.120893644857709 ], [ -94.553184193346894, 39.120886763257019 ], [ -94.552211776597716, 39.120840166345275 ], [ -94.551243825027555, 39.120753981885912 ], [ -94.550282993332388, 39.120628446214823 ], [ -94.549331916649905, 39.120463903591343 ], [ -94.548393203319606, 39.120260805252826 ], [ -94.547469427717019, 39.120019708175136 ], [ -94.546563123181869, 39.119741273542822 ], [ -94.545676775059718, 39.119426264932869 ], [ -94.544812813876305, 39.119075546217452 ], [ -94.543973608663592, 39.118690079191026 ], [ -94.543161460455707, 39.118270920928659 ], [ -94.542378595972835, 39.117819220882822 ], [ -94.541627161510462, 39.117336217726482 ], [ -94.540909217051009, 39.1168232359516 ], [ -94.54022673061354, 39.116281682231907 ], [ -94.539581572857642, 39.115713041560532 ], [ -94.538975511955996, 39.115118873172811 ], [ -94.538410208749653, 39.114500806265575 ], [ -94.537887212199422, 39.113860535524815 ], [ -94.537407955145738, 39.113199816474044 ], [ -94.536973750388555, 39.11252046065605 ], [ -94.536585787098034, 39.11182433066157 ], [ -94.536245127565422, 39.111113335018153 ], [ -94.53595270430354, 39.110389422953915 ], [ -94.53570931750393, 39.109654579049931 ], [ -94.535515632858207, 39.108910817796364 ], [ -94.535372179748919, 39.108160178067351 ], [ -94.535279349814886, 39.107404717529413 ], [ -94.535237395894853, 39.106646506999347 ] ] ] } },
{ "type": "Feature", "properties": { }, "geometry": { "type": "Polygon", "coordinates": [ [ [ -94.488390310841908, 39.094008967403788 ], [ -94.48839985159168, 39.093250077445234 ], [ -94.488460345910937, 39.092492616532226 ], [ -94.488571626358535, 39.091738660765905 ], [ -94.488733386318131, 39.090990276574303 ], [ -94.48894518085612, 39.090249515049983 ], [ -94.489206427958365, 39.089518406329809 ], [ -94.489516410141775, 39.088798954033287 ], [ -94.489874276436524, 39.088093129773974 ], [ -94.490279044733015, 39.087402867759309 ], [ -94.490729604487157, 39.08673005949364 ], [ -94.491224719776426, 39.086076548598612 ], [ -94.491763032697875, 39.085444125765576 ], [ -94.492343067099242, 39.08483452385309 ], [ -94.492963232632277, 39.084249413143674 ], [ -94.493621829117401, 39.083690396772113 ], [ -94.494317051207588, 39.0831590063381 ], [ -94.495046993338619, 39.082656697715045 ], [ -94.495809654952211, 39.0821848470666 ], [ -94.496602945977656, 39.08174474708153 ], [ -94.49742469255682, 39.081337603437341 ], [ -94.498272642997136, 39.080964531502211 ], [ -94.499144473936155, 39.080626553284297 ], [ -94.500037796700795, 39.080324594636551 ], [ -94.500950163844095, 39.080059482724629 ], [ -94.501879075841515, 39.07983194376515 ], [ -94.502821987928797, 39.079642601039779 ], [ -94.503776317062517, 39.079491973191182 ], [ -94.504739448984537, 39.079380472805063 ], [ -94.505708745371194, 39.079308405282369 ], [ -94.506681551047762, 39.079275968004467 ], [ -94.507655201248568, 39.079283249793782 ], [ -94.508627028903192, 39.079330230671374 ], [ -94.509594371928728, 39.079416781911789 ], [ -94.510554580508611, 39.079542666395497 ], [ -94.511505024337964, 39.079707539257541 ], [ -94.512443099816082, 39.0799109488309 ], [ -94.51336623716621, 39.080152337881856 ], [ -94.514271907463652, 39.080431045134056 ], [ -94.51515762955276, 39.080746307077199 ], [ -94.516020976834156, 39.08109726005528 ], [ -94.516859583903937, 39.08148294262886 ], [ -94.517671153026285, 39.08190229820481 ], [ -94.51845346042245, 39.082354177926561 ], [ -94.519204362358508, 39.082837343816735 ], [ -94.519921801015528, 39.083350472163957 ], [ -94.520603810126048, 39.083892157144327 ], [ -94.521248520361524, 39.084460914667773 ], [ -94.521854164455831, 39.085055186439 ], [ -94.522419082050973, 39.085673344221782 ], [ -94.522941724251609, 39.086313694295015 ], [ -94.523420657875874, 39.086974482088429 ], [ -94.523854569390778, 39.08765389698538 ], [ -94.524242268521391, 39.088350077279493 ], [ -94.524582691523676, 39.089061115271768 ], [ -94.52487490411211, 39.08978506249413 ], [ -94.525118104033652, 39.090519935045265 ], [ -94.525311623281141, 39.091263719024106 ], [ -94.525454929939713, 39.092014376046073 ], [ -94.525547629661062, 39.092769848827274 ], [ -94.525589466761375, 39.093528066820809 ], [ -94.525580324939654, 39.094286951890474 ], [ -94.525520227614308, 39.095044424005785 ], [ -94.525409337876965, 39.09579840694294 ], [ -94.525247958063261, 39.096546833976141 ], [ -94.525036528941854, 39.097287653543489 ], [ -94.524775628523287, 39.098018834872157 ], [ -94.524465970492329, 39.098738373547164 ], [ -94.524108402267302, 39.099444297008553 ], [ -94.523703902692105, 39.100134669961989 ], [ -94.523253579366639, 39.100807599687698 ], [ -94.522758665623101, 39.101461241233224 ], [ -94.522220517156242, 39.102093802475885 ], [ -94.521640608316503, 39.102703549040577 ], [ -94.521020528076491, 39.103288809059997 ], [ -94.520361975681283, 39.103847977763493 ], [ -94.519666755994834, 39.104379521882365 ], [ -94.518936774555044, 39.104881983859407 ], [ -94.518174032350842, 39.105353985850762 ], [ -94.517380620335942, 39.10579423350957 ], [ -94.516558713694025, 39.106201519540377 ], [ -94.515710565871359, 39.106574727014952 ], [ -94.514838502392948, 39.106912832440145 ], [ -94.513944914479623, 39.107214908569333 ], [ -94.513032252483399, 39.107480126949646 ], [ -94.512103019159241, 39.107707760198025 ], [ -94.511159762791934, 39.107897183999768 ], [ -94.510205070196918, 39.108047878823861 ], [ -94.509241559614523, 39.108159431350813 ], [ -94.508271873517046, 39.108231535608454 ], [ -94.50729867134902, 39.108263993812926 ], [ -94.506324622220092, 39.108256716912507 ], [ -94.505352397571471, 39.108209724832591 ], [ -94.504384663835594, 39.10812314642137 ], [ -94.503424075109749, 39.107997219096056 ], [ -94.50247326586377, 39.107832288190941 ], [ -94.501534843701947, 39.10762880600906 ], [ -94.500611382199352, 39.107387330579613 ], [ -94.499705413832174, 39.10710852412533 ], [ -94.498819423021814, 39.106793151243387 ], [ -94.497955839311729, 39.106442076805259 ], [ -94.497117030696273, 39.106056263581138 ], [ -94.496305297119392, 39.105636769595556 ], [ -94.495522864161643, 39.105184745221592 ], [ -94.494771876932631, 39.104701430021393 ], [ -94.494054394185781, 39.104188149342235 ], [ -94.493372382671595, 39.103646310677021 ], [ -94.492727711744948, 39.103077399799595 ], [ -94.492122148241293, 39.102482976685444 ], [ -94.491557351635691, 39.101864671228917 ], [ -94.491034869497838, 39.101224178769108 ], [ -94.490556133255978, 39.100563255436271 ], [ -94.490122454280481, 39.099883713332048 ], [ -94.489735020298568, 39.099187415556528 ], [ -94.489394892149207, 39.098476271095862 ], [ -94.489103000887496, 39.097752229584636 ], [ -94.488860145245923, 39.097017275957164 ], [ -94.488666989459659, 39.096273425002849 ], [ -94.488524061461419, 39.095522715840019 ], [ -94.488431751450818, 39.09476720632388 ], [ -94.488390310841908, 39.094008967403788 ] ] ] } },
{ "type": "Feature", "properties": { }, "geometry": { "type": "Polygon", "coordinates": [ [ [ -94.523677402836839, 39.106234660331502 ], [ -94.52368656242362, 39.105475776479345 ], [ -94.523746684616114, 39.104718306054608 ], [ -94.523857602991882, 39.103964325185657 ], [ -94.524019011925532, 39.103215900370543 ], [ -94.524230467443985, 39.102475082814216 ], [ -94.524491388460447, 39.10174390280816 ], [ -94.524801058383687, 39.101024364168183 ], [ -94.525158627097596, 39.10031843874534 ], [ -94.525563113305992, 39.099628061025079 ], [ -94.526013407235638, 39.098955122829501 ], [ -94.526508273690183, 39.098301468136903 ], [ -94.527046355446316, 39.097668888033098 ], [ -94.527626176982935, 39.09705911580798 ], [ -94.528246148532787, 39.096473822210989 ], [ -94.528904570445604, 39.095914610878168 ], [ -94.529599637850495, 39.095383013943426 ], [ -94.53032944560502, 39.094880487845906 ], [ -94.531091993517109, 39.094408409344929 ], [ -94.53188519182568, 39.09396807175321 ], [ -94.53270686692494, 39.093560681398891 ], [ -94.533554767316645, 39.093187354325607 ], [ -94.534426569774055, 39.092849113239978 ], [ -94.535319885700943, 39.092546884714444 ], [ -94.536232267668083, 39.092281496653385 ], [ -94.53716121610961, 39.092053676029209 ], [ -94.538104186160851, 39.091864046894401 ], [ -94.539058594619249, 39.091713128675487 ], [ -94.540021827009255, 39.091601334752788 ], [ -94.540991244732098, 39.091528971330554 ], [ -94.541964192281014, 39.091496236599902 ], [ -94.542938004502204, 39.091503220197325 ], [ -94.543910013882183, 39.091549902959926 ], [ -94.54487755784119, 39.091636156978211 ], [ -94.545837986013339, 39.091761745946137 ], [ -94.54678866749353, 39.091926325807684 ], [ -94.547726998031465, 39.092129445697857 ], [ -94.548650407153332, 39.092370549176032 ], [ -94.54955636519162, 39.092648975747771 ], [ -94.550442390204196, 39.092963962671348 ], [ -94.551306054763828, 39.093314647043997 ], [ -94.552144992599281, 39.093700068161958 ], [ -94.552956905070616, 39.094119170148396 ], [ -94.553739567460426, 39.094570804841531 ], [ -94.554490835064186, 39.095053734935547 ], [ -94.555208649063118, 39.095566637365366 ], [ -94.55589104216331, 39.096108106926422 ], [ -94.556536143985923, 39.096676660119414 ], [ -94.557142186193673, 39.097270739209527 ], [ -94.557707507339316, 39.097888716489187 ], [ -94.558230557423244, 39.098528898732681 ], [ -94.558709902147214, 39.099189531830525 ], [ -94.559144226852922, 39.099868805590951 ], [ -94.559532340134083, 39.100564858695364 ], [ -94.559873177112536, 39.101275783794463 ], [ -94.5601658023688, 39.101999632730688 ], [ -94.560409412519249, 39.102734421873286 ], [ -94.560603338432571, 39.103478137551051 ], [ -94.560747047079246, 39.104228741567852 ], [ -94.560840143008875, 39.10498417678631 ], [ -94.560882369451164, 39.105742372763771 ], [ -94.560873609037188, 39.106501251425662 ], [ -94.560813884138938, 39.107258732760279 ], [ -94.560703356826011, 39.10801274051974 ], [ -94.56054232843924, 39.108761207911392 ], [ -94.560331238782368, 39.109502083263777 ], [ -94.560070664933676, 39.110233335652211 ], [ -94.559761319680831, 39.110952960467841 ], [ -94.559404049582739, 39.111658984915458 ], [ -94.558999832663915, 39.112349473424672 ], [ -94.558549775747167, 39.113022532959562 ], [ -94.558055111432097, 39.113676318212391 ], [ -94.557517194727353, 39.114309036666938 ], [ -94.556937499345665, 39.114918953517481 ], [ -94.556317613672121, 39.115504396430026 ], [ -94.555659236416119, 39.116063760132626 ], [ -94.55496417195927, 39.116595510821966 ], [ -94.554234325411699, 39.117098190374335 ], [ -94.55347169739052, 39.117570420349139 ], [ -94.552678378534509, 39.118010905774064 ], [ -94.551856543770185, 39.118418438701269 ], [ -94.551008446345122, 39.118791901525078 ], [ -94.550136411644814, 39.119130270051599 ], [ -94.549242830809959, 39.119432616312039 ], [ -94.548330154172163, 39.119698111112122 ], [ -94.547400884525828, 39.119926026310033 ], [ -94.546457570254745, 39.120115736817056 ], [ -94.545502798332848, 39.120266722315165 ], [ -94.544539187217865, 39.120378568686895 ], [ -94.543569379657953, 39.120450969153374 ], [ -94.542596035431046, 39.120483725117609 ], [ -94.541621824036966, 39.120476746710473 ], [ -94.540649417362673, 39.120430053037964 ], [ -94.539681482340754, 39.120343772129146 ], [ -94.538720673621668, 39.120218140584669 ], [ -94.537769626279854, 39.120053502927064 ], [ -94.536830948574078, 39.119850310654485 ], [ -94.535907214781815, 39.119609121000629 ], [ -94.535000958127711, 39.119330595404108 ], [ -94.534114663825562, 39.119015497691535 ], [ -94.533250762253061, 39.118664691979582 ], [ -94.532411622278161, 39.118279140301368 ], [ -94.531599544755508, 39.117859899964181 ], [ -94.530816756210825, 39.117408120645592 ], [ -94.530065402730813, 39.116925041236016 ], [ -94.529347544075151, 39.116411986436425 ], [ -94.528665148027002, 39.115870363120756 ], [ -94.528020084997479, 39.11530165647293 ], [ -94.527414122898904, 39.114707425908989 ], [ -94.526848922300744, 39.114089300796145 ], [ -94.526326031881936, 39.113448975979772 ], [ -94.525846884191367, 39.112788207131416 ], [ -94.525412791728598, 39.112108805930148 ], [ -94.525024943355405, 39.111412635090829 ], [ -94.524684401047566, 39.110701603252714 ], [ -94.52439209699611, 39.109977659742782 ], [ -94.52414883106546, 39.109242789227984 ], [ -94.523955268615595, 39.10849900627106 ], [ -94.523811938693839, 39.107748349805242 ], [ -94.523719232601195, 39.106992877542545 ], [ -94.523677402836839, 39.106234660331502 ] ] ] } },
{ "type": "Feature", "properties": { }, "geometry": { "type": "Polygon", "coordinates": [ [ [ -94.562236680111624, 39.11028083445774 ], [ -94.56224542500776, 39.109521956456476 ], [ -94.562305135650348, 39.108764474945161 ], [ -94.562415646744412, 39.108010466083854 ], [ -94.562576653780042, 39.107261996448671 ], [ -94.562787713884646, 39.106521117368672 ], [ -94.563048247053942, 39.105789859305148 ], [ -94.563357537758222, 39.105070226288994 ], [ -94.563714736919096, 39.104364190430971 ], [ -94.564118864251398, 39.103673686520182 ], [ -94.564568810963507, 39.103000606725423 ], [ -94.565063342808614, 39.102346795413808 ], [ -94.565601103478215, 39.101714044101058 ], [ -94.566180618328957, 39.101104086546769 ], [ -94.566800298431744, 39.100518594008669 ], [ -94.567458444932669, 39.099959170668285 ], [ -94.568153253713263, 39.099427349240663 ], [ -94.568882820337535, 39.098924586780157 ], [ -94.569645145271906, 39.098452260693705 ], [ -94.570438139364157, 39.098011664972248 ], [ -94.571259629566029, 39.097604006650919 ], [ -94.572107364883934, 39.097230402507215 ], [ -94.572979022541674, 39.096891876006389 ], [ -94.573872214338124, 39.096589354502335 ], [ -94.574784493182705, 39.096323666701458 ], [ -94.575713359790797, 39.096095540396661 ], [ -94.576656269520868, 39.095905600477131 ], [ -94.577610639334793, 39.095754367219996 ], [ -94.578573854862228, 39.095642254867805 ], [ -94.579543277550201, 39.095569570496281 ], [ -94.580516251878137, 39.095536513174878 ], [ -94.581490112618965, 39.095543173422939 ], [ -94.582462192126499, 39.095589532962506 ], [ -94.583429827629388, 39.095675464768654 ], [ -94.584390368511649, 39.0958007334172 ], [ -94.585341183560345, 39.095964995728828 ], [ -94.586279668160358, 39.096167801707757 ], [ -94.587203251417108, 39.096408595772644 ], [ -94.588109403187531, 39.096686718276061 ], [ -94.58899564100038, 39.097001407308809 ], [ -94.589859536847143, 39.097351800783763 ], [ -94.590698723824858, 39.097736938793787 ], [ -94.591510902612981, 39.09815576623744 ], [ -94.592293847766527, 39.098607135705002 ], [ -94.593045413808355, 39.099089810617251 ], [ -94.593763541104153, 39.099602468608381 ], [ -94.594446261503748, 39.100143705143807 ], [ -94.595091703733658, 39.100712037363003 ], [ -94.595698098525943, 39.101305908137086 ], [ -94.596263783469297, 39.101923690329812 ], [ -94.59678720756915, 39.102563691250751 ], [ -94.597266935504251, 39.103224157287997 ], [ -94.59770165156786, 39.103903278708501 ], [ -94.598090163282819, 39.104599194612092 ], [ -94.598431404680454, 39.105309998026478 ], [ -94.598724439234189, 39.106033741128741 ], [ -94.598968462439743, 39.106768440579351 ], [ -94.599162804034549, 39.107512082954152 ], [ -94.599306929850428, 39.108262630259247 ], [ -94.599400443293987, 39.10901802551399 ], [ -94.599443086450762, 39.109776198386641 ], [ -94.599434740809528, 39.110535070867279 ], [ -94.599375427605096, 39.111292562962525 ], [ -94.599265307778069, 39.112046598396354 ], [ -94.599104681551509, 39.112795110301526 ], [ -94.598893987625814, 39.113536046885891 ], [ -94.598633801993316, 39.114267377058077 ], [ -94.598324836376051, 39.114987095997179 ], [ -94.597967936290715, 39.115693230651026 ], [ -94.597564078745677, 39.116383845148128 ], [ -94.597114369576758, 39.117057046108052 ], [ -94.596620040428192, 39.117710987836162 ], [ -94.596082445387665, 39.118343877387915 ], [ -94.595503057283906, 39.118953979489099 ], [ -94.594883463657311, 39.119539621298294 ], [ -94.594225362414335, 39.120099196998559 ], [ -94.593530557177601, 39.120631172205542 ], [ -94.592800952344291, 39.121134088180064 ], [ -94.592038547866579, 39.12160656583324 ], [ -94.591245433768179, 39.12204730951354 ], [ -94.590423784412167, 39.122455110564751 ], [ -94.589575852535859, 39.122828850645611 ], [ -94.58870396306898, 39.123167504801529 ], [ -94.587810506752419, 39.123470144279949 ], [ -94.586897933574903, 39.123735939081939 ], [ -94.585968746045779, 39.123964160242267 ], [ -94.585025492322686, 39.124154181832509 ], [ -94.584070759212622, 39.124305482680697 ], [ -94.583107165066252, 39.124417647803753 ], [ -94.582137352584795, 39.124490369547814 ], [ -94.581163981559499, 39.124523448433919 ], [ -94.580189721563698, 39.124516793706498 ], [ -94.579217244617908, 39.124470423583006 ], [ -94.57824921784794, 39.124384465204315 ], [ -94.577288296156524, 39.124259154285753 ], [ -94.57633711492889, 39.124094834469759 ], [ -94.575398282792023, 39.123891956382153 ], [ -94.574474374448229, 39.123651076394303 ], [ -94.573567923602297, 39.12337285509502 ], [ -94.572681416002169, 39.123058055475944 ], [ -94.571817282612244, 39.122707540835812 ], [ -94.570977892938032, 39.122322272409249 ], [ -94.570165548520862, 39.121903306726587 ], [ -94.569382476620419, 39.121451792712143 ], [ -94.56863082410247, 39.120968968528771 ], [ -94.567912651548781, 39.12045615817776 ], [ -94.567229927605396, 39.11991476786298 ], [ -94.566584523584609, 39.119346282129762 ], [ -94.565978208335736, 39.118752259788977 ], [ -94.565412643398602, 39.118134329637407 ], [ -94.564889378452932, 39.117494185986601 ], [ -94.564409847076263, 39.116833584012198 ], [ -94.563975362821807, 39.116154334936653 ], [ -94.563587115626973, 39.115458301058709 ], [ -94.563246168562287, 39.114747390643224 ], [ -94.562953454929541, 39.114023552685445 ], [ -94.562709775716968, 39.11328877156415 ], [ -94.562515797418271, 39.112545061598311 ], [ -94.562372050221256, 39.111794461522365 ], [ -94.562278926571096, 39.1110390288951 ], [ -94.562236680111624, 39.11028083445774 ] ] ] } },
{ "type": "Feature", "properties": { }, "geometry": { "type": "Polygon", "coordinates": [ [ [ -94.559686688960525, 39.110160426910966 ], [ -94.559695461250072, 39.1094015485303 ], [ -94.55975519918519, 39.108644067757609 ], [ -94.559865737396137, 39.107890060750861 ], [ -94.560026771298709, 39.107141594080971 ], [ -94.560237857946731, 39.10640071906878 ], [ -94.560498417263275, 39.105669466164372 ], [ -94.560807733646996, 39.104949839384417 ], [ -94.561164957949259, 39.104243810822517 ], [ -94.561569109816105, 39.103553315247694 ], [ -94.562019080388808, 39.102880244805853 ], [ -94.562513635355216, 39.10222644383844 ], [ -94.563051418343719, 39.101593703832734 ], [ -94.563630954649824, 39.100983758517344 ], [ -94.564250655285861, 39.100398279116433 ], [ -94.564908821341774, 39.099838869775489 ], [ -94.565603648645663, 39.099307063171175 ], [ -94.566333232710932, 39.098804316317207 ], [ -94.567095573956337, 39.098332006577785 ], [ -94.567888583185152, 39.097891427899057 ], [ -94.568710087307721, 39.097483787269489 ], [ -94.5695578352925, 39.097110201418104 ], [ -94.570429504328658, 39.096771693760061 ], [ -94.571322706184048, 39.096469191597691 ], [ -94.572234993740594, 39.096203523584428 ], [ -94.573163867689928, 39.095975417459002 ], [ -94.574106783370482, 39.095785498055378 ], [ -94.575061157727887, 39.095634285594514 ], [ -94.576024376379394, 39.095522194262067 ], [ -94.576993800763518, 39.095449531076206 ], [ -94.577966775355051, 39.095416495048426 ], [ -94.578940634926226, 39.095423176639784 ], [ -94.579912711834027, 39.095469557513916 ], [ -94.580880343314206, 39.095555510587488 ], [ -94.581840878761781, 39.095680800378148 ], [ -94.582791686978609, 39.095845083648705 ], [ -94.583730163368301, 39.096047910345987 ], [ -94.584653737058616, 39.09628872483195 ], [ -94.585559877932639, 39.09656686740329 ], [ -94.586446103548866, 39.096881576095853 ], [ -94.58730998593208, 39.097231988768669 ], [ -94.588149158216112, 39.097617145462053 ], [ -94.588961321120536, 39.098035991023373 ], [ -94.589744249243722, 39.098487377993294 ], [ -94.590495797155114, 39.098970069744659 ], [ -94.591213905269868, 39.099482743865515 ], [ -94.591896605490248, 39.100023995777057 ], [ -94.592542026597926, 39.100592342576633 ], [ -94.593148399382713, 39.101186227095383 ], [ -94.593714061493415, 39.101804022159349 ], [ -94.594237461997949, 39.102444035042794 ], [ -94.594717165639565, 39.103104512101012 ], [ -94.595151856777974, 39.103783643570665 ], [ -94.595540343004231, 39.104479568523999 ], [ -94.595881558419393, 39.105190379963851 ], [ -94.59617456656801, 39.105914130045242 ], [ -94.596418563018076, 39.106648835409409 ], [ -94.596612877580284, 39.10739248261595 ], [ -94.59675697616052, 39.108143033657619 ], [ -94.596850462239999, 39.108898431543459 ], [ -94.596893077979189, 39.109656605934411 ], [ -94.596884704942042, 39.110415478816307 ], [ -94.596825364438487, 39.111172970194566 ], [ -94.596715217483933, 39.111927003795067 ], [ -94.596554564375893, 39.112675512755494 ], [ -94.596343843888476, 39.113416445291676 ], [ -94.596083632086888, 39.114147770323271 ], [ -94.595774640765001, 39.114867483043383 ], [ -94.595417715510024, 39.115573610416824 ], [ -94.595013833399506, 39.116264216591965 ], [ -94.594564100336655, 39.11693740821115 ], [ -94.594069748031373, 39.117591339605305 ], [ -94.593532130634955, 39.118224217858142 ], [ -94.592952721037562, 39.118834307726402 ], [ -94.592333106838637, 39.119419936402153 ], [ -94.591674986001237, 39.119979498104449 ], [ -94.590980162201774, 39.120511458487336 ], [ -94.590250539888544, 39.121014358852193 ], [ -94.589488119061727, 39.121486820152995 ], [ -94.588694989790056, 39.121927546783027 ], [ -94.587873326478359, 39.122335330132834 ], [ -94.587025381902293, 39.122709051909744 ], [ -94.586153481026571, 39.123047687209343 ], [ -94.585260014623444, 39.123350307330853 ], [ -94.584347432709407, 39.123616082328439 ], [ -94.583418237817895, 39.123844283291241 ], [ -94.582474978126768, 39.124034284346216 ], [ -94.581520240459469, 39.124185564377832 ], [ -94.580556643179207, 39.124297708460105 ], [ -94.579586828995843, 39.124370408996946 ], [ -94.578613457705288, 39.124403466567607 ], [ -94.577639198881627, 39.124396790475025 ], [ -94.576666724542179, 39.124350398995304 ], [ -94.575698701805536, 39.124264419327965 ], [ -94.574737785563386, 39.124139087246768 ], [ -94.573786611185881, 39.123974746452205 ], [ -94.572847787281219, 39.123771847627715 ], [ -94.571923888529028, 39.123530947201573 ], [ -94.571017448607719, 39.123252705818679 ], [ -94.570130953235179, 39.122937886525762 ], [ -94.569266833342141, 39.122587352675588 ], [ -94.568427458396997, 39.122202065555456 ], [ -94.56761512990056, 39.121783081746983 ], [ -94.566832075068717, 39.121331550224191 ], [ -94.566080440720299, 39.120848709197958 ], [ -94.565362287387117, 39.120335882715736 ], [ -94.56467958366234, 39.119794477025643 ], [ -94.564034200802723, 39.119225976715171 ], [ -94.563427907599404, 39.118631940635062 ], [ -94.562862365531629, 39.118013997619798 ], [ -94.562339124216265, 39.117373842016114 ], [ -94.561859617165979, 39.116713229032385 ], [ -94.561425157867149, 39.116033969921197 ], [ -94.561036936188643, 39.115337927008746 ], [ -94.560696015130958, 39.114627008584591 ], [ -94.56040332792449, 39.113903163665874 ], [ -94.560159675484968, 39.11316837665035 ], [ -94.559965724232597, 39.112424661873078 ], [ -94.559822004281074, 39.111674058081597 ], [ -94.559728908000764, 39.1109186228448 ], [ -94.559686688960525, 39.110160426910966 ] ] ] } },
{ "type": "Feature", "properties": { }, "geometry": { "type": "Polygon", "coordinates": [ [ [ -94.398609576990793, 39.093974645113818 ], [ -94.398620080635894, 39.093215744752264 ], [ -94.398681537168372, 39.092458312719167 ], [ -94.398793776510345, 39.091704425033321 ], [ -94.39895648941841, 39.090956147933127 ], [ -94.399169228348825, 39.090215532214586 ], [ -94.39943140870129, 39.08948460761205 ], [ -94.399742310437617, 39.08876537723765 ], [ -94.400101080070939, 39.088059812094137 ], [ -94.400506733019526, 39.087369845676399 ], [ -94.400958156318779, 39.086697368676511 ], [ -94.401454111683847, 39.08604422380629 ], [ -94.401993238914201, 39.085412200752266 ], [ -94.402574059630794, 39.084803031276024 ], [ -94.403194981335602, 39.084218384473829 ], [ -94.403854301782005, 39.083659862208322 ], [ -94.404550213644271, 39.083128994724575 ], [ -94.405280809473325, 39.082627236462692 ], [ -94.406044086924766, 39.082155962078183 ], [ -94.406837954245447, 39.08171646268098 ], [ -94.40766023600311, 39.081309942303434 ], [ -94.408508679043464, 39.080937514606752 ], [ -94.409380958658787, 39.080600199834841 ], [ -94.410274684950764, 39.080298922024092 ], [ -94.411187409370598, 39.08003450647621 ], [ -94.4121166314183, 39.079807677501449 ], [ -94.413059805483073, 39.079619056438062 ], [ -94.41401434780623, 39.079469159953447 ], [ -94.414977643547616, 39.079358398631584 ], [ -94.415947053936208, 39.079287075850715 ], [ -94.416919923485992, 39.079255386954003 ], [ -94.417893587256813, 39.07926341871579 ], [ -94.418865378140964, 39.07931114910464 ], [ -94.419832634155711, 39.079398447343934 ], [ -94.420792705721766, 39.079525074269696 ], [ -94.421742962907999, 39.079690682985024 ], [ -94.422680802622907, 39.079894819808821 ], [ -94.423603655733132, 39.080136925516761 ], [ -94.424508994089621, 39.080416336870705 ], [ -94.425394337442739, 39.080732288432813 ], [ -94.426257260226961, 39.081083914658961 ], [ -94.427095398197253, 39.081470252266193 ], [ -94.427906454898618, 39.081890242867559 ], [ -94.428688207951623, 39.082342735867165 ], [ -94.429438515136312, 39.082826491607641 ], [ -94.430155320258351, 39.083340184761518 ], [ -94.430836658781118, 39.083882407957034 ], [ -94.43148066320839, 39.084451675628927 ], [ -94.432085568202936, 39.085046428083245 ], [ -94.432649715427047, 39.085665035765558 ], [ -94.433171558091487, 39.086305803720599 ], [ -94.43364966520069, 39.086966976231395 ], [ -94.434082725482156, 39.087646741625228 ], [ -94.434469550989562, 39.08834323723314 ], [ -94.434809080369192, 39.089054554489749 ], [ -94.435100381781098, 39.089778744159126 ], [ -94.435342655466357, 39.090513821672893 ], [ -94.435535235953779, 39.09125777256542 ], [ -94.435677593899257, 39.092008557991754 ], [ -94.43576933755314, 39.092764120312999 ], [ -94.435810213850957, 39.093522388733739 ], [ -94.435800109124642, 39.094281284976418 ], [ -94.435739049431888, 39.095038728976739 ], [ -94.435627200502736, 39.095792644584854 ], [ -94.435464867303139, 39.096540965256416 ], [ -94.435252493216666, 39.097281639718048 ], [ -94.434990658846317, 39.098012637591765 ], [ -94.43468008043962, 39.098731954962709 ], [ -94.434321607941001, 39.099437619874926 ], [ -94.4339162226767, 39.100127697740483 ], [ -94.433465034678491, 39.100800296646277 ], [ -94.43296927965325, 39.101453572544798 ], [ -94.432430315606538, 39.102085734314009 ], [ -94.431849619129494, 39.102695048672501 ], [ -94.431228781358996, 39.103279844936623 ], [ -94.430569503622038, 39.103838519606256 ], [ -94.429873592776374, 39.104369540766513 ], [ -94.429142956260037, 39.104871452293594 ], [ -94.428379596863095, 39.105342877852792 ], [ -94.427585607236566, 39.105782524677856 ], [ -94.42676316415276, 39.106189187121181 ], [ -94.425914522533404, 39.106561749965095 ], [ -94.425042009261929, 39.106899191484942 ], [ -94.424148016796636, 39.107200586255672 ], [ -94.423234996602559, 39.107465107694146 ], [ -94.422305452420275, 39.10769203032995 ], [ -94.421361933389946, 39.10788073179868 ], [ -94.420407027049748, 39.108030694551957 ], [ -94.419443352228143, 39.108141507279761 ], [ -94.418473551849374, 39.10821286604066 ], [ -94.417500285672304, 39.108244575097252 ], [ -94.416526222982625, 39.108236547454347 ], [ -94.415554035258666, 39.108188805098244 ], [ -94.414586388831026, 39.108101478936689 ], [ -94.413625937556461, 39.107974808439558 ], [ -94.412675315526229, 39.107809140981125 ], [ -94.411737129829149, 39.107604930886112 ], [ -94.41081395338928, 39.107362738181628 ], [ -94.409908317898086, 39.107083227058951 ], [ -94.409022706860711, 39.106767164048989 ], [ -94.408159548775458, 39.106415415916942 ], [ -94.407321210465383, 39.106028947281366 ], [ -94.406509990580432, 39.105608817964814 ], [ -94.405728113287921, 39.105156180082957 ], [ -94.404977722169008, 39.104672274880521 ], [ -94.404260874337609, 39.104158429322538 ], [ -94.403579534798268, 39.103616052450491 ], [ -94.402935571058393, 39.103046631513408 ], [ -94.402330748009391, 39.102451727884414 ], [ -94.401766723091171, 39.101832972774247 ], [ -94.401245041752958, 39.101192062753441 ], [ -94.4007671332228, 39.100530755095441 ], [ -94.4003343065975, 39.099850862953694 ], [ -94.399947747263425, 39.099154250385816 ], [ -94.399608513658009, 39.098442827238635 ], [ -94.399317534380685, 39.097718543908222 ], [ -94.399075605660926, 39.096983385989148 ], [ -94.398883389190487, 39.09623936882798 ], [ -94.398741410325172, 39.095488531995699 ], [ -94.398650056661396, 39.094732933694445 ], [ -94.398609576990793, 39.093974645113818 ] ] ] } },
{ "type": "Feature", "properties": { }, "geometry": { "type": "Polygon", "coordinates": [ [ [ -94.399399622700315, 39.093824770425961 ], [ -94.399410117898441, 39.093065870129195 ], [ -94.399471565882308, 39.092308437817238 ], [ -94.39958379659744, 39.091554549509659 ], [ -94.399746500824108, 39.09080627144661 ], [ -94.399959231042345, 39.090065654426738 ], [ -94.400221402675726, 39.089334728188028 ], [ -94.400532295709951, 39.088615495847094 ], [ -94.400891056681999, 39.087909928412095 ], [ -94.401296701033814, 39.087219959384235 ], [ -94.401748115824361, 39.08654747946273 ], [ -94.402244062792079, 39.085894331367491 ], [ -94.402783181759389, 39.085262304793865 ], [ -94.403363994369911, 39.084653131513065 ], [ -94.403984908147734, 39.084068480631878 ], [ -94.404644220867937, 39.083509954024059 ], [ -94.405340125225948, 39.08297908194664 ], [ -94.406070713793127, 39.082477318852263 ], [ -94.406833984245026, 39.082006039409734 ], [ -94.407627844847596, 39.081566534742819 ], [ -94.408450120186913, 39.08116000889833 ], [ -94.409298557126249, 39.080787575552414 ], [ -94.410170830974536, 39.080450254964489 ], [ -94.411064551849265, 39.080148971186851 ], [ -94.411977271216415, 39.079884549537546 ], [ -94.412906488589783, 39.079657714343547 ], [ -94.413849658371376, 39.07946908696011 ], [ -94.414804196814217, 39.079319184071935 ], [ -94.415767489088694, 39.079208416280558 ], [ -94.416736896433349, 39.079137086981909 ], [ -94.417709763370411, 39.079105391536991 ], [ -94.418683424966915, 39.07911341673806 ], [ -94.419655214121093, 39.079161140571635 ], [ -94.420622468854944, 39.079248432279023 ], [ -94.421582539592677, 39.079375052714184 ], [ -94.422532796405463, 39.079540654997913 ], [ -94.423470636202808, 39.079744785466737 ], [ -94.424393489851155, 39.079986884913716 ], [ -94.425298829199988, 39.080266290117869 ], [ -94.426184173996987, 39.080582235658184 ], [ -94.427047098672702, 39.080933856007007 ], [ -94.427885238976913, 39.081320187897468 ], [ -94.42869629844833, 39.081740172958284 ], [ -94.429478054699899, 39.082192660608733 ], [ -94.43022836550297, 39.082676411206094 ], [ -94.43094517465336, 39.083190099436976 ], [ -94.431626517603434, 39.083732317943131 ], [ -94.432270526844846, 39.084301581172113 ], [ -94.432875437027292, 39.084896329442174 ], [ -94.433439589798837, 39.085514933210334 ], [ -94.433961438355141, 39.086155697532064 ], [ -94.434439551684491, 39.086816866700389 ], [ -94.434872618497437, 39.087496629051721 ], [ -94.435259450829761, 39.088193121925492 ], [ -94.435598987309092, 39.088904436763784 ], [ -94.435890296076082, 39.089628624337386 ], [ -94.436132577351685, 39.090363700083614 ], [ -94.436325165643908, 39.09110764954174 ], [ -94.436467531587326, 39.091858433870762 ], [ -94.436559283410375, 39.09261399543481 ], [ -94.436600168026217, 39.093372263440592 ], [ -94.436590071743993, 39.094131159611678 ], [ -94.436529020598286, 39.094888603884051 ], [ -94.436417180295692, 39.095642520107099 ], [ -94.436254855778529, 39.096390841734809 ], [ -94.436042490406578, 39.097131517491235 ], [ -94.435780664758937, 39.097862516994894 ], [ -94.435470095059202, 39.098581836326446 ], [ -94.435111631227898, 39.099287503524614 ], [ -94.434706254567516, 39.099977583995198 ], [ -94.434255075086213, 39.10065018581799 ], [ -94.433759328467474, 39.101303464937494 ], [ -94.433220372693796, 39.101935630222869 ], [ -94.43263968433358, 39.102544948383084 ], [ -94.432018854501422, 39.103129748724093 ], [ -94.43135958450253, 39.103688427734568 ], [ -94.430663681173371, 39.104219453487794 ], [ -94.429933051931329, 39.104721369847319 ], [ -94.42916969954652, 39.105192800465218 ], [ -94.428375716650635, 39.105632452561395 ], [ -94.427553279997497, 39.10603912047376 ], [ -94.426704644491181, 39.106411688969651 ], [ -94.425832136998324, 39.106749136308906 ], [ -94.424938149961292, 39.107050537050526 ], [ -94.424025134830245, 39.107315064594971 ], [ -94.423095595331802, 39.107541993455079 ], [ -94.42215208059325, 39.107730701249359 ], [ -94.421197178141, 39.107880670412101 ], [ -94.420233506792798, 39.10799148961565 ], [ -94.419263709463351, 39.108062854900815 ], [ -94.418290445903111, 39.108094570512314 ], [ -94.417316385390649, 39.108086549436926 ], [ -94.416344199398253, 39.108038813642921 ], [ -94.415376554251779, 39.10795149402005 ], [ -94.41441610380447, 39.10782483002022 ], [ -94.413465482145369, 39.107659168999902 ], [ -94.412527296362228, 39.107454965266122 ], [ -94.41160411937939, 39.107212778828526 ], [ -94.410698482889799, 39.106933273861166 ], [ -94.409812870401367, 39.106617216878114 ], [ -94.408949710416422, 39.106265474627982 ], [ -94.408111369763276, 39.10587901171322 ], [ -94.407300147098283, 39.105458887940642 ], [ -94.406518266596464, 39.105006255410757 ], [ -94.4057678718478, 39.104522355353581 ], [ -94.405051019976185, 39.104008514720014 ], [ -94.404369675997344, 39.103466142538096 ], [ -94.403725707430837, 39.102896726043952 ], [ -94.403120879181387, 39.102301826598527 ], [ -94.402556848703185, 39.10168307540112 ], [ -94.402035161460788, 39.101042169011521 ], [ -94.401557246698431, 39.10038086469325 ], [ -94.401124413530084, 39.099700975590594 ], [ -94.400737847360077, 39.099004365752883 ], [ -94.400398606644643, 39.098292945019452 ], [ -94.400107620002714, 39.097568663779761 ], [ -94.399865683684013, 39.096833507622726 ], [ -94.399673459401143, 39.096089491890041 ], [ -94.399531472531379, 39.095338656148861 ], [ -94.399440110693078, 39.094583058598296 ], [ -94.399399622700315, 39.093824770425961 ] ] ] } },
{ "type": "Feature", "properties": { }, "geometry": { "type": "Polygon", "coordinates": [ [ [ -94.54286753359041, 39.068297521257612 ], [ -94.542876495945023, 39.067538635350893 ], [ -94.542936393691519, 39.06678115503064 ], [ -94.543047061025618, 39.066027156453124 ], [ -94.543208193012759, 39.065278706165756 ], [ -94.54341934644151, 39.06453785544425 ], [ -94.543679941055416, 39.063806634671977 ], [ -94.543989261159879, 39.063087047777493 ], [ -94.54434645759946, 39.062381066745189 ], [ -94.544750550099792, 39.061690626214002 ], [ -94.54520042996792, 39.061017618179285 ], [ -94.545694863143225, 39.060363886811857 ], [ -94.546232493590452, 39.059731223408789 ], [ -94.546811847025651, 39.059121361489346 ], [ -94.547431334964358, 39.05853597204981 ], [ -94.548089259081308, 39.057976658989915 ], [ -94.548783815869143, 39.057444954723294 ], [ -94.549513101583727, 39.056942315984152 ], [ -94.550275117462334, 39.056470119841315 ], [ -94.551067775200323, 39.056029659930637 ], [ -94.551888902671436, 39.055622142916114 ], [ -94.552736249876048, 39.055248685189056 ], [ -94.553607495101076, 39.054910309814531 ], [ -94.554500251274831, 39.054607943733423 ], [ -94.555412072499351, 39.054342415227246 ], [ -94.556340460742618, 39.054114451653405 ], [ -94.557282872672204, 39.053924677456202 ], [ -94.558236726612066, 39.05377361245953 ], [ -94.559199409603195, 39.05366167044577 ], [ -94.560168284549405, 39.053589158024643 ], [ -94.561140697428357, 39.053556273795216 ], [ -94.562113984548589, 39.053563107803114 ], [ -94.563085479832765, 39.05360964129477 ], [ -94.564052522107289, 39.053695746769066 ], [ -94.565012462378618, 39.053821188326246 ], [ -94.565962671076392, 39.053985622313384 ], [ -94.566900545243882, 39.054188598264389 ], [ -94.567823515656059, 39.054429560132121 ], [ -94.568729053846127, 39.054707847809219 ], [ -94.569614679021285, 39.055022698933598 ], [ -94.570477964849033, 39.055373250973581 ], [ -94.571316546095431, 39.055758543587054 ], [ -94.572128125097436, 39.056177521248323 ], [ -94.572910478051497, 39.05662903613532 ], [ -94.573661461101494, 39.057111851269568 ], [ -94.574379016209093, 39.057624643900127 ], [ -94.575061176790896, 39.058166009122466 ], [ -94.575706073106659, 39.058734463722431 ], [ -94.576311937383821, 39.059328450234659 ], [ -94.57687710866476, 39.059946341204622 ], [ -94.577400037362708, 39.060586443642613 ], [ -94.577879289514527, 39.061247003657378 ], [ -94.578313550718207, 39.061926211257052 ], [ -94.578701629744387, 39.062622205304152 ], [ -94.579042461811724, 39.063333078611059 ], [ -94.579335111517338, 39.064056883162095 ], [ -94.579578775413765, 39.064791635448259 ], [ -94.579772784225682, 39.065535321899503 ], [ -94.579916604699676, 39.066285904400104 ], [ -94.580009841082159, 39.067041325872076 ], [ -94.580052236221121, 39.067799515910913 ], [ -94.580043672288426, 39.068558396458918 ], [ -94.579984171120643, 39.069315887499918 ], [ -94.579873894177055, 39.070069912760218 ], [ -94.579713142115054, 39.070818405400026 ], [ -94.5795023539835, 39.071559313679622 ], [ -94.579242106036574, 39.072290606585007 ], [ -94.578933110170723, 39.073010279397344 ], [ -94.578576211988988, 39.073716359190911 ], [ -94.578172388497919, 39.074406910244676 ], [ -94.577722745443154, 39.075080039352414 ], [ -94.57722851429078, 39.075733901016804 ], [ -94.5766910488626, 39.076366702513212 ], [ -94.576111821634612, 39.076976708809397 ], [ -94.575492419708482, 39.077562247327229 ], [ -94.574834540467137, 39.078121712533687 ], [ -94.574139986926284, 39.078653570348131 ], [ -94.573410662794416, 39.079156362354105 ], [ -94.572648567255243, 39.079628709803536 ], [ -94.571855789486136, 39.080069317402831 ], [ -94.571034502928455, 39.080476976869882 ], [ -94.570186959324801, 39.080850570252643 ], [ -94.569315482540034, 39.081189072999749 ], [ -94.568422462182895, 39.081491556774843 ], [ -94.567510347045769, 39.081757192006883 ], [ -94.566581638380853, 39.081985250169168 ], [ -94.565638883031156, 39.082175105781118 ], [ -94.564684666435355, 39.082326238126761 ], [ -94.563721605525743, 39.082438232685853 ], [ -94.562752341539081, 39.082510782272969 ], [ -94.561779532760141, 39.082543687881888 ], [ -94.560805847217907, 39.082536859232718 ], [ -94.559833955354932, 39.082490315020294 ], [ -94.558866522689812, 39.082404182863229 ], [ -94.557906202493299, 39.082278698953601 ], [ -94.556955628498287, 39.082114207408331 ], [ -94.556017407663774, 39.081911159324193 ], [ -94.555094113012956, 39.081670111538592 ], [ -94.554188276565043, 39.081391725100232 ], [ -94.553302382380622, 39.08107676345324 ], [ -94.552438859739524, 39.080726090340214 ], [ -94.551600076470237, 39.080340667429752 ], [ -94.550788332449244, 39.079921551675135 ], [ -94.550005853288042, 39.079469892411389 ], [ -94.549254784225539, 39.078986928198823 ], [ -94.548537184242392, 39.078473983421723 ], [ -94.547855020413692, 39.077932464651539 ], [ -94.547210162515285, 39.07736385678475 ], [ -94.54660437789876, 39.076769718965949 ], [ -94.546039326648994, 39.076151680307376 ], [ -94.545516557037686, 39.075511435416878 ], [ -94.545037501284938, 39.074850739746431 ], [ -94.544603471640997, 39.074171404774177 ], [ -94.544215656798215, 39.073475293033113 ], [ -94.54387511864347, 39.07276431300037 ], [ -94.543582789359505, 39.072040413860897 ], [ -94.543339468883133, 39.071305580160043 ], [ -94.543145822727112, 39.070561826359842 ], [ -94.543002380171529, 39.069811191313903 ], [ -94.542909532829427, 39.069055732675942 ], [ -94.54286753359041, 39.068297521257612 ] ] ] } },
{ "type": "Feature", "properties": { }, "geometry": { "type": "Polygon", "coordinates": [ [ [ -94.544309864934689, 39.059457704307469 ], [ -94.544318813860613, 39.058698817512301 ], [ -94.544378691826438, 39.057941335803093 ], [ -94.54448933308278, 39.057187335339968 ], [ -94.544650432767284, 39.056438882675621 ], [ -94.544861547757662, 39.055698029092397 ], [ -94.545122097903459, 39.054966804981625 ], [ -94.54543136763256, 39.054247214281183 ], [ -94.54578850792808, 39.05354122898602 ], [ -94.546192538670027, 39.052850783746962 ], [ -94.546642351335151, 39.052177770572442 ], [ -94.547136712047347, 39.05152403364756 ], [ -94.547674264970283, 39.050891364284801 ], [ -94.548253536032661, 39.05028149601997 ], [ -94.548872936975982, 39.049696099866985 ], [ -94.549530769713442, 39.049136779744138 ], [ -94.550225230988133, 39.048605068084676 ], [ -94.550954417317669, 39.048102421643222 ], [ -94.551716330211505, 39.047630217509919 ], [ -94.552508881647071, 39.047189749342692 ], [ -94.553329899789134, 39.046782223828359 ], [ -94.55417713493739, 39.046408757381691 ], [ -94.555048265685414, 39.046070373091794 ], [ -94.555940905274824, 39.045767997924102 ], [ -94.556852608126661, 39.045502460185162 ], [ -94.557780876532732, 39.045274487257785 ], [ -94.558723167488452, 39.045084703611948 ], [ -94.559676899648693, 39.044933629097521 ], [ -94.560639460387563, 39.044821677523004 ], [ -94.561608212943199, 39.044749155524357 ], [ -94.562580503628055, 39.044716261726819 ], [ -94.56355366908484, 39.044723086202254 ], [ -94.564525043568977, 39.044769610223177 ], [ -94.565491966237303, 39.044855706314316 ], [ -94.566451788423379, 39.044981138601557 ], [ -94.567401880879885, 39.045145563457297 ], [ -94.568339640968048, 39.045348530440293 ], [ -94.569262499774979, 39.045589483527884 ], [ -94.570167929139245, 39.04586776263659 ], [ -94.571053448565891, 39.046182605427632 ], [ -94.571916632011806, 39.046533149391998 ], [ -94.57275511452336, 39.04691843420953 ], [ -94.573566598707828, 39.047337404375703 ], [ -94.574348861021363, 39.047788912088762 ], [ -94.575099757856137, 39.048271720389728 ], [ -94.575817231410085, 39.048784506546127 ], [ -94.576499315323346, 39.049325865671037 ], [ -94.577144140065897, 39.049894314566771 ], [ -94.577749938061572, 39.05048829578341 ], [ -94.57831504853462, 39.051106181880783 ], [ -94.578837922065247, 39.051746279882344 ], [ -94.579317124841936, 39.052406835908855 ], [ -94.579751342598442, 39.053086039979263 ], [ -94.580139384224964, 39.053782030965586 ], [ -94.580480185043228, 39.054492901688462 ], [ -94.580772809736601, 39.055216704139269 ], [ -94.581016454926825, 39.055951454814654 ], [ -94.581210451390518, 39.056695140148932 ], [ -94.581354265908786, 39.057445722029421 ], [ -94.581447502745092, 39.058201143379812 ], [ -94.581489904746888, 39.058959333795954 ], [ -94.581481354067989, 39.059718215219142 ], [ -94.581421872509324, 39.060475707630879 ], [ -94.581311621477141, 39.061229734753759 ], [ -94.581150901558473, 39.061978229742984 ], [ -94.580940151714771, 39.062719140852522 ], [ -94.580679948095877, 39.063450437060759 ], [ -94.580371002477293, 39.064170113639918 ], [ -94.580014160324879, 39.064876197654115 ], [ -94.579610398492093, 39.065566753370952 ], [ -94.579160822555991, 39.066239887571577 ], [ -94.578666663798998, 39.066893754744925 ], [ -94.578129275844788, 39.06752656215145 ], [ -94.577550130957235, 39.068136574742915 ], [ -94.576930816012421, 39.068722119924153 ], [ -94.576273028154958, 39.069281592144073 ], [ -94.57557857015, 39.069813457303013 ], [ -94.574849345444164, 39.07031625696461 ], [ -94.574087352948396, 39.070788612359955 ], [ -94.573294681557442, 39.071229228173898 ], [ -94.572473504420756, 39.071636896101971 ], [ -94.571626072980663, 39.072010498169092 ], [ -94.570754710794134, 39.072349009800242 ], [ -94.569861807155306, 39.072651502634862 ], [ -94.568949810536097, 39.072917147077163 ], [ -94.568021221863276, 39.073145214575291 ], [ -94.5670785876503, 39.073335079623163 ], [ -94.566124493003173, 39.073486221478987 ], [ -94.565161554519221, 39.073598225596513 ], [ -94.564192413098937, 39.073670784764097 ], [ -94.563219726690406, 39.073703699949249 ], [ -94.562246162986526, 39.073696880845787 ], [ -94.561274392095157, 39.073650346122335 ], [ -94.560307079202587, 39.073564223371442 ], [ -94.559346877250618, 39.073438748759308 ], [ -94.558396419647394, 39.073274266377233 ], [ -94.557458313032285, 39.073071227296744 ], [ -94.55653513011481, 39.072830188330435 ], [ -94.555629402607423, 39.072551810502681 ], [ -94.554743614271629, 39.072236857233825 ], [ -94.55388019409672, 39.071886192243333 ], [ -94.553041509630006, 39.071500777177313 ], [ -94.552229860476857, 39.071081668967366 ], [ -94.551447471988567, 39.070630016927637 ], [ -94.550696489155357, 39.070147059598426 ], [ -94.549978970721483, 39.069634121344954 ], [ -94.549296883538531, 39.06909260872056 ], [ -94.548652097172379, 39.068524006604711 ], [ -94.548046378778693, 39.067929874126023 ], [ -94.547481388261104, 39.067311840381933 ], [ -94.546958673725143, 39.066671599966639 ], [ -94.546479667240348, 39.066010908319711 ], [ -94.546045680922347, 39.065331576908058 ], [ -94.545657903345258, 39.064635468254856 ], [ -94.545317396294365, 39.063924490828633 ], [ -94.545025091867728, 39.063200593807075 ], [ -94.544781789934689, 39.06246576172969 ], [ -94.544588155957854, 39.061722009054023 ], [ -94.544444719184625, 39.060971374630533 ], [ -94.544351871212868, 39.060215916111233 ], [ -94.544309864934689, 39.059457704307469 ] ] ] } },
{ "type": "Feature", "properties": { }, "geometry": { "type": "Polygon", "coordinates": [ [ [ -94.54409987095373, 39.059427670675419 ], [ -94.544108822135996, 39.058668783847303 ], [ -94.544168702335355, 39.057911302197382 ], [ -94.544279345796326, 39.057157301885653 ], [ -94.544440447650459, 39.05640884946439 ], [ -94.54465156476958, 39.055667996215249 ], [ -94.544912116997395, 39.054936772528627 ], [ -94.545221388756076, 39.054217182341254 ], [ -94.545578531023182, 39.053511197646628 ], [ -94.545982563673377, 39.052820753093989 ], [ -94.54643237817811, 39.052147740689826 ], [ -94.546926740656318, 39.051494004617162 ], [ -94.547464295266806, 39.050861336186109 ], [ -94.548043567933675, 39.05025146892995 ], [ -94.548662970394034, 39.049666073859804 ], [ -94.549320804556942, 39.049106754891028 ], [ -94.550015267161626, 39.048575044453692 ], [ -94.550744454721993, 39.048072399299052 ], [ -94.551506368744214, 39.047600196513734 ], [ -94.552298921202564, 39.047159729752018 ], [ -94.55311994025908, 39.046752205696805 ], [ -94.553967176210946, 39.046378740758875 ], [ -94.554838307649547, 39.046040358023248 ], [ -94.555730947814595, 39.045737984451065 ], [ -94.5566426511256, 39.045472448344547 ], [ -94.557570919873072, 39.04524447708198 ], [ -94.558513211051533, 39.045054695128826 ], [ -94.559466943315229, 39.044903622330303 ], [ -94.560429504037984, 39.044791672490234 ], [ -94.56139825645802, 39.044719152239807 ], [ -94.562370546888118, 39.044686260199512 ], [ -94.563343711971697, 39.044693086436361 ], [ -94.56431508596522, 39.044739612218059 ], [ -94.565282008026827, 39.044825710064544 ], [ -94.566241829491773, 39.044951144096885 ], [ -94.567191921114684, 39.045115570682682 ], [ -94.568129680259091, 39.045318539375977 ], [ -94.569052538014645, 39.045559494149416 ], [ -94.569957966222816, 39.045837774914894 ], [ -94.570843484391787, 39.046152619329135 ], [ -94.571706666481916, 39.046503164878665 ], [ -94.572545147543224, 39.046888451238971 ], [ -94.573356630186979, 39.047307422901298 ], [ -94.57413889087357, 39.047758932059814 ], [ -94.574889785999559, 39.048241741751561 ], [ -94.575607257767587, 39.04875452924027 ], [ -94.576289339822679, 39.049295889635339 ], [ -94.576934162639873, 39.04986433973562 ], [ -94.577539958648273, 39.050458322087927 ], [ -94.578105067077558, 39.051076209248919 ], [ -94.578627938513549, 39.051716308239151 ], [ -94.579107139150409, 39.052376865176669 ], [ -94.579541354727795, 39.053056070077908 ], [ -94.579929394141843, 39.053752061812624 ], [ -94.580270192720363, 39.054462933199396 ], [ -94.580562815152817, 39.055186736227768 ], [ -94.580806458067187, 39.055921487392794 ], [ -94.581000452246272, 39.056665173127456 ], [ -94.581144264477459, 39.057415755317955 ], [ -94.581237499030479, 39.058171176887129 ], [ -94.58127989875905, 39.058929367430224 ], [ -94.581271345823211, 39.059688248888165 ], [ -94.581211862030059, 39.060445741242376 ], [ -94.581101608792011, 39.061199768215552 ], [ -94.580940886702123, 39.061948262963369 ], [ -94.580730134727801, 39.062689173740395 ], [ -94.580469929024758, 39.063420469525944 ], [ -94.580160981374206, 39.064140145593392 ], [ -94.579804137247578, 39.064846229008239 ], [ -94.579400373503759, 39.06553678403975 ], [ -94.578950795725049, 39.066209917470921 ], [ -94.578456635198947, 39.066863783792797 ], [ -94.577919245553986, 39.067496590268178 ], [ -94.577340099058659, 39.068106601851376 ], [ -94.576720782593526, 39.06869214594996 ], [ -94.576062993307318, 39.069251617015802 ], [ -94.575368533969169, 39.069783480952474 ], [ -94.574639308029319, 39.070286279326858 ], [ -94.573877314402154, 39.070758633373678 ], [ -94.573084641985503, 39.071199247781415 ], [ -94.572263463931648, 39.071606914249465 ], [ -94.57141603168543, 39.071980514806789 ], [ -94.570544668806079, 39.072319024882482 ], [ -94.569651764589594, 39.072621516120229 ], [ -94.568739767509513, 39.072887158928673 ], [ -94.567811178493869, 39.073115224760429 ], [ -94.566868544057058, 39.073305088113976 ], [ -94.565914449305708, 39.073456228252176 ], [ -94.564951510837432, 39.073568230633491 ], [ -94.563982369552676, 39.073640788051051 ], [ -94.563009683399173, 39.073673701477155 ], [ -94.562036120069095, 39.073666880610496 ], [ -94.56106434966928, 39.073620344124485 ], [ -94.560097037384693, 39.073534219616519 ], [ -94.559136836155432, 39.073408743257637 ], [ -94.558186379387664, 39.073244259143955 ], [ -94.557248273718457, 39.073041218351683 ], [ -94.55632509185476, 39.072800177698184 ], [ -94.555419365506083, 39.072521798212428 ], [ -94.554533578430764, 39.072206843319307 ], [ -94.553670159614626, 39.07185617674272 ], [ -94.55283147660127, 39.071470760133217 ], [ -94.55201982899203, 39.07105165042654 ], [ -94.551237442133953, 39.07059999694097 ], [ -94.55048646101281, 39.070117038220786 ], [ -94.54976894436814, 39.069604098634976 ], [ -94.549086859046611, 39.069062584740607 ], [ -94.548442074608957, 39.068493981420559 ], [ -94.547836358205601, 39.067899847806757 ], [ -94.547271369734673, 39.067281812999781 ], [ -94.546748657296064, 39.066641571596726 ], [ -94.546269652953583, 39.065980879039834 ], [ -94.545835668816963, 39.065301546798544 ], [ -94.545447893454337, 39.064605437398278 ], [ -94.545107388644908, 39.063894459309601 ], [ -94.544815086480611, 39.063170561712056 ], [ -94.544571786824534, 39.062435729146678 ], [ -94.54437815513306, 39.061691976072339 ], [ -94.544234720647324, 39.060941341340616 ], [ -94.544141874958953, 39.060185882604316 ], [ -94.54409987095373, 39.059427670675419 ] ] ] } },
{ "type": "Feature", "properties": { }, "geometry": { "type": "Polygon", "coordinates": [ [ [ -94.532167432128759, 39.106406015891572 ], [ -94.53217650058059, 39.105647133209473 ], [ -94.532236531812771, 39.104889660236324 ], [ -94.532347359652121, 39.104135673107749 ], [ -94.532508678721257, 39.103387238339245 ], [ -94.532720045293232, 39.102646407163313 ], [ -94.532980878524867, 39.101915209909066 ], [ -94.533290462065168, 39.101195650439827 ], [ -94.533647946034492, 39.100489700663992 ], [ -94.534052349368608, 39.099799295133963 ], [ -94.534502562520998, 39.099126325748266 ], [ -94.53499735051625, 39.098472636570854 ], [ -94.535535356345648, 39.097840018782215 ], [ -94.536115104695696, 39.097230205775631 ], [ -94.536735005999233, 39.09664486841244 ], [ -94.537393360797964, 39.096085610448682 ], [ -94.538088364404487, 39.095553964146099 ], [ -94.538818111850631, 39.095051386079142 ], [ -94.539580603109115, 39.09457925314954 ], [ -94.5403737485736, 39.094138858819129 ], [ -94.541195374782646, 39.093731409571461 ], [ -94.542043230371519, 39.093358021611493 ], [ -94.542914992235822, 39.093019717812531 ], [ -94.543808271890185, 39.092717424918767 ], [ -94.544720622004391, 39.092451971010796 ], [ -94.545649543099529, 39.092224083241256 ], [ -94.546592490385592, 39.092034385846461 ], [ -94.547546880722152, 39.091883398439748 ], [ -94.548510099683142, 39.091771534590812 ], [ -94.54947950870644, 39.091699100695273 ], [ -94.550452452309017, 39.091666295137131 ], [ -94.551426265347885, 39.091673207746688 ], [ -94.552398280307301, 39.091719819555358 ], [ -94.553365834592285, 39.091806002847811 ], [ -94.554326277808812, 39.091931521511555 ], [ -94.555276979010671, 39.092096031682992 ], [ -94.556215333893789, 39.09229908268788 ], [ -94.557138771917892, 39.092540118274151 ], [ -94.558044763336554, 39.092818478133211 ], [ -94.558930826116594, 39.093133399705998 ], [ -94.55979453272758, 39.093484020268612 ], [ -94.560633516783511, 39.093869379292052 ], [ -94.561445479518241, 39.09428842106955 ], [ -94.562228196077058, 39.09473999760425 ], [ -94.562979521607545, 39.09522287174962 ], [ -94.5636973971326, 39.095735720593865 ], [ -94.564379855190268, 39.096277139079319 ], [ -94.565025025224188, 39.096845643846677 ], [ -94.565631138710629, 39.097439677293863 ], [ -94.566196534007531, 39.098057611838477 ], [ -94.566719660912526, 39.098697754372047 ], [ -94.567199084917306, 39.099358350894057 ], [ -94.567633491146722, 39.100037591313161 ], [ -94.568021687971495, 39.100733614402316 ], [ -94.568362610284808, 39.10144451289468 ], [ -94.568655322433656, 39.102168338705887 ], [ -94.568899020796579, 39.102903108268784 ], [ -94.569093036000694, 39.103646807966093 ], [ -94.569236834771971, 39.104397399645762 ], [ -94.569330021413151, 39.105152826204545 ], [ -94.569372338905367, 39.105911017223768 ], [ -94.569363669630206, 39.106669894642778 ], [ -94.56930403570982, 39.107427378453551 ], [ -94.569193598964375, 39.108181392401754 ], [ -94.569032660486329, 39.108929869678022 ], [ -94.568821659832807, 39.10967075858413 ], [ -94.568561173837949, 39.110402028158468 ], [ -94.568251915048293, 39.111121673745345 ], [ -94.567894729785451, 39.111827722492897 ], [ -94.567490595840994, 39.112518238764288 ], [ -94.567040619809958, 39.113191329447744 ], [ -94.566546034069745, 39.113845149150315 ], [ -94.566008193413168, 39.114477905261488 ], [ -94.565428571344057, 39.115087862872429 ], [ -94.564808756045991, 39.115673349537566 ], [ -94.564150446034958, 39.116232759865021 ], [ -94.563455445507699, 39.116764559923737 ], [ -94.562725659398623, 39.117267291454681 ], [ -94.561963088158606, 39.117739575874744 ], [ -94.561169822270287, 39.118180118062305 ], [ -94.560348036514483, 39.118587709913896 ], [ -94.559499984003978, 39.118961233662134 ], [ -94.558627990000645, 39.119299664945984 ], [ -94.557734445533256, 39.11960207562452 ], [ -94.556821800833347, 39.119867636326681 ], [ -94.555892558607397, 39.120095618729735 ], [ -94.554949267163764, 39.120285397560586 ], [ -94.553994513413542, 39.120436452313626 ], [ -94.553030915764452, 39.120548368681312 ], [ -94.552061116927604, 39.120620839692627 ], [ -94.5510877766569, 39.120653666556912 ], [ -94.550113564441276, 39.120646759210437 ], [ -94.549141152169994, 39.120600136564128 ], [ -94.548173206791034, 39.120513926452062 ], [ -94.547212382983361, 39.120388365280547 ], [ -94.546261315862978, 39.120223797378898 ], [ -94.545322613743053, 39.120020674053904 ], [ -94.544398850968307, 39.119779552349954 ], [ -94.543492560843134, 39.119501093519197 ], [ -94.542606228673449, 39.119186061205021 ], [ -94.541742284941165, 39.118835319344647 ], [ -94.54090309863021, 39.118449829796006 ], [ -94.540090970722716, 39.118030649695967 ], [ -94.539308127883018, 39.117578928556881 ], [ -94.538556716347145, 39.117095905109579 ], [ -94.537838796034436, 39.11658290390163 ], [ -94.537156334897603, 39.116041331660028 ], [ -94.536511203526672, 39.115472673428698 ], [ -94.535905170021834, 39.114878488491058 ], [ -94.535339895148837, 39.114260406089301 ], [ -94.534816927790644, 39.113620120951836 ], [ -94.534337700707525, 39.112959388641549 ], [ -94.533903526617152, 39.1122800207376 ], [ -94.533515594605447, 39.111583879863673 ], [ -94.533174966877809, 39.11087287457714 ], [ -94.532882575859759, 39.110148954132441 ], [ -94.532639221654364, 39.109414103133517 ], [ -94.532445569863853, 39.108670336089901 ], [ -94.532302149780605, 39.107919691891475 ], [ -94.532209352952933, 39.107164228216952 ], [ -94.532167432128759, 39.106406015891572 ] ] ] } },
{ "type": "Feature", "properties": { }, "geometry": { "type": "Polygon", "coordinates": [ [ [ -94.540150370879417, 38.980966625712554 ], [ -94.540159382235444, 38.980207728671154 ], [ -94.540219266255804, 38.979450239688894 ], [ -94.540329857180879, 38.978696234945922 ], [ -94.540490850292485, 38.977947781006911 ], [ -94.540701802766634, 38.977206929158143 ], [ -94.54096213490422, 38.976475709786804 ], [ -94.541271131736266, 38.975756126818538 ], [ -94.541627944999206, 38.975050152228093 ], [ -94.542031595474313, 38.974359720638041 ], [ -94.542480975685038, 38.973686724020631 ], [ -94.542974852944539, 38.97303300651695 ], [ -94.543511872744986, 38.972400359387706 ], [ -94.544090562479127, 38.971790516109365 ], [ -94.544709335484058, 38.971205147628972 ], [ -94.545366495395655, 38.9706458577907 ], [ -94.546060240802092, 38.970114178946496 ], [ -94.546788670183332, 38.969611567762833 ], [ -94.547549787123188, 38.969139401234983 ], [ -94.548341505779618, 38.96869897291954 ], [ -94.549161656598272, 38.96829148939581 ], [ -94.550007992253725, 38.967918066965076 ], [ -94.550878193802063, 38.967579728597457 ], [ -94.551769877028192, 38.967277401133991 ], [ -94.552680598970397, 38.967011912751865 ], [ -94.553607864604558, 38.966783990699838 ], [ -94.554549133669582, 38.966594259309595 ], [ -94.555501827615899, 38.966443238288747 ], [ -94.5564633366576, 38.966331341300005 ], [ -94.557431026909455, 38.966258874830352 ], [ -94.558402247589413, 38.96622603735333 ], [ -94.559374338266736, 38.966232918786702 ], [ -94.560344636136392, 38.966279500246984 ], [ -94.561310483299749, 38.966365654101409 ], [ -94.562269234032001, 38.966491144317288 ], [ -94.563218262016491, 38.966655627107748 ], [ -94.564154967526164, 38.966858651872222 ], [ -94.565076784533048, 38.967099662428808 ], [ -94.56598118772591, 38.967377998535603 ], [ -94.566865699417548, 38.967692897696551 ], [ -94.567727896322594, 38.968043497246796 ], [ -94.56856541618744, 38.968428836712555 ], [ -94.56937596425459, 38.968847860437968 ], [ -94.570157319543199, 38.969299420472979 ], [ -94.570907340929296, 38.969782279713499 ], [ -94.57162397300884, 38.970295115285779 ], [ -94.572305251727457, 38.970836522165669 ], [ -94.572949309761853, 38.971405017022839 ], [ -94.573554381637805, 38.971999042279649 ], [ -94.57411880857083, 38.972616970373451 ], [ -94.574641043016456, 38.973257108210845 ], [ -94.575119652917181, 38.973917701801774 ], [ -94.575553325634772, 38.974596941060632 ], [ -94.575940871556881, 38.975292964761493 ], [ -94.576281227367986, 38.976003865633956 ], [ -94.576573458975773, 38.97672769558546 ], [ -94.576816764084398, 38.977462471036155 ], [ -94.577010474407984, 38.978206178351478 ], [ -94.577154057517689, 38.978956779357681 ], [ -94.577247118317175, 38.979712216925364 ], [ -94.57728940014259, 38.980470420605435 ], [ -94.577280785483467, 38.981229312302553 ], [ -94.577221296322463, 38.981986811969932 ], [ -94.577111094093013, 38.982740843310353 ], [ -94.576950479254663, 38.983489339467731 ], [ -94.576739890486991, 38.98423024869323 ], [ -94.57647990350425, 38.984961539971039 ], [ -94.576171229493809, 38.985681208587692 ], [ -94.575814713182368, 38.986387281630037 ], [ -94.575411330535161, 38.987077823396895 ], [ -94.574962186094382, 38.987750940708843 ], [ -94.574468509963708, 38.988404788102471 ], [ -94.573931654447364, 38.989037572893956 ], [ -94.573353090352654, 38.989647560098582 ], [ -94.572734402966006, 38.990233077192407 ], [ -94.572077287713427, 38.990792518703039 ], [ -94.571383545517477, 38.991324350616757 ], [ -94.570655077863009, 38.991827114590031 ], [ -94.569893881585557, 38.992299431953633 ], [ -94.56910204339637, 38.992740007498305 ], [ -94.568281734159456, 38.993147633031725 ], [ -94.567435202935883, 38.993521190696683 ], [ -94.566564770812263, 38.99385965604143 ], [ -94.565672824529898, 38.994162100833755 ], [ -94.564761809932605, 38.994427695610966 ], [ -94.563834225250929, 38.994655711958615 ], [ -94.562892614241463, 38.994845524511916 ], [ -94.561939559200226, 38.994996612673987 ], [ -94.560977673869388, 38.995108562046525 ], [ -94.560009596256819, 38.995181065568609 ], [ -94.559037981388613, 38.995213924360762 ], [ -94.558065494014286, 38.995207048271674 ], [ -94.557094801285231, 38.99516045612625 ], [ -94.556128565426178, 38.995074275674369 ], [ -94.555169436420584, 38.994948743240137 ], [ -94.554220044729576, 38.994784203072903 ], [ -94.553282994065029, 38.994581106401952 ], [ -94.552360854236511, 38.994340010196957 ], [ -94.551456154092136, 38.99406157563822 ], [ -94.550571374572598, 38.99374656630048 ], [ -94.549708941897663, 38.993395846055641 ], [ -94.548871220904019, 38.993010376699942 ], [ -94.548060508552823, 38.992591215312267 ], [ -94.547279027624839, 38.99213951135097 ], [ -94.546528920620531, 38.991656503496998 ], [ -94.54581224388204, 38.991143516252343 ], [ -94.545130961953021, 38.990601956302946 ], [ -94.544486942191909, 38.990033308656152 ], [ -94.543881949653638, 38.989439132563639 ], [ -94.543317642253413, 38.988821057240621 ], [ -94.542795566226104, 38.988180777393545 ], [ -94.542317151893528, 38.987520048568399 ], [ -94.541883709751261, 38.986840682332421 ], [ -94.541496426885388, 38.986144541302735 ], [ -94.541156363729343, 38.985433534035209 ], [ -94.540864451169071, 38.984709609788105 ], [ -94.540621488004831, 38.98397475317438 ], [ -94.540428138776093, 38.983230978717827 ], [ -94.540284931955512, 38.982480325327863 ], [ -94.540192258516655, 38.981724850707757 ], [ -94.540150370879417, 38.980966625712554 ] ] ] } },
{ "type": "Feature", "properties": { }, "geometry": { "type": "Polygon", "coordinates": [ [ [ -94.5145509412162, 38.901202136167868 ], [ -94.514560243423659, 38.900443225821739 ], [ -94.514620361104463, 38.899685735864878 ], [ -94.514731127865133, 38.898931742479419 ], [ -94.514892238512175, 38.898183312198448 ], [ -94.515103249906062, 38.897442496243116 ], [ -94.51536358219272, 38.896711324902185 ], [ -94.515672520409154, 38.895991801969828 ], [ -94.516029216458605, 38.895285899256535 ], [ -94.516432691449438, 38.894595551188466 ], [ -94.516881838391626, 38.893922649509697 ], [ -94.517375425242761, 38.893269038102019 ], [ -94.517912098295582, 38.892636507936508 ], [ -94.518490385897337, 38.89202679217027 ], [ -94.51910870249084, 38.891441561402345 ], [ -94.519765352965834, 38.890882419100969 ], [ -94.520458537309068, 38.890350897215455 ], [ -94.521186355539953, 38.889848451983823 ], [ -94.521946812918301, 38.889376459948352 ], [ -94.522737825410104, 38.888936214189329 ], [ -94.523557225396075, 38.888528920787635 ], [ -94.524402767607597, 38.888155695525491 ], [ -94.525272135273681, 38.88781756083452 ], [ -94.52616294646235, 38.887515442999444 ], [ -94.527072760598969, 38.887250169624821 ], [ -94.527999085143861, 38.887022467371935 ], [ -94.52893938241121, 38.886832959971784 ], [ -94.529891076510211, 38.886682166519662 ], [ -94.530851560390261, 38.88657050005606 ], [ -94.531818202970371, 38.886498266437478 ], [ -94.532788356334166, 38.886465663500445 ], [ -94.533759362970059, 38.886472780520926 ], [ -94.534728563037859, 38.886519597970576 ], [ -94.535693301641373, 38.886605987570462 ], [ -94.536650936087682, 38.886731712642202 ], [ -94.537598843113116, 38.886896428755499 ], [ -94.538534426056614, 38.887099684670275 ], [ -94.539455121960657, 38.887340923570989 ], [ -94.540358408580758, 38.887619484589436 ], [ -94.541241811284323, 38.887934604612525 ], [ -94.542102909820102, 38.888285420369364 ], [ -94.542939344940024, 38.888670970792525 ], [ -94.543748824855172, 38.889090199646873 ], [ -94.544529131508341, 38.889541958418789 ], [ -94.545278126646338, 38.890025009458022 ], [ -94.545993757675049, 38.890538029363562 ], [ -94.546674063281685, 38.89107961260428 ], [ -94.547317178808598, 38.891648275364695 ], [ -94.547921341363946, 38.892242459605043 ], [ -94.548484894655445, 38.892860537325006 ], [ -94.549006293533694, 38.893500815019109 ], [ -94.549484108232576, 38.894161538311913 ], [ -94.549917028295283, 38.89484089676035 ], [ -94.550303866174943, 38.895537028809841 ], [ -94.550643560499879, 38.896248026891087 ], [ -94.550935178994521, 38.896971942643262 ], [ -94.551177921047852, 38.897706792249544 ], [ -94.551371119922081, 38.89845056187049 ], [ -94.551514244595396, 38.899201213160055 ], [ -94.551606901233683, 38.899956688849613 ], [ -94.551648834286851, 38.900714918384395 ], [ -94.551639927206594, 38.901473823597129 ], [ -94.551580202783526, 38.902231324403104 ], [ -94.551469823102536, 38.902985344501317 ], [ -94.55130908911616, 38.903733817066019 ], [ -94.551098439837176, 38.904474690412776 ], [ -94.550838451152259, 38.905205933624053 ], [ -94.550529834259791, 38.90592554211824 ], [ -94.550173433736092, 38.906631543147412 ], [ -94.549770225234909, 38.907322001208257 ], [ -94.549321312826578, 38.907995023351567 ], [ -94.5488279259839, 38.908648764375734 ], [ -94.54829141622281, 38.909281431889603 ], [ -94.547713253406968, 38.909891291231183 ], [ -94.547095021726435, 38.910476670228462 ], [ -94.546438415361081, 38.911035963789132 ], [ -94.545745233840918, 38.911567638306664 ], [ -94.545017377115613, 38.912070235870772 ], [ -94.54425684034706, 38.912542378270182 ], [ -94.543465708439129, 38.912982770777191 ], [ -94.542646150319413, 38.913390205703124 ], [ -94.541800412989119, 38.913763565715186 ], [ -94.540930815356958, 38.914101826905394 ], [ -94.54003974187448, 38.914404061603101 ], [ -94.539129635990093, 38.91466944092334 ], [ -94.538202993439853, 38.91489723704408 ], [ -94.537262355393779, 38.915086825205933 ], [ -94.536310301476291, 38.915237685428679 ], [ -94.535349442680257, 38.91534940394034 ], [ -94.534382414194269, 38.915421674314132 ], [ -94.533411868162844, 38.915454298310834 ], [ -94.532440466399663, 38.915447186423755 ], [ -94.531470873074056, 38.915400358124991 ], [ -94.530505747390791, 38.91531394181235 ], [ -94.52954773628376, 38.915188174456866 ], [ -94.52859946714338, 38.915023400952109 ], [ -94.527663540598112, 38.914820073166965 ], [ -94.526742523370061, 38.914578748704422 ], [ -94.525838941224208, 38.914300089370073 ], [ -94.524955272031008, 38.913984859354194 ], [ -94.5240939389614, 38.913633923132792 ], [ -94.523257303833034, 38.913248243093108 ], [ -94.522447660626227, 38.912828876890401 ], [ -94.521667229187173, 38.912376974543129 ], [ -94.520918149136307, 38.911893775274535 ], [ -94.520202473998012, 38.911380604109702 ], [ -94.519522165568375, 38.910838868236951 ], [ -94.518879088535982, 38.910270053144068 ], [ -94.518275005370896, 38.909675718539788 ], [ -94.517711571495582, 38.90905749407186 ], [ -94.51719033075112, 38.908417074853539 ], [ -94.516712711171053, 38.907756216810817 ], [ -94.516280021074436, 38.907076731863164 ], [ -94.515893445488601, 38.906380482951064 ], [ -94.515554042911447, 38.905669378924223 ], [ -94.515262742422095, 38.904945369304208 ], [ -94.515020341147448, 38.904210438936254 ], [ -94.514827502091663, 38.903466602544682 ], [ -94.51468475233429, 38.902715899207081 ], [ -94.514592481601795, 38.901960386762333 ], [ -94.5145509412162, 38.901202136167868 ] ] ] } },
{ "type": "Feature", "properties": { }, "geometry": { "type": "Polygon", "coordinates": [ [ [ -94.54286753359041, 39.068297521257612 ], [ -94.542876495945023, 39.067538635350893 ], [ -94.542936393691519, 39.06678115503064 ], [ -94.543047061025618, 39.066027156453124 ], [ -94.543208193012759, 39.065278706165756 ], [ -94.54341934644151, 39.06453785544425 ], [ -94.543679941055416, 39.063806634671977 ], [ -94.543989261159879, 39.063087047777493 ], [ -94.54434645759946, 39.062381066745189 ], [ -94.544750550099792, 39.061690626214002 ], [ -94.54520042996792, 39.061017618179285 ], [ -94.545694863143225, 39.060363886811857 ], [ -94.546232493590452, 39.059731223408789 ], [ -94.546811847025651, 39.059121361489346 ], [ -94.547431334964358, 39.05853597204981 ], [ -94.548089259081308, 39.057976658989915 ], [ -94.548783815869143, 39.057444954723294 ], [ -94.549513101583727, 39.056942315984152 ], [ -94.550275117462334, 39.056470119841315 ], [ -94.551067775200323, 39.056029659930637 ], [ -94.551888902671436, 39.055622142916114 ], [ -94.552736249876048, 39.055248685189056 ], [ -94.553607495101076, 39.054910309814531 ], [ -94.554500251274831, 39.054607943733423 ], [ -94.555412072499351, 39.054342415227246 ], [ -94.556340460742618, 39.054114451653405 ], [ -94.557282872672204, 39.053924677456202 ], [ -94.558236726612066, 39.05377361245953 ], [ -94.559199409603195, 39.05366167044577 ], [ -94.560168284549405, 39.053589158024643 ], [ -94.561140697428357, 39.053556273795216 ], [ -94.562113984548589, 39.053563107803114 ], [ -94.563085479832765, 39.05360964129477 ], [ -94.564052522107289, 39.053695746769066 ], [ -94.565012462378618, 39.053821188326246 ], [ -94.565962671076392, 39.053985622313384 ], [ -94.566900545243882, 39.054188598264389 ], [ -94.567823515656059, 39.054429560132121 ], [ -94.568729053846127, 39.054707847809219 ], [ -94.569614679021285, 39.055022698933598 ], [ -94.570477964849033, 39.055373250973581 ], [ -94.571316546095431, 39.055758543587054 ], [ -94.572128125097436, 39.056177521248323 ], [ -94.572910478051497, 39.05662903613532 ], [ -94.573661461101494, 39.057111851269568 ], [ -94.574379016209093, 39.057624643900127 ], [ -94.575061176790896, 39.058166009122466 ], [ -94.575706073106659, 39.058734463722431 ], [ -94.576311937383821, 39.059328450234659 ], [ -94.57687710866476, 39.059946341204622 ], [ -94.577400037362708, 39.060586443642613 ], [ -94.577879289514527, 39.061247003657378 ], [ -94.578313550718207, 39.061926211257052 ], [ -94.578701629744387, 39.062622205304152 ], [ -94.579042461811724, 39.063333078611059 ], [ -94.579335111517338, 39.064056883162095 ], [ -94.579578775413765, 39.064791635448259 ], [ -94.579772784225682, 39.065535321899503 ], [ -94.579916604699676, 39.066285904400104 ], [ -94.580009841082159, 39.067041325872076 ], [ -94.580052236221121, 39.067799515910913 ], [ -94.580043672288426, 39.068558396458918 ], [ -94.579984171120643, 39.069315887499918 ], [ -94.579873894177055, 39.070069912760218 ], [ -94.579713142115054, 39.070818405400026 ], [ -94.5795023539835, 39.071559313679622 ], [ -94.579242106036574, 39.072290606585007 ], [ -94.578933110170723, 39.073010279397344 ], [ -94.578576211988988, 39.073716359190911 ], [ -94.578172388497919, 39.074406910244676 ], [ -94.577722745443154, 39.075080039352414 ], [ -94.57722851429078, 39.075733901016804 ], [ -94.5766910488626, 39.076366702513212 ], [ -94.576111821634612, 39.076976708809397 ], [ -94.575492419708482, 39.077562247327229 ], [ -94.574834540467137, 39.078121712533687 ], [ -94.574139986926284, 39.078653570348131 ], [ -94.573410662794416, 39.079156362354105 ], [ -94.572648567255243, 39.079628709803536 ], [ -94.571855789486136, 39.080069317402831 ], [ -94.571034502928455, 39.080476976869882 ], [ -94.570186959324801, 39.080850570252643 ], [ -94.569315482540034, 39.081189072999749 ], [ -94.568422462182895, 39.081491556774843 ], [ -94.567510347045769, 39.081757192006883 ], [ -94.566581638380853, 39.081985250169168 ], [ -94.565638883031156, 39.082175105781118 ], [ -94.564684666435355, 39.082326238126761 ], [ -94.563721605525743, 39.082438232685853 ], [ -94.562752341539081, 39.082510782272969 ], [ -94.561779532760141, 39.082543687881888 ], [ -94.560805847217907, 39.082536859232718 ], [ -94.559833955354932, 39.082490315020294 ], [ -94.558866522689812, 39.082404182863229 ], [ -94.557906202493299, 39.082278698953601 ], [ -94.556955628498287, 39.082114207408331 ], [ -94.556017407663774, 39.081911159324193 ], [ -94.555094113012956, 39.081670111538592 ], [ -94.554188276565043, 39.081391725100232 ], [ -94.553302382380622, 39.08107676345324 ], [ -94.552438859739524, 39.080726090340214 ], [ -94.551600076470237, 39.080340667429752 ], [ -94.550788332449244, 39.079921551675135 ], [ -94.550005853288042, 39.079469892411389 ], [ -94.549254784225539, 39.078986928198823 ], [ -94.548537184242392, 39.078473983421723 ], [ -94.547855020413692, 39.077932464651539 ], [ -94.547210162515285, 39.07736385678475 ], [ -94.54660437789876, 39.076769718965949 ], [ -94.546039326648994, 39.076151680307376 ], [ -94.545516557037686, 39.075511435416878 ], [ -94.545037501284938, 39.074850739746431 ], [ -94.544603471640997, 39.074171404774177 ], [ -94.544215656798215, 39.073475293033113 ], [ -94.54387511864347, 39.07276431300037 ], [ -94.543582789359505, 39.072040413860897 ], [ -94.543339468883133, 39.071305580160043 ], [ -94.543145822727112, 39.070561826359842 ], [ -94.543002380171529, 39.069811191313903 ], [ -94.542909532829427, 39.069055732675942 ], [ -94.54286753359041, 39.068297521257612 ] ] ] } },
{ "type": "Feature", "properties": { }, "geometry": { "type": "Polygon", "coordinates": [ [ [ -94.518317403657051, 39.106053804150903 ], [ -94.518326620795193, 39.105294919559675 ], [ -94.518386800375808, 39.104537450744488 ], [ -94.518497775819242, 39.103783473829104 ], [ -94.518659241343741, 39.103035055300538 ], [ -94.518870752821243, 39.102294246346347 ], [ -94.519131729011761, 39.101563077234282 ], [ -94.519441453172945, 39.100843551750089 ], [ -94.519799075040297, 39.100137641708656 ], [ -94.520203613172171, 39.099447281553118 ], [ -94.520653957653252, 39.098774363057309 ], [ -94.52114887314896, 39.098120730145432 ], [ -94.521687002301832, 39.097488173843502 ], [ -94.522266869461191, 39.096878427376112 ], [ -94.522886884735044, 39.096293161422054 ], [ -94.52354534835365, 39.095733979541556 ], [ -94.524240455332091, 39.095202413787767 ], [ -94.524970300419852, 39.094699920514408 ], [ -94.525732883322846, 39.094227876390846 ], [ -94.526526114184421, 39.093787574635613 ], [ -94.527347819309867, 39.093380221478689 ], [ -94.528195747118943, 39.093006932861833 ], [ -94.529067574310062, 39.092668731386347 ], [ -94.529960912219451, 39.092366543516249 ], [ -94.530873313357887, 39.092101197044606 ], [ -94.531802278107165, 39.091873418829941 ], [ -94.532745261558105, 39.091683832808677 ], [ -94.533699680471571, 39.091532958289349 ], [ -94.534662920343507, 39.09142120853268 ], [ -94.535632342554692, 39.091348889621997 ], [ -94.536605291586113, 39.091316199626654 ], [ -94.537579102279963, 39.091323228060666 ], [ -94.538551107126906, 39.091369955638505 ], [ -94.539518643559546, 39.091456254327952 ], [ -94.540479061232531, 39.091581887700748 ], [ -94.541429729269453, 39.091746511579309 ], [ -94.542368043456705, 39.09194967497821 ], [ -94.543291433365056, 39.092190821337681 ], [ -94.544197369379489, 39.092469290045919 ], [ -94.545083369618027, 39.092784318245876 ], [ -94.545947006721008, 39.093135042921716 ], [ -94.546785914492219, 39.093520503259342 ], [ -94.547597794373814, 39.093939643274517 ], [ -94.548380421737349, 39.094391314701305 ], [ -94.549131651974065, 39.094874280133233 ], [ -94.549849426367189, 39.095387216408419 ], [ -94.550531777731052, 39.095928718229516 ], [ -94.551176835800902, 39.096497302008828 ], [ -94.551782832358995, 39.097091409927678 ], [ -94.552348106082903, 39.097709414199393 ], [ -94.552871107102675, 39.09834962152425 ], [ -94.553350401254249, 39.099010277723927 ], [ -94.553784674017635, 39.099689572543227 ], [ -94.55417273412867, 39.100385644605737 ], [ -94.554513516854698, 39.101096586510053 ], [ -94.554806086924685, 39.101820450052379 ], [ -94.555049641106123, 39.102555251561839 ], [ -94.555243510420908, 39.10329897733309 ], [ -94.555387161994545, 39.1040495891422 ], [ -94.555480200532998, 39.104805029830281 ], [ -94.555522369423201, 39.105563228939438 ], [ -94.555513551453956, 39.106322108386365 ], [ -94.555453769155051, 39.107079588156999 ], [ -94.555343184753426, 39.107833592007587 ], [ -94.555182099746503, 39.108582053155963 ], [ -94.554970954093307, 39.109322919947637 ], [ -94.554710325025795, 39.110054161481216 ], [ -94.554400925483165, 39.110773773177414 ], [ -94.554043602173309, 39.111479782276859 ], [ -94.55363933326683, 39.112170253251065 ], [ -94.553189225729326, 39.112843293112086 ], [ -94.552694512299411, 39.113497056605972 ], [ -94.552156548120664, 39.114129751276081 ], [ -94.551576807036255, 39.114739642381785 ], [ -94.550956877556871, 39.115325057659618 ], [ -94.550298458512287, 39.11588439191334 ], [ -94.549603354399039, 39.116416111420328 ], [ -94.548873470436263, 39.116918758142369 ], [ -94.54811080734396, 39.117390953728844 ], [ -94.547317455857367, 39.117831403301771 ], [ -94.546495590992762, 39.118238899011651 ], [ -94.545647466080553, 39.11861232335486 ], [ -94.544775406581806, 39.118950652243072 ], [ -94.543881803705474, 39.119252957816329 ], [ -94.542969107843874, 39.119518410991944 ], [ -94.542039821844227, 39.11974628374233 ], [ -94.541096494135402, 39.119935951095314 ], [ -94.540141711728296, 39.120086892851297 ], [ -94.539178093109513, 39.120198695012874 ], [ -94.538208281047858, 39.120271050922547 ], [ -94.537234935333643, 39.120303762105621 ], [ -94.536260725470811, 39.120296738815917 ], [ -94.535288323342101, 39.120250000282638 ], [ -94.534320395867596, 39.120163674657995 ], [ -94.533359597676949, 39.12003799866536 ], [ -94.532408563815665, 39.119873316949295 ], [ -94.531469902505378, 39.119670081128895 ], [ -94.530546187978445, 39.119428848557362 ], [ -94.529639953406516, 39.119150280791096 ], [ -94.528753683942597, 39.11883514177245 ], [ -94.527889809896052, 39.118484295731385 ], [ -94.527050700059092, 39.118098704811707 ], [ -94.526238655203429, 39.117679426428353 ], [ -94.525455901765, 39.117227610363244 ], [ -94.524704585733886, 39.116744495607513 ], [ -94.523986766766825, 39.116231406959137 ], [ -94.523304412537826, 39.115689751384807 ], [ -94.522659393343062, 39.11512101415682 ], [ -94.522053476974349, 39.114526754775063 ], [ -94.521488323875516, 39.113908602685662 ], [ -94.52096548259496, 39.113268252807877 ], [ -94.520486385546562, 39.112607460881868 ], [ -94.520052345090846, 39.11192803864985 ], [ -94.519664549946725, 39.111231848884216 ], [ -94.519324061943863, 39.110520800275971 ], [ -94.519031813124215, 39.109796842197923 ], [ -94.518788603200633, 39.109061959356765 ], [ -94.518595097379432, 39.10831816634888 ], [ -94.518451824552585, 39.10756750213487 ], [ -94.518359175864532, 39.106812024447812 ], [ -94.518317403657051, 39.106053804150903 ] ] ] } },
{ "type": "Feature", "properties": { }, "geometry": { "type": "Polygon", "coordinates": [ [ [ -94.514060762901934, 39.055022859536734 ], [ -94.514070036821096, 39.05426396808538 ], [ -94.514130236410011, 39.053506495010623 ], [ -94.514241195038338, 39.052752516447903 ], [ -94.514402606974556, 39.052004098888858 ], [ -94.514614028241482, 39.051263293518645 ], [ -94.514874877850303, 39.050532130595492 ], [ -94.515184439409339, 39.049812613888705 ], [ -94.515541863103266, 39.049106715189659 ], [ -94.515946168036891, 39.048416368911091 ], [ -94.516396244937056, 39.047743466789541 ], [ -94.516890859205205, 39.047089852705206 ], [ -94.517428654311828, 39.046457317633433 ], [ -94.518008155523759, 39.045847594741595 ], [ -94.518627773953583, 39.045262354644954 ], [ -94.519285810920337, 39.044703200833951 ], [ -94.519980462609297, 39.044171665285937 ], [ -94.520709825018031, 39.04366920427298 ], [ -94.521471899175296, 39.043197194377164 ], [ -94.522264596618243, 39.042756928724408 ], [ -94.523085745113207, 39.04234961344681 ], [ -94.523933094604146, 39.041976364383459 ], [ -94.524804323372763, 39.04163820402826 ], [ -94.525697044393269, 39.041336058733556 ], [ -94.526608811864733, 39.041070756176659 ], [ -94.527537127902832, 39.040843023096564 ], [ -94.528479449373265, 39.040653483306819 ], [ -94.529433194847883, 39.04050265598984 ], [ -94.530395751664756, 39.040390954277612 ], [ -94.531364483073048, 39.040318684122276 ], [ -94.532336735443138, 39.040286043459858 ], [ -94.533309845522652, 39.040293121669443 ], [ -94.534281147718417, 39.040339899329162 ], [ -94.535247981384828, 39.040426248269576 ], [ -94.536207698098636, 39.040551931924533 ], [ -94.53715766890069, 39.040716605978439 ], [ -94.538095291484552, 39.040919819307952 ], [ -94.539017997312939, 39.041161015216012 ], [ -94.539923258642304, 39.041439532954442 ], [ -94.540808595436687, 39.041754609531097 ], [ -94.541671582151949, 39.042105381796773 ], [ -94.542509854371858, 39.042490888806114 ], [ -94.543321115278275, 39.042910074446013 ], [ -94.544103141937455, 39.043361790324475 ], [ -94.54485379138552, 39.043844798912126 ], [ -94.545571006496559, 39.044357776927704 ], [ -94.546252821617131, 39.044899318958358 ], [ -94.546897367952027, 39.045467941304992 ], [ -94.547502878686331, 39.04606208604207 ], [ -94.548067693829822, 39.046680125280851 ], [ -94.548590264770525, 39.047320365624643 ], [ -94.549069158524645, 39.047981052803507 ], [ -94.54950306167153, 39.048660376476278 ], [ -94.54989078396234, 39.049356475186464 ], [ -94.550231261592899, 39.050067441458644 ], [ -94.550523560131396, 39.050791327021443 ], [ -94.550766877092727, 39.051526148142749 ], [ -94.550960544152488, 39.052269891062863 ], [ -94.551104028994246, 39.053020517510205 ], [ -94.551196936784805, 39.053775970285287 ], [ -94.551239011273495, 39.054534178896773 ], [ -94.551230135511986, 39.055293065235006 ], [ -94.551170332192598, 39.056050549266935 ], [ -94.551059763604059, 39.056804554737099 ], [ -94.550898731204555, 39.057553014859046 ], [ -94.550687674812977, 39.058293877981299 ], [ -94.550427171420495, 39.059025113212861 ], [ -94.550117933625529, 39.059744715992224 ], [ -94.549760807696245, 39.060450713584991 ], [ -94.549356771265423, 39.061141170494906 ], [ -94.548906930664458, 39.061814193773344 ], [ -94.54841251790296, 39.06246793821267 ], [ -94.547874887302683, 39.063100611409368 ], [ -94.547295511794445, 39.063710478682701 ], [ -94.546675978888388, 39.064295867835561 ], [ -94.546017986328494, 39.064855173744419 ], [ -94.545323337442952, 39.065386862765486 ], [ -94.544593936203455, 39.065889476945237 ], [ -94.543831782006706, 39.066361638023444 ], [ -94.543038964192448, 39.066802051217806 ], [ -94.542217656313213, 39.067209508779726 ], [ -94.541370110171229, 39.067582893311233 ], [ -94.540498649639389, 39.067921180834176 ], [ -94.539605664282718, 39.068223443602946 ], [ -94.538693602798247, 39.068488852653182 ], [ -94.53776496629159, 39.068716680079085 ], [ -94.536822301408165, 39.068906301033486 ], [ -94.535868193338615, 39.069057195444671 ], [ -94.534905258717544, 39.069168949445547 ], [ -94.533936138435109, 39.069241256511141 ], [ -94.532963490381476, 39.069273918300986 ], [ -94.531989982144239, 39.069266845204538 ], [ -94.53101828367889, 39.069220056587639 ], [ -94.530051059972621, 39.069133680739775 ], [ -94.529090963722027, 39.069007954521901 ], [ -94.528140628044582, 39.068843222715948 ], [ -94.527202659244367, 39.068639937077997 ], [ -94.526279629651853, 39.068398655097326 ], [ -94.525374070557845, 39.068120038465189 ], [ -94.52448846526066, 39.067804851257158 ], [ -94.523625242246226, 39.067453957834573 ], [ -94.522786768519708, 39.067068320470213 ], [ -94.521975343106988, 39.066648996705382 ], [ -94.521193190744199, 39.06619713644541 ], [ -94.520442455772411, 39.065713978801519 ], [ -94.519725196254598, 39.0652008486881 ], [ -94.519043378330693, 39.064659153184365 ], [ -94.518398870826616, 39.064090377670951 ], [ -94.517793440131882, 39.063496081751502 ], [ -94.517228745359745, 39.062877894971109 ], [ -94.516706333803384, 39.062237512343017 ], [ -94.516227636700307, 39.061576689696025 ], [ -94.515793965316689, 39.060897238855524 ], [ -94.515406507362059, 39.060201022671279 ], [ -94.515066323744492, 39.059489949905796 ], [ -94.514774345674539, 39.058765969997204 ], [ -94.514531372126157, 39.058031067711269 ], [ -94.514338067661271, 39.05728725769697 ], [ -94.514194960623655, 39.056536578960966 ], [ -94.51410244170718, 39.055781089275648 ], [ -94.514060762901934, 39.055022859536734 ] ] ] } },
{ "type": "Feature", "properties": { }, "geometry": { "type": "Polygon", "coordinates": [ [ [ -94.537499373599942, 39.099196828590138 ], [ -94.537508386474101, 39.098437945749396 ], [ -94.53756835696305, 39.09768047038957 ], [ -94.537679119060641, 39.096926478653039 ], [ -94.537840367570212, 39.096178037068135 ], [ -94.538051658958636, 39.095437196886301 ], [ -94.538312412589221, 39.09470598846157 ], [ -94.538621912329475, 39.0939864156881 ], [ -94.538979308529761, 39.093280450511017 ], [ -94.539383620366578, 39.092590027525219 ], [ -94.539833738544331, 39.091917038677281 ], [ -94.540328428348047, 39.091263328084764 ], [ -94.540866333038096, 39.090630686987069 ], [ -94.541445977578149, 39.09002084884164 ], [ -94.542065772685419, 39.089435484578878 ], [ -94.542724019192505, 39.088876198028757 ], [ -94.543418912708503, 39.08834452153156 ], [ -94.544148548566696, 39.087841911744682 ], [ -94.544910927045208, 39.087369745656886 ], [ -94.545703958846431, 39.08692931682107 ], [ -94.54652547081993, 39.086521831815432 ], [ -94.547373211913524, 39.086148406942968 ], [ -94.548244859336066, 39.085810065178265 ], [ -94.549138024915223, 39.085507733369553 ], [ -94.550050261632833, 39.085242239704115 ], [ -94.550979070320125, 39.08501431144348 ], [ -94.551921906494528, 39.084824572934913 ], [ -94.552876187319484, 39.084673543904373 ], [ -94.553839298668393, 39.084561638035517 ], [ -94.554808602273454, 39.084489161838995 ], [ -94.555781442939917, 39.084456313814613 ], [ -94.556755155806329, 39.084463183908895 ], [ -94.557727073630943, 39.084509753269607 ], [ -94.558694534084452, 39.084595894297529 ], [ -94.559654887029495, 39.084721370995815 ], [ -94.560605501766887, 39.084885839615666 ], [ -94.561543774229108, 39.085088849596481 ], [ -94.562467134101468, 39.085329844798387 ], [ -94.563373051851499, 39.085608165023224 ], [ -94.564259045647688, 39.085923047820337 ], [ -94.565122688148577, 39.086273630571839 ], [ -94.565961613143841, 39.086658952852162 ], [ -94.566773522029152, 39.087077959054973 ], [ -94.56755619009752, 39.087529501280706 ], [ -94.568307472629527, 39.088012342476659 ], [ -94.569025310766207, 39.088525159821174 ], [ -94.569707737148292, 39.089066548342721 ], [ -94.570352881306633, 39.08963502476395 ], [ -94.570958974788809, 39.090229031560355 ], [ -94.571524356008013, 39.090846941222487 ], [ -94.572047474800996, 39.091487060709973 ], [ -94.572526896682248, 39.092147636085357 ], [ -94.572961306783, 39.092826857315238 ], [ -94.573349513463953, 39.093522863225168 ], [ -94.573690451591986, 39.094233746595378 ], [ -94.573983185471391, 39.094957559382962 ], [ -94.574226911421803, 39.095692318056571 ], [ -94.574420959995393, 39.096436009028835 ], [ -94.574564797827378, 39.097186594171738 ], [ -94.574658029114048, 39.097942016400047 ], [ -94.57470039671486, 39.098700205307168 ], [ -94.574691782874638, 39.099459082838344 ], [ -94.5746322095642, 39.100216568985509 ], [ -94.57452183843813, 39.100970587488064 ], [ -94.574360970409529, 39.101719071524421 ], [ -94.574150044842881, 39.102459969378032 ], [ -94.573889638366907, 39.10319125006302 ], [ -94.57358046331052, 39.103910908893496 ], [ -94.573223365766125, 39.104616972981511 ], [ -94.57281932328506, 39.105307506648465 ], [ -94.57236944221178, 39.105980616735138 ], [ -94.571874954663542, 39.106634457795636 ], [ -94.571337215163979, 39.107267237161146 ], [ -94.57075769693958, 39.107877219859319 ], [ -94.570137987889169, 39.10846273337603 ], [ -94.569479786237295, 39.109022172246 ], [ -94.568784895883439, 39.109554002460129 ], [ -94.568055221459659, 39.110056765676887 ], [ -94.567292763110345, 39.110529083226439 ], [ -94.566499611008211, 39.110969659896512 ], [ -94.565677939621722, 39.111377287489162 ], [ -94.564830001749627, 39.111750848139181 ], [ -94.563958122339017, 39.112089317384395 ], [ -94.563064692103907, 39.112391766979847 ], [ -94.562152160962114, 39.112657367447788 ], [ -94.561223031308188, 39.112885390356482 ], [ -94.560279851141274, 39.113075210321732 ], [ -94.559325207066763, 39.113226306725132 ], [ -94.558361717191104, 39.113338265144819 ], [ -94.557392023929324, 39.113410778494419 ], [ -94.55641878674534, 39.113443647867072 ], [ -94.555444674844907, 39.113436783082335 ], [ -94.554472359841725, 39.113390202934305 ], [ -94.553504508416623, 39.113304035140359 ], [ -94.552543774990539, 39.113178515990597 ], [ -94.551592794431315, 39.113013989698956 ], [ -94.550654174814468, 39.11281090745787 ], [ -94.549730490258199, 39.112569826198914 ], [ -94.548824273852276, 39.112291407063125 ], [ -94.547938010700349, 39.111976413584848 ], [ -94.547074131094988, 39.111625709594591 ], [ -94.546235003844302, 39.111240256846266 ], [ -94.545422929768563, 39.110821112375625 ], [ -94.544640135384611, 39.110369425597128 ], [ -94.543888766795803, 39.109886435147232 ], [ -94.543170883803981, 39.109373465482861 ], [ -94.542488454259825, 39.108831923244381 ], [ -94.541843348667143, 39.108263293393286 ], [ -94.54123733505584, 39.107669135135104 ], [ -94.540672074137603, 39.107051077638737 ], [ -94.540149114757654, 39.106410815564274 ], [ -94.539669889654945, 39.105750104411335 ], [ -94.539235711542304, 39.105070755700979 ], [ -94.538847769517304, 39.104374632004316 ], [ -94.538507125813425, 39.103663641831652 ], [ -94.53821471290064, 39.102939734395996 ], [ -94.537971330942725, 39.102204894265725 ], [ -94.537777645618633, 39.101461135920644 ], [ -94.53763418631334, 39.10071049822691 ], [ -94.537541344683305, 39.099955038845515 ], [ -94.537499373599942, 39.099196828590138 ] ] ] } },
{ "type": "Feature", "properties": { }, "geometry": { "type": "Polygon", "coordinates": [ [ [ -94.575221621079351, 39.053812601012304 ], [ -94.575230240237289, 39.053053717940742 ], [ -94.575289784544466, 39.052296226523254 ], [ -94.57540008916628, 39.051542202947694 ], [ -94.575560850163058, 39.050793713831204 ], [ -94.575771625340707, 39.050052810557084 ], [ -94.576031835479768, 39.049321523653916 ], [ -94.576340765939477, 39.048601857232697 ], [ -94.576697568632056, 39.047895783496855 ], [ -94.577101264361929, 39.047205237340549 ], [ -94.577550745522899, 39.046532111049601 ], [ -94.578044779146182, 39.045878249119923 ], [ -94.578582010290489, 39.045245443207271 ], [ -94.579160965764927, 39.044635427222268 ], [ -94.579780058174237, 39.044049872584161 ], [ -94.580437590275494, 39.043490383646002 ], [ -94.581131759633891, 39.042958493303964 ], [ -94.581860663565209, 39.042455658802552 ], [ -94.582622304350977, 39.041983257747383 ], [ -94.583414594712366, 39.041542584336014 ], [ -94.584235363527796, 39.041134845817595 ], [ -94.585082361778333, 39.040761159190374 ], [ -94.585953268705012, 39.040422548146559 ], [ -94.586845698161014, 39.040119940272504 ], [ -94.587757205141614, 39.039854164511986 ], [ -94.588685292473826, 39.039625948899463 ], [ -94.589627417647861, 39.039435918569303 ], [ -94.590580999771632, 39.039284594046613 ], [ -94.591543426629272, 39.039172389824245 ], [ -94.592512061824863, 39.039099613229574 ], [ -94.593484251991612, 39.039066463584696 ], [ -94.594457334047149, 39.03907303166163 ], [ -94.595428642475042, 39.039119299434581 ], [ -94.596395516612887, 39.039205140129539 ], [ -94.597355307927273, 39.039330318571331 ], [ -94.598305387255664, 39.039494491827021 ], [ -94.599243151995651, 39.039697210143991 ], [ -94.600166033222152, 39.039937918180094 ], [ -94.601071502713111, 39.040215956522601 ], [ -94.601957079864519, 39.040530563491785 ], [ -94.602820338476235, 39.040880877224154 ], [ -94.603658913389893, 39.041265938029873 ], [ -94.604470506960979, 39.041684691017757 ], [ -94.605252895347419, 39.042135988980803 ], [ -94.606003934597567, 39.042618595534449 ], [ -94.606721566520818, 39.043131188498876 ], [ -94.607403824325161, 39.043672363516464 ], [ -94.608048838005871, 39.044240637894006 ], [ -94.608654839470901, 39.04483445465997 ], [ -94.609220167388841, 39.045452186824988 ], [ -94.609743271745884, 39.04609214183467 ], [ -94.610222718099834, 39.046752566202045 ], [ -94.610657191518712, 39.047431650307374 ], [ -94.611045500193811, 39.048127533352051 ], [ -94.611386578716704, 39.048838308453178 ], [ -94.611679491011188, 39.049562027864994 ], [ -94.611923432912278, 39.050296708312516 ], [ -94.61211773438464, 39.051040336423476 ], [ -94.61226186137462, 39.051790874242975 ], [ -94.61235541729026, 39.052546264816463 ], [ -94.612398144105299, 39.053304437825197 ], [ -94.612389923083896, 39.054063315259242 ], [ -94.61233077512388, 39.05482081711213 ], [ -94.612220860717386, 39.055574867081674 ], [ -94.612060479528793, 39.056323398261576 ], [ -94.611850069590957, 39.057064358807636 ], [ -94.61159020612169, 39.057795717563813 ], [ -94.61128159996359, 39.058515469631878 ], [ -94.610925095651254, 39.059221641869996 ], [ -94.610521669111222, 39.059912298304873 ], [ -94.610072425000325, 39.060585545442379 ], [ -94.60957859369023, 39.06123953746264 ], [ -94.609041527905589, 39.061872481284567 ], [ -94.608462699025637, 39.062482641486596 ], [ -94.607843693058584, 39.063068345069354 ], [ -94.607186206300284, 39.06362798604799 ], [ -94.606492040688764, 39.06416002986051 ], [ -94.6057630988672, 39.064663017580948 ], [ -94.60500137896922, 39.065135569925019 ], [ -94.604208969140359, 39.065576391037581 ], [ -94.603388041811129, 39.065984272051239 ], [ -94.602540847737188, 39.06635809440656 ], [ -94.601669709822986, 39.066696832924265 ], [ -94.600777016746079, 39.066999558621347 ], [ -94.599865216399479, 39.067265441263146 ], [ -94.59893680917034, 39.067493751644207 ], [ -94.597994341073303, 39.067683863591853 ], [ -94.597040396757635, 39.067835255686717 ], [ -94.59607759240744, 39.067947512695682 ], [ -94.595108568554494, 39.068020326712968 ], [ -94.594135982823815, 39.068053498006513 ], [ -94.593162502631657, 39.068046935567082 ], [ -94.592190797856546, 39.068000657358709 ], [ -94.591223533503296, 39.067914790269761 ], [ -94.590263362380668, 39.067789569764571 ], [ -94.589312917812407, 39.067625339236912 ], [ -94.588374806402598, 39.067422549066926 ], [ -94.587451600874473, 39.067181755383956 ], [ -94.586545833003242, 39.066903618539129 ], [ -94.585659986662009, 39.066588901291368 ], [ -94.584796491000247, 39.066238466712392 ], [ -94.583957713773444, 39.065853275816103 ], [ -94.583145954842735, 39.065434384918916 ], [ -94.582363439861865, 39.064982942738858 ], [ -94.581612314169533, 39.064500187240526 ], [ -94.580894636903381, 39.063987442235607 ], [ -94.580212375352232, 39.063446113747553 ], [ -94.579567399561853, 39.062877686150983 ], [ -94.57896147720912, 39.062283718096133 ], [ -94.578396268758709, 39.061665838229942 ], [ -94.577873322915508, 39.061025740725015 ], [ -94.577394072385005, 39.06036518062956 ], [ -94.57695982995368, 39.059685969050371 ], [ -94.576571784899485, 39.058989968182708 ], [ -94.576230999742592, 39.058279086200301 ], [ -94.575938407345006, 39.057555272019975 ], [ -94.575694808366862, 39.056820509954981 ], [ -94.575500869086355, 39.05607681427184 ], [ -94.575357119588872, 39.05532622366578 ], [ -94.575263952330531, 39.054570795669676 ], [ -94.575221621079351, 39.053812601012304 ] ] ] } },
{ "type": "Feature", "properties": { }, "geometry": { "type": "Polygon", "coordinates": [ [ [ -94.587199551407451, 38.985714138555267 ], [ -94.587208059009257, 38.984955248882471 ], [ -94.587267442930425, 38.984197746658118 ], [ -94.587377538781354, 38.983443708100296 ], [ -94.587538043199842, 38.982695199867926 ], [ -94.587748514700067, 38.981954273397655 ], [ -94.588008374899658, 38.981222959282661 ], [ -94.588316910121392, 38.980503261709664 ], [ -94.588673273364861, 38.979797152968779 ], [ -94.589076486642512, 38.979106568051421 ], [ -94.589525443673693, 38.978433399351118 ], [ -94.590018912928812, 38.977779491481513 ], [ -94.590555541015576, 38.977146636225811 ], [ -94.591133856397533, 38.976536567631484 ], [ -94.591752273434892, 38.975950957263571 ], [ -94.592409096736247, 38.975391409629452 ], [ -94.593102525809371, 38.974859457787744 ], [ -94.593830659998332, 38.974356559153073 ], [ -94.594591503693138, 38.97388409150826 ], [ -94.595382971797846, 38.973443349234842 ], [ -94.596202895442175, 38.973035539771985 ], [ -94.597049027920775, 38.972661780313615 ], [ -94.597919050844297, 38.972323094752646 ], [ -94.598810580485036, 38.972020410880695 ], [ -94.599721174300342, 38.971754557850652 ], [ -94.600648337615553, 38.971526263909446 ], [ -94.601589530448621, 38.971336154406686 ], [ -94.602542174457767, 38.971184750084866 ], [ -94.603503659993095, 38.971072465655716 ], [ -94.604471353233265, 38.970999608666588 ], [ -94.605442603387829, 38.970966378659767 ], [ -94.606414749945301, 38.97097286662725 ], [ -94.6073851299479, 38.971019054762358 ], [ -94.60835108527256, 38.971104816508792 ], [ -94.60930996989903, 38.971229916906978 ], [ -94.61025915714491, 38.971394013237024 ], [ -94.611196046848235, 38.971596655956112 ], [ -94.612118072477955, 38.971837289928153 ], [ -94.61302270815311, 38.972115255942185 ], [ -94.613907475551514, 38.972429792515335 ], [ -94.614769950689407, 38.97278003797566 ], [ -94.61560777055324, 38.973165032818919 ], [ -94.616418639565936, 38.973583722333224 ], [ -94.617200335869867, 38.974034959483937 ], [ -94.617950717409329, 38.974517508051591 ], [ -94.618667727796065, 38.975030046013771 ], [ -94.619349401941804, 38.975571169161952 ], [ -94.619993871442404, 38.976139394943637 ], [ -94.620599369698695, 38.976733166518983 ], [ -94.621164236760421, 38.977350857021122 ], [ -94.621686923879381, 38.977990774008525 ], [ -94.622165997759936, 38.978651164097215 ], [ -94.622600144494456, 38.979330217760314 ], [ -94.622988173173525, 38.980026074281689 ], [ -94.62332901916038, 38.980736826850318 ], [ -94.623621747020849, 38.981460527781465 ], [ -94.623865553100345, 38.982195193850309 ], [ -94.624059767741031, 38.982938811723606 ], [ -94.624203857132557, 38.983689343474282 ], [ -94.624297424791507, 38.984444732164398 ], [ -94.624340212665004, 38.985202907480478 ], [ -94.62433210185543, 38.985961791406567 ], [ -94.624273112964033, 38.986719303918825 ], [ -94.624163406052389, 38.987473368686487 ], [ -94.624003280221388, 38.988221918763408 ], [ -94.623793172808959, 38.988962902254535 ], [ -94.623533658208487, 38.989694287941923 ], [ -94.623225446310713, 38.990414070854698 ], [ -94.622869380573633, 38.991120277767784 ], [ -94.622466435725272, 38.991810972614111 ], [ -94.622017715105343, 38.992484261795767 ], [ -94.621524447653229, 38.993138299379119 ], [ -94.620987984550226, 38.993771292159749 ], [ -94.620409795525177, 38.994381504583465 ], [ -94.619791464833511, 38.994967263509402 ], [ -94.619134686920631, 38.995526962802515 ], [ -94.618441261781413, 38.996059067742607 ], [ -94.61771309002873, 38.996562119237701 ], [ -94.616952167684119, 38.997034737830148 ], [ -94.616160580705227, 38.997475627484626 ], [ -94.615340499264761, 38.997883579147228 ], [ -94.614494171796878, 38.998257474066058 ], [ -94.613623918827287, 38.998596286864057 ], [ -94.612732126604129, 38.9988990883556 ], [ -94.611821240546988, 38.999165048099101 ], [ -94.610893758532342, 38.999393436678453 ], [ -94.609952224033989, 38.999583627707231 ], [ -94.608999219137104, 38.999735099549667 ], [ -94.608037357445525, 38.999847436754258 ], [ -94.607069276901797, 38.999920331195455 ], [ -94.606097632539786, 38.999953582920647 ], [ -94.605125089189997, 38.999947100699863 ], [ -94.604154314157569, 38.999900902276842 ], [ -94.603187969893554, 38.999815114320576 ], [ -94.602228706679554, 38.99968997207781 ], [ -94.601279155345807, 38.999525818726902 ], [ -94.600341920043334, 38.999323104435398 ], [ -94.599419571089641, 38.99908238512355 ], [ -94.598514637908082, 38.998804320937339 ], [ -94.597629602080374, 38.998489674435184 ], [ -94.596766890531271, 38.998139308493471 ], [ -94.59592886886449, 38.997754183936443 ], [ -94.595117834868077, 38.997335356897203 ], [ -94.594336012207279, 38.996883975917079 ], [ -94.593585544322181, 38.996401278791389 ], [ -94.592868488547083, 38.995888589170221 ], [ -94.592186810467481, 38.995347312923634 ], [ -94.59154237853069, 38.994778934281555 ], [ -94.590936958924246, 38.994185011758574 ], [ -94.590372210736788, 38.993567173875405 ], [ -94.589849681414009, 38.992927114688264 ], [ -94.589370802522794, 38.99226658913912 ], [ -94.588936885834357, 38.991587408239006 ], [ -94.588549119737706, 38.990891434098089 ], [ -94.588208565992687, 38.990180574816016 ], [ -94.587916156831625, 38.989456779246723 ], [ -94.587672692417357, 38.988722031651896 ], [ -94.587478838664381, 38.987978346258011 ], [ -94.587335125429064, 38.987227761731894 ], [ -94.587241945073586, 38.98647233558971 ], [ -94.587199551407451, 38.985714138555267 ] ] ] } },
{ "type": "Feature", "properties": { }, "geometry": { "type": "Polygon", "coordinates": [ [ [ -94.585092554021415, 39.05059415668304 ], [ -94.585101068249898, 39.049835274673377 ], [ -94.585160505364172, 39.049077780050666 ], [ -94.585270700823685, 39.048323749011871 ], [ -94.585431350988046, 39.047575248194924 ], [ -94.585642013967032, 39.046834329015589 ], [ -94.585902110848707, 39.046103022046381 ], [ -94.586210927302602, 39.045383331453635 ], [ -94.586567615553321, 39.044677229507371 ], [ -94.586971196718679, 39.043986651179331 ], [ -94.587420563506242, 39.04331348884385 ], [ -94.587914483260363, 39.042659587095855 ], [ -94.588451601351437, 39.042026737700496 ], [ -94.589030444897958, 39.041416674687788 ], [ -94.589649426810965, 39.040831069606057 ], [ -94.59030685014983, 39.040271526946746 ], [ -94.591000912777261, 39.03973957975338 ], [ -94.59172971230096, 39.039236685426381 ], [ -94.592491251287953, 39.038764221735342 ], [ -94.593283442737814, 39.038323483049524 ], [ -94.594104115799368, 39.037915676796935 ], [ -94.594951021715474, 39.037541920161409 ], [ -94.59582183997955, 39.037203237026908 ], [ -94.596714184687173, 39.036900555177269 ], [ -94.597625611065212, 39.036634703758821 ], [ -94.598553622161077, 39.036406411013182 ], [ -94.599495675673325, 39.036216302285901 ], [ -94.600449190905721, 39.036064898316724 ], [ -94.60141155582528, 39.035952613815915 ], [ -94.602380134205376, 39.035879756330644 ], [ -94.603352272834627, 39.035846525404345 ], [ -94.60432530877155, 39.035853012031509 ], [ -94.605296576625861, 39.035899198409219 ], [ -94.6062634158462, 39.035984957986244 ], [ -94.607223177994726, 39.03611005580936 ], [ -94.608173233988751, 39.03627414916626 ], [ -94.609110981289888, 39.03647678852299 ], [ -94.610033851020944, 39.036717418753476 ], [ -94.610939314991498, 39.036995380657928 ], [ -94.611824892612916, 39.037309912765821 ], [ -94.612688157684047, 39.037660153418571 ], [ -94.613526745029191, 39.038045143126389 ], [ -94.614338356970151, 39.038463827192722 ], [ -94.61512076961499, 39.038915058599287 ], [ -94.615871838946063, 39.039397601143747 ], [ -94.616589506690886, 39.039910132821639 ], [ -94.617271805959831, 39.040451249443144 ], [ -94.617916866635184, 39.041019468475106 ], [ -94.61852292049673, 39.041613233097614 ], [ -94.619088306070097, 39.042230916464263 ], [ -94.619611473184136, 39.042870826154456 ], [ -94.620090987225296, 39.043531208805476 ], [ -94.620525533076759, 39.044210254912073 ], [ -94.620913918731972, 39.044906103779915 ], [ -94.621255078572091, 39.04561684862 ], [ -94.62154807629868, 39.046340541769702 ], [ -94.62179210751313, 39.047075200026264 ], [ -94.621986501935908, 39.047818810078489 ], [ -94.622130725259055, 39.048569334021295 ], [ -94.622224380626989, 39.04932471493845 ], [ -94.622267209741253, 39.050082882538028 ], [ -94.622259093585939, 39.050841758825257 ], [ -94.622200052771717, 39.051599263797144 ], [ -94.622090247497226, 39.052353321143336 ], [ -94.621929977127863, 39.053101863937634 ], [ -94.621719679392754, 39.053842840304391 ], [ -94.621459929202189, 39.054574219044525 ], [ -94.621151437088159, 39.055293995205375 ], [ -94.620795047272566, 39.056000195579429 ], [ -94.620391735367861, 39.05669088411652 ], [ -94.619942605716389, 39.057364167234859 ], [ -94.619448888375729, 39.058018199016175 ], [ -94.618911935757751, 39.058651186270687 ], [ -94.618333218931014, 39.05926139345793 ], [ -94.617714323596118, 39.059847147449993 ], [ -94.617056945745134, 39.060406842123918 ], [ -94.616362887016933, 39.06093894277069 ], [ -94.615634049761169, 39.061441990308644 ], [ -94.614872431824139, 39.06191460528953 ], [ -94.614080121071311, 39.062355491686539 ], [ -94.613259289660931, 39.062763440453338 ], [ -94.612412188085074, 39.06313733284464 ], [ -94.611541138993985, 39.063476143489119 ], [ -94.610648530821095, 39.063778943205939 ], [ -94.609736811226071, 39.064044901557367 ], [ -94.608808480374122, 39.064273289130199 ], [ -94.607866084069968, 39.06446347953996 ], [ -94.606912206765543, 39.06461495115196 ], [ -94.605949464460764, 39.064727288514838 ], [ -94.604980497516976, 39.06480018350225 ], [ -94.604007963402751, 39.064833436159873 ], [ -94.603034529392588, 39.064826955255143 ], [ -94.602062865238139, 39.064780758528251 ], [ -94.601095635832721, 39.064694972643842 ], [ -94.600135493889141, 39.064569832843361 ], [ -94.599185072651167, 39.064405682299011 ], [ -94.598246978658906, 39.064202971171326 ], [ -94.597323784587957, 39.063962255372715 ], [ -94.596418022182263, 39.063684195040466 ], [ -94.595532175300207, 39.063369552723508 ], [ -94.594668673092997, 39.063019191287879 ], [ -94.59382988333445, 39.062634071546704 ], [ -94.593018105920436, 39.062215249621211 ], [ -94.592235566555871, 39.061763874040111 ], [ -94.591484410646757, 39.06128118258529 ], [ -94.590766697414139, 39.060768498892799 ], [ -94.590084394246006, 39.060227228817865 ], [ -94.589439371302817, 39.05965885657497 ], [ -94.588833396391351, 39.059064940662623 ], [ -94.588268130121037, 39.058447109584783 ], [ -94.587745121355866, 39.057807057380415 ], [ -94.587265802974514, 39.057146538973619 ], [ -94.586831487950064, 39.056467365357072 ], [ -94.586443365760147, 39.05577139862207 ], [ -94.586102499136985, 39.055060546849028 ], [ -94.585809821166464, 39.054336758872168 ], [ -94.585566132743878, 39.053602018933134 ], [ -94.585372100393073, 39.052858341238093 ], [ -94.585228254455089, 39.052107764433231 ], [ -94.585134987650775, 39.051352346013942 ], [ -94.585092554021415, 39.05059415668304 ] ] ] } },
{ "type": "Feature", "properties": { }, "geometry": { "type": "Polygon", "coordinates": [ [ [ -94.566901279190461, 39.054831280422576 ], [ -94.566909987216462, 39.054072396265191 ], [ -94.566969621080133, 39.05331490738444 ], [ -94.567080015701393, 39.052560889960965 ], [ -94.567240866893911, 39.051812410594735 ], [ -94.567451732216469, 39.051071520642054 ], [ -94.56771203220265, 39.050340250594708 ], [ -94.56802105196563, 39.049620604517237 ], [ -94.568377943173118, 39.048914554557079 ], [ -94.568781726387158, 39.048224035542951 ], [ -94.569231293762158, 39.047550939686111 ], [ -94.569725412093405, 39.046897111398813 ], [ -94.570262726207815, 39.046264342244463 ], [ -94.570841762687564, 39.045654366032814 ], [ -94.571460933915802, 39.045068854073968 ], [ -94.572118542434097, 39.044509410603908 ], [ -94.5728127855987, 39.043977568394133 ], [ -94.573541760523597, 39.043474784557226 ], [ -94.574303469296282, 39.043002436559895 ], [ -94.57509582445212, 39.042561818454367 ], [ -94.575916654692421, 39.042154137338237 ], [ -94.576763710830448, 39.041780510052533 ], [ -94.577634671949042, 39.041441960126917 ], [ -94.578527151753335, 39.041139414980421 ], [ -94.579438705101026, 39.040873703385046 ], [ -94.580366834692484, 39.04064555319956 ], [ -94.581308997902454, 39.040455589379256 ], [ -94.582262613734912, 39.040304332267183 ], [ -94.583225069881905, 39.040192196171645 ], [ -94.584193729867451, 39.04011948823365 ], [ -94.585165940257042, 39.040086407587289 ], [ -94.586139037912986, 39.040093044815812 ], [ -94.58711035727616, 39.040139381704151 ], [ -94.588077237654247, 39.040225291289168 ], [ -94.589037030496684, 39.04035053820715 ], [ -94.589987106636656, 39.040514779337755 ], [ -94.590924863480353, 39.0407175647426 ], [ -94.591847732124165, 39.040958338895926 ], [ -94.592753184380271, 39.041236442204031 ], [ -94.593638739691599, 39.041551112809337 ], [ -94.594501971917538, 39.041901488674171 ], [ -94.595340515971643, 39.042286609938557 ], [ -94.596152074293613, 39.042705421545776 ], [ -94.59693442313754, 39.043156776128306 ], [ -94.597685418659651, 39.043639437146467 ], [ -94.598403002788729, 39.044152082271296 ], [ -94.599085208863201, 39.044693307002177 ], [ -94.599730167019629, 39.045261628509742 ], [ -94.600336109317666, 39.045855489693203 ], [ -94.60090137458748, 39.046473263441456 ], [ -94.601424412986489, 39.047113257086068 ], [ -94.601903790252734, 39.047773717034033 ], [ -94.602338191643142, 39.048452833567971 ], [ -94.602726425545953, 39.049148745800224 ], [ -94.603067426757192, 39.049859546767756 ], [ -94.603360259412199, 39.050583288653677 ], [ -94.603604119563855, 39.051317988121184 ], [ -94.603798337400619, 39.052061631745623 ], [ -94.603942379097745, 39.052812181529305 ], [ -94.604035848296832, 39.05356758048466 ], [ -94.60407848720908, 39.054325758269641 ], [ -94.604070177339494, 39.055084636860954 ], [ -94.604010939829308, 39.055842136248671 ], [ -94.603900935416121, 39.056596180137049 ], [ -94.603740464011025, 39.057344701636183 ], [ -94.603529963894218, 39.058085648928106 ], [ -94.603270010530849, 39.058816990892836 ], [ -94.602961315010077, 39.059536722677912 ], [ -94.602604722111735, 39.060242871196863 ], [ -94.602201208005397, 39.060933500541104 ], [ -94.601751877588299, 39.061606717290616 ], [ -94.601257961468988, 39.062260675708593 ], [ -94.600720812605033, 39.062893582805906 ], [ -94.600141902603809, 39.063503703261468 ], [ -94.599522817696368, 39.064089364184817 ], [ -94.598865254395449, 39.064648959707874 ], [ -94.598171014849342, 39.065180955393203 ], [ -94.59744200190444, 39.065683892446749 ], [ -94.596680213889826, 39.066156391723069 ], [ -94.595887739138277, 39.066597157512568 ], [ -94.595066750258809, 39.067004981099544 ], [ -94.594219498176258, 39.067378744082049 ], [ -94.593348305954606, 39.067717421443668 ], [ -94.592455562420696, 39.068020084369195 ], [ -94.591543715606321, 39.068285902796212 ], [ -94.590615266026404, 39.06851414769541 ], [ -94.589672759812046, 39.068704193073899 ], [ -94.588718781717304, 39.068855517694978 ], [ -94.587755948019179, 39.06896770651074 ], [ -94.586786899330136, 39.069040451802579 ], [ -94.585814293343446, 39.069073554027099 ], [ -94.584840797531001, 39.069066922364648 ], [ -94.583869081814242, 39.069020574969343 ], [ -94.582901811228027, 39.068934638919409 ], [ -94.58194163859811, 39.068809349868538 ], [ -94.580991197252345, 39.068645051398654 ], [ -94.580053093785807, 39.068442194076404 ], [ -94.579129900899758, 39.068201334215431 ], [ -94.57822415033452, 39.06792313234854 ], [ -94.577338325915491, 39.067608351413078 ], [ -94.576474856731679, 39.067257854655573 ], [ -94.575636110465666, 39.066872603260478 ], [ -94.574824386893269, 39.066453653710269 ], [ -94.574041911570902, 39.06600215488384 ], [ -94.573290829728037, 39.065519344901162 ], [ -94.572573200381697, 39.065006547723335 ], [ -94.571890990688786, 39.064465169516879 ], [ -94.571246070552419, 39.063896694792703 ], [ -94.57064020749641, 39.063302682330239 ], [ -94.570075061822365, 39.062684760898023 ], [ -94.569552182062552, 39.062044624782594 ], [ -94.569073000740872, 39.061384029137848 ], [ -94.568638830453551, 39.060704785167928 ], [ -94.568250860280386, 39.060008755156659 ], [ -94.567910152535802, 39.05929784735752 ], [ -94.567617639869241, 39.058574010757908 ], [ -94.56737412272193, 39.057839229732245 ], [ -94.567180267147378, 39.0570955185988 ], [ -94.567036603001341, 39.056344916094886 ], [ -94.566943522505682, 39.055589479785738 ], [ -94.566901279190461, 39.054831280422576 ] ] ] } },
{ "type": "Feature", "properties": { }, "geometry": { "type": "Polygon", "coordinates": [ [ [ -94.566901279190461, 39.054831280422576 ], [ -94.566909987216462, 39.054072396265191 ], [ -94.566969621080133, 39.05331490738444 ], [ -94.567080015701393, 39.052560889960965 ], [ -94.567240866893911, 39.051812410594735 ], [ -94.567451732216469, 39.051071520642054 ], [ -94.56771203220265, 39.050340250594708 ], [ -94.56802105196563, 39.049620604517237 ], [ -94.568377943173118, 39.048914554557079 ], [ -94.568781726387158, 39.048224035542951 ], [ -94.569231293762158, 39.047550939686111 ], [ -94.569725412093405, 39.046897111398813 ], [ -94.570262726207815, 39.046264342244463 ], [ -94.570841762687564, 39.045654366032814 ], [ -94.571460933915802, 39.045068854073968 ], [ -94.572118542434097, 39.044509410603908 ], [ -94.5728127855987, 39.043977568394133 ], [ -94.573541760523597, 39.043474784557226 ], [ -94.574303469296282, 39.043002436559895 ], [ -94.57509582445212, 39.042561818454367 ], [ -94.575916654692421, 39.042154137338237 ], [ -94.576763710830448, 39.041780510052533 ], [ -94.577634671949042, 39.041441960126917 ], [ -94.578527151753335, 39.041139414980421 ], [ -94.579438705101026, 39.040873703385046 ], [ -94.580366834692484, 39.04064555319956 ], [ -94.581308997902454, 39.040455589379256 ], [ -94.582262613734912, 39.040304332267183 ], [ -94.583225069881905, 39.040192196171645 ], [ -94.584193729867451, 39.04011948823365 ], [ -94.585165940257042, 39.040086407587289 ], [ -94.586139037912986, 39.040093044815812 ], [ -94.58711035727616, 39.040139381704151 ], [ -94.588077237654247, 39.040225291289168 ], [ -94.589037030496684, 39.04035053820715 ], [ -94.589987106636656, 39.040514779337755 ], [ -94.590924863480353, 39.0407175647426 ], [ -94.591847732124165, 39.040958338895926 ], [ -94.592753184380271, 39.041236442204031 ], [ -94.593638739691599, 39.041551112809337 ], [ -94.594501971917538, 39.041901488674171 ], [ -94.595340515971643, 39.042286609938557 ], [ -94.596152074293613, 39.042705421545776 ], [ -94.59693442313754, 39.043156776128306 ], [ -94.597685418659651, 39.043639437146467 ], [ -94.598403002788729, 39.044152082271296 ], [ -94.599085208863201, 39.044693307002177 ], [ -94.599730167019629, 39.045261628509742 ], [ -94.600336109317666, 39.045855489693203 ], [ -94.60090137458748, 39.046473263441456 ], [ -94.601424412986489, 39.047113257086068 ], [ -94.601903790252734, 39.047773717034033 ], [ -94.602338191643142, 39.048452833567971 ], [ -94.602726425545953, 39.049148745800224 ], [ -94.603067426757192, 39.049859546767756 ], [ -94.603360259412199, 39.050583288653677 ], [ -94.603604119563855, 39.051317988121184 ], [ -94.603798337400619, 39.052061631745623 ], [ -94.603942379097745, 39.052812181529305 ], [ -94.604035848296832, 39.05356758048466 ], [ -94.60407848720908, 39.054325758269641 ], [ -94.604070177339494, 39.055084636860954 ], [ -94.604010939829308, 39.055842136248671 ], [ -94.603900935416121, 39.056596180137049 ], [ -94.603740464011025, 39.057344701636183 ], [ -94.603529963894218, 39.058085648928106 ], [ -94.603270010530849, 39.058816990892836 ], [ -94.602961315010077, 39.059536722677912 ], [ -94.602604722111735, 39.060242871196863 ], [ -94.602201208005397, 39.060933500541104 ], [ -94.601751877588299, 39.061606717290616 ], [ -94.601257961468988, 39.062260675708593 ], [ -94.600720812605033, 39.062893582805906 ], [ -94.600141902603809, 39.063503703261468 ], [ -94.599522817696368, 39.064089364184817 ], [ -94.598865254395449, 39.064648959707874 ], [ -94.598171014849342, 39.065180955393203 ], [ -94.59744200190444, 39.065683892446749 ], [ -94.596680213889826, 39.066156391723069 ], [ -94.595887739138277, 39.066597157512568 ], [ -94.595066750258809, 39.067004981099544 ], [ -94.594219498176258, 39.067378744082049 ], [ -94.593348305954606, 39.067717421443668 ], [ -94.592455562420696, 39.068020084369195 ], [ -94.591543715606321, 39.068285902796212 ], [ -94.590615266026404, 39.06851414769541 ], [ -94.589672759812046, 39.068704193073899 ], [ -94.588718781717304, 39.068855517694978 ], [ -94.587755948019179, 39.06896770651074 ], [ -94.586786899330136, 39.069040451802579 ], [ -94.585814293343446, 39.069073554027099 ], [ -94.584840797531001, 39.069066922364648 ], [ -94.583869081814242, 39.069020574969343 ], [ -94.582901811228027, 39.068934638919409 ], [ -94.58194163859811, 39.068809349868538 ], [ -94.580991197252345, 39.068645051398654 ], [ -94.580053093785807, 39.068442194076404 ], [ -94.579129900899758, 39.068201334215431 ], [ -94.57822415033452, 39.06792313234854 ], [ -94.577338325915491, 39.067608351413078 ], [ -94.576474856731679, 39.067257854655573 ], [ -94.575636110465666, 39.066872603260478 ], [ -94.574824386893269, 39.066453653710269 ], [ -94.574041911570902, 39.06600215488384 ], [ -94.573290829728037, 39.065519344901162 ], [ -94.572573200381697, 39.065006547723335 ], [ -94.571890990688786, 39.064465169516879 ], [ -94.571246070552419, 39.063896694792703 ], [ -94.57064020749641, 39.063302682330239 ], [ -94.570075061822365, 39.062684760898023 ], [ -94.569552182062552, 39.062044624782594 ], [ -94.569073000740872, 39.061384029137848 ], [ -94.568638830453551, 39.060704785167928 ], [ -94.568250860280386, 39.060008755156659 ], [ -94.567910152535802, 39.05929784735752 ], [ -94.567617639869241, 39.058574010757908 ], [ -94.56737412272193, 39.057839229732245 ], [ -94.567180267147378, 39.0570955185988 ], [ -94.567036603001341, 39.056344916094886 ], [ -94.566943522505682, 39.055589479785738 ], [ -94.566901279190461, 39.054831280422576 ] ] ] } },
{ "type": "Feature", "properties": { }, "geometry": { "type": "Polygon", "coordinates": [ [ [ -94.566901279190461, 39.054831280422576 ], [ -94.566909987216462, 39.054072396265191 ], [ -94.566969621080133, 39.05331490738444 ], [ -94.567080015701393, 39.052560889960965 ], [ -94.567240866893911, 39.051812410594735 ], [ -94.567451732216469, 39.051071520642054 ], [ -94.56771203220265, 39.050340250594708 ], [ -94.56802105196563, 39.049620604517237 ], [ -94.568377943173118, 39.048914554557079 ], [ -94.568781726387158, 39.048224035542951 ], [ -94.569231293762158, 39.047550939686111 ], [ -94.569725412093405, 39.046897111398813 ], [ -94.570262726207815, 39.046264342244463 ], [ -94.570841762687564, 39.045654366032814 ], [ -94.571460933915802, 39.045068854073968 ], [ -94.572118542434097, 39.044509410603908 ], [ -94.5728127855987, 39.043977568394133 ], [ -94.573541760523597, 39.043474784557226 ], [ -94.574303469296282, 39.043002436559895 ], [ -94.57509582445212, 39.042561818454367 ], [ -94.575916654692421, 39.042154137338237 ], [ -94.576763710830448, 39.041780510052533 ], [ -94.577634671949042, 39.041441960126917 ], [ -94.578527151753335, 39.041139414980421 ], [ -94.579438705101026, 39.040873703385046 ], [ -94.580366834692484, 39.04064555319956 ], [ -94.581308997902454, 39.040455589379256 ], [ -94.582262613734912, 39.040304332267183 ], [ -94.583225069881905, 39.040192196171645 ], [ -94.584193729867451, 39.04011948823365 ], [ -94.585165940257042, 39.040086407587289 ], [ -94.586139037912986, 39.040093044815812 ], [ -94.58711035727616, 39.040139381704151 ], [ -94.588077237654247, 39.040225291289168 ], [ -94.589037030496684, 39.04035053820715 ], [ -94.589987106636656, 39.040514779337755 ], [ -94.590924863480353, 39.0407175647426 ], [ -94.591847732124165, 39.040958338895926 ], [ -94.592753184380271, 39.041236442204031 ], [ -94.593638739691599, 39.041551112809337 ], [ -94.594501971917538, 39.041901488674171 ], [ -94.595340515971643, 39.042286609938557 ], [ -94.596152074293613, 39.042705421545776 ], [ -94.59693442313754, 39.043156776128306 ], [ -94.597685418659651, 39.043639437146467 ], [ -94.598403002788729, 39.044152082271296 ], [ -94.599085208863201, 39.044693307002177 ], [ -94.599730167019629, 39.045261628509742 ], [ -94.600336109317666, 39.045855489693203 ], [ -94.60090137458748, 39.046473263441456 ], [ -94.601424412986489, 39.047113257086068 ], [ -94.601903790252734, 39.047773717034033 ], [ -94.602338191643142, 39.048452833567971 ], [ -94.602726425545953, 39.049148745800224 ], [ -94.603067426757192, 39.049859546767756 ], [ -94.603360259412199, 39.050583288653677 ], [ -94.603604119563855, 39.051317988121184 ], [ -94.603798337400619, 39.052061631745623 ], [ -94.603942379097745, 39.052812181529305 ], [ -94.604035848296832, 39.05356758048466 ], [ -94.60407848720908, 39.054325758269641 ], [ -94.604070177339494, 39.055084636860954 ], [ -94.604010939829308, 39.055842136248671 ], [ -94.603900935416121, 39.056596180137049 ], [ -94.603740464011025, 39.057344701636183 ], [ -94.603529963894218, 39.058085648928106 ], [ -94.603270010530849, 39.058816990892836 ], [ -94.602961315010077, 39.059536722677912 ], [ -94.602604722111735, 39.060242871196863 ], [ -94.602201208005397, 39.060933500541104 ], [ -94.601751877588299, 39.061606717290616 ], [ -94.601257961468988, 39.062260675708593 ], [ -94.600720812605033, 39.062893582805906 ], [ -94.600141902603809, 39.063503703261468 ], [ -94.599522817696368, 39.064089364184817 ], [ -94.598865254395449, 39.064648959707874 ], [ -94.598171014849342, 39.065180955393203 ], [ -94.59744200190444, 39.065683892446749 ], [ -94.596680213889826, 39.066156391723069 ], [ -94.595887739138277, 39.066597157512568 ], [ -94.595066750258809, 39.067004981099544 ], [ -94.594219498176258, 39.067378744082049 ], [ -94.593348305954606, 39.067717421443668 ], [ -94.592455562420696, 39.068020084369195 ], [ -94.591543715606321, 39.068285902796212 ], [ -94.590615266026404, 39.06851414769541 ], [ -94.589672759812046, 39.068704193073899 ], [ -94.588718781717304, 39.068855517694978 ], [ -94.587755948019179, 39.06896770651074 ], [ -94.586786899330136, 39.069040451802579 ], [ -94.585814293343446, 39.069073554027099 ], [ -94.584840797531001, 39.069066922364648 ], [ -94.583869081814242, 39.069020574969343 ], [ -94.582901811228027, 39.068934638919409 ], [ -94.58194163859811, 39.068809349868538 ], [ -94.580991197252345, 39.068645051398654 ], [ -94.580053093785807, 39.068442194076404 ], [ -94.579129900899758, 39.068201334215431 ], [ -94.57822415033452, 39.06792313234854 ], [ -94.577338325915491, 39.067608351413078 ], [ -94.576474856731679, 39.067257854655573 ], [ -94.575636110465666, 39.066872603260478 ], [ -94.574824386893269, 39.066453653710269 ], [ -94.574041911570902, 39.06600215488384 ], [ -94.573290829728037, 39.065519344901162 ], [ -94.572573200381697, 39.065006547723335 ], [ -94.571890990688786, 39.064465169516879 ], [ -94.571246070552419, 39.063896694792703 ], [ -94.57064020749641, 39.063302682330239 ], [ -94.570075061822365, 39.062684760898023 ], [ -94.569552182062552, 39.062044624782594 ], [ -94.569073000740872, 39.061384029137848 ], [ -94.568638830453551, 39.060704785167928 ], [ -94.568250860280386, 39.060008755156659 ], [ -94.567910152535802, 39.05929784735752 ], [ -94.567617639869241, 39.058574010757908 ], [ -94.56737412272193, 39.057839229732245 ], [ -94.567180267147378, 39.0570955185988 ], [ -94.567036603001341, 39.056344916094886 ], [ -94.566943522505682, 39.055589479785738 ], [ -94.566901279190461, 39.054831280422576 ] ] ] } },
{ "type": "Feature", "properties": { }, "geometry": { "type": "Polygon", "coordinates": [ [ [ -94.535087470809117, 39.10635648154868 ], [ -94.535096507940409, 39.105597599259511 ], [ -94.535156507833634, 39.104840125401928 ], [ -94.535267304401529, 39.104086136114091 ], [ -94.535428592352361, 39.103337697917503 ], [ -94.535639928044418, 39.102596862054178 ], [ -94.535900730719092, 39.101865658866167 ], [ -94.53621028410906, 39.101146092233144 ], [ -94.536567738417247, 39.100440134083222 ], [ -94.536972112660536, 39.099749718991845 ], [ -94.537422297372032, 39.099076738883795 ], [ -94.537917057654155, 39.098423037852484 ], [ -94.538455036573964, 39.097790407110935 ], [ -94.53903475889156, 39.097180580088015 ], [ -94.539654635110963, 39.096595227683451 ], [ -94.54031296584246, 39.09603595369456 ], [ -94.541007946464376, 39.095504290427023 ], [ -94.541737672071434, 39.095001694501796 ], [ -94.542500142695971, 39.094529542869523 ], [ -94.543293268788062, 39.094089129043304 ], [ -94.544114876939148, 39.093681659560112 ], [ -94.544962715833847, 39.093308250680273 ], [ -94.545834462413353, 39.092969925334401 ], [ -94.546727728234032, 39.092667610325712 ], [ -94.547640066003453, 39.092402133795346 ], [ -94.548568976276414, 39.092174222957837 ], [ -94.549511914292438, 39.091984502112673 ], [ -94.550466296936449, 39.091833490937361 ], [ -94.551429509803356, 39.091721603066674 ], [ -94.552398914347691, 39.091649144961949 ], [ -94.553371855098661, 39.091616315073445 ], [ -94.554345666921066, 39.091623203298077 ], [ -94.555317682302487, 39.09166979073396 ], [ -94.556285238646822, 39.09175594973248 ], [ -94.55724568555442, 39.09188144424764 ], [ -94.558196392069021, 39.092045930481916 ], [ -94.559134753872058, 39.092248957826591 ], [ -94.560058200404356, 39.09248997009437 ], [ -94.560964201896326, 39.092768307040465 ], [ -94.561850276287231, 39.093083206168565 ], [ -94.562713996015006, 39.093433804816208 ], [ -94.56355299465784, 39.093819142514398 ], [ -94.564364973409724, 39.094238163614797 ], [ -94.565147707372262, 39.094689720177108 ], [ -94.565899051645459, 39.095172575109572 ], [ -94.566616947201069, 39.095685405553041 ], [ -94.567299426522382, 39.096226806500226 ], [ -94.567944618994972, 39.096795294639925 ], [ -94.568550756033758, 39.097389312415629 ], [ -94.569116175932336, 39.098007232287934 ], [ -94.569639328421047, 39.098647361188618 ], [ -94.570118778921682, 39.09930794515455 ], [ -94.570553212486587, 39.099987174128856 ], [ -94.570941437411705, 39.10068318691593 ], [ -94.571282388513382, 39.101394076277231 ], [ -94.571575130059813, 39.102117894153494 ], [ -94.571818858349062, 39.10285265699941 ], [ -94.572012903926321, 39.10359635121619 ], [ -94.572156733434397, 39.104346938666907 ], [ -94.57224995109182, 39.105102362259984 ], [ -94.572292299794796, 39.10586055158501 ], [ -94.572283661839322, 39.10661942858605 ], [ -94.572224059261771, 39.107376913256331 ], [ -94.572113653796364, 39.108130929339282 ], [ -94.571952746449796, 39.108879410019782 ], [ -94.571741776693784, 39.109620303590361 ], [ -94.57148132127773, 39.11035157907672 ], [ -94.571172092664256, 39.111071231807095 ], [ -94.570814937092152, 39.111777288910041 ], [ -94.570410832271506, 39.112467814725974 ], [ -94.569960884717361, 39.113140916116997 ], [ -94.569466326728971, 39.113794747660883 ], [ -94.568928513022897, 39.114427516714706 ], [ -94.568348917028899, 39.115037488334188 ], [ -94.56772912685895, 39.115622990035405 ], [ -94.567070840959985, 39.116182416385307 ], [ -94.566375863462454, 39.116714233408906 ], [ -94.565646099237441, 39.11721698280067 ], [ -94.564883548675709, 39.117689285928535 ], [ -94.56409030220297, 39.118129847619578 ], [ -94.563268534546694, 39.118537459716819 ], [ -94.562420498769868, 39.118911004397397 ], [ -94.561548520088351, 39.119249457242816 ], [ -94.560654989488739, 39.119551890052996 ], [ -94.559742357164438, 39.119817473396118 ], [ -94.558813125787864, 39.120045478887377 ], [ -94.557869843637548, 39.120235281190247 ], [ -94.556915097599003, 39.120386359734745 ], [ -94.555951506058747, 39.120498300147986 ], [ -94.554981711711051, 39.120570795392986 ], [ -94.554008374297496, 39.120603646612544 ], [ -94.553034163299202, 39.120596763676048 ], [ -94.552061750602022, 39.120550165427439 ], [ -94.551093803155126, 39.120463979633826 ], [ -94.550132975643223, 39.120338442634761 ], [ -94.54918190319249, 39.120173898693189 ], [ -94.548243194130819, 39.11997079905013 ], [ -94.547319422822, 39.119729700684978 ], [ -94.546413122593961, 39.119451264785845 ], [ -94.545526778780413, 39.119136254933174 ], [ -94.544662821895287, 39.118785535002552 ], [ -94.543823620958776, 39.118400066791743 ], [ -94.5430114769932, 39.117980907379085 ], [ -94.542228616707121, 39.117529206220169 ], [ -94.541477186384554, 39.117046201991059 ], [ -94.540759245996483, 39.116533219186572 ], [ -94.540076763550857, 39.11599166448331 ], [ -94.539431609696308, 39.115423022877088 ], [ -94.538825552594787, 39.114828853605815 ], [ -94.538260253076928, 39.114210785868671 ], [ -94.537737260093422, 39.113570514353967 ], [ -94.537258006474971, 39.11290979458731 ], [ -94.536823805012105, 39.112230438113485 ], [ -94.536435844865935, 39.111534307524927 ], [ -94.536095188319123, 39.110823311350885 ], [ -94.535802767876262, 39.110099398820907 ], [ -94.535559383721264, 39.109364554517306 ], [ -94.535365701538481, 39.108620792931362 ], [ -94.535222250703711, 39.107870152938091 ], [ -94.535129422849565, 39.107114692204753 ], [ -94.535087470809117, 39.10635648154868 ] ] ] } },
{ "type": "Feature", "properties": { }, "geometry": { "type": "Polygon", "coordinates": [ [ [ -94.580212620104362, 39.050173376706127 ], [ -94.580221186693024, 39.049414493921127 ], [ -94.58028067583993, 39.048657000662885 ], [ -94.580390922861923, 39.047902973124472 ], [ -94.580551623977428, 39.047154477934079 ], [ -94.580762337156671, 39.046413566491864 ], [ -94.581022483350267, 39.045682269349001 ], [ -94.581331348092817, 39.044962590644715 ], [ -94.58168808347672, 39.044256502616328 ], [ -94.5820917104909, 39.04356594019734 ], [ -94.582541121717455, 39.042892795718323 ], [ -94.583035084379205, 39.042238913725221 ], [ -94.583572243729265, 39.041606085928919 ], [ -94.584151126773293, 39.040996046300172 ], [ -94.584770146314412, 39.040410466323209 ], [ -94.585427605309135, 39.039850950420607 ], [ -94.586121701522771, 39.039319031562556 ], [ -94.58685053247126, 39.038816167071801 ], [ -94.587612100635795, 39.038343734636207 ], [ -94.588404318936298, 39.037903028539404 ], [ -94.589225016448253, 39.037495256120152 ], [ -94.59007194434777, 39.037121534469605 ], [ -94.590942782068296, 39.036782887375942 ], [ -94.591835143652276, 39.036480242524327 ], [ -94.592746584280547, 39.036214428959809 ], [ -94.593674606961599, 39.035986174820387 ], [ -94.594616669362452, 39.035796105345916 ], [ -94.595570190762572, 39.035644741168703 ], [ -94.596532559112205, 39.035532496890134 ], [ -94.597501138175389, 39.03545967994728 ], [ -94.598473274738851, 39.03542648977264 ], [ -94.59944630586682, 39.035433017249154 ], [ -94.600417566182145, 39.035479244462145 ], [ -94.601384395154042, 39.03556504474858 ], [ -94.602344144372665, 39.035690183043862 ], [ -94.603294184790656, 39.035854316524883 ], [ -94.604231913912159, 39.036056995547867 ], [ -94.605154762909635, 39.036297664878177 ], [ -94.606060203649264, 39.036575665208964 ], [ -94.60694575560585, 39.036890234964531 ], [ -94.607808992648359, 39.037240512383192 ], [ -94.608647549677613, 39.037625537874476 ], [ -94.609459129098241, 39.038044256643829 ], [ -94.610241507107176, 39.038495521577893 ], [ -94.61099253978135, 39.038978096382515 ], [ -94.611710168948463, 39.039490658964802 ], [ -94.612392427824346, 39.040031805050248 ], [ -94.613037446401648, 39.040600052024921 ], [ -94.613643456575261, 39.0411938429923 ], [ -94.614208796990255, 39.041811551033732 ], [ -94.614731917598988, 39.042451483660905 ], [ -94.615211383915081, 39.043111887448184 ], [ -94.615645880952314, 39.043790952832261 ], [ -94.616034216837662, 39.04448681906586 ], [ -94.616375326088502, 39.04519757931228 ], [ -94.616668272544899, 39.045921285866491 ], [ -94.616912251948619, 39.046655955488902 ], [ -94.617106594161982, 39.047399574836987 ], [ -94.617250765020046, 39.048150105979992 ], [ -94.617344367810986, 39.048905491981856 ], [ -94.617387144380402, 39.049663662536481 ], [ -94.61737897585644, 39.050422539640834 ], [ -94.617319882993314, 39.051180043289534 ], [ -94.617210026132426, 39.051934097175668 ], [ -94.617049704780612, 39.052682634382357 ], [ -94.616839356806921, 39.053423603049112 ], [ -94.616579557259485, 39.054154971997818 ], [ -94.61627101680574, 39.054874736302494 ], [ -94.615914579800304, 39.055580922787975 ], [ -94.615511221985216, 39.05627159544207 ], [ -94.615062047828914, 39.056944860726396 ], [ -94.614568287511204, 39.057598872771493 ], [ -94.614031293562064, 39.058231838441579 ], [ -94.613452537163639, 39.058842022255305 ], [ -94.612833604125299, 39.05942775114876 ], [ -94.612176190542726, 39.059987419067788 ], [ -94.61148209815309, 39.060519491376667 ], [ -94.610753229398583, 39.061022509071428 ], [ -94.60999158221216, 39.061495092785655 ], [ -94.609199244539738, 39.061935946578295 ], [ -94.608378388613659, 39.062343861492387 ], [ -94.607531264993455, 39.062717718875582 ], [ -94.60666019639001, 39.063056493452571 ], [ -94.6057675712905, 39.063359256141489 ], [ -94.604855837401217, 39.063625176606195 ], [ -94.60392749492668, 39.063853525537503 ], [ -94.602985089703623, 39.064043676656986 ], [ -94.602031206208579, 39.064195108437794 ], [ -94.601068460458521, 39.064307405537889 ], [ -94.600099492824285, 39.064380259941458 ], [ -94.599126960776388, 39.064413471805608 ], [ -94.598153531583634, 39.064406950009733 ], [ -94.597181874984472, 39.064360712406277 ], [ -94.596214655851426, 39.064274885772114 ], [ -94.595254526869027, 39.06414970546053 ], [ -94.594304121245415, 39.063985514754933 ], [ -94.593366045477723, 39.063782763926106 ], [ -94.592442872191427, 39.063542008995384 ], [ -94.591537133073317, 39.063263910207461 ], [ -94.590651311917654, 39.062949230216795 ], [ -94.58978783780492, 39.062598831992787 ], [ -94.588949078431668, 39.062213676449502 ], [ -94.588137333610149, 39.061794819806344 ], [ -94.587354828955696, 39.061343410687279 ], [ -94.586603709778814, 39.060860686966159 ], [ -94.585886035199621, 39.06034797236746 ], [ -94.585203772499796, 39.059806672831172 ], [ -94.584558791728611, 39.059238272652507 ], [ -94.583952860576929, 39.05864433040648 ], [ -94.583387639533925, 39.058026474669241 ], [ -94.582864677339359, 39.057386399547248 ], [ -94.582385406743995, 39.056725860027335 ], [ -94.581951140589695, 39.056046667159954 ], [ -94.581563068219893, 39.055350683089081 ], [ -94.581222252230063, 39.054639815942487 ], [ -94.580929625567123, 39.053916014596425 ], [ -94.580685988985579, 39.053181263329023 ], [ -94.580492008867083, 39.052437576377351 ], [ -94.580348215409387, 39.051686992412812 ], [ -94.580255001189443, 39.050931568950254 ], [ -94.580212620104362, 39.050173376706127 ] ] ] } },
{ "type": "Feature", "properties": { }, "geometry": { "type": "Polygon", "coordinates": [ [ [ -94.561216944436026, 39.109240666163906 ], [ -94.561225700520509, 39.108481787888543 ], [ -94.561285421595699, 39.107724306564997 ], [ -94.561395942338152, 39.106970298352792 ], [ -94.561556958211568, 39.106221829826211 ], [ -94.561768026319243, 39.105480952311225 ], [ -94.562028566635107, 39.104749696264875 ], [ -94.562337863609898, 39.104030065712465 ], [ -94.562695068148173, 39.103324032757996 ], [ -94.563099199950145, 39.102633532182615 ], [ -94.563549150212054, 39.101960456145953 ], [ -94.564043684677429, 39.101306649004847 ], [ -94.564581447030733, 39.100673902263537 ], [ -94.56516096262402, 39.100063949669149 ], [ -94.565780642526306, 39.099478462465818 ], [ -94.566438787884309, 39.098919044820448 ], [ -94.567133594582742, 39.098387229432525 ], [ -94.5678631581914, 39.097884473339818 ], [ -94.568625479185002, 39.097412153931884 ], [ -94.569418468422228, 39.096971565181384 ], [ -94.570239952868107, 39.096563914104365 ], [ -94.571087681544867, 39.096190317458515 ], [ -94.571959331694543, 39.095851798688557 ], [ -94.572852515136574, 39.095549285127255 ], [ -94.573764784803288, 39.095283605459286 ], [ -94.574693641435189, 39.095055487455269 ], [ -94.57563654041806, 39.094865555981727 ], [ -94.576590898743177, 39.09471433129265 ], [ -94.577554102071659, 39.094602227607162 ], [ -94.578523511883901, 39.094529551977267 ], [ -94.579496472694544, 39.094496503448497 ], [ -94.580470319313505, 39.094503172516127 ], [ -94.581442384133211, 39.094549540878056 ], [ -94.582410004422456, 39.094635481485234 ], [ -94.583370529606896, 39.094760758889379 ], [ -94.584321328516495, 39.094925029887186 ], [ -94.585259796580289, 39.095127844459107 ], [ -94.586183362948915, 39.095368647000235 ], [ -94.587089497525454, 39.09564677783996 ], [ -94.587975717885726, 39.095961475046238 ], [ -94.588839596068937, 39.096311876509517 ], [ -94.589678765220413, 39.096697022300802 ], [ -94.590490926068412, 39.097115857297311 ], [ -94.591273853217004, 39.097567234068592 ], [ -94.592025401238303, 39.098049916015427 ], [ -94.592743510547336, 39.098562580752699 ], [ -94.593426213043131, 39.099103823727319 ], [ -94.594071637501244, 39.099672162061076 ], [ -94.594678014702367, 39.100266038608289 ], [ -94.595243682283339, 39.100883826216894 ], [ -94.595767089297212, 39.101523832181563 ], [ -94.596246800469501, 39.10218430287653 ], [ -94.596681500139383, 39.102863428555935 ], [ -94.597069995874662, 39.103559348307897 ], [ -94.597411221750477, 39.10427015514955 ], [ -94.597704241282798, 39.104993901248527 ], [ -94.597948250008528, 39.105728603257042 ], [ -94.598142577704863, 39.106472247743888 ], [ -94.59828669024175, 39.107222796709316 ], [ -94.59838019106229, 39.107978193168137 ], [ -94.598422822286622, 39.108736366785216 ], [ -94.598414465436363, 39.1094952395486 ], [ -94.598355141777105, 39.110252731464065 ], [ -94.598245012278198, 39.111006766256061 ], [ -94.598084377189338, 39.111755277059068 ], [ -94.597873675235277, 39.11249621208394 ], [ -94.597613482430475, 39.113227540243578 ], [ -94.597304510516736, 39.113947256722533 ], [ -94.596947605028092, 39.114653388475389 ], [ -94.596543742987876, 39.115343999638576 ], [ -94.596094030244288, 39.116017196840815 ], [ -94.595599698451494, 39.116671134397755 ], [ -94.595062101704514, 39.117304019376284 ], [ -94.594482712836864, 39.117914116514747 ], [ -94.593863119391088, 39.118499752985343 ], [ -94.593205019273285, 39.119059322985748 ], [ -94.59251021610298, 39.11959129214727 ], [ -94.591780614271826, 39.120094201747342 ], [ -94.591018213723785, 39.120566672714553 ], [ -94.59022510447187, 39.121007409415739 ], [ -94.58940346086591, 39.12141520321385 ], [ -94.588555535627478, 39.121788935787542 ], [ -94.587683653668094, 39.122127582202829 ], [ -94.586790205708127, 39.122430213728428 ], [ -94.58587764171331, 39.122696000387236 ], [ -94.584948464167894, 39.122924213236395 ], [ -94.584005221202048, 39.123114226370262 ], [ -94.583050499593284, 39.123265518640153 ], [ -94.582086917660689, 39.123377675086509 ], [ -94.581117118071916, 39.123450388079277 ], [ -94.580143760582828, 39.123483458163577 ], [ -94.579169514729571, 39.123476794607917 ], [ -94.578197052493834, 39.123430415654063 ], [ -94.577229040960987, 39.123344448467087 ], [ -94.576268134991935, 39.123219128786502 ], [ -94.575316969928664, 39.123054800278773 ], [ -94.574378154353781, 39.122851913593585 ], [ -94.573454262924074, 39.122611025125877 ], [ -94.572547829297889, 39.122332795487722 ], [ -94.571661339175876, 39.122017987693638 ], [ -94.570797223474372, 39.121667465064753 ], [ -94.569957851650344, 39.12128218885762 ], [ -94.569145525196078, 39.120863215623864 ], [ -94.568362471321919, 39.120411694308487 ], [ -94.567610836844153, 39.119928863094387 ], [ -94.566892682295034, 39.119416046002073 ], [ -94.566209976271153, 39.118874649253868 ], [ -94.565564590035635, 39.118306157412754 ], [ -94.564958292389008, 39.117712129306256 ], [ -94.564392744822783, 39.117094193746972 ], [ -94.563869496969048, 39.116454045061239 ], [ -94.563389982358473, 39.115793438438445 ], [ -94.562955514498285, 39.11511418511374 ], [ -94.56256728328097, 39.114418147397487 ], [ -94.562226351733258, 39.11370723356503 ], [ -94.561933653114437, 39.112983392620926 ], [ -94.56168998837164, 39.112248608952108 ], [ -94.561496023958895, 39.111504896884462 ], [ -94.561352290026065, 39.110754295158166 ], [ -94.561259178981985, 39.109998861336507 ], [ -94.561216944436026, 39.109240666163906 ] ] ] } },
{ "type": "Feature", "properties": { }, "geometry": { "type": "Polygon", "coordinates": [ [ [ -94.526997400174324, 39.106355190698793 ], [ -94.527006524111343, 39.105596307308808 ], [ -94.527066610761082, 39.104838835891364 ], [ -94.52717749379849, 39.104084852577671 ], [ -94.527338867695008, 39.10333642387257 ], [ -94.52755028857348, 39.102595600991819 ], [ -94.527811175442011, 39.101864414241582 ], [ -94.528120811802779, 39.101144867456249 ], [ -94.528478347631605, 39.100438932509299 ], [ -94.528882801722261, 39.099748543912376 ], [ -94.529333064389377, 39.099075593517441 ], [ -94.529827900522122, 39.098421925336339 ], [ -94.530365952980105, 39.097789330491857 ], [ -94.530945746322345, 39.097179542314393 ], [ -94.531565690858642, 39.096594231597095 ], [ -94.532224087012565, 39.096035002022994 ], [ -94.532919129983625, 39.095503385775963 ], [ -94.533648914696144, 39.095000839348096 ], [ -94.534411441020993, 39.094528739554427 ], [ -94.535204619256064, 39.094088379765992 ], [ -94.536026275850375, 39.09368096637175 ], [ -94.536874159356216, 39.093307615478423 ], [ -94.537745946592949, 39.09296934985786 ], [ -94.538639249005925, 39.092667096149682 ], [ -94.539551619202811, 39.092401682327228 ], [ -94.540480557649829, 39.092173835433378 ], [ -94.541423519509621, 39.091984179592572 ], [ -94.542377921601968, 39.091833234304396 ], [ -94.543341149468716, 39.091721413023301 ], [ -94.544310564523428, 39.091649022028371 ], [ -94.545283511266575, 39.091616259586203 ], [ -94.54625732454663, 39.091623215409115 ], [ -94.547229336847181, 39.09166987041025 ], [ -94.548196885580481, 39.091756096756058 ], [ -94.549157320367627, 39.091881658216252 ], [ -94.55010801028547, 39.092046210810075 ], [ -94.551046351060663, 39.092249303747195 ], [ -94.551969772191455, 39.092490380660756 ], [ -94.552875743977552, 39.092768781129024 ], [ -94.553761784439317, 39.093083742481753 ], [ -94.554625466107282, 39.093434401886164 ], [ -94.555464422663533, 39.09381979870691 ], [ -94.556276355416983, 39.094238877133684 ], [ -94.557059039594847, 39.094690489069208 ], [ -94.557810330433099, 39.095173397270045 ], [ -94.558528169049438, 39.095686278731058 ], [ -94.559210588082721, 39.096227728305209 ], [ -94.559855717083252, 39.096796262547954 ], [ -94.560461787639426, 39.097390323776423 ], [ -94.561027138226535, 39.098008284332046 ], [ -94.561550218764438, 39.098648451034954 ], [ -94.562029594871632, 39.099309069818361 ], [ -94.562463951803963, 39.099988330529762 ], [ -94.562852098066998, 39.10068437188643 ], [ -94.563192968692306, 39.101395286571289 ], [ -94.563485628168294, 39.102119126455456 ], [ -94.563729273017699, 39.102853907933095 ], [ -94.563923234014183, 39.103597617354076 ], [ -94.564066978032116, 39.104348216539549 ], [ -94.564160109524266, 39.1051036483655 ], [ -94.564202371622841, 39.105861842398667 ], [ -94.564193646861199, 39.106620720569914 ], [ -94.564133957513633, 39.107378202869022 ], [ -94.564023465552239, 39.108132213045579 ], [ -94.563862472220904, 39.108880684300402 ], [ -94.563651417227234, 39.109621564951588 ], [ -94.563390877554383, 39.110352824059994 ], [ -94.563081565896226, 39.111072456998485 ], [ -94.562724328719483, 39.111778490949654 ], [ -94.562320143958246, 39.112468990317154 ], [ -94.561870118347045, 39.113142062035365 ], [ -94.561375484399505, 39.113795860763268 ], [ -94.560837597040816, 39.1144285939477 ], [ -94.560257929903116, 39.115038526742659 ], [ -94.559638071293861, 39.115623986770466 ], [ -94.558979719848054, 39.116183368712278 ], [ -94.558284679876323, 39.11671513871481 ], [ -94.557554856421532, 39.117217838601377 ], [ -94.556792250037248, 39.117690089875666 ], [ -94.55599895130274, 39.118130597506941 ], [ -94.555177135089195, 39.118538153486476 ], [ -94.554329054593154, 39.118911640145342 ], [ -94.553457035153485, 39.119250033224247 ], [ -94.552563467868964, 39.119552404687042 ], [ -94.551650803033851, 39.119817925270297 ], [ -94.550721543410091, 39.120045866761416 ], [ -94.549778237353891, 39.120235603999554 ], [ -94.548823471816547, 39.120386616593279 ], [ -94.547859865238237, 39.120498490350769 ], [ -94.546890060354613, 39.120570918417975 ], [ -94.545916716936247, 39.120603702122125 ], [ -94.544942504480744, 39.120596751517951 ], [ -94.543970094877963, 39.120550085635138 ], [ -94.543002155068564, 39.120463832426466 ], [ -94.542041339716164, 39.120338228416529 ], [ -94.541090283913491, 39.120173618052256 ], [ -94.540151595942561, 39.119970452756945 ], [ -94.539227850109128, 39.11972928969022 ], [ -94.538321579670964, 39.119450790217719 ], [ -94.537435269879794, 39.119135718094391 ], [ -94.536571351155928, 39.118784937366641 ], [ -94.535732192414514, 39.118399409999107 ], [ -94.534920094561812, 39.117980193232363 ], [ -94.534137284179479, 39.117528436679322 ], [ -94.533385907414257, 39.117045379167976 ], [ -94.532668024089872, 39.116532345339245 ], [ -94.531985602057318, 39.115990742009593 ], [ -94.531340511799144, 39.115422054308148 ], [ -94.530734521302463, 39.114827841599073 ], [ -94.530169291214861, 39.114209733200624 ], [ -94.529646370296248, 39.113569423912416 ], [ -94.529167191179283, 39.112908669363499 ], [ -94.528733066449888, 39.112229281193798 ], [ -94.528345185058427, 39.11153312208252 ], [ -94.528004609071345, 39.110822100636874 ], [ -94.527712270772071, 39.110098166155453 ], [ -94.527468970119031, 39.109363303280517 ], [ -94.527275372567487, 39.108619526553994 ], [ -94.527132007261059, 39.107868874892141 ], [ -94.527039265597764, 39.107113405993935 ], [ -94.526997400174324, 39.106355190698793 ] ] ] } },
{ "type": "Feature", "properties": { }, "geometry": { "type": "Polygon", "coordinates": [ [ [ -94.444604070557787, 39.001951525252721 ], [ -94.444614098520944, 39.001192618604939 ], [ -94.44467501357218, 39.000435161432804 ], [ -94.444786647124872, 38.999681229825882 ], [ -94.444948691602733, 38.998932890145042 ], [ -94.445160701300324, 38.998192193359991 ], [ -94.445422093621673, 38.997461169429648 ], [ -94.445732150693516, 38.996741821740876 ], [ -94.446090021348468, 38.996036121620513 ], [ -94.446494723472327, 38.995346002936031 ], [ -94.446945146709467, 38.994673356799446 ], [ -94.447440055518072, 38.994020026388867 ], [ -94.447978092567325, 38.993387801901982 ], [ -94.448557782466622, 38.992778415654996 ], [ -94.449177535816901, 38.992193537340825 ], [ -94.449835653572507, 38.991634769459012 ], [ -94.450530331702126, 38.991103642930064 ], [ -94.451259666135186, 38.990601612906161 ], [ -94.452021657981021, 38.990130054789539 ], [ -94.452814219005802, 38.989690260469509 ], [ -94.453635177352552, 38.989283434788206 ], [ -94.454482283488659, 38.988910692244851 ], [ -94.455353216364443, 38.988573053947292 ], [ -94.456245589766169, 38.988271444819311 ], [ -94.457156958846028, 38.988006691071206 ], [ -94.458084826811373, 38.987779517940304 ], [ -94.459026651755096, 38.987590547708045 ], [ -94.459979853608459, 38.987440297998447 ], [ -94.460941821197352, 38.987329180362998 ], [ -94.461909919383245, 38.987257499155596 ], [ -94.462881496268793, 38.987225450700656 ], [ -94.463853890449215, 38.987233122756557 ], [ -94.464824438289284, 38.987280494276192 ], [ -94.465790481206227, 38.987367435464655 ], [ -94.466749372939105, 38.987493708134608 ], [ -94.467698486784471, 38.987658966357905 ], [ -94.468635222779042, 38.987862757411776 ], [ -94.469557014809666, 38.988104523017164 ], [ -94.470461337631406, 38.988383600865582 ], [ -94.471345713774554, 38.98869922643069 ], [ -94.472207720321848, 38.989050535059249 ], [ -94.47304499553762, 38.989436564336209 ], [ -94.473855245330483, 38.989856256717133 ], [ -94.474636249532324, 38.99030846242092 ], [ -94.475385867976243, 38.99079194257525 ], [ -94.47610204635707, 38.991305372605623 ], [ -94.476782821858194, 38.991847345859306 ], [ -94.477426328529504, 38.99241637745402 ], [ -94.478030802401889, 38.993010908341041 ], [ -94.478594586323666, 38.993629309571574 ], [ -94.479116134506569, 38.994269886754765 ], [ -94.479594016767876, 38.994930884695357 ], [ -94.480026922457711, 38.995610492198153 ], [ -94.480413664060208, 38.996306847026275 ], [ -94.480753180458834, 38.997018040999798 ], [ -94.481044539856725, 38.997742125220604 ], [ -94.481286942343829, 38.998477115409408 ], [ -94.481479722103813, 38.999220997340402 ], [ -94.481622349254422, 38.999971732358297 ], [ -94.481714431316107, 39.000727262963338 ], [ -94.481755714304782, 39.001485518448213 ], [ -94.481746083445387, 39.002244420572268 ], [ -94.481685563504243, 39.003001889256758 ], [ -94.481574318739064, 39.003755848286033 ], [ -94.481412652466517, 39.004504230998762 ], [ -94.481201006248355, 39.005244985953787 ], [ -94.480939958698173, 39.005976082554795 ], [ -94.480630223911831, 39.006695516618812 ], [ -94.480272649525745, 39.007401315872642 ], [ -94.479868214408086, 39.008091545362632 ], [ -94.479418025989133, 39.0087643127628 ], [ -94.478923317237943, 39.009417773566447 ], [ -94.478385443293504, 39.010050136147271 ], [ -94.477805877759394, 39.010659666676055 ], [ -94.477186208672123, 39.011244693879149 ], [ -94.476528134154094, 39.011803613625709 ], [ -94.475833457762945, 39.012334893331385 ], [ -94.475104083550164, 39.012837076165766 ], [ -94.474342010842264, 39.013308785052367 ], [ -94.473549328759034, 39.013748726450046 ], [ -94.472728210483794, 39.014155693905231 ], [ -94.471880907301312, 39.014528571365396 ], [ -94.471009742420208, 39.01486633624453 ], [ -94.470117104596085, 39.01516806223195 ], [ -94.469205441573834, 39.015432921837117 ], [ -94.46827725336658, 39.015660188662814 ], [ -94.467335085390062, 39.015849239401128 ], [ -94.466381521471405, 39.015999555545939 ], [ -94.465419176751539, 39.016110724817935 ], [ -94.464450690500925, 39.016182442297442 ], [ -94.463478718868657, 39.016214511262667 ], [ -94.462505927584388, 39.01620684373048 ], [ -94.46153498463417, 39.016159460698468 ], [ -94.460568552929615, 39.016072492087638 ], [ -94.45960928299138, 39.015946176385796 ], [ -94.458659805666542, 39.015780859992532 ], [ -94.457722724900776, 39.015576996267946 ], [ -94.456800610584608, 39.015335144287299 ], [ -94.455895991494003, 39.015055967305408 ], [ -94.455011348344655, 39.014740230934777 ], [ -94.454149106979216, 39.014388801042593 ], [ -94.453311631706043, 39.014002641372549 ], [ -94.452501218808422, 39.013582810897695 ], [ -94.451720090241452, 39.013130460912073 ], [ -94.45097038753461, 39.012646831868828 ], [ -94.450254165916277, 39.012133249973701 ], [ -94.449573388676768, 39.011591123543283 ], [ -94.448929921785236, 39.011021939138104 ], [ -94.448325528774987, 39.010427257481098 ], [ -94.447761865911701, 39.009808709172944 ], [ -94.44724047765736, 39.009167990215886 ], [ -94.446762792442442, 39.008506857358498 ], [ -94.446330118757956, 39.007827123274154 ], [ -94.44594364157787, 39.007130651586579 ], [ -94.445604419121622, 39.006419351756044 ], [ -94.445313379965626, 39.005695173840458 ], [ -94.445071320511261, 39.004960103145621 ], [ -94.444878902816527, 39.004216154779421 ], [ -94.444736652796834, 39.003465368124992 ], [ -94.444644958799799, 39.002709801247867 ], [ -94.444604070557787, 39.001951525252721 ] ] ] } },
{ "type": "Feature", "properties": { }, "geometry": { "type": "Polygon", "coordinates": [ [ [ -94.110258965726942, 39.012108329368111 ], [ -94.110272566934427, 39.011349397987722 ], [ -94.110337059225856, 39.010592061950433 ], [ -94.110452264211304, 39.009838397002092 ], [ -94.110617864529274, 39.009090468761144 ], [ -94.110833404734009, 39.008350327058373 ], [ -94.111098292560797, 39.007620000320493 ], [ -94.111411800565506, 39.006901490013178 ], [ -94.111773068133928, 39.006196765158542 ], [ -94.112181103854923, 39.005507756942123 ], [ -94.112634788251043, 39.004836353424338 ], [ -94.113132876858657, 39.004184394370434 ], [ -94.113674003649322, 39.003553666213328 ], [ -94.114256684782788, 39.002945897163109 ], [ -94.114879322681134, 39.002362752476408 ], [ -94.115540210412959, 39.001805829898473 ], [ -94.116237536375564, 39.001276655290745 ], [ -94.116969389262024, 39.000776678455267 ], [ -94.117733763299839, 39.000307269167799 ], [ -94.118528563746509, 38.999869713430279 ], [ -94.11935161262727, 38.999465209952653 ], [ -94.120200654699048, 38.99909486687384 ], [ -94.12107336362449, 38.998759698730815 ], [ -94.12196734833924, 38.998460623683719 ], [ -94.122880159595084, 38.99819846100489 ], [ -94.123809296661037, 38.997973928838491 ], [ -94.124752214164403, 38.997787642236723 ], [ -94.125706329052818, 38.997640111478134 ], [ -94.126669027658778, 38.997531740672471 ], [ -94.127637672847115, 38.997462826655948 ], [ -94.128609611226182, 38.997433558179779 ], [ -94.129582180403162, 38.997444015394358 ], [ -94.130552716263722, 38.997494169630336 ], [ -94.131518560256325, 38.99758388347734 ], [ -94.132477066661437, 38.997712911159852 ], [ -94.133425609825778, 38.997880899209648 ], [ -94.134361591342213, 38.998087387432456 ], [ -94.135282447155518, 38.998331810166668 ], [ -94.136185654574902, 38.998613497830341 ], [ -94.137068739174182, 38.998931678752584 ], [ -94.137929281560858, 38.999285481284033 ], [ -94.138764923995652, 38.999673936180962 ], [ -94.139573376844467, 39.000095979256386 ], [ -94.140352424845474, 39.000550454290988 ], [ -94.141099933173678, 39.001036116196026 ], [ -94.141813853287005, 39.001551634419471 ], [ -94.142492228537634, 39.002095596586294 ], [ -94.143133199533281, 39.002666512362779 ], [ -94.143735009233779, 39.00326281753464 ], [ -94.144296007769057, 39.003882878287449 ], [ -94.144814656965025, 39.004524995678196 ], [ -94.145289534565364, 39.005187410285245 ], [ -94.145719338137155, 39.005868307024578 ], [ -94.146102888649736, 39.006565820118766 ], [ -94.146439133717053, 39.007278038205285 ], [ -94.146727150494101, 39.008003009570317 ], [ -94.146966148219846, 39.008738747493481 ], [ -94.147155470399028, 39.009483235689295 ], [ -94.147294596617243, 39.010234433830043 ], [ -94.147383143983674, 39.010990283135371 ], [ -94.147420868197557, 39.011748712012974 ], [ -94.147407664235402, 39.012507641735212 ], [ -94.147343566656545, 39.013264992135944 ], [ -94.147228749526363, 39.014018687311982 ], [ -94.147063525956938, 39.014766661313708 ], [ -94.1468483472663, 39.015506863808973 ], [ -94.146583801758339, 39.016237265704966 ], [ -94.14627061312666, 39.016955864712621 ], [ -94.145909638486359, 39.017660690837971 ], [ -94.145501866039183, 39.018349811785939 ], [ -94.145048412378102, 39.019021338261005 ], [ -94.144550519438795, 39.019673429150778 ], [ -94.144009551105896, 39.020304296577912 ], [ -94.14342698948353, 39.020912210806443 ], [ -94.142804430840286, 39.021495504989161 ], [ -94.142143581239168, 39.022052579742883 ], [ -94.141446251865162, 39.022581907538893 ], [ -94.140714354062524, 39.023082036896845 ], [ -94.139949894095906, 39.023551596369806 ], [ -94.139154967649219, 39.023989298310461 ], [ -94.138331754077726, 39.024393942407016 ], [ -94.137482510428882, 39.024764418979863 ], [ -94.136609565248577, 39.025099712029487 ], [ -94.135715312189603, 39.025398902027199 ], [ -94.134802203440231, 39.025661168441268 ], [ -94.133872742990803, 39.02588579199098 ], [ -94.132929479757152, 39.026072156622931 ], [ -94.131975000579459, 39.02621975120362 ], [ -94.131011923116489, 39.026328170924074 ], [ -94.130042888654259, 39.026397118412163 ], [ -94.129070554849363, 39.026426404549944 ], [ -94.128097588426996, 39.026415948993545 ], [ -94.127126657853793, 39.026365780394094 ], [ -94.126160426005839, 39.026276036319395 ], [ -94.125201542852125, 39.026146962876091 ], [ -94.12425263817363, 39.025978914033779 ], [ -94.123316314338339, 39.025772350652844 ], [ -94.122395139151976, 39.025527839218263 ], [ -94.121491638804457, 39.025246050283869 ], [ -94.120608290931358, 39.024927756630049 ], [ -94.119747517809657, 39.024573831141282 ], [ -94.118911679706628, 39.024185244408486 ], [ -94.118103068400103, 39.023763062063004 ], [ -94.117323900888024, 39.023308441850091 ], [ -94.116576313304805, 39.022822630449028 ], [ -94.115862355060855, 39.022306960049789 ], [ -94.115183983221712, 39.021762844694678 ], [ -94.114543057142313, 39.021191776395746 ], [ -94.11394133337069, 39.020595321038371 ], [ -94.113380460835501, 39.019975114082442 ], [ -94.112861976330308, 39.019332856072808 ], [ -94.112387300307034, 39.018670307971725 ], [ -94.111957732990149, 39.017989286325822 ], [ -94.111574450821777, 39.017291658281032 ], [ -94.111238503248003, 39.01657933645928 ], [ -94.110950809854359, 39.015854273710964 ], [ -94.110712157858913, 39.015118457757659 ], [ -94.110523199968938, 39.014373905739745 ], [ -94.110384452607661, 39.01362265868422 ], [ -94.110296294515081, 39.012866775907341 ], [ -94.110258965726942, 39.012108329368111 ] ] ] } },
{ "type": "Feature", "properties": { }, "geometry": { "type": "Polygon", "coordinates": [ [ [ -94.536706178466261, 39.111326766051512 ], [ -94.536715197104328, 39.110567884597174 ], [ -94.536775182098012, 39.109810410793081 ], [ -94.536885967400437, 39.109056420777286 ], [ -94.53704724775038, 39.108307981073303 ], [ -94.537258579526522, 39.107567142927337 ], [ -94.537519381980559, 39.106835936687652 ], [ -94.537828938845408, 39.106116366242304 ], [ -94.538186400314046, 39.105410403529795 ], [ -94.538590785383391, 39.104719983138089 ], [ -94.539040984556522, 39.104046997006435 ], [ -94.539535762895881, 39.1033932892447 ], [ -94.540073763418761, 39.10276065108426 ], [ -94.540653510825791, 39.102150815974241 ], [ -94.541273415551998, 39.101565454836475 ], [ -94.541931778129353, 39.101006171492102 ], [ -94.542626793848768, 39.100474498272348 ], [ -94.54335655770862, 39.099971891825298 ], [ -94.54411906963638, 39.099499729130372 ], [ -94.544912239968866, 39.099059303730819 ], [ -94.545733895176326, 39.098651822195237 ], [ -94.54658178381446, 39.098278400816852 ], [ -94.54745358268822, 39.097940062560454 ], [ -94.548346903210799, 39.097637734264474 ], [ -94.549259297940026, 39.097372244106332 ], [ -94.550188267274805, 39.097144319337858 ], [ -94.551131266293083, 39.096954584296576 ], [ -94.552085711712834, 39.096803558698802 ], [ -94.553048988957244, 39.096691656218773 ], [ -94.554018459304743, 39.096619183357738 ], [ -94.554991467104557, 39.096586338606372 ], [ -94.555965347038097, 39.09659321190221 ], [ -94.556937431406681, 39.096639784384273 ], [ -94.557905057425515, 39.096725928444862 ], [ -94.558865574504381, 39.096851408078926 ], [ -94.559816351495115, 39.097015879529685 ], [ -94.560754783886395, 39.097218892228959 ], [ -94.561678300925962, 39.097459890029583 ], [ -94.562584372651344, 39.097738212726441 ], [ -94.563470516809701, 39.098053097862334 ], [ -94.564334305648075, 39.098403682813185 ], [ -94.565173372555535, 39.098789007147616 ], [ -94.56598541853927, 39.099208015253957 ], [ -94.566768218516842, 39.099659559227632 ], [ -94.567519627407563, 39.100142402011478 ], [ -94.568237586006234, 39.100655220779707 ], [ -94.56892012662351, 39.101196610557189 ], [ -94.569565378477037, 39.101765088063416 ], [ -94.570171572819063, 39.102359095771156 ], [ -94.570737047786096, 39.102977006168722 ], [ -94.571260252957572, 39.103617126213962 ], [ -94.571739753610757, 39.104277701968186 ], [ -94.572174234660409, 39.104956923397104 ], [ -94.572562504272213, 39.105652929325963 ], [ -94.572903497139805, 39.106363812535101 ], [ -94.573196277416685, 39.107087624982235 ], [ -94.573440041294447, 39.107822383137091 ], [ -94.573634119220515, 39.108566073413783 ], [ -94.57377797774862, 39.109316657686314 ], [ -94.57387122101747, 39.110072078871902 ], [ -94.57391359185263, 39.110830266566808 ], [ -94.573904972489103, 39.111589142719616 ], [ -94.573845384911849, 39.112346627325977 ], [ -94.573734990813577, 39.113100644129482 ], [ -94.573574091169391, 39.113849126313106 ], [ -94.573363125429537, 39.11459002216526 ], [ -94.573102670331934, 39.115321300705418 ], [ -94.572793438337953, 39.116040957253389 ], [ -94.572436275695253, 39.116747018927285 ], [ -94.572032160132977, 39.117437550054952 ], [ -94.571582198195216, 39.118110657483875 ], [ -94.571087622220318, 39.118764495775231 ], [ -94.570549786973871, 39.119397272267491 ], [ -94.56997016594444, 39.120007251995986 ], [ -94.569350347312366, 39.120592762454415 ], [ -94.568692029602431, 39.121152198185634 ], [ -94.567997017032113, 39.12168402518887 ], [ -94.56726721456856, 39.122186785131078 ], [ -94.566504622707242, 39.122659099351168 ], [ -94.565711331987075, 39.123099672645729 ], [ -94.564889517256859, 39.123507296825821 ], [ -94.564041431708645, 39.123880854035328 ], [ -94.563169400694832, 39.124219319821329 ], [ -94.562275815345643, 39.124521765948117 ], [ -94.561363126004707, 39.124787362947259 ], [ -94.560433835500987, 39.12501538239642 ], [ -94.559490492275302, 39.125205198920689 ], [ -94.558535683380896, 39.125356291911004 ], [ -94.557572027376892, 39.125468246954803 ], [ -94.556602167134614, 39.125540756974878 ], [ -94.555628762576632, 39.125573623073471 ], [ -94.554654483368495, 39.125566755079142 ], [ -94.553682001583397, 39.125520171794811 ], [ -94.552713984360352, 39.125434000946498 ], [ -94.551753086575658, 39.125308478832778 ], [ -94.550801943548592, 39.125143949675817 ], [ -94.54986316380085, 39.124940864676049 ], [ -94.548939321890373, 39.124699780772801 ], [ -94.548032951339039, 39.124421359114507 ], [ -94.547146537673612, 39.124106363242639 ], [ -94.546282511599927, 39.123755656994504 ], [ -94.545443242328034, 39.123370202130452 ], [ -94.544631031067908, 39.122951055692255 ], [ -94.543848104712794, 39.122499367100069 ], [ -94.543096609728025, 39.122016374995567 ], [ -94.54237860626202, 39.121503403840471 ], [ -94.541696062495703, 39.120961860279543 ], [ -94.541050849245963, 39.120393229278157 ], [ -94.540444734837564, 39.119799070045246 ], [ -94.539879380258242, 39.119181011752694 ], [ -94.539356334609593, 39.118540749062952 ], [ -94.538877030866544, 39.117880037477626 ], [ -94.538442781956945, 39.117200688519127 ], [ -94.538054777171766, 39.116504564759509 ], [ -94.537714078915869, 39.115793574709357 ], [ -94.53742161980793, 39.115069667581551 ], [ -94.537178200137504, 39.114334827943757 ], [ -94.536984485686062, 39.113591070274516 ], [ -94.536841005917466, 39.112840433438258 ], [ -94.536748152543339, 39.11208497509363 ], [ -94.536706178466261, 39.111326766051512 ] ] ] } },
{ "type": "Feature", "properties": { }, "geometry": { "type": "Polygon", "coordinates": [ [ [ -94.515317448675162, 39.105783324073641 ], [ -94.515326698060989, 39.105024439050766 ], [ -94.515386909675684, 39.104266971120872 ], [ -94.515497916851842, 39.103512996405186 ], [ -94.515659413720826, 39.102764581384605 ], [ -94.515870956068696, 39.102023777236965 ], [ -94.516131962570981, 39.101292614216725 ], [ -94.516441716402383, 39.100573096092894 ], [ -94.51679936721716, 39.099867194660064 ], [ -94.517203933494486, 39.099176844337713 ], [ -94.51765430524209, 39.098503936872653 ], [ -94.518149247050772, 39.097850316158812 ], [ -94.518687401491164, 39.097217773188703 ], [ -94.519267292843423, 39.096608041150347 ], [ -94.519887331149491, 39.09602279068298 ], [ -94.5205458165766, 39.09546362530434 ], [ -94.521240944080361, 39.094932077022371 ], [ -94.521970808354112, 39.094429602142888 ], [ -94.522733409051355, 39.093957577284847 ], [ -94.523526656266895, 39.093517295614035 ], [ -94.524348376261358, 39.093109963305423 ], [ -94.525196317413887, 39.092736696243662 ], [ -94.526068156386501, 39.092398516971009 ], [ -94.526961504483268, 39.092096351890731 ], [ -94.527873914187168, 39.091831028733488 ], [ -94.528802885856635, 39.091603274293973 ], [ -94.529745874563602, 39.09141371244359 ], [ -94.530700297054608, 39.091262862424621 ], [ -94.531663538815849, 39.091151137430799 ], [ -94.532632961222959, 39.091078843477682 ], [ -94.533605908756414, 39.091046178566302 ], [ -94.534579716262485, 39.091053232142038 ], [ -94.53555171624059, 39.09109998485053 ], [ -94.536519246136592, 39.091186308590821 ], [ -94.537479655623059, 39.091311966866066 ], [ -94.538430313845865, 39.091476615430523 ], [ -94.539368616618233, 39.091679803231195 ], [ -94.540291993542141, 39.09192097364155 ], [ -94.541197915037984, 39.092199465983917 ], [ -94.542083899263446, 39.092514517336539 ], [ -94.542947518902608, 39.092865264620194 ], [ -94.543786407806962, 39.093250746958859 ], [ -94.544598267470164, 39.09366990830808 ], [ -94.545380873319075, 39.094121600343442 ], [ -94.546132080803645, 39.094604585602013 ], [ -94.546849831269313, 39.095117540867598 ], [ -94.547532157595782, 39.095659060790823 ], [ -94.548177189586752, 39.096227661734332 ], [ -94.548783159095748, 39.096821785832397 ], [ -94.549348404874337, 39.097439805253984 ], [ -94.549871377128952, 39.098080026657776 ], [ -94.550350641774244, 39.098740695826834 ], [ -94.550784884370913, 39.09942000247036 ], [ -94.551172913737375, 39.100116085179444 ], [ -94.551513665225073, 39.100827036523413 ], [ -94.551806203648511, 39.101550908272586 ], [ -94.552049725861835, 39.102285716733412 ], [ -94.552243562974468, 39.103029448181452 ], [ -94.55238718220015, 39.103780064377126 ], [ -94.552480188333433, 39.104535508149361 ], [ -94.552522324850088, 39.10529370903177 ], [ -94.552513474627631, 39.106052588936038 ], [ -94.552453660284272, 39.106810067846752 ], [ -94.552343044134858, 39.107564069522411 ], [ -94.552181927763868, 39.108312527186733 ], [ -94.551970751216373, 39.109053389194663 ], [ -94.551710091809113, 39.109784624657792 ], [ -94.551400662564532, 39.110504229013443 ], [ -94.551043310272121, 39.11121022952225 ], [ -94.550639013182035, 39.111900690679207 ], [ -94.550188878337252, 39.112573719523212 ], [ -94.549694138551459, 39.113227470830466 ], [ -94.549156149040584, 39.113860152177629 ], [ -94.54857638371746, 39.114470028860616 ], [ -94.547956431159392, 39.115055428655459 ], [ -94.547297990259608, 39.115614746408298 ], [ -94.546602865574712, 39.116146448441782 ], [ -94.545872962380443, 39.116649076765569 ], [ -94.545110281449681, 39.117121253079496 ], [ -94.54431691356676, 39.117561682558438 ], [ -94.543495033793064, 39.117969157407991 ], [ -94.542646895500013, 39.118342560181809 ], [ -94.541774824185538, 39.118680866850696 ], [ -94.540881211091104, 39.118983149615644 ], [ -94.539968506637123, 39.119248579456624 ], [ -94.539039213694551, 39.119476428410053 ], [ -94.538095880711325, 39.119666071569078 ], [ -94.537141094712908, 39.119816988800501 ], [ -94.536177474195753, 39.119928766174247 ], [ -94.535207661933953, 39.120001097100854 ], [ -94.534234317718372, 39.120033783174229 ], [ -94.533260111048861, 39.120026734717108 ], [ -94.532287713799349, 39.119979971027774 ], [ -94.531319792876531, 39.119893620327503 ], [ -94.530359002892027, 39.119767919408517 ], [ -94.529407978868775, 39.119603212983741 ], [ -94.528469329001339, 39.119399952740153 ], [ -94.527545627490596, 39.119158696097948 ], [ -94.526639407472388, 39.118880104679604 ], [ -94.5257531540597, 39.118564942492362 ], [ -94.524889297517731, 39.118214073829755 ], [ -94.52405020659053, 39.117828460897641 ], [ -94.523238181997854, 39.117409161171345 ], [ -94.522455450119864, 39.116957324491352 ], [ -94.521704156887381, 39.116474189905297 ], [ -94.520986361894444, 39.115961082265507 ], [ -94.520304032749195, 39.11541940859076 ], [ -94.519659039678828, 39.114850654202954 ], [ -94.519053150403394, 39.114256378649003 ], [ -94.518488025292257, 39.1136382114193 ], [ -94.517965212816932, 39.112997847474588 ], [ -94.517486145312191, 39.112337042593509 ], [ -94.517052135057412, 39.111657608553777 ], [ -94.51666437068863, 39.11096140816003 ], [ -94.516323913950984, 39.11025035013234 ], [ -94.516031696800624, 39.109526383869259 ], [ -94.515788518863545, 39.108791494099847 ], [ -94.515595045258266, 39.108047695439332 ], [ -94.515451804788455, 39.107297026863762 ], [ -94.515359188509763, 39.106541546118031 ], [ -94.515317448675162, 39.105783324073641 ] ] ] } },
{ "type": "Feature", "properties": { }, "geometry": { "type": "Polygon", "coordinates": [ [ [ -94.429431356879817, 39.088149533350723 ], [ -94.429441531047473, 39.087390635627457 ], [ -94.429502654145949, 39.086633192826987 ], [ -94.429614557011519, 39.085879280998675 ], [ -94.429776931323104, 39.085130966448205 ], [ -94.429989330464878, 39.084390300075292 ], [ -94.430251170767448, 39.083659311754204 ], [ -94.430561733124136, 39.082940004772681 ], [ -94.430920164977493, 39.082234350344415 ], [ -94.431325482670658, 39.081544282209919 ], [ -94.431776574156814, 39.080871691340832 ], [ -94.432272202059238, 39.080218420761874 ], [ -94.432811007073497, 39.079586260504747 ], [ -94.433391511702112, 39.078976942707655 ], [ -94.434012124311721, 39.078392136873866 ], [ -94.434671143501092, 39.07783344530224 ], [ -94.435366762768339, 39.077302398702152 ], [ -94.436097075464332, 39.07680045200474 ], [ -94.436860080018818, 39.07632898038203 ], [ -94.437653685424607, 39.075889275484457 ], [ -94.438475716965272, 39.075482541907405 ], [ -94.439323922170431, 39.075109893896119 ], [ -94.440195976982295, 39.074772352297948 ], [ -94.441089492116902, 39.074470841770413 ], [ -94.442002019602441, 39.074206188252461 ], [ -94.442931059477033, 39.073979116705878 ], [ -94.443874066627728, 39.073790249132969 ], [ -94.444828457751939, 39.07364010287592 ], [ -94.445791618422689, 39.073529089202403 ], [ -94.446760910238183, 39.073457512181299 ], [ -94.447733678036542, 39.073425567851608 ], [ -94.448707257155803, 39.073433343686709 ], [ -94.449678980719881, 39.073480818355577 ], [ -94.450646186930271, 39.07356786178137 ], [ -94.451606226344154, 39.073694235497499 ], [ -94.452556469118704, 39.073859593300021 ], [ -94.453494312202309, 39.074063482194482 ], [ -94.454417186452901, 39.074305343635139 ], [ -94.455322563664325, 39.07458451505245 ], [ -94.45620796348139, 39.074900231665275 ], [ -94.45707096018495, 39.075251628572701 ], [ -94.45790918932866, 39.075637743119593 ], [ -94.458720354209149, 39.076057517529698 ], [ -94.459502232151991, 39.076509801799162 ], [ -94.460252680596682, 39.076993356842301 ], [ -94.460969642963519, 39.077506857881353 ], [ -94.461651154286784, 39.078048898070953 ], [ -94.462295346598552, 39.078617992347276 ], [ -94.462900454048622, 39.07921258149166 ], [ -94.463464817746399, 39.079831036397394 ], [ -94.46398689031129, 39.080471662528176 ], [ -94.464465240119566, 39.081132704556126 ], [ -94.46489855523545, 39.081812351166576 ], [ -94.465285647015961, 39.082508740016721 ], [ -94.465625453379346, 39.083219962834391 ], [ -94.465917041728076, 39.083944070643298 ], [ -94.466159611518336, 39.084679079100184 ], [ -94.466352496468645, 39.085422973929624 ], [ -94.466495166401657, 39.086173716441273 ], [ -94.466587228713607, 39.08692924911481 ], [ -94.466628429467448, 39.087687501237191 ], [ -94.466618654106483, 39.088446394576557 ], [ -94.466557927786127, 39.089203849077713 ], [ -94.466446415322906, 39.089957788563034 ], [ -94.466284420760573, 39.090706146423869 ], [ -94.466072386554345, 39.091446871285974 ], [ -94.465810892375302, 39.092177932634279 ], [ -94.465500653537916, 39.092897326380928 ], [ -94.465142519055092, 39.093603080361603 ], [ -94.464737469325655, 39.094293259745093 ], [ -94.464286613460544, 39.09496597234088 ], [ -94.463791186254966, 39.095619373790591 ], [ -94.46325254481448, 39.096251672628654 ], [ -94.462672164844406, 39.096861135198573 ], [ -94.46205163661233, 39.097446090410905 ], [ -94.461392660595038, 39.09800493433017 ], [ -94.46069704282138, 39.098536134577841 ], [ -94.45996668992413, 39.099038234539371 ], [ -94.45920360391402, 39.099509857363564 ], [ -94.458409876690666, 39.09994970974337 ], [ -94.457587684305153, 39.100356585467559 ], [ -94.456739280990092, 39.100729368733525 ], [ -94.455866992973839, 39.101067037211998 ], [ -94.454973212095368, 39.101368664855364 ], [ -94.454060389238052, 39.101633424441502 ], [ -94.453131027599909, 39.101860589846503 ], [ -94.452187675819204, 39.102049538039779 ], [ -94.451232920974363, 39.102199750795826 ], [ -94.450269381477383, 39.102310816118411 ], [ -94.449299699880513, 39.102382429372753 ], [ -94.448326535616204, 39.102414394122881 ], [ -94.447352557690181, 39.102406622671673 ], [ -94.446380437347926, 39.102359136302141 ], [ -94.445412840735116, 39.102272065219303 ], [ -94.444452421571924, 39.102145648192788 ], [ -94.443501813861772, 39.101980231901067 ], [ -94.442563624654611, 39.101776269979361 ], [ -94.441640426884689, 39.101534321773563 ], [ -94.440734752302717, 39.101255050803829 ], [ -94.439849084521938, 39.100939222941967 ], [ -94.438985852197362, 39.100587704307827 ], [ -94.438147422356835, 39.100201458890176 ], [ -94.43733609390263, 39.099781545899091 ], [ -94.436554091301318, 39.099329116856786 ], [ -94.435803558479151, 39.098845412435097 ], [ -94.435086552940319, 39.098331759048413 ], [ -94.434405040123536, 39.097789565211244 ], [ -94.433760888013097, 39.097220317670796 ], [ -94.433155862018708, 39.096625577324943 ], [ -94.432591620138581, 39.096006974936991 ], [ -94.432069708418581, 39.095366206659058 ], [ -94.43159155672025, 39.094705029376485 ], [ -94.431158474808782, 39.094025255885732 ], [ -94.430771648772122, 39.093328749919806 ], [ -94.430432137780528, 39.092617421033971 ], [ -94.43014087119532, 39.091893219366646 ], [ -94.429898646035028, 39.091158130289415 ], [ -94.429706124805278, 39.090414168960983 ], [ -94.429563833698452, 39.089663374800303 ], [ -94.429472161167809, 39.08890780589352 ], [ -94.429431356879817, 39.088149533350723 ] ] ] } },
{ "type": "Feature", "properties": { }, "geometry": { "type": "Polygon", "coordinates": [ [ [ -94.506160166623573, 38.903900817190419 ], [ -94.506169557627118, 38.903141906067248 ], [ -94.50622976597856, 38.902384418950888 ], [ -94.506340625035747, 38.901630432015402 ], [ -94.506501829352132, 38.900882011775892 ], [ -94.506712935531354, 38.900141209425698 ], [ -94.506973363459608, 38.899410055215988 ], [ -94.507282397911823, 38.898690552893669 ], [ -94.507639190527556, 38.897984674212516 ], [ -94.508042762150751, 38.897294353532523 ], [ -94.508492005526719, 38.896621482522455 ], [ -94.508985688349043, 38.895967904979862 ], [ -94.509522456647787, 38.895335411782753 ], [ -94.51010083850953, 38.894725735986768 ], [ -94.510719248119116, 38.894140548081197 ], [ -94.511375990111873, 38.893581451416757 ], [ -94.512069264224181, 38.893049977817505 ], [ -94.512797170229916, 38.892547583389081 ], [ -94.513557713148884, 38.892075644534508 ], [ -94.514348808713152, 38.89163545418829 ], [ -94.515168289076314, 38.891228218279487 ], [ -94.516013908750026, 38.890855052432748 ], [ -94.516883350751527, 38.890516978917013 ], [ -94.517774232945669, 38.890214923849413 ], [ -94.518684114563712, 38.889949714662635 ], [ -94.519610502881548, 38.889722077842201 ], [ -94.520550860039037, 38.88953263693994 ], [ -94.521502609981681, 38.889381910869169 ], [ -94.52246314550618, 38.889270312485905 ], [ -94.523429835390445, 38.889198147460277 ], [ -94.524400031588669, 38.889165613441129 ], [ -94.525371076472211, 38.889172799515819 ], [ -94.526340310096217, 38.889219685967007 ], [ -94.52730507747269, 38.889306144326916 ], [ -94.528262735829927, 38.889431937729015 ], [ -94.529210661838761, 38.889596721556025 ], [ -94.530146258786118, 38.889800044382554 ], [ -94.531066963675983, 38.890041349209916 ], [ -94.531970254239127, 38.890319974989531 ], [ -94.532853655831914, 38.890635158431046 ], [ -94.533714748205952, 38.890986036089977 ], [ -94.534551172129696, 38.891371646729446 ], [ -94.535360635844611, 38.89179093394948 ], [ -94.536140921337477, 38.892242749076615 ], [ -94.536889890412652, 38.892725854306349 ], [ -94.537605490547037, 38.89323892608919 ], [ -94.538285760511954, 38.893780558751956 ], [ -94.538928835746944, 38.894349268343738 ], [ -94.539532953470072, 38.894943496696449 ], [ -94.540096457511382, 38.895561615688827 ], [ -94.540617802855849, 38.896201931702272 ], [ -94.541095559883544, 38.896862690256242 ], [ -94.541528418295172, 38.897542080810908 ], [ -94.541915190712274, 38.898238241723554 ], [ -94.542254815942073, 38.898949265345649 ], [ -94.542546361897877, 38.899673203246145 ], [ -94.542789028166993, 38.900408071547339 ], [ -94.542982148218883, 38.901151856358304 ], [ -94.543125191247384, 38.901902519291092 ], [ -94.543217763641834, 38.902658003044941 ], [ -94.543259610082671, 38.903416237042691 ], [ -94.543250614258724, 38.904175143104524 ], [ -94.543190799203686, 38.904932641143127 ], [ -94.543080327250649, 38.905686654864787 ], [ -94.542919499604963, 38.906435117460887 ], [ -94.542708755536097, 38.907175977274072 ], [ -94.542448671190556, 38.907907203423591 ], [ -94.542139958028983, 38.908626791374317 ], [ -94.541783460891708, 38.909332768434332 ], [ -94.541380155697482, 38.910023199165778 ], [ -94.540931146781944, 38.910696190694146 ], [ -94.54043766388267, 38.911349897901474 ], [ -94.53990105877925, 38.911982528489098 ], [ -94.539322801597081, 38.912592347896123 ], [ -94.538704476785284, 38.913177684059796 ], [ -94.538047778779529, 38.913736932005087 ], [ -94.537354507361414, 38.914268558250448 ], [ -94.536626562727619, 38.914771105017813 ], [ -94.535865940281511, 38.915243194235138 ], [ -94.53507472516236, 38.915683531320482 ], [ -94.534255086526414, 38.91609090873709 ], [ -94.533409271596128, 38.916464209309908 ], [ -94.532539599493489, 38.916802409293958 ], [ -94.531648454874713, 38.917104581186436 ], [ -94.530738281383719, 38.917369896274707 ], [ -94.5298115749424, 38.917597626913008 ], [ -94.528870876896363, 38.917787148521569 ], [ -94.527918767034947, 38.917937941302895 ], [ -94.526957856504765, 38.918049591670041 ], [ -94.525990780636576, 38.918121793383321 ], [ -94.52502019170511, 38.91815434839193 ], [ -94.524048751641885, 38.918147167378599 ], [ -94.523079124721406, 38.918100270005169 ], [ -94.522113970240724, 38.918013784859085 ], [ -94.521155935212732, 38.917887949100354 ], [ -94.520207647093457, 38.917723107810346 ], [ -94.519271706563387, 38.917519713043994 ], [ -94.518350680382852, 38.91727832258821 ], [ -94.517447094341236, 38.916999598429712 ], [ -94.516563426319479, 38.916684304936695 ], [ -94.515702099485068, 38.916333306759448 ], [ -94.514865475638274, 38.915947566455245 ], [ -94.514055848728106, 38.915528141844675 ], [ -94.513275438555723, 38.915076183106478 ], [ -94.512526384682801, 38.914592929618642 ], [ -94.511810740561543, 38.914079706554951 ], [ -94.511130467902476, 38.913537921246075 ], [ -94.510487431295616, 38.912969059315344 ], [ -94.509883393099699, 38.912374680599889 ], [ -94.509320008613329, 38.9117564148684 ], [ -94.508798821541674, 38.911115957347178 ], [ -94.508321259770611, 38.910455064067136 ], [ -94.507888631460133, 38.909775547044198 ], [ -94.507502121467667, 38.90907926930668 ], [ -94.507162788110833, 38.908368139783107 ], [ -94.506871560278498, 38.90764410806478 ], [ -94.506629234897886, 38.906909159057285 ], [ -94.506436474764726, 38.906165307535794 ], [ -94.506293806741823, 38.905414592619138 ], [ -94.506201620331225, 38.904659072177644 ], [ -94.506160166623573, 38.903900817190419 ] ] ] } },
{ "type": "Feature", "properties": { }, "geometry": { "type": "Polygon", "coordinates": [ [ [ -94.504827313601965, 38.953190860815582 ], [ -94.504836708235175, 38.952431955592758 ], [ -94.504896955432585, 38.951674474247966 ], [ -94.505007888441639, 38.950920492939268 ], [ -94.505169201609192, 38.950172078166034 ], [ -94.505380451236832, 38.949431281106207 ], [ -94.505641056813943, 38.948700131995949 ], [ -94.505950302625138, 38.947980634567593 ], [ -94.506307339727528, 38.947274760560795 ], [ -94.50671118829203, 38.946584444321907 ], [ -94.507160740302297, 38.945911577506713 ], [ -94.507654762603735, 38.945258003900264 ], [ -94.508191900293994, 38.944625514368859 ], [ -94.508770680445664, 38.94401584195699 ], [ -94.50938951615079, 38.943430657143651 ], [ -94.510046710876054, 38.942871563269954 ], [ -94.510740463116619, 38.942340092151206 ], [ -94.511468871335978, 38.941837699885177 ], [ -94.512229939177871, 38.941365762867832 ], [ -94.513021580936567, 38.940925574027588 ], [ -94.513841627269898, 38.940518339288339 ], [ -94.514687831139895, 38.94014517427059 ], [ -94.51555787396471, 38.939807101240007 ], [ -94.516449371964725, 38.939505046311602 ], [ -94.517359882686108, 38.939239836916883 ], [ -94.518286911683433, 38.939012199541274 ], [ -94.519227919343734, 38.938822757737526 ], [ -94.520180327833089, 38.938672030420889 ], [ -94.521141528146799, 38.938560430450458 ], [ -94.522108887244443, 38.938488263500439 ], [ -94.523079755249881, 38.93845572722477 ], [ -94.524051472697025, 38.938462910716922 ], [ -94.525021377801551, 38.938509794266729 ], [ -94.525986813738953, 38.938596249414566 ], [ -94.526945135908875, 38.938722039302981 ], [ -94.527893719166471, 38.938886819324729 ], [ -94.528829965000739, 38.93909013806536 ], [ -94.529751308640542, 38.939331438538026 ], [ -94.530655226069015, 38.939610059706744 ], [ -94.531539240927216, 38.93992523829462 ], [ -94.532400931288421, 38.940276110871324 ], [ -94.533237936284323, 38.940661716214834 ], [ -94.534047962565566, 38.941080997940702 ], [ -94.534828790578544, 38.94153280739156 ], [ -94.53557828064173, 38.94201590677951 ], [ -94.536294378804712, 38.942528972572205 ], [ -94.536975122474161, 38.943070599113959 ], [ -94.537618645791056, 38.943639302471738 ], [ -94.538223184744808, 38.944233524495672 ], [ -94.538787082009961, 38.94485163708287 ], [ -94.539308791492417, 38.945491946633339 ], [ -94.539786882572415, 38.946152698685225 ], [ -94.540220044032992, 38.946832082717449 ], [ -94.540607087662622, 38.947528237106049 ], [ -94.540946951522443, 38.948239254221093 ], [ -94.541238702868668, 38.948963185650108 ], [ -94.541481540722344, 38.949698047533708 ], [ -94.5416747980792, 38.95044182599905 ], [ -94.541817943753003, 38.951192482675978 ], [ -94.541910583847937, 38.951947960281132 ], [ -94.541952462854994, 38.952706188254389 ], [ -94.54194346436978, 38.95346508843248 ], [ -94.541883611429256, 38.954222580744151 ], [ -94.541773066466448, 38.954976588911215 ], [ -94.541612130882953, 38.955725046139989 ], [ -94.541401244240319, 38.956465900787407 ], [ -94.541140983072225, 38.957197121986347 ], [ -94.540832059320621, 38.957916705214679 ], [ -94.540475318399871, 38.958622677792725 ], [ -94.540071736893992, 38.959313104294097 ], [ -94.539622419893419, 38.959986091855022 ], [ -94.539128597977921, 38.960639795367477 ], [ -94.538591623854359, 38.96127242254196 ], [ -94.53801296865808, 38.961882238825844 ], [ -94.537394217928011, 38.962467572163909 ], [ -94.536737067266472, 38.963026817587746 ], [ -94.536043317695473, 38.963558441621622 ], [ -94.53531487072236, 38.964060986492441 ], [ -94.5345537231279, 38.964533074132234 ], [ -94.533761961491663, 38.964973409962333 ], [ -94.532941756469199, 38.965380786448407 ], [ -94.532095356837104, 38.965754086416943 ], [ -94.531225083322056, 38.966092286123697 ], [ -94.530333322231115, 38.9663944580658 ], [ -94.529422518900674, 38.966659773529685 ], [ -94.528495170981984, 38.966887504867856 ], [ -94.52755382158216, 38.967077027498071 ], [ -94.526601052279375, 38.967227821619481 ], [ -94.525639476031415, 38.967339473641132 ], [ -94.524671729997522, 38.967411677318502 ], [ -94.5237004682932, 38.967444234595256 ], [ -94.522728354698017, 38.96743705614783 ], [ -94.521758055336505, 38.96739016163113 ], [ -94.520792231352814, 38.967303679624941 ], [ -94.519833531598763, 38.967177847280972 ], [ -94.518884585356105, 38.967013009671625 ], [ -94.517947995112806, 38.966809618842269 ], [ -94.517026329413369, 38.966568232569614 ], [ -94.51612211580327, 38.96628951282964 ], [ -94.515237833886431, 38.965974223979252 ], [ -94.514375908515561, 38.965623230656796 ], [ -94.513538703133747, 38.965237495407237 ], [ -94.512728513285865, 38.964818076038306 ], [ -94.511947560317552, 38.964366122715411 ], [ -94.511197985279381, 38.963882874802728 ], [ -94.510481843052759, 38.963369657459893 ], [ -94.509801096713801, 38.962827878003004 ], [ -94.509157612150759, 38.962259022040428 ], [ -94.508553152949631, 38.961664649394081 ], [ -94.507989375562076, 38.961046389817021 ], [ -94.50746782476881, 38.960405938519763 ], [ -94.506989929450938, 38.95974505151711 ], [ -94.506556998680622, 38.959065540808716 ], [ -94.506170218141904, 38.958369269406454 ], [ -94.505830646891155, 38.957658146222236 ], [ -94.505539214466282, 38.956934120830688 ], [ -94.505296718352042, 38.956199178120663 ], [ -94.505103821808603, 38.955455332850541 ], [ -94.504961052068978, 38.954704624122407 ], [ -94.504868798910223, 38.95394910978991 ], [ -94.504827313601965, 38.953190860815582 ] ] ] } },
{ "type": "Feature", "properties": { }, "geometry": { "type": "Polygon", "coordinates": [ [ [ -94.576492134901699, 38.975452378894609 ], [ -94.576500759381133, 38.974693486371002 ], [ -94.576560252772339, 38.973935986125063 ], [ -94.576670450386615, 38.973181954369117 ], [ -94.576831048583784, 38.972433457743151 ], [ -94.577041605621972, 38.971692547651678 ], [ -94.577301542885408, 38.970961254642759 ], [ -94.577610146486677, 38.97024158284507 ], [ -94.57796656923901, 38.969535504477889 ], [ -94.578369832992863, 38.968844954449274 ], [ -94.578818831330224, 38.968171825057055 ], [ -94.579312332609362, 38.967517960807079 ], [ -94.579848983351198, 38.966885153363037 ], [ -94.580427311958161, 38.966275136641386 ], [ -94.581045732755058, 38.965689582065124 ], [ -94.581702550341021, 38.96513009398884 ], [ -94.582395964240291, 38.964598205308114 ], [ -94.583124073839173, 38.964095373264648 ], [ -94.583884883595616, 38.963622975459053 ], [ -94.584676308507255, 38.96318230608172 ], [ -94.585496179822528, 38.962774572372375 ], [ -94.58634225097984, 38.962400891317657 ], [ -94.587212203758057, 38.962062286595973 ], [ -94.588103654621804, 38.961759685777764 ], [ -94.589014161244293, 38.961493917788701 ], [ -94.589941229189662, 38.961265710643076 ], [ -94.590882318737059, 38.961075689452997 ], [ -94.591834851827329, 38.960924374719355 ], [ -94.592796219114163, 38.960812180908782 ], [ -94.593763787099775, 38.960739415320653 ], [ -94.594734905336296, 38.960706277247134 ], [ -94.595706913673126, 38.960712857428646 ], [ -94.596677149530436, 38.96075913780615 ], [ -94.59764295517941, 38.960844991570816 ], [ -94.598601685009072, 38.960970183511222 ], [ -94.599550712760333, 38.961134370656801 ], [ -94.600487438707333, 38.961337103216096 ], [ -94.601409296766818, 38.961577825806962 ], [ -94.602313761516058, 38.961855878975697 ], [ -94.603198355100304, 38.962170501000685 ], [ -94.604060654011136, 38.96252082997583 ], [ -94.604898295717007, 38.962905906168004 ], [ -94.60570898512816, 38.963324674642344 ], [ -94.60649050087828, 38.963775988147738 ], [ -94.60724070140563, 38.964258610255307 ], [ -94.607957530817302, 38.964771218740914 ], [ -94.608639024520315, 38.965312409202554 ], [ -94.609283314604383, 38.965880698903021 ], [ -94.60988863496155, 38.966474530826972 ], [ -94.610453326128678, 38.967092277941823 ], [ -94.610975839839298, 38.967732247650538 ], [ -94.611454743272773, 38.968392686424295 ], [ -94.61188872298851, 38.96907178460237 ], [ -94.612276588534826, 38.969767681346177 ], [ -94.612617275722144, 38.970478469734083 ], [ -94.612909849551698, 38.971202201982706 ], [ -94.613153506791377, 38.971936894780967 ], [ -94.613347578191664, 38.972680534721896 ], [ -94.613491530335352, 38.973431083817516 ], [ -94.613584967115756, 38.974186485081908 ], [ -94.613627630839403, 38.974944668166735 ], [ -94.613619402949723, 38.97570355503435 ], [ -94.613560304369713, 38.976461065652465 ], [ -94.613450495462473, 38.97721512369516 ], [ -94.613290275609444, 38.977963662234416 ], [ -94.613080082407237, 38.978704629406508 ], [ -94.612820490485404, 38.979435994037999 ], [ -94.612512209947695, 38.980155751215513 ], [ -94.612156084441324, 38.980861927784311 ], [ -94.611753088859189, 38.981552587760426 ], [ -94.611304326681122, 38.98222583764143 ], [ -94.610811026961443, 38.982879831601366 ], [ -94.61027454097092, 38.983512776555415 ], [ -94.609696338502076, 38.984122937080521 ], [ -94.609078003848069, 38.984708640178177 ], [ -94.608421231465996, 38.985268279866538 ], [ -94.607727821336354, 38.985800321588933 ], [ -94.606999674031542, 38.986303306426898 ], [ -94.606238785506676, 38.986775855105797 ], [ -94.605447241627189, 38.9872166717822 ], [ -94.604627212448037, 38.987624547602586 ], [ -94.603780946260414, 38.987998364023291 ], [ -94.602910763422258, 38.988337095882805 ], [ -94.602019049989508, 38.988639814217755 ], [ -94.601108251165726, 38.988905688814917 ], [ -94.600180864588168, 38.989133990492 ], [ -94.599239433468753, 38.989324093101168 ], [ -94.598286539608893, 38.989475475249485 ], [ -94.597324796307618, 38.989587721731716 ], [ -94.59635684118237, 38.989660524671422 ], [ -94.595385328922632, 38.989693684367168 ], [ -94.594412923996003, 38.989687109841654 ], [ -94.593442293327399, 38.989640819091974 ], [ -94.592476098971318, 38.989554939040559 ], [ -94.591516990797459, 38.989429705186872 ], [ -94.590567599210161, 38.989265460960624 ], [ -94.589630527921543, 38.989062656778742 ], [ -94.588708346798455, 38.988821848808037 ], [ -94.58780358480324, 38.98854369743767 ], [ -94.586918723047305, 38.988228965465147 ], [ -94.586056187977192, 38.98787851600121 ], [ -94.585218344711905, 38.98749331009904 ], [ -94.584407490549481, 38.987074404114686 ], [ -94.583625848661327, 38.986622946805817 ], [ -94.582875561991145, 38.986140176176853 ], [ -94.582158687375639, 38.985627416079176 ], [ -94.581477189903097, 38.985086072575854 ], [ -94.580832937525031, 38.984517630080902 ], [ -94.58022769593633, 38.983923647283667 ], [ -94.57966312373712, 38.98330575286974 ], [ -94.579140767890436, 38.982665641050005 ], [ -94.5786620594873, 38.982005066910276 ], [ -94.57822830983153, 38.981325841594391 ], [ -94.577840706854218, 38.980629827333857 ], [ -94.577500311868192, 38.979918932337874 ], [ -94.577208056670784, 38.979195105557821 ], [ -94.57696474100311, 38.978460331340493 ], [ -94.576771030372356, 38.977716623984904 ], [ -94.576627454243052, 38.976966022217617 ], [ -94.576534404602214, 38.976210583601677 ], [ -94.576492134901699, 38.975452378894609 ] ] ] } },
{ "type": "Feature", "properties": { }, "geometry": { "type": "Polygon", "coordinates": [ [ [ -94.312238971195882, 38.902490000879389 ], [ -94.312250428131719, 38.901731068486065 ], [ -94.312312699913079, 38.900973644618638 ], [ -94.312425614243566, 38.900219805271 ], [ -94.312588860045992, 38.899471616547117 ], [ -94.312801988332467, 38.898731128999273 ], [ -94.313064413451826, 38.898000372009662 ], [ -94.313375414711174, 38.897281348230564 ], [ -94.313734138366527, 38.896576028098686 ], [ -94.31413959997731, 38.895886344438054 ], [ -94.3145906871177, 38.895214187166971 ], [ -94.315086162437709, 38.894561398122747 ], [ -94.31562466706491, 38.893929766018864 ], [ -94.316204724337979, 38.893321021548111 ], [ -94.316824743861261, 38.892736832645106 ], [ -94.317483025869365, 38.892178799920998 ], [ -94.318177765889814, 38.891648452283128 ], [ -94.318907059690687, 38.89114724275106 ], [ -94.319668908500077, 38.890676544480883 ], [ -94.320461224482571, 38.89023764700832 ], [ -94.321281836458255, 38.889831752720923 ], [ -94.322128495848119, 38.889459973568961 ], [ -94.32299888283012, 38.889123328024006 ], [ -94.3238906126887, 38.888822738293364 ], [ -94.324801242340683, 38.888559027797925 ], [ -94.325728277019678, 38.888332918920575 ], [ -94.32666917710084, 38.888145031030717 ], [ -94.327621365047548, 38.887995878790903 ], [ -94.328582232460718, 38.88788587074967 ], [ -94.329549147212134, 38.887815308224681 ], [ -94.330519460642009, 38.887784384479076 ], [ -94.33149051480143, 38.887793184193335 ], [ -94.332459649719922, 38.887841683234058 ], [ -94.333424210678558, 38.887929748720268 ], [ -94.334381555468653, 38.88805713938703 ], [ -94.335329061616605, 38.888223506245517 ], [ -94.336264133554934, 38.888428393537517 ], [ -94.337184209720434, 38.888671239982102 ], [ -94.338086769559752, 38.888951380310694 ], [ -94.338969340423887, 38.889268047086631 ], [ -94.339829504332158, 38.889620372804181 ], [ -94.340664904587939, 38.890007392261367 ], [ -94.341473252227786, 38.890428045200018 ], [ -94.342252332286378, 38.890881179206069 ], [ -94.343000009860404, 38.891365552862013 ], [ -94.343714235954678, 38.891879839143016 ], [ -94.344393053094578, 38.892422629047658 ], [ -94.345034600689473, 38.892992435452967 ], [ -94.345637120132494, 38.893587697183769 ], [ -94.346198959622555, 38.894206783284886 ], [ -94.346718578695516, 38.894847997484675 ], [ -94.347194552451967, 38.895509582837896 ], [ -94.347625575469934, 38.896189726535034 ], [ -94.348010465391894, 38.896886564864971 ], [ -94.348348166175924, 38.897598188317751 ], [ -94.348637751002059, 38.898322646813128 ], [ -94.348878424825955, 38.899057955040902 ], [ -94.349069526572237, 38.899802097898373 ], [ -94.349210530962011, 38.900553036009981 ], [ -94.349301049968759, 38.901308711314165 ], [ -94.349340833898793, 38.902067052702058 ], [ -94.349329772093071, 38.902825981692736 ], [ -94.349267893248125, 38.903583418129202 ], [ -94.349155365355273, 38.904337285879819 ], [ -94.348992495257775, 38.905085518529475 ], [ -94.34877972782725, 38.905826065044572 ], [ -94.34851764476123, 38.906556895396925 ], [ -94.348206963005012, 38.907276006130409 ], [ -94.347848532802047, 38.907981425855695 ], [ -94.347443335377775, 38.908671220657546 ], [ -94.346992480263523, 38.909343499399981 ], [ -94.346497202267201, 38.90999641891483 ], [ -94.345958858099252, 38.910628189059153 ], [ -94.345378922663002, 38.911237077627746 ], [ -94.34475898501924, 38.911821415107248 ], [ -94.344100744036254, 38.912379599258635 ], [ -94.343406003737073, 38.912910099515535 ], [ -94.342676668356617, 38.913411461186257 ], [ -94.341914737122394, 38.913882309447821 ], [ -94.341122298772859, 38.914321353121196 ], [ -94.340301525828608, 38.91472738821701 ], [ -94.339454668632243, 38.91509930124225 ], [ -94.338584049173022, 38.915436072258622 ], [ -94.337692054713585, 38.915736777684153 ], [ -94.336781131236123, 38.916000592830315 ], [ -94.335853776726253, 38.916226794167692 ], [ -94.33491253431292, 38.916414761313845 ], [ -94.333959985283443, 38.916563978737891 ], [ -94.332998741992981, 38.916674037177117 ], [ -94.332031440687942, 38.91674463476167 ], [ -94.331060734263289, 38.916775577844334 ], [ -94.330089284973681, 38.916766781532715 ], [ -94.329119757118718, 38.91671826992296 ], [ -94.328154809722392, 38.916630176033749 ], [ -94.327197089227298, 38.916502741441214 ], [ -94.326249222223353, 38.916336315615453 ], [ -94.325313808231641, 38.916131354960697 ], [ -94.324393412563012, 38.915888421561675 ], [ -94.323490559271278, 38.915608181639676 ], [ -94.322607724220646, 38.915291403722499 ], [ -94.32174732828625, 38.914938956533582 ], [ -94.32091173070684, 38.914551806605743 ], [ -94.320103222607798, 38.91413101562663 ], [ -94.319324020712443, 38.913677737522725 ], [ -94.318576261258954, 38.913193215290292 ], [ -94.317861994139633, 38.912678777581988 ], [ -94.317183177278551, 38.912135835058315 ], [ -94.316541671263309, 38.911565876514373 ], [ -94.315939234245178, 38.910970464792186 ], [ -94.315377517122229, 38.910351232490285 ], [ -94.31485805901788, 38.909709877482094 ], [ -94.314382283067971, 38.909048158255594 ], [ -94.313951492527238, 38.908367889087046 ], [ -94.313566867206134, 38.907670935062264 ], [ -94.313229460247584, 38.906959206958774 ], [ -94.312940195252295, 38.906234656003406 ], [ -94.312699863760542, 38.905499268519343 ], [ -94.312509123096973, 38.904755060477655 ], [ -94.312368494584433, 38.904004071968082 ], [ -94.312278362131224, 38.903248361604327 ], [ -94.312238971195882, 38.902490000879389 ] ] ] } },
{ "type": "Feature", "properties": { }, "geometry": { "type": "Polygon", "coordinates": [ [ [ -94.505067313048926, 38.953200899037036 ], [ -94.505076705118839, 38.952441993846833 ], [ -94.505136949761649, 38.951684512429814 ], [ -94.505247880231778, 38.950930530944227 ], [ -94.505409190883043, 38.950182115889987 ], [ -94.505620438023925, 38.949441318445778 ], [ -94.50588104115063, 38.948710168848834 ], [ -94.506190284554449, 38.947990670832823 ], [ -94.506547319299131, 38.947284796139009 ], [ -94.506951165561986, 38.946594479115674 ], [ -94.507400715333006, 38.945921611420708 ], [ -94.507894735463694, 38.945268036841618 ], [ -94.508431871057667, 38.944635546247326 ], [ -94.509010649193215, 38.944025872685287 ], [ -94.50962948296791, 38.943440686637636 ], [ -94.510286675853706, 38.94288159144886 ], [ -94.510980426350812, 38.942350118937888 ], [ -94.511708832927468, 38.941847725206273 ], [ -94.512469899231888, 38.941375786654028 ], [ -94.513261539562578, 38.940935596213777 ], [ -94.514081584581206, 38.940528359813761 ], [ -94.514927787253484, 38.940155193079065 ], [ -94.515797829000746, 38.939817118280054 ], [ -94.516689326046361, 38.939515061536575 ], [ -94.517599835939095, 38.939249850285101 ], [ -94.518526864235795, 38.939022211016145 ], [ -94.519467871325404, 38.938832767287622 ], [ -94.520420279375514, 38.938682038020104 ], [ -94.521381479382697, 38.938570436077953 ], [ -94.522348838307323, 38.938498267140822 ], [ -94.52331970627371, 38.938465728868088 ], [ -94.524291423815896, 38.938472910358655 ], [ -94.52526132914933, 38.938519791907858 ], [ -94.526226765448826, 38.938606245061528 ], [ -94.527185088113086, 38.938732032967692 ], [ -94.528133671995889, 38.938896811024527 ], [ -94.529069918584511, 38.939100127822968 ], [ -94.529991263105785, 38.939341426381432 ], [ -94.53089518154043, 38.939620045669244 ], [ -94.531779197526774, 38.939935222414618 ], [ -94.532640889134967, 38.940286093192285 ], [ -94.533477895493348, 38.940671696785145 ], [ -94.534287923248797, 38.941090976813541 ], [ -94.535068752843713, 38.941542784624772 ], [ -94.535818244592221, 38.942025882435402 ], [ -94.536534344539348, 38.942538946717427 ], [ -94.537215090086832, 38.943080571819301 ], [ -94.537858615370567, 38.943649273811943 ], [ -94.538463156374561, 38.944243494549184 ], [ -94.539027055767789, 38.944861605931735 ], [ -94.53954876745027, 38.945501914362822 ], [ -94.540026860796289, 38.946162665383724 ], [ -94.540460024582643, 38.946842048476185 ], [ -94.540847070591482, 38.947538202018791 ], [ -94.541186936877381, 38.948249218383985 ], [ -94.541478690689956, 38.948973149161311 ], [ -94.541721531043507, 38.949708010493197 ], [ -94.541914790926867, 38.95045178850831 ], [ -94.542057939146943, 38.951202444837755 ], [ -94.542150581800911, 38.951957922199121 ], [ -94.542192463372743, 38.952716150032927 ], [ -94.542183467451039, 38.953475050176358 ], [ -94.542123617065712, 38.954232542558223 ], [ -94.54201307464281, 38.954986550900159 ], [ -94.541852141576953, 38.955735008408027 ], [ -94.541641257422754, 38.956475863437966 ], [ -94.541380998707112, 38.957207085121873 ], [ -94.541072077365214, 38.957926668936246 ], [ -94.540715338804816, 38.958632642199809 ], [ -94.540311759603455, 38.959323069484341 ], [ -94.539862444845241, 38.959996057923874 ], [ -94.539368625103776, 38.960649762408018 ], [ -94.538831653079967, 38.961282390644584 ], [ -94.538252999903392, 38.961892208078098 ], [ -94.537634251107391, 38.962477542650099 ], [ -94.536977102289001, 38.96303678938888 ], [ -94.536283354465155, 38.963568414815065 ], [ -94.535554909138384, 38.964070961151748 ], [ -94.534793763084949, 38.964543050326938 ], [ -94.534002002880172, 38.964983387757762 ], [ -94.533181799175679, 38.965390765905497 ], [ -94.532335400744401, 38.965764067592062 ], [ -94.531465128309748, 38.966102269068529 ], [ -94.530573368175823, 38.966404442827127 ], [ -94.529662565676318, 38.966669760149344 ], [ -94.528735218460255, 38.966897493382568 ], [ -94.527793869632802, 38.967087017939342 ], [ -94.52684110077054, 38.967237814013572 ], [ -94.52587952483006, 38.967349468008912 ], [ -94.524911778969752, 38.967421673675403 ], [ -94.523940517304638, 38.967454232951283 ], [ -94.522968403614172, 38.967447056507496 ], [ -94.521998104023183, 38.967400163993453 ], [ -94.521032279676405, 38.967313683983413 ], [ -94.520073579426693, 38.967187853623614 ], [ -94.519124632557151, 38.96702301798102 ], [ -94.518188041557423, 38.966819629095625 ], [ -94.517266374974213, 38.966578244738763 ], [ -94.5163621603553, 38.966299526881187 ], [ -94.515477877307447, 38.965984239874594 ], [ -94.514615950686476, 38.965633248352347 ], [ -94.5137787439389, 38.965247514854404 ], [ -94.512968552613344, 38.964828097183712 ], [ -94.512187598059526, 38.964376145500992 ], [ -94.511438021332353, 38.963892899165998 ], [ -94.51072187731792, 38.963379683333969 ], [ -94.510041129097232, 38.962837905316874 ], [ -94.509397642563698, 38.962269050719179 ], [ -94.508793181308775, 38.961674679358993 ], [ -94.50822940178972, 38.961056420985898 ], [ -94.507707848793146, 38.960415970807105 ], [ -94.50722995120617, 38.959755084834356 ], [ -94.506797018107221, 38.959075575064468 ], [ -94.506410235186692, 38.958379304506749 ], [ -94.50607066150755, 38.957668182070826 ], [ -94.505779226614337, 38.956944157329261 ], [ -94.505536727998575, 38.956209215169125 ], [ -94.505343828927309, 38.955465370347319 ], [ -94.505201056640487, 38.954714661964715 ], [ -94.505108800922144, 38.953959147873995 ], [ -94.505067313048926, 38.953200899037036 ] ] ] } },
{ "type": "Feature", "properties": { }, "geometry": { "type": "Polygon", "coordinates": [ [ [ -94.443971774165277, 39.010711468106528 ], [ -94.443981807213348, 39.009952562468051 ], [ -94.444042733629033, 39.009195106460361 ], [ -94.444154384793862, 39.00844117616974 ], [ -94.444316453082592, 39.007692837953329 ], [ -94.444528492723819, 39.006952142776839 ], [ -94.444789921038918, 39.006221120594624 ], [ -94.445100020055378, 39.005501774788627 ], [ -94.445457938490236, 39.004796076680414 ], [ -94.445862694097912, 39.00410596013176 ], [ -94.446313176375682, 39.003433316248696 ], [ -94.446808149619571, 39.002779988202974 ], [ -94.447346256321779, 39.00214776618558 ], [ -94.447926020900596, 39.0015383825058 ], [ -94.448545853752037, 39.000953506849314 ], [ -94.449204055612512, 39.000394741708163 ], [ -94.449898822220064, 38.999863617995153 ], [ -94.450628249261712, 38.999361590854548 ], [ -94.451390337593068, 38.99889003568051 ], [ -94.452182998716012, 38.998450244354075 ], [ -94.453004060499509, 38.998043421708999 ], [ -94.453851273127711, 38.997670682235984 ], [ -94.454722315259474, 38.997333047034346 ], [ -94.455614800382051, 38.99703144101926 ], [ -94.456526283341901, 38.996766690392278 ], [ -94.457454267034834, 38.996539520382136 ], [ -94.458396209237108, 38.996350553261586 ], [ -94.459349529559233, 38.99620030664606 ], [ -94.460311616503063, 38.996089192078507 ], [ -94.461279834603587, 38.996017513904384 ], [ -94.462251531635516, 38.995985468439756 ], [ -94.463224045865445, 38.995993143434852 ], [ -94.464194713329817, 38.996040517834494 ], [ -94.46516087511867, 38.99612746183594 ], [ -94.466119884645934, 38.996253737244203 ], [ -94.467069114885945, 38.996418998123758 ], [ -94.46800596555704, 38.99662279174462 ], [ -94.468927870232335, 38.996864559820807 ], [ -94.469832303358686, 38.997143640037223 ], [ -94.47071678716452, 38.997459267861167 ], [ -94.471578898437983, 38.99781057863342 ], [ -94.472416275156675, 38.99819660993316 ], [ -94.473226622951344, 38.998616304210628 ], [ -94.474007721385505, 38.999068511679724 ], [ -94.474757430034174, 38.99955199346347 ], [ -94.475473694344998, 39.000065424983106 ], [ -94.476154551265878, 39.000607399581995 ], [ -94.476798134623536, 39.001176432374393 ], [ -94.477402680238484, 39.00177096430847 ], [ -94.477966530762274, 39.00238936643273 ], [ -94.478488140223774, 39.003029944354097 ], [ -94.478966078272023, 39.00369094287543 ], [ -94.479399034103793, 39.004370550800097 ], [ -94.479785820065359, 39.00506690589021 ], [ -94.480125374918103, 39.005778099965262 ], [ -94.480416766759177, 39.006502184126951 ], [ -94.480659195589027, 39.007237174096282 ], [ -94.480851995518464, 39.007981055648081 ], [ -94.480994636609296, 39.008731790128188 ], [ -94.481086726343079, 39.009487320038318 ], [ -94.481128010713974, 39.010245574673121 ], [ -94.48111837494244, 39.011004475794259 ], [ -94.481057843807562, 39.011761943325723 ], [ -94.480946581597024, 39.012515901054918 ], [ -94.480784891674617, 39.013264282324087 ], [ -94.480573215666269, 39.01400503569586 ], [ -94.480312132266562, 39.01473613057825 ], [ -94.480002355669072, 39.015455562792809 ], [ -94.479644733624227, 39.01616136007128 ], [ -94.479240245130356, 39.016851587465311 ], [ -94.478789997763585, 39.017524352654469 ], [ -94.478295224654175, 39.018177811137917 ], [ -94.477757281117178, 39.018810171295598 ], [ -94.477177640946678, 39.019419699304713 ], [ -94.476557892383582, 39.020004723898275 ], [ -94.475899733768017, 39.020563640952467 ], [ -94.475204968888121, 39.021094917890075 ], [ -94.474475502037933, 39.021597097888105 ], [ -94.473713332798027, 39.022068803877644 ], [ -94.472920550552956, 39.022508742325286 ], [ -94.472099328760834, 39.022915706785383 ], [ -94.471251918990518, 39.023288581213457 ], [ -94.470380644743102, 39.023626343031644 ], [ -94.469487895074494, 39.023928065937511 ], [ -94.468576118036594, 39.024192922448798 ], [ -94.467647813955637, 39.024420186176719 ], [ -94.466705528565527, 39.024609233821707 ], [ -94.465751846015849, 39.024759546886074 ], [ -94.464789381773372, 39.024870713098878 ], [ -94.463820775436886, 39.024942427548815 ], [ -94.462848683485248, 39.024974493522336 ], [ -94.461875771978697, 39.024966823044565 ], [ -94.460904709233461, 39.024919437121177 ], [ -94.459938158490246, 39.024832465681158 ], [ -94.458978770596602, 39.02470614722008 ], [ -94.458029176723656, 39.024540828145255 ], [ -94.45709198113714, 39.02433696182419 ], [ -94.456169754042861, 39.024095107339434 ], [ -94.455265024526469, 39.023815927952739 ], [ -94.454380273606844, 39.023500189283368 ], [ -94.453517927422411, 39.023148757205021 ], [ -94.452680350569281, 39.022762595467519 ], [ -94.451869839609429, 39.022342763049771 ], [ -94.451088616767038, 39.021890411251313 ], [ -94.450338823830094, 39.021406780530484 ], [ -94.449622516274445, 39.02089319709782 ], [ -94.44894165762598, 39.020351069274312 ], [ -94.448298114076906, 39.01978188362451 ], [ -94.447693649370578, 39.019187200874924 ], [ -94.447129919968958, 39.018568651629479 ], [ -94.446608470516168, 39.017927931893112 ], [ -94.446130729610076, 39.017266798416721 ], [ -94.445698005893945, 39.016587063875534 ], [ -94.445311484478452, 39.015890591894667 ], [ -94.444972223703729, 39.015179291935333 ], [ -94.444681152250681, 39.014455114055885 ], [ -94.444439066608609, 39.013720043562138 ], [ -94.444246628906669, 39.012976095561513 ], [ -94.444104365114427, 39.012225309436175 ], [ -94.444012663616547, 39.011469743250238 ], [ -94.443971774165277, 39.010711468106528 ] ] ] } },
{ "type": "Feature", "properties": { }, "geometry": { "type": "Polygon", "coordinates": [ [ [ -94.350843814184486, 39.152457296704611 ], [ -94.350854821020576, 39.151698398834895 ], [ -94.35091682253784, 39.15094098943554 ], [ -94.35102964716026, 39.150187144461434 ], [ -94.351192984036174, 39.149438930031977 ], [ -94.351406383908099, 39.148698396769362 ], [ -94.351669260361007, 39.147967574179866 ], [ -94.351980891446217, 39.147248465093831 ], [ -94.35234042167572, 39.146543040179445 ], [ -94.352746864381587, 39.145853232545107 ], [ -94.353199104433671, 39.145180932445513 ], [ -94.353695901308157, 39.144527982105629 ], [ -94.354235892498266, 39.143896170676754 ], [ -94.354817597257849, 39.143287229338576 ], [ -94.355439420667182, 39.142702826560281 ], [ -94.356099658010166, 39.142144563534018 ], [ -94.356796499450525, 39.141613969792843 ], [ -94.357528034994303, 39.141112499025255 ], [ -94.358292259724976, 39.140641525097649 ], [ -94.359087079296984, 39.140202338295524 ], [ -94.359910315672366, 39.139796141793717 ], [ -94.360759713085059, 39.139424048365193 ], [ -94.361632944216481, 39.139087077337464 ], [ -94.362527616565572, 39.138786151804638 ], [ -94.363441278995921, 39.138522096103053 ], [ -94.364371428442055, 39.138295633557064 ], [ -94.365315516756908, 39.138107384501133 ], [ -94.366270957681564, 39.13795786458391 ], [ -94.367235133918371, 39.137847483358257 ], [ -94.368205404288474, 39.137776543161813 ], [ -94.369179110953922, 39.13774523829052 ], [ -94.370153586685134, 39.13775365446768 ], [ -94.371126162153629, 39.137801768609904 ], [ -94.372094173230565, 39.13788944889059 ], [ -94.373054968271092, 39.138016455100562 ], [ -94.374005915364634, 39.138182439305361 ], [ -94.374944409531793, 39.138386946796757 ], [ -94.375867879847945, 39.138629417336595 ], [ -94.376773796474396, 39.138909186688913 ], [ -94.377659677577938, 39.139225488436765 ], [ -94.378523096120034, 39.139577456078293 ], [ -94.379361686497091, 39.139964125396794 ], [ -94.38017315101385, 39.140384437098106 ], [ -94.380955266172151, 39.140837239708105 ], [ -94.381705888758106, 39.14132129272258 ], [ -94.382422961710915, 39.14183527000084 ], [ -94.383104519757225, 39.142377763393874 ], [ -94.383748694796083, 39.142947286597064 ], [ -94.384353721019068, 39.14354227921725 ], [ -94.384917939752185, 39.144161111042592 ], [ -94.38543980400587, 39.144802086504171 ], [ -94.385917882720577, 39.145463449316779 ], [ -94.386350864696652, 39.146143387286308 ], [ -94.386737562197112, 39.146840037270856 ], [ -94.387076914213651, 39.147551490281735 ], [ -94.387367989386846, 39.1482757967105 ], [ -94.387609988572308, 39.149010971668147 ], [ -94.387802247045499, 39.149755000421116 ], [ -94.387944236339408, 39.150505843909983 ], [ -94.38803556570933, 39.151261444335503 ], [ -94.388075983221071, 39.152019730796432 ], [ -94.388065376458997, 39.152778624964164 ], [ -94.388003772852102, 39.153536046778434 ], [ -94.387891339616857, 39.154289920148301 ], [ -94.387728383316755, 39.155038178643274 ], [ -94.387515349039674, 39.15577877115836 ], [ -94.387252819195055, 39.15650966753811 ], [ -94.386941511934097, 39.157228864143697 ], [ -94.386582279196915, 39.1579343893481 ], [ -94.38617610439205, 39.15862430894407 ], [ -94.38572409971448, 39.15929673145024 ], [ -94.385227503109192, 39.159949813300571 ], [ -94.384687674888752, 39.160581763902854 ], [ -94.384106094013816, 39.16119085055265 ], [ -94.3834843540468, 39.161775403188678 ], [ -94.38282415878956, 39.162333818976919 ], [ -94.382127317617304, 39.162864566710603 ], [ -94.381395740521043, 39.163366191014084 ], [ -94.380631432872534, 39.1638373163388 ], [ -94.379836489925822, 39.164276650740504 ], [ -94.379013091070576, 39.164682989427206 ], [ -94.378163493853023, 39.165055218068147 ], [ -94.377290027780859, 39.165392315854433 ], [ -94.376395087929183, 39.165693358303116 ], [ -94.375481128365251, 39.165957519796919 ], [ -94.374550655409962, 39.166184075852435 ], [ -94.373606220754837, 39.166372405110607 ], [ -94.372650414453361, 39.166521991044164 ], [ -94.371685857806327, 39.16663242337691 ], [ -94.370715196160461, 39.166703399211301 ], [ -94.369741091640591, 39.166734723860884 ], [ -94.368766215835308, 39.166726311385702 ], [ -94.367793242456358, 39.166678184828555 ], [ -94.366824839992177, 39.166590476152095 ], [ -94.365863664375766, 39.166463425876586 ], [ -94.364912351687337, 39.166297382419309 ], [ -94.363973510911848, 39.166092801137637 ], [ -94.363049716771414, 39.165850243078225 ], [ -94.362143502652629, 39.16557037343587 ], [ -94.361257353648099, 39.165253959726364 ], [ -94.360393699731532, 39.164901869678239 ], [ -94.359554909085318, 39.164515068849283 ], [ -94.358743281598933, 39.164094617974513 ], [ -94.357961042556042, 39.16364167005289 ], [ -94.357210336527828, 39.163157467180689 ], [ -94.356493221489359, 39.162643337140466 ], [ -94.355811663175018, 39.162100689754915 ], [ -94.355167529688742, 39.161531013015811 ], [ -94.354562586383651, 39.160935868998529 ], [ -94.353998491025294, 39.160316889573636 ], [ -94.353476789251545, 39.159675771927169 ], [ -94.352998910341711, 39.159014273902173 ], [ -94.352566163306392, 39.158334209174107 ], [ -94.352179733308532, 39.15763744227371 ], [ -94.351840678425575, 39.156925883470642 ], [ -94.351549926761507, 39.156201483532378 ], [ -94.351308273916288, 39.155466228372489 ], [ -94.35111638081986, 39.154722133603215 ], [ -94.350974771936109, 39.153971239007262 ], [ -94.350883833841877, 39.153215602943817 ], [ -94.350843814184486, 39.152457296704611 ] ] ] } },
{ "type": "Feature", "properties": { }, "geometry": { "type": "Polygon", "coordinates": [ [ [ -94.527747383050297, 39.106445310838239 ], [ -94.527756498920013, 39.105686427560762 ], [ -94.527816577571954, 39.104928955926276 ], [ -94.527927452702968, 39.104174972066559 ], [ -94.528088818806154, 39.103426542488023 ], [ -94.5283002320257, 39.102685718408807 ], [ -94.528561111390658, 39.101954530138421 ], [ -94.52887074042377, 39.101234981515404 ], [ -94.529228269120878, 39.10052904441833 ], [ -94.529632716295282, 39.099838653364728 ], [ -94.530082972280539, 39.099165700213312 ], [ -94.530577801984066, 39.0985120289835 ], [ -94.531115848283065, 39.097879430806479 ], [ -94.531695635753366, 39.097269639021718 ], [ -94.53231557472084, 39.096684324432303 ], [ -94.532973965624279, 39.096125090731888 ], [ -94.533669003677517, 39.095593470115638 ], [ -94.534398783818304, 39.095090919087632 ], [ -94.535161305930018, 39.094618814475503 ], [ -94.535954480322047, 39.094178449663502 ], [ -94.536776133453884, 39.093771031054317 ], [ -94.537624013887282, 39.093397674768973 ], [ -94.538495798450001, 39.093059403594054 ], [ -94.539389098594654, 39.092757144184432 ], [ -94.540301466935105, 39.092491724529012 ], [ -94.541230403942649, 39.092263871686683 ], [ -94.542173364783849, 39.09207420979812 ], [ -94.543127766281273, 39.091923258379509 ], [ -94.544090993978358, 39.091811430902041 ], [ -94.545060409289135, 39.091739033661774 ], [ -94.546033356713394, 39.091706264942403 ], [ -94.547007171097704, 39.091713214473415 ], [ -94.547979184922653, 39.091759863185167 ], [ -94.548946735596317, 39.091846083261331 ], [ -94.549907172734521, 39.091971638488772 ], [ -94.550857865407664, 39.092136184903815 ], [ -94.55179620933491, 39.09233927173301 ], [ -94.552719634005854, 39.092580342626235 ], [ -94.553625609710551, 39.092858737178226 ], [ -94.554511654458665, 39.093173692734972 ], [ -94.555375340769004, 39.093524346479526 ], [ -94.556214302310991, 39.093909737792039 ], [ -94.55702624037994, 39.094328810877315 ], [ -94.557808930188486, 39.094780417652714 ], [ -94.558560226957255, 39.095263320888883 ], [ -94.559278071787745, 39.095776197594361 ], [ -94.559960497301802, 39.096317642635078 ], [ -94.560605633032011, 39.096886172578955 ], [ -94.561211710548406, 39.097480229754929 ], [ -94.561777068307208, 39.098098186515486 ], [ -94.562300156208693, 39.098738349691224 ], [ -94.562779539851192, 39.099398965225006 ], [ -94.563213904469947, 39.100078222973274 ], [ -94.563602058549478, 39.1007742616614 ], [ -94.563942937099966, 39.101485173979697 ], [ -94.564235604588134, 39.102209011805762 ], [ -94.564479257514776, 39.102943791539388 ], [ -94.564673226631413, 39.103687499535305 ], [ -94.564816978790205, 39.104438097618562 ], [ -94.564910118421565, 39.105193528668188 ], [ -94.564952388635433, 39.105951722253124 ], [ -94.564943671942927, 39.106710600305426 ], [ -94.564883990596186, 39.107468082815267 ], [ -94.564773506545393, 39.108222093531666 ], [ -94.56461252101272, 39.108970565653991 ], [ -94.564401473684342, 39.109711447497979 ], [ -94.564140941522439, 39.110442708121269 ], [ -94.563831637200238, 39.111162342892541 ], [ -94.563474407164321, 39.111868378989442 ], [ -94.563070229329171, 39.112558880809722 ], [ -94.562620210410287, 39.113231955281087 ], [ -94.562125582902922, 39.113885757054938 ], [ -94.561587701714544, 39.114518493569832 ], [ -94.561008040460351, 39.115128429970611 ], [ -94.560388187431627, 39.115713893869739 ], [ -94.559729841248014, 39.116273279937737 ], [ -94.559034806205702, 39.116805054310014 ], [ -94.558304987333969, 39.117307758797949 ], [ -94.557542385173775, 39.117780014892567 ], [ -94.556749090292769, 39.11822052754993 ], [ -94.555927277551532, 39.118628088747521 ], [ -94.555079200137058, 39.119001580802099 ], [ -94.554207183379717, 39.119339979439545 ], [ -94.553313618370893, 39.119642356608509 ], [ -94.552400955398625, 39.11990788302986 ], [ -94.55147169721964, 39.120135830474993 ], [ -94.550528392186237, 39.120325573766706 ], [ -94.549573627246886, 39.120476592496971 ], [ -94.548610020840073, 39.120588472457108 ], [ -94.547640215700994, 39.120660906776045 ], [ -94.546666871600934, 39.120693696763844 ], [ -94.545692658039329, 39.120686752458006 ], [ -94.544720246909122, 39.120640092870907 ], [ -94.543752305155152, 39.120553845938048 ], [ -94.54279148744638, 39.120428248166782 ], [ -94.541840428882026, 39.120263643986952 ], [ -94.540901737751682, 39.120060484804853 ], [ -94.539977988369799, 39.119819327763338 ], [ -94.53907171400391, 39.119540834211506 ], [ -94.538185399916557, 39.119225767888061 ], [ -94.537321476539844, 39.118874992823521 ], [ -94.536482312801738, 39.118489470966949 ], [ -94.535670209622225, 39.118070259543799 ], [ -94.534887393597629, 39.117618508152383 ], [ -94.53413601089018, 39.117135455606473 ], [ -94.533418121339963, 39.116622426533411 ], [ -94.532735692815038, 39.116080827736653 ], [ -94.532090595815831, 39.115512144332847 ], [ -94.531484598348001, 39.11491793567442 ], [ -94.530919361078233, 39.114299831068514 ], [ -94.530396432786205, 39.113659525304371 ], [ -94.529917246124825, 39.112998774001383 ], [ -94.529483113700707, 39.11231938879061 ], [ -94.52909522448536, 39.111623232343156 ], [ -94.528754640566689, 39.110912213258949 ], [ -94.528462294249906, 39.110188280830123 ], [ -94.528218985515423, 39.109453419693331 ], [ -94.528025379840685, 39.10870964438579 ], [ -94.527882006391565, 39.107958993819892 ], [ -94.527789256588434, 39.107203525691588 ], [ -94.527747383050297, 39.106445310838239 ] ] ] } },
{ "type": "Feature", "properties": { }, "geometry": { "type": "Polygon", "coordinates": [ [ [ -94.528037311977684, 39.106725358568532 ], [ -94.528046424674045, 39.105966475364824 ], [ -94.528106500356287, 39.105209003673124 ], [ -94.528217372729415, 39.104455019625384 ], [ -94.528378736294002, 39.103706589728532 ], [ -94.5285901472012, 39.102965765201596 ], [ -94.528851024486372, 39.102234576355286 ], [ -94.529160651677927, 39.101515027029784 ], [ -94.529518178776712, 39.100809089105546 ], [ -94.529922624600388, 39.100118697102381 ], [ -94.530372879486194, 39.099445742881642 ], [ -94.530867708344516, 39.098792070465628 ], [ -94.531405754054873, 39.098159470988783 ], [ -94.531985541194643, 39.097549677794177 ], [ -94.532605480090609, 39.096964361688748 ], [ -94.533263871181717, 39.096405126370243 ], [ -94.533958909681303, 39.09587350403833 ], [ -94.534688690525826, 39.095370951201765 ], [ -94.53545121359673, 39.094898844693091 ], [ -94.536244389200775, 39.094458477901796 ], [ -94.537066043794141, 39.094051057235944 ], [ -94.537913925934518, 39.093677698822233 ], [ -94.538785712445019, 39.093339425453046 ], [ -94.539679014772915, 39.093037163789248 ], [ -94.540591385526071, 39.092771741825928 ], [ -94.541520325169202, 39.092543886628263 ], [ -94.542463288861612, 39.092354222343438 ], [ -94.543417693418107, 39.09220326849411 ], [ -94.544380924373712, 39.092091438558157 ], [ -94.545350343133578, 39.092019038838373 ], [ -94.546323294188042, 39.091986267625231 ], [ -94.547297112373769, 39.091993214655055 ], [ -94.548269130160904, 39.092039860865022 ], [ -94.549236684946734, 39.092126078445688 ], [ -94.550197126335803, 39.092251631190713 ], [ -94.551147823386927, 39.092416175143214 ], [ -94.552086171807233, 39.092619259536512 ], [ -94.553009601074081, 39.092860328027157 ], [ -94.553915581464963, 39.093138720216459 ], [ -94.554801630976698, 39.093453673456871 ], [ -94.55566532211509, 39.093804324937786 ], [ -94.55650428853636, 39.094189714045577 ], [ -94.557316231522435, 39.094608784991067 ], [ -94.558098926272535, 39.09506038969753 ], [ -94.558850227993759, 39.095543290941237 ], [ -94.559568077774045, 39.096056165736215 ], [ -94.560250508221699, 39.096597608953658 ], [ -94.560895648855819, 39.09716613716644 ], [ -94.56150173123298, 39.097760192708279 ], [ -94.562067093796117, 39.098378147936153 ], [ -94.562590186432345, 39.09901830968488 ], [ -94.56306957472701, 39.099678923901187 ], [ -94.563503943902617, 39.100358180445198 ], [ -94.563892102431211, 39.101054218045583 ], [ -94.564232985310738, 39.101765129395631 ], [ -94.564525656996111, 39.102488966375617 ], [ -94.564769313976541, 39.103223745387687 ], [ -94.564963286992494, 39.10396745278851 ], [ -94.565107042885373, 39.10471805040482 ], [ -94.565200186075387, 39.105473481116924 ], [ -94.565242459662684, 39.10623167449468 ], [ -94.56523374614909, 39.106990552470762 ], [ -94.565174067778031, 39.10774803503552 ], [ -94.565063586491519, 39.108502045937868 ], [ -94.564902603504123, 39.109250518376655 ], [ -94.564691558494985, 39.109991400666772 ], [ -94.564431028419932, 39.1107226618646 ], [ -94.564121725946436, 39.111442297337305 ], [ -94.563764497515962, 39.112148334260574 ], [ -94.563360321038573, 39.112838837029919 ], [ -94.562910303226033, 39.113511912570445 ], [ -94.56241567657051, 39.114165715530625 ], [ -94.561877795977125, 39.114798453345756 ], [ -94.561298135059431, 39.115408391157082 ], [ -94.56067828210773, 39.115993856573262 ], [ -94.560019935741465, 39.116553244260622 ], [ -94.559324900257309, 39.117085020350117 ], [ -94.558595080685691, 39.117587726648445 ], [ -94.557832477569491, 39.118059984641619 ], [ -94.557039181478999, 39.118500499280522 ], [ -94.556217367278052, 39.118908062537187 ], [ -94.55536928815765, 39.119281556722711 ], [ -94.554497269452867, 39.119619957557141 ], [ -94.553603702260389, 39.119922336983073 ], [ -94.552691036874265, 39.120187865715209 ], [ -94.55176177605783, 39.120415815518548 ], [ -94.550818468170604, 39.120605561209473 ], [ -94.549863700168913, 39.120756582373325 ], [ -94.548900090499643, 39.120868464794754 ], [ -94.547930281906972, 39.120940901595922 ], [ -94.546956934171604, 39.120973694080106 ], [ -94.545982716803039, 39.120966752277916 ], [ -94.545010301704636, 39.120920095194883 ], [ -94.544042355832119, 39.120833850759617 ], [ -94.543081533865802, 39.120708255472636 ], [ -94.542130470916561, 39.12054365375694 ], [ -94.541191775286094, 39.120340497012087 ], [ -94.540268021301159, 39.120099342374218 ], [ -94.539361742241979, 39.119820851185878 ], [ -94.538475423383943, 39.119505787179264 ], [ -94.537611495172314, 39.119155014378542 ], [ -94.536772326548288, 39.118769494726571 ], [ -94.535960218445311, 39.118350285442773 ], [ -94.535177397473177, 39.117898536119576 ], [ -94.53442600980776, 39.117415485565104 ], [ -94.533708115302687, 39.116902458401263 ], [ -94.533025681839717, 39.116360861426244 ], [ -94.532380579932749, 39.115792179751715 ], [ -94.531774577600928, 39.115197972725383 ], [ -94.531209335524323, 39.114579869649909 ], [ -94.530686402495746, 39.113939565310382 ], [ -94.530207211181107, 39.113278815322261 ], [ -94.529773074199809, 39.112599431313051 ], [ -94.529385180535826, 39.111903275950539 ], [ -94.529044592289253, 39.111192257831704 ], [ -94.52875224177717, 39.110468326246043 ], [ -94.528508928991485, 39.109733465827929 ], [ -94.528315319420713, 39.10898969111259 ], [ -94.528171942241414, 39.108239041010812 ], [ -94.528079188884163, 39.107483573217316 ], [ -94.528037311977684, 39.106725358568532 ] ] ] } },
{ "type": "Feature", "properties": { }, "geometry": { "type": "Polygon", "coordinates": [ [ [ -94.493877013854117, 38.915608925979505 ], [ -94.493886533244464, 38.914850014705046 ], [ -94.493946878264438, 38.914092532622902 ], [ -94.494057881896396, 38.913338555892835 ], [ -94.494219238296822, 38.912590151001531 ], [ -94.494430503651841, 38.911849369099727 ], [ -94.494691097410765, 38.911118240382059 ], [ -94.495000303893605, 38.91039876852507 ], [ -94.495357274268116, 38.909692925198506 ], [ -94.495761028890797, 38.909002644664973 ], [ -94.496210460005358, 38.908329818482713 ], [ -94.496704334790863, 38.907676290325917 ], [ -94.497241298751419, 38.907043850936795 ], [ -94.497819879437628, 38.906434233223123 ], [ -94.49843849048986, 38.905849107514598 ], [ -94.499095435991805, 38.905290076991072 ], [ -94.499788915122778, 38.904758673295056 ], [ -94.500517027095455, 38.90425635234034 ], [ -94.501277776365981, 38.90378449032832 ], [ -94.502069078101783, 38.903344379982734 ], [ -94.502888763892415, 38.90293722701324 ], [ -94.503734587687504, 38.90256414681712 ], [ -94.50460423194599, 38.90222616142853 ], [ -94.505495313979523, 38.901924196723108 ], [ -94.506405392472828, 38.901659079885953 ], [ -94.507331974163392, 38.90143153714962 ], [ -94.50827252066226, 38.901242191808272 ], [ -94.509224455397174, 38.901091562513535 ], [ -94.510185170659511, 38.900980061856458 ], [ -94.511152034735659, 38.900907995239677 ], [ -94.512122399103461, 38.900875560042664 ], [ -94.5130936056743, 38.900882845082286 ], [ -94.514062994061149, 38.900929830370387 ], [ -94.515027908852645, 38.901016387168816 ], [ -94.515985706873764, 38.901142278341631 ], [ -94.516933764413238, 38.901307159004112 ], [ -94.517869484397963, 38.90151057746592 ], [ -94.518790303495152, 38.901751976466777 ], [ -94.519693699122826, 38.902030694700457 ], [ -94.520577196349549, 38.902345968623713 ], [ -94.521438374664854, 38.902696934544522 ], [ -94.522274874601607, 38.903082630984578 ], [ -94.523084404192659, 38.903502001309143 ], [ -94.523864745243941, 38.903953896617423 ], [ -94.524613759407075, 38.904437078885479 ], [ -94.52532939403477, 38.904950224353051 ], [ -94.526009687803224, 38.905491927145292 ], [ -94.526652776085882, 38.906060703119302 ], [ -94.527256896064188, 38.906654993925272 ], [ -94.52782039156105, 38.907273171270916 ], [ -94.528341717583857, 38.907913541377802 ], [ -94.528819444564519, 38.90857434961719 ], [ -94.529252262284984, 38.909253785313069 ], [ -94.529638983477099, 38.909949986698955 ], [ -94.529978547087325, 38.910661046015257 ], [ -94.530270021196628, 38.911385014732971 ], [ -94.530512605588029, 38.912119908889707 ], [ -94.530705633954213, 38.912863714523425 ], [ -94.530848575739157, 38.913614393188816 ], [ -94.530941037608514, 38.914369887541639 ], [ -94.530982764544618, 38.91512812697534 ], [ -94.530973640562863, 38.91588703329478 ], [ -94.53091368904721, 38.916644526411503 ], [ -94.530803072703947, 38.917398530044814 ], [ -94.53064209313348, 38.918146977413308 ], [ -94.530431190020963, 38.918887816900828 ], [ -94.53017093994832, 38.919619017681846 ], [ -94.529862054830019, 38.920338575290245 ], [ -94.529505379977394, 38.921044517116805 ], [ -94.529101891796131, 38.921734907819712 ], [ -94.528652695123341, 38.922407854633704 ], [ -94.528159020211362, 38.923061512562896 ], [ -94.527622219366236, 38.923694089443266 ], [ -94.527043763250219, 38.924303850860689 ], [ -94.526425236858145, 38.924889124911005 ], [ -94.525768335178725, 38.925448306789079 ], [ -94.525074858552586, 38.925979863194129 ], [ -94.524346707739525, 38.926482336539287 ], [ -94.523585878709, 38.926954348953515 ], [ -94.522794457167421, 38.927394606065228 ], [ -94.52197461283788, 38.92780190055678 ], [ -94.521128593507697, 38.928175115480329 ], [ -94.520258718860262, 38.928513227325631 ], [ -94.519367374108143, 38.92881530883156 ], [ -94.518457003444993, 38.929080531533323 ], [ -94.517530103334394, 38.929308168038489 ], [ -94.51658921565398, 38.929497594025548 ], [ -94.515636920714073, 38.929648289959289 ], [ -94.514675830169779, 38.929759842518578 ], [ -94.51370857984638, 38.929831945732083 ], [ -94.51273782249784, 38.92986440181943 ], [ -94.511766220518339, 38.929857121734834 ], [ -94.510796438627111, 38.929810125412153 ], [ -94.509831136546822, 38.929723541710473 ], [ -94.508872961695715, 38.929597608060469 ], [ -94.507924541913681, 38.929432669812243 ], [ -94.506988478242647, 38.92922917928707 ], [ -94.506067337780877, 38.928987694534769 ], [ -94.505163646631331, 38.928708877801071 ], [ -94.504279882963175, 38.928393493708427 ], [ -94.503418470206128, 38.928042407155864 ], [ -94.502581770395878, 38.927656580943406 ], [ -94.501772077689452, 38.927237073127557 ], [ -94.500991612068049, 38.926785034115511 ], [ -94.500242513244828, 38.926301703505665 ], [ -94.499526834794651, 38.925788406683537 ], [ -94.498846538521477, 38.925246551182255 ], [ -94.498203489079259, 38.924677622817811 ], [ -94.497599448861024, 38.924083181609653 ], [ -94.49703607316998, 38.923464857497891 ], [ -94.496514905686155, 38.92282434586896 ], [ -94.496037374240601, 38.922163402902164 ], [ -94.495604786909126, 38.921483840749588 ], [ -94.495218328435584, 38.920787522563209 ], [ -94.494879056995217, 38.920076357382328 ], [ -94.49458790130592, 38.919352294895802 ], [ -94.494345658096023, 38.918617320093368 ], [ -94.494152989934776, 38.917873447820661 ], [ -94.494010423431732, 38.917122717253072 ], [ -94.493918347809554, 38.916367186303511 ], [ -94.493877013854117, 38.915608925979505 ] ] ] } },
{ "type": "Feature", "properties": { }, "geometry": { "type": "Polygon", "coordinates": [ [ [ -94.35327226005559, 39.12044753571999 ], [ -94.353283245791928, 39.119688634104023 ], [ -94.353345203120753, 39.118931220309037 ], [ -94.353457960589708, 39.118177370302178 ], [ -94.353621207533806, 39.117429150216871 ], [ -94.35383449494438, 39.116688610691121 ], [ -94.354097236716996, 39.11595778124876 ], [ -94.354408711274317, 39.115238664739401 ], [ -94.354768063559362, 39.114533231852029 ], [ -94.355174307393739, 39.11384341571749 ], [ -94.355626328194006, 39.113171106614381 ], [ -94.356122886038719, 39.112518146792979 ], [ -94.356662619077397, 39.111886325431264 ], [ -94.35724404727236, 39.111277373736797 ], [ -94.357865576462544, 39.110692960207935 ], [ -94.358525502738686, 39.110134686066992 ], [ -94.35922201711719, 39.109604080878206 ], [ -94.359953210500393, 39.109102598362192 ], [ -94.360717078909161, 39.108631612418236 ], [ -94.36151152897385, 39.108192413365444 ], [ -94.362334383668326, 39.107786204412932 ], [ -94.363183388271437, 39.107414098368373 ], [ -94.364056216539851, 39.107077114594432 ], [ -94.364950477075041, 39.106776176220698 ], [ -94.36586371986742, 39.106512107619153 ], [ -94.366793442999708, 39.106285632149898 ], [ -94.367737099491109, 39.106097370183235 ], [ -94.368692104263928, 39.105947837403384 ], [ -94.369655841213557, 39.105837443398705 ], [ -94.370625670362642, 39.105766490541974 ], [ -94.371598935080016, 39.105735173163893 ], [ -94.372572969344802, 39.105743577022018 ], [ -94.373545105035959, 39.105791679066655 ], [ -94.374512679227493, 39.105879347504128 ], [ -94.375473041469434, 39.106006342157507 ], [ -94.376423561035139, 39.106172315123665 ], [ -94.377361634114678, 39.106376811724815 ], [ -94.378284690935416, 39.106619271752194 ], [ -94.379190202790042, 39.106899030998171 ], [ -94.380075688952971, 39.107215323072886 ], [ -94.380938723466571, 39.107567281500422 ], [ -94.381776941778412, 39.107953942088713 ], [ -94.382588047211925, 39.10837424556685 ], [ -94.383369817252259, 39.108827040482495 ], [ -94.384120109630857, 39.109311086351831 ], [ -94.38483686819157, 39.109825057053065 ], [ -94.385518128522705, 39.110367544454434 ], [ -94.386162023339523, 39.110937062267084 ], [ -94.386766787602085, 39.111532050111862 ], [ -94.387330763355138, 39.11215087778934 ], [ -94.387852404276074, 39.112791849741356 ], [ -94.388330279918748, 39.113453209691656 ], [ -94.388763079641521, 39.114133145453458 ], [ -94.389149616208641, 39.114829793890337 ], [ -94.389488829054798, 39.115541246017372 ], [ -94.389779787204091, 39.116265552228221 ], [ -94.390021691835074, 39.117000727634014 ], [ -94.390213878484758, 39.117744757499786 ], [ -94.390355818885425, 39.118495602762813 ], [ -94.390447122428938, 39.11925120561888 ], [ -94.390487537254458, 39.120009495160005 ], [ -94.390476950956341, 39.120768393049204 ], [ -94.390415390910121, 39.121525819216075 ], [ -94.390303024215441, 39.12227969755795 ], [ -94.390140157255928, 39.123027961630939 ], [ -94.389927234876993, 39.123768560315106 ], [ -94.389664839183723, 39.124499463438454 ], [ -94.389353687961773, 39.125218667344136 ], [ -94.38899463272557, 39.125924200385576 ], [ -94.388588656398966, 39.126614128334694 ], [ -94.38813687063454, 39.127286559687789 ], [ -94.38764051277866, 39.127939650855197 ], [ -94.387100942490648, 39.128571611219868 ], [ -94.386519638025092, 39.129180708051287 ], [ -94.385898192187398, 39.129765271261007 ], [ -94.385238307973651, 39.130323697986725 ], [ -94.384541793906578, 39.130854456992466 ], [ -94.383810559080445, 39.131356092872366 ], [ -94.383046607928407, 39.131827230046845 ], [ -94.38225203472669, 39.132266576539884 ], [ -94.381429017850536, 39.132672927527004 ], [ -94.380579813797979, 39.133045168644337 ], [ -94.37970675099757, 39.13338227904935 ], [ -94.378812223417441, 39.133683334225061 ], [ -94.377898683992939, 39.133947508519789 ], [ -94.376968637891338, 39.134174077415395 ], [ -94.376024635631936, 39.134362419518034 ], [ -94.375069266080715, 39.134512018265454 ], [ -94.374105149338916, 39.13462246334656 ], [ -94.37313492954496, 39.134693451828952 ], [ -94.372161267610011, 39.134724788991633 ], [ -94.371186833906918, 39.134716388860284 ], [ -94.370214300933085, 39.134668274443733 ], [ -94.369246335967205, 39.134580577671251 ], [ -94.368285593740637, 39.13445353903019 ], [ -94.36733470914325, 39.134287506905594 ], [ -94.366396289984323, 39.134082936623415 ], [ -94.365472909828185, 39.133840389199712 ], [ -94.364567100924717, 39.133560529799631 ], [ -94.363681347254015, 39.133244125910331 ], [ -94.362818077704603, 39.132892045232779 ], [ -94.361979659403971, 39.132505253298469 ], [ -94.361168391219834, 39.132084810817375 ], [ -94.360386497450165, 39.131631870764743 ], [ -94.359636121719134, 39.13114767521455 ], [ -94.35891932109611, 39.130633551928547 ], [ -94.358238060453601, 39.130090910710216 ], [ -94.357594207079813, 39.12952123953368 ], [ -94.356989525560593, 39.128926100458393 ], [ -94.35642567294461, 39.128307125340676 ], [ -94.355904194205408, 39.127666011354066 ], [ -94.355426518012223, 39.127004516330992 ], [ -94.354993952821459, 39.126324453938153 ], [ -94.354607683299292, 39.125627688699311 ], [ -94.354268767085244, 39.124916130879122 ], [ -94.353978131905251, 39.124191731241929 ], [ -94.353736573042227, 39.123456475700195 ], [ -94.353544751170872, 39.122712379866876 ], [ -94.353403190562318, 39.121961483527436 ], [ -94.353312277663605, 39.121205845045708 ], [ -94.35327226005559, 39.12044753571999 ] ] ] } },
{ "type": "Feature", "properties": { }, "geometry": { "type": "Polygon", "coordinates": [ [ [ -94.426479339152181, 39.09573909970031 ], [ -94.42648954357486, 39.094980202585255 ], [ -94.42655070237376, 39.094222761580951 ], [ -94.426662646286687, 39.093468852731711 ], [ -94.426825066879502, 39.092720542334924 ], [ -94.427037517408976, 39.091979881278739 ], [ -94.427299414064422, 39.091248899422709 ], [ -94.427610037584245, 39.09052960003666 ], [ -94.427968535242954, 39.089823954313275 ], [ -94.428373923202983, 39.089133895969034 ], [ -94.428825089224674, 39.088461315948514 ], [ -94.429320795726795, 39.087808057246548 ], [ -94.429859683189335, 39.087175909862019 ], [ -94.430440273888763, 39.086566605897701 ], [ -94.431060975955774, 39.085981814818737 ], [ -94.431720087743997, 39.085423138883343 ], [ -94.432415802497871, 39.084892108757863 ], [ -94.43314621330677, 39.084390179328125 ], [ -94.433909318331715, 39.083918725718647 ], [ -94.434703026290492, 39.083479039530367 ], [ -94.435525162185954, 39.083072325307249 ], [ -94.436373473262094, 39.08269969724136 ], [ -94.437245635171436, 39.082362176125308 ], [ -94.43813925833696, 39.082060686560418 ], [ -94.439051894491342, 39.081796054428104 ], [ -94.439981043375411, 39.08156900463149 ], [ -94.440924159578017, 39.081380159113273 ], [ -94.441878659498343, 39.081230035155187 ], [ -94.442841928411823, 39.081119043963824 ], [ -94.443811327620665, 39.081047489546471 ], [ -94.444784201669208, 39.081015567880272 ], [ -94.445757885604934, 39.081023366376556 ], [ -94.446729712265068, 39.081070863642296 ], [ -94.447697019569134, 39.081157929538847 ], [ -94.448657157797768, 39.081284325538164 ], [ -94.449607496837857, 39.081449705375363 ], [ -94.450545433374373, 39.081653615995798 ], [ -94.451468398009581, 39.081895498794331 ], [ -94.452373862289946, 39.082174691143059 ], [ -94.453259345621959, 39.082490428203691 ], [ -94.454122422057836, 39.082841845019452 ], [ -94.454960726932939, 39.083227978880821 ], [ -94.455771963336375, 39.083647771958852 ], [ -94.456553908397851, 39.084100074198687 ], [ -94.457304419372861, 39.084583646465582 ], [ -94.458021439510262, 39.085097163934762 ], [ -94.458703003685812, 39.085639219716001 ], [ -94.459347243786638, 39.086208328702917 ], [ -94.459952393831216, 39.086802931636683 ], [ -94.460516794811895, 39.08742139937295 ], [ -94.461038899245551, 39.088062037340357 ], [ -94.461517275420647, 39.088723090178689 ], [ -94.461950611328703, 39.089402746543762 ], [ -94.462337718269197, 39.09009914406608 ], [ -94.462677534118271, 39.090810374449795 ], [ -94.462969126251821, 39.091534488697867 ], [ -94.46321169411506, 39.092269502449462 ], [ -94.463404571431141, 39.093013401414581 ], [ -94.463547228042998, 39.093764146891516 ], [ -94.463639271382732, 39.094519681351819 ], [ -94.463680447564684, 39.09527793407743 ], [ -94.463670642098847, 39.096036826834769 ], [ -94.463609880222535, 39.096794279570112 ], [ -94.463498326849134, 39.097548216110582 ], [ -94.463336286133966, 39.098296569855421 ], [ -94.463124200658243, 39.099037289441554 ], [ -94.462862650233063, 39.099768344368165 ], [ -94.462552350326646, 39.100487730564822 ], [ -94.462194150118862, 39.101193475887754 ], [ -94.461789030188385, 39.101883645529256 ], [ -94.461338099838301, 39.102556347325319 ], [ -94.460842594067728, 39.103209736946951 ], [ -94.460303870197464, 39.103842022960833 ], [ -94.459723404158638, 39.104451471745421 ], [ -94.459102786454807, 39.105036412248829 ], [ -94.458443717807995, 39.105595240575731 ], [ -94.457748004501099, 39.106126424390148 ], [ -94.457017553428912, 39.106628507122394 ], [ -94.456254366871505, 39.107100111968364 ], [ -94.455460537004441, 39.107539945670133 ], [ -94.454638240160477, 39.107946802067524 ], [ -94.453789730859, 39.108319565410788 ], [ -94.452917335619304, 39.108657213425218 ], [ -94.452023446574799, 39.108958820119149 ], [ -94.451110514905878, 39.109223558327862 ], [ -94.450181044109385, 39.10945070198602 ], [ -94.449237583123434, 39.109639628122608 ], [ -94.448282719326343, 39.109789818572587 ], [ -94.447319071429419, 39.109900861400895 ], [ -94.446349282282668, 39.109972452034455 ], [ -94.445376011613973, 39.11000439409937 ], [ -94.444401928721305, 39.109996599960795 ], [ -94.443429705138541, 39.109949090964029 ], [ -94.442462007294864, 39.109861997376228 ], [ -94.441501489188511, 39.109735558028838 ], [ -94.440550785094615, 39.109570119661683 ], [ -94.439612502327805, 39.109366135970646 ], [ -94.43868921407919, 39.109124166361482 ], [ -94.437783452347873, 39.108844874413187 ], [ -94.436897700986322, 39.108529026055272 ], [ -94.436034388878866, 39.108177487463934 ], [ -94.435195883272257, 39.107791222682891 ], [ -94.434384483276588, 39.107371290975472 ], [ -94.433602413554567, 39.106918843915366 ], [ -94.432851818216463, 39.106435122224042 ], [ -94.432134754937735, 39.10592145236334 ], [ -94.431453189315249, 39.105379242893164 ], [ -94.430808989477825, 39.104809980603733 ], [ -94.430203920965738, 39.104215226433475 ], [ -94.429639641893417, 39.103596611183754 ], [ -94.429117698408319, 39.102955831042088 ], [ -94.428639520458574, 39.102294642926388 ], [ -94.428206417880915, 39.101614859662952 ], [ -94.427819576819402, 39.100918345011635 ], [ -94.427480056484868, 39.10020700855155 ], [ -94.427188786263713, 39.099482800441933 ], [ -94.42694656318379, 39.098747706071997 ], [ -94.426754049744417, 39.098003740614999 ], [ -94.426611772115947, 39.097252943501147 ], [ -94.426520118714066, 39.096497372824615 ], [ -94.426479339152181, 39.09573909970031 ] ] ] } },
{ "type": "Feature", "properties": { }, "geometry": { "type": "Polygon", "coordinates": [ [ [ -94.454449068173432, 39.059553380809092 ], [ -94.454458979659677, 39.058794482439325 ], [ -94.45451981967706, 39.058037028444964 ], [ -94.454631419839899, 39.057283094907085 ], [ -94.454793472658736, 39.056534748191829 ], [ -94.455005532400619, 39.055794039288138 ], [ -94.455267016327895, 39.055062998187914 ], [ -94.455577206311915, 39.054343628324673 ], [ -94.455935250816793, 39.053637901085544 ], [ -94.456340167247987, 39.052947750411683 ], [ -94.456790844658897, 39.052275067502073 ], [ -94.457286046807795, 39.051621695634722 ], [ -94.457824415556999, 39.050989425119973 ], [ -94.458404474604293, 39.050379988399172 ], [ -94.459024633536771, 39.049795055302397 ], [ -94.459683192195627, 39.049236228478179 ], [ -94.460378345339905, 39.048705039007302 ], [ -94.461108187596508, 39.048202942213173 ], [ -94.461870718682775, 39.047731313679726 ], [ -94.462663848887189, 39.047291445487915 ], [ -94.46348540479363, 39.046884542681049 ], [ -94.464333135232934, 39.046511719968407 ], [ -94.465204717446127, 39.046173998676309 ], [ -94.466097763441908, 39.045872303954795 ], [ -94.467009826531623, 39.045607462247524 ], [ -94.467938408023485, 39.045380199031875 ], [ -94.468880964058116, 39.045191136835143 ], [ -94.469834912566611, 39.045040793532507 ], [ -94.470797640332407, 39.044929580931182 ], [ -94.471766510137584, 39.044857803644618 ], [ -94.472738867974343, 39.04482565826001 ], [ -94.473712050301941, 39.04483323280099 ], [ -94.474683391329563, 39.04488050648736 ], [ -94.475650230305092, 39.044967349792202 ], [ -94.476609918790302, 39.045093524796457 ], [ -94.477559827902567, 39.045258685839755 ], [ -94.478497355503336, 39.045462380465914 ], [ -94.479419933314063, 39.045704050660554 ], [ -94.480325033940176, 39.045983034377208 ], [ -94.481210177783908, 39.046298567348188 ], [ -94.482072939827418, 39.046649785174786 ], [ -94.482910956267446, 39.0470357256917 ], [ -94.483721930983833, 39.047455331598727 ], [ -94.484503641823949, 39.047907453352877 ], [ -94.485253946686058, 39.048390852313034 ], [ -94.485970789385121, 39.048904204128462 ], [ -94.486652205284742, 39.049446102362054 ], [ -94.48729632668018, 39.050015062338481 ], [ -94.487901387917447, 39.050609525206625 ], [ -94.488465730234594, 39.051227862205458 ], [ -94.488987806311911, 39.051868379121522 ], [ -94.489466184518449, 39.052529320926084 ], [ -94.489899552843127, 39.053208876579063 ], [ -94.490286722499789, 39.053905183986977 ], [ -94.490626631195937, 39.054616335101016 ], [ -94.490918346056361, 39.055340381141647 ], [ -94.491161066193314, 39.05607533793529 ], [ -94.491354124916015, 39.056819191348573 ], [ -94.491496991573584, 39.057569902805213 ], [ -94.491589273025753, 39.058325414870708 ], [ -94.491630714737454, 39.059083656889165 ], [ -94.49162120149397, 39.059842550657308 ], [ -94.491560757734604, 39.060600016119615 ], [ -94.491449547503535, 39.061353977069416 ], [ -94.491287874018056, 39.062102366840215 ], [ -94.491076178855081, 39.062843133971349 ], [ -94.490815040757795, 39.063574247832968 ], [ -94.490505174065945, 39.064293704194348 ], [ -94.490147426773305, 39.064999530720691 ], [ -94.48974277821813, 39.065689792383019 ], [ -94.48929233641212, 39.066362596766346 ], [ -94.488797335015619, 39.06701609926175 ], [ -94.488259129966849, 39.067648508127725 ], [ -94.487679195774504, 39.068258089407131 ], [ -94.48705912148354, 39.068843171686019 ], [ -94.486400606325418, 39.069402150681455 ], [ -94.485705455064462, 39.069933493645401 ], [ -94.484975573053163, 39.070435743572737 ], [ -94.484212961009746, 39.070907523201804 ], [ -94.483419709532683, 39.071347538796182 ], [ -94.482597993366824, 39.071754583697583 ], [ -94.481750065437097, 39.072127541639958 ], [ -94.480878250666294, 39.072465389815342 ], [ -94.479984939593621, 39.07276720168354 ], [ -94.479072581811991, 39.07303214951741 ], [ -94.478143679241896, 39.073259506676834 ], [ -94.477200779260514, 39.07344864960524 ], [ -94.476246467705081, 39.073599059542929 ], [ -94.475283361769812, 39.073710323952668 ], [ -94.474314102815924, 39.073782137653311 ], [ -94.473341349114804, 39.073814303658743 ], [ -94.472367768544345, 39.073806733719401 ], [ -94.471396031258649, 39.073759448565063 ], [ -94.470428802351293, 39.073672577848285 ], [ -94.469468734532654, 39.07354635978848 ], [ -94.468518460841452, 39.073381140517732 ], [ -94.467580587410637, 39.073177373130157 ], [ -94.466657686307727, 39.07293561643737 ], [ -94.465752288469361, 39.072656533433467 ], [ -94.46486687674961, 39.072340889473999 ], [ -94.464003879101242, 39.071989550173662 ], [ -94.463165661908846, 39.071603479028667 ], [ -94.462354523492067, 39.071183734770401 ], [ -94.461572687797087, 39.070731468457652 ], [ -94.460822298293522, 39.07024792031536 ], [ -94.46010541209381, 39.0697344163287 ], [ -94.459423994310924, 39.069192364602053 ], [ -94.458779912670252, 39.068623251492411 ], [ -94.458174932390222, 39.068028637528656 ], [ -94.457610711345779, 39.067410153127284 ], [ -94.457088795527937, 39.06676949411667 ], [ -94.456610614811837, 39.066108417082411 ], [ -94.456177479044797, 39.065428734546167 ], [ -94.455790574465041, 39.064732309991612 ], [ -94.455450960460794, 39.064021052750988 ], [ -94.455159566678589, 39.063296912766596 ], [ -94.454917190488345, 39.062561875241286 ], [ -94.454724494812524, 39.061817955192957 ], [ -94.454582006324358, 39.061067191927961 ], [ -94.454490114020828, 39.060311643448379 ], [ -94.454449068173432, 39.059553380809092 ] ] ] } },
{ "type": "Feature", "properties": { }, "geometry": { "type": "Polygon", "coordinates": [ [ [ -94.553258632591621, 39.064459157412372 ], [ -94.553267484494441, 39.063700272489477 ], [ -94.553327269086068, 39.06294278866546 ], [ -94.553437820872574, 39.062188782106524 ], [ -94.553598835236286, 39.061440319382406 ], [ -94.553809869288258, 39.060699451803202 ], [ -94.554070343099269, 39.05996820979891 ], [ -94.554379541305778, 39.059248597356628 ], [ -94.554736615086284, 39.058542586531097 ], [ -94.555140584502425, 39.057852112043278 ], [ -94.555590341198339, 39.057179065981899 ], [ -94.556084651450647, 39.05652529262229 ], [ -94.556622159560632, 39.055892583376831 ], [ -94.557201391579127, 39.055282671890708 ], [ -94.557820759353987, 39.054697229296274 ], [ -94.558478564888688, 39.05413785963907 ], [ -94.559173005000318, 39.053606095488007 ], [ -94.559902176263833, 39.053103393741502 ], [ -94.560664080229571, 39.052631131641114 ], [ -94.561456628898895, 39.05219060300351 ], [ -94.562277650443761, 39.051783014681007 ], [ -94.563124895154189, 39.051409483260301 ], [ -94.563996041597292, 39.051071032008352 ], [ -94.564888702971402, 39.050768588073836 ], [ -94.565800433637705, 39.050502979951524 ], [ -94.566728735811736, 39.050274935216777 ], [ -94.567671066396315, 39.050085078536114 ], [ -94.568624843937783, 39.049933929959252 ], [ -94.569587455685991, 39.04982190349736 ], [ -94.570556264739523, 39.049749305991305 ], [ -94.571528617256163, 39.049716336272986 ], [ -94.572501849709582, 39.049723084622023 ], [ -94.57347329617194, 39.04976953251925 ], [ -94.574440295603239, 39.049855552697792 ], [ -94.575400199127188, 39.04998090949131 ], [ -94.576350377274053, 39.05014525947886 ], [ -94.577288227170811, 39.050348152424164 ], [ -94.57821117965905, 39.050589032507247 ], [ -94.57911670632123, 39.050867239844585 ], [ -94.580002326396354, 39.051182012293992 ], [ -94.580865613566189, 39.051532487539077 ], [ -94.581704202593457, 39.05191770544797 ], [ -94.582515795794208, 39.052336610699449 ], [ -94.583298169326454, 39.05278805566973 ], [ -94.584049179278168, 39.053270803571735 ], [ -94.584766767537928, 39.053783531838675 ], [ -94.585448967432043, 39.054324835742314 ], [ -94.58609390911316, 39.054893232236445 ], [ -94.586699824685141, 39.055487164014984 ], [ -94.587265053050388, 39.056105003773389 ], [ -94.587788044466421, 39.056745058662337 ], [ -94.588267364798938, 39.057405574920992 ], [ -94.58870169945979, 39.058084742677551 ], [ -94.589089857018948, 39.058780700903881 ], [ -94.58943077248054, 39.059491542510678 ], [ -94.589723510213759, 39.060215319569416 ], [ -94.58996726653055, 39.060950048646696 ], [ -94.590161371902838, 39.061693716236356 ], [ -94.590305292813085, 39.062444284274669 ], [ -94.590398633232937, 39.063199695723597 ], [ -94.590441135725641, 39.063957880206488 ], [ -94.590432682169208, 39.064716759681183 ], [ -94.590373294098001, 39.06547425413487 ], [ -94.590263132661519, 39.066228287284808 ], [ -94.590102498200721, 39.066976792270012 ], [ -94.589891829442266, 39.067717717317265 ], [ -94.589631702313142, 39.068449031367031 ], [ -94.589322828378542, 39.069168729642811 ], [ -94.588966052907196, 39.06987483914947 ], [ -94.588562352569127, 39.070565424084876 ], [ -94.588112832772111, 39.07123859115022 ], [ -94.587618724644017, 39.071892494744425 ], [ -94.58708138166908, 39.072525342028221 ], [ -94.586502275987172, 39.073135397844062 ], [ -94.585882994366258, 39.073720989478296 ], [ -94.585225233858964, 39.074280511252439 ], [ -94.584530797154898, 39.074812428930976 ], [ -94.583801587641702, 39.075315283933413 ], [ -94.583039604188173, 39.075787697339081 ], [ -94.58224693566379, 39.076228373673594 ], [ -94.58142575520975, 39.076636104466409 ], [ -94.580578314277105, 39.077009771569912 ], [ -94.579706936448588, 39.077348350230572 ], [ -94.57881401106097, 39.077650911903795 ], [ -94.577901986645614, 39.077916626804864 ], [ -94.576973364205429, 39.078144766188473 ], [ -94.576030690346442, 39.07833470435115 ], [ -94.575076550283327, 39.078485920350438 ], [ -94.57411356073807, 39.078597999436475 ], [ -94.573144362751364, 39.078670634191838 ], [ -94.572171614426594, 39.078703625376484 ], [ -94.571197983626703, 39.07869688247564 ], [ -94.570226140643868, 39.078650423948744 ], [ -94.56925875086246, 39.078564377179163 ], [ -94.568298467435525, 39.078438978124574 ], [ -94.567347923995101, 39.078274570668952 ], [ -94.566409727416442, 39.078071605678169 ], [ -94.565486450656266, 39.077830639761551 ], [ -94.564580625684911, 39.07755233374305 ], [ -94.563694736531716, 39.077237450846027 ], [ -94.56283121246301, 39.076886854596957 ], [ -94.561992421311544, 39.076501506453468 ], [ -94.561180662975829, 39.076082463163615 ], [ -94.560398163107067, 39.075630873863602 ], [ -94.55964706700145, 39.075147976921798 ], [ -94.558929433714354, 39.074635096537904 ], [ -94.558247230412775, 39.074093639106806 ], [ -94.557602326981382, 39.073525089356721 ], [ -94.556996490897291, 39.072931006272924 ], [ -94.55643138238716, 39.072313018817638 ], [ -94.555908549880328, 39.071672821458385 ], [ -94.555429425770072, 39.071012169516955 ], [ -94.554995322494676, 39.070332874351692 ], [ -94.554607428949041, 39.069636798386689 ], [ -94.554266807236459, 39.068925850001179 ], [ -94.553974389769394, 39.068201978293565 ], [ -94.553730976726968, 39.067467167734307 ], [ -94.553537233876284, 39.066723432722242 ], [ -94.553393690763002, 39.065972812059812 ], [ -94.553300739276281, 39.065217363361576 ], [ -94.553258632591621, 39.064459157412372 ] ] ] } },
{ "type": "Feature", "properties": { }, "geometry": { "type": "Polygon", "coordinates": [ [ [ -94.353622299586775, 39.120307590941906 ], [ -94.353633281587435, 39.119548689341748 ], [ -94.353695235082654, 39.118791275411184 ], [ -94.353807988630663, 39.118037425117684 ], [ -94.353971231577162, 39.117289204595515 ], [ -94.354184514924484, 39.116548664483886 ], [ -94.354447252579334, 39.115817834308245 ], [ -94.354758722975646, 39.115098716920201 ], [ -94.355118071067821, 39.114393283011211 ], [ -94.355524310688992, 39.113703465714899 ], [ -94.355976327267243, 39.113031155313053 ], [ -94.356472880892667, 39.112378194059531 ], [ -94.357012609726382, 39.111746371136249 ], [ -94.35759403374216, 39.11113741775506 ], [ -94.358215558790434, 39.110553002418925 ], [ -94.358875480973211, 39.109994726355126 ], [ -94.359571991318148, 39.109464119133207 ], [ -94.360303180738583, 39.108962634479333 ], [ -94.361067045266211, 39.108491646298646 ], [ -94.361861491542058, 39.108052444916403 ], [ -94.362684342550295, 39.107646233548081 ], [ -94.363533343579874, 39.107274125007997 ], [ -94.36440616839721, 39.106937138665643 ], [ -94.365300425613228, 39.106636197657615 ], [ -94.36621366522742, 39.106372126363141 ], [ -94.36714338533119, 39.106145648149699 ], [ -94.368087038952027, 39.105957383395072 ], [ -94.369042041020066, 39.105807847791155 ], [ -94.370005775438102, 39.105697450934009 ], [ -94.370975602235703, 39.105626495204241 ], [ -94.371948864788109, 39.10559517494039 ], [ -94.3729228970804, 39.105603575907921 ], [ -94.37389503099692, 39.10565167506504 ], [ -94.374862603616521, 39.105739340625981 ], [ -94.375822964493551, 39.105866332421705 ], [ -94.37677348290508, 39.106032302556891 ], [ -94.377711555044357, 39.106236796361493 ], [ -94.378634611141337, 39.10647925363439 ], [ -94.379540122490653, 39.106759010175494 ], [ -94.380425608368157, 39.107075299602386 ], [ -94.381288642816969, 39.10742725544636 ], [ -94.382126861284917, 39.107813913522421 ], [ -94.382937967094932, 39.108234214566515 ], [ -94.383719737731198, 39.108687007133035 ], [ -94.384470030923538, 39.109171050744564 ], [ -94.385186790513558, 39.10968501928545 ], [ -94.385868052086835, 39.11022750462994 ], [ -94.386511948355178, 39.110797020494701 ], [ -94.387116714274725, 39.111392006505987 ], [ -94.387680691885706, 39.112010832469402 ], [ -94.388202334860438, 39.112651802831458 ], [ -94.388680212747147, 39.113313161320256 ], [ -94.389113014898129, 39.113993095753024 ], [ -94.389499554070937, 39.114689742997022 ], [ -94.389838769693199, 39.115401194070579 ], [ -94.390129730781382, 39.116125499370213 ], [ -94.390371638506025, 39.116860674009637 ], [ -94.390563828395699, 39.1176047032559 ], [ -94.390705772173803, 39.118355548048072 ], [ -94.390797079222963, 39.119111150583201 ], [ -94.390837497672734, 39.119869439954201 ], [ -94.390826915107581, 39.120628337824549 ], [ -94.390765358892807, 39.12138576412395 ], [ -94.390652996117552, 39.122139642749332 ], [ -94.390490133154699, 39.122887907256086 ], [ -94.390277214838733, 39.123628506523083 ], [ -94.390014823263584, 39.124359410376734 ], [ -94.389703676203652, 39.125078615158209 ], [ -94.389344625161911, 39.125784149218553 ], [ -94.388938653050729, 39.126474078326879 ], [ -94.388486871511134, 39.127146510976338 ], [ -94.387990517877867, 39.12779960357372 ], [ -94.387450951798698, 39.128431565498069 ], [ -94.386869651516648, 39.12904066401461 ], [ -94.386248209825638, 39.129625229030239 ], [ -94.385588329710359, 39.130183657677762 ], [ -94.384891819682295, 39.130714418715911 ], [ -94.384160588824614, 39.131216056733258 ], [ -94.3833966415596, 39.131687196144391 ], [ -94.38260207215275, 39.132126544967115 ], [ -94.381779058968917, 39.132532898370613 ], [ -94.380929858495975, 39.132905141984352 ], [ -94.380056799152641, 39.133242254958986 ], [ -94.379162274897539, 39.133543312770463 ], [ -94.378248738656893, 39.133807489759874 ], [ -94.37731869558921, 39.134034061401685 ], [ -94.376374696205446, 39.134222406294526 ], [ -94.375419329363737, 39.134372007868471 ], [ -94.374455215157809, 39.134482455804687 ], [ -94.37348499771916, 39.134553447162951 ], [ -94.372511337952432, 39.134584787214322 ], [ -94.371536906224563, 39.134576389976587 ], [ -94.370564375027527, 39.134528278450638 ], [ -94.369596411635115, 39.134440584557773 ], [ -94.368635670774367, 39.134313548777456 ], [ -94.367684787331441, 39.134147519486909 ], [ -94.36674636911242, 39.13394295200429 ], [ -94.36582298967906, 39.133700407337912 ], [ -94.364917181279282, 39.133420550645418 ], [ -94.364031427891788, 39.133104149406513 ], [ -94.363168158404363, 39.132752071314897 ], [ -94.3623297399443, 39.132365281894963 ], [ -94.361518471379782, 39.13194484184978 ], [ -94.360736577009845, 39.1314919041479 ], [ -94.359986200460341, 39.131007710856871 ], [ -94.359269398802866, 39.130493589732232 ], [ -94.3585881369128, 39.129950950571548 ], [ -94.357944282081789, 39.129381281343299 ], [ -94.357339598899671, 39.128786144101582 ], [ -94.356775744419764, 39.128167170697679 ], [ -94.356254263620698, 39.127526058300482 ], [ -94.355776585177381, 39.126864564738042 ], [ -94.355344017552412, 39.126184503673024 ], [ -94.354957745418673, 39.125487739625598 ], [ -94.354618826422865, 39.12477618285714 ], [ -94.354328188298567, 39.124051784129136 ], [ -94.354086626336809, 39.123316529351534 ], [ -94.353894801220761, 39.12257243413525 ], [ -94.353753237230492, 39.121821538264022 ], [ -94.353662320822338, 39.121065900100419 ], [ -94.353622299586775, 39.120307590941906 ] ] ] } },
{ "type": "Feature", "properties": { }, "geometry": { "type": "Polygon", "coordinates": [ [ [ -94.517910534967697, 39.094123677040081 ], [ -94.517919759085544, 39.093364790922877 ], [ -94.517979937044302, 39.092607320932586 ], [ -94.518090902269748, 39.09185334319622 ], [ -94.51825234900906, 39.091104924203066 ], [ -94.51846383318663, 39.090364115142066 ], [ -94.518724773638169, 39.089632946281348 ], [ -94.519034453720181, 39.08891342140609 ], [ -94.51939202328974, 39.088207512329674 ], [ -94.519796501049271, 39.087517153492747 ], [ -94.520246777249653, 39.086844236665733 ], [ -94.520741616744004, 39.086190605768465 ], [ -94.521279662383691, 39.085558051821678 ], [ -94.521859438747356, 39.084948308043749 ], [ -94.522479356192221, 39.084363045106322 ], [ -94.523137715216833, 39.083803866561652 ], [ -94.523832711123191, 39.08327230445402 ], [ -94.524562438965148, 39.082769815127385 ], [ -94.525324898769924, 39.082297775240583 ], [ -94.526118001018119, 39.081857478000806 ], [ -94.526939572367226, 39.081450129625892 ], [ -94.52778736160333, 39.08107684604478 ], [ -94.528659045804176, 39.080738649845181 ], [ -94.529552236697384, 39.080436467476865 ], [ -94.530464487196042, 39.080171126718035 ], [ -94.53139329809413, 39.079943354411768 ], [ -94.532336124903409, 39.079753774478441 ], [ -94.533290384813242, 39.079602906210006 ], [ -94.534253463754496, 39.079491162850225 ], [ -94.535222723548173, 39.079418850464961 ], [ -94.536195509119452, 39.079386167105739 ], [ -94.537169155757624, 39.079393202268463 ], [ -94.538140996402035, 39.079439936649102 ], [ -94.539108368934379, 39.07952624219682 ], [ -94.540068623457614, 39.079651882464503 ], [ -94.541019129541567, 39.079816513255608 ], [ -94.541957283415627, 39.080019683565624 ], [ -94.542880515089152, 39.080260836815775 ], [ -94.543786295380002, 39.080539312375159 ], [ -94.544672142832297, 39.080854347367797 ], [ -94.545535630504503, 39.081205078759034 ], [ -94.54637439260938, 39.081590545716196 ], [ -94.547186130987839, 39.082009692236625 ], [ -94.547968621398908, 39.082461370036327 ], [ -94.548719719608812, 39.082944341691125 ], [ -94.549437367262485, 39.083457284021769 ], [ -94.550119597521501, 39.083998791714144 ], [ -94.550764540453031, 39.084567381164092 ], [ -94.551370428154982, 39.085161494537175 ], [ -94.551935599603496, 39.085779504031514 ], [ -94.552458505209202, 39.086419716332784 ], [ -94.552937711069958, 39.087080377248782 ], [ -94.553371902908253, 39.087759676511148 ], [ -94.55375988968224, 39.088455752731079 ], [ -94.554100606860928, 39.089166698495546 ], [ -94.554393119353662, 39.089890565590011 ], [ -94.554636624086498, 39.09062537033369 ], [ -94.554830452217743, 39.091369099012219 ], [ -94.554974070986617, 39.092119713393608 ], [ -94.555067085189933, 39.09287515631177 ], [ -94.555109238282284, 39.093633357302707 ], [ -94.555100413096696, 39.094392238277841 ], [ -94.555040632183747, 39.095149719218973 ], [ -94.554930057767535, 39.095903723879125 ], [ -94.554768991319065, 39.096652185473971 ], [ -94.554557872747452, 39.097393052347876 ], [ -94.554297279211283, 39.098124293599312 ], [ -94.553987923553223, 39.098843904649904 ], [ -94.553630652361718, 39.099549912742198 ], [ -94.553226443665238, 39.100240382350634 ], [ -94.552776404264975, 39.100913420491182 ], [ -94.552281766713463, 39.101567181914881 ], [ -94.551743885946721, 39.102199874170928 ], [ -94.551164235579748, 39.102809762525588 ], [ -94.550544403874909, 39.103395174723204 ], [ -94.549886089394221, 39.103954505576183 ], [ -94.549191096347698, 39.104486221371545 ], [ -94.548461329650095, 39.104988864081491 ], [ -94.54769878969995, 39.105461055366682 ], [ -94.54690556689475, 39.105901500361178 ], [ -94.546083835897804, 39.106308991228282 ], [ -94.54523584967221, 39.106682410477916 ], [ -94.54436393329847, 39.107020734035963 ], [ -94.543470477592678, 39.107323034057245 ], [ -94.54255793254309, 39.107588481474544 ], [ -94.541628800582913, 39.107816348276231 ], [ -94.540685629717998, 39.108006009506596 ], [ -94.539731006528513, 39.108156944982959 ], [ -94.538767549063778, 39.108268740725293 ], [ -94.537797899649988, 39.108341090093731 ], [ -94.53682471763068, 39.108373794631582 ], [ -94.53585067206015, 39.108366764610942 ], [ -94.534878434369872, 39.108320019279461 ], [ -94.533910671028224, 39.108233686807942 ], [ -94.532950036214061, 39.108108003938533 ], [ -94.531999164524109, 39.107943315334509 ], [ -94.531060663734635, 39.107740072633781 ], [ -94.530137107637145, 39.107498833208261 ], [ -94.529231028968255, 39.107220258632985 ], [ -94.528344912452894, 39.106905112868816 ], [ -94.527481187980584, 39.106554260164003 ], [ -94.526642223932924, 39.106168662680403 ], [ -94.525830320681564, 39.105749377850692 ], [ -94.525047704273859, 39.105297555474259 ], [ -94.524296520324015, 39.104814434559273 ], [ -94.523578828126475, 39.104301339920291 ], [ -94.522896595007708, 39.103759678540193 ], [ -94.522251690931881, 39.103190935706927 ], [ -94.521645883375371, 39.102596670935469 ], [ -94.521080832483946, 39.10197851368644 ], [ -94.520558086526108, 39.101338158892965 ], [ -94.52007907765487, 39.100677362308481 ], [ -94.519645117989526, 39.099997935687703 ], [ -94.519257396028124, 39.09930174181482 ], [ -94.518916973400351, 39.098590689391912 ], [ -94.518624781969677, 39.097866727802021 ], [ -94.518381621292448, 39.09713184176136 ], [ -94.5181881564408, 39.096388045874889 ], [ -94.518044916195336, 39.09563737911099 ], [ -94.51795229161209, 39.094881899209653 ], [ -94.517910534967697, 39.094123677040081 ] ] ] } },
{ "type": "Feature", "properties": { }, "geometry": { "type": "Polygon", "coordinates": [ [ [ -94.481794124992362, 38.964657256086582 ], [ -94.481803763064789, 38.963898349329519 ], [ -94.481864261759569, 38.963140876336119 ], [ -94.481975453633993, 38.962386913240714 ], [ -94.482137032324843, 38.961638526491924 ], [ -94.482348553405487, 38.960897767190012 ], [ -94.482609435621001, 38.960166665466822 ], [ -94.48291896249772, 38.959447224923942 ], [ -94.483276284322471, 38.958741417144303 ], [ -94.483680420486067, 38.958051176291995 ], [ -94.484130262184351, 38.957378393815404 ], [ -94.48462457546934, 38.956724913267777 ], [ -94.485162004641907, 38.956092525259663 ], [ -94.485741075976719, 38.955482962556779 ], [ -94.486360201768747, 38.954897895336913 ], [ -94.487017684690841, 38.954338926618433 ], [ -94.487711722449589, 38.953807587873293 ], [ -94.488440412727343, 38.953305334836152 ], [ -94.489201758396305, 38.952833543521216 ], [ -94.489993672990821, 38.952393506457483 ], [ -94.49081398642258, 38.951986429152839 ], [ -94.491660450923263, 38.951613426796349 ], [ -94.492530747198316, 38.951275521208068 ], [ -94.493422490775188, 38.950973638044324 ], [ -94.494333238528611, 38.950708604266197 ], [ -94.495260495365144, 38.950481145878157 ], [ -94.496201721048934, 38.95029188594291 ], [ -94.497154337149965, 38.950141342877806 ], [ -94.498115734095961, 38.950029929037541 ], [ -94.499083278308845, 38.949957949586846 ], [ -94.500054319406303, 38.949925601666514 ], [ -94.501026197448851, 38.949932973854487 ], [ -94.501996250212954, 38.949980045924235 ], [ -94.502961820470091, 38.95006668890025 ], [ -94.503920263252368, 38.950192665411109 ], [ -94.504868953084781, 38.950357630338871 ], [ -94.505805291164449, 38.950561131763159 ], [ -94.506726712467469, 38.95080261219718 ], [ -94.507630692763982, 38.951081410112558 ], [ -94.508514755522484, 38.951396761748676 ], [ -94.509376478684416, 38.951747803201613 ], [ -94.510213501291005, 38.95213357278719 ], [ -94.51102352994377, 38.952553013671377 ], [ -94.511804345081686, 38.953004976761157 ], [ -94.512553807057373, 38.953488223847955 ], [ -94.513269861996207, 38.954001430995049 ], [ -94.51395054742197, 38.954543192159626 ], [ -94.514593997633824, 38.955112023039931 ], [ -94.51519844882003, 38.955706365136685 ], [ -94.515762243894059, 38.956324590017999 ], [ -94.516283837040234, 38.956965003776062 ], [ -94.516761797955979, 38.957625851663302 ], [ -94.517194815779376, 38.958305322895775 ], [ -94.51758170269089, 38.959001555610186 ], [ -94.517921397179478, 38.959712641961623 ], [ -94.518212966963972, 38.960436633347371 ], [ -94.51845561156145, 38.961171545743177 ], [ -94.518648664495785, 38.961915365137209 ], [ -94.51879159513966, 38.962666053046448 ], [ -94.518884010185275, 38.963421552101266 ], [ -94.51892565473932, 38.964179791681964 ], [ -94.51891641303888, 38.964938693592707 ], [ -94.518856308786681, 38.965696177756662 ], [ -94.518745505103809, 38.966450167917131 ], [ -94.518584304100372, 38.967198597328959 ], [ -94.518373146065016, 38.967939414424464 ], [ -94.518112608275018, 38.968670588438592 ], [ -94.517803403430477, 38.969390114977728 ], [ -94.517446377716283, 38.970096021516746 ], [ -94.517042508497426, 38.970786372809521 ], [ -94.516592901653311, 38.971459276197677 ], [ -94.516098788558836, 38.972112886803217 ], [ -94.515561522719793, 38.972745412590655 ], [ -94.514982576072001, 38.97335511928474 ], [ -94.51436353495437, 38.973940335130081 ], [ -94.513706095766366, 38.974499455479958 ], [ -94.513012060322225, 38.975030947201084 ], [ -94.512283330914258, 38.975533352882778 ], [ -94.511521905098945, 38.976005294838416 ], [ -94.510729870220032, 38.97644547888855 ], [ -94.509909397683728, 38.9768526979149 ], [ -94.509062737001514, 38.977225835175659 ], [ -94.508192209617363, 38.977563867372709 ], [ -94.507300202535887, 38.977865867462597 ], [ -94.506389161769391, 38.978131007203189 ], [ -94.505461585621603, 38.978358559429026 ], [ -94.50452001782682, 38.978547900049321 ], [ -94.503567040563311, 38.978698509762708 ], [ -94.502605267360323, 38.978809975484289 ], [ -94.501637335918275, 38.978881991480904 ], [ -94.500665900862046, 38.97891436021137 ], [ -94.499693626447424, 38.978906992869724 ], [ -94.498723179240685, 38.978859909629399 ], [ -94.497757220791925, 38.978773239588307 ], [ -94.496798400322149, 38.978647220414423 ], [ -94.495849347444434, 38.97848219769304 ], [ -94.494912664939193, 38.978278623977801 ], [ -94.493990921603981, 38.978037057547489 ], [ -94.493086645196883, 38.977758160872725 ], [ -94.492202315493671, 38.977442698796125 ], [ -94.491340357477569, 38.977091536431587 ], [ -94.490503134680523, 38.976705636788083 ], [ -94.489692942694276, 38.97628605812455 ], [ -94.488912002869412, 38.975833951043569 ], [ -94.488162456219399, 38.975350555331268 ], [ -94.487446357546531, 38.974837196552784 ], [ -94.486765669806246, 38.974295282412228 ], [ -94.486122258724691, 38.973726298887385 ], [ -94.485517887684921, 38.973131806149937 ], [ -94.484954212895317, 38.972513434282206 ], [ -94.484432778853744, 38.971872878802465 ], [ -94.483955014119559, 38.971211896010978 ], [ -94.483522227405274, 38.970532298169751 ], [ -94.483135603998363, 38.969835948529209 ], [ -94.482796202522849, 38.969124756215336 ], [ -94.482504952049609, 38.968400670991826 ], [ -94.482262649563069, 38.967665677910972 ], [ -94.482069957791168, 38.966921791868678 ], [ -94.481927403404228, 38.966171052078131 ], [ -94.481835375587693, 38.965415516477407 ], [ -94.481794124992362, 38.964657256086582 ] ] ] } },
{ "type": "Feature", "properties": { }, "geometry": { "type": "Polygon", "coordinates": [ [ [ -94.453979145573683, 39.059243304350929 ], [ -94.453989062154037, 39.058484405887143 ], [ -94.454049907039163, 39.057726952008551 ], [ -94.454161511830051, 39.056973018795865 ], [ -94.454323569024581, 39.056224672614341 ], [ -94.454535632877835, 39.055483964451433 ], [ -94.454797120640976, 39.054752924296999 ], [ -94.455107314174796, 39.05403355558196 ], [ -94.45546536193379, 39.053327829690289 ], [ -94.455870281314503, 39.05263768055945 ], [ -94.456320961362294, 39.051964999384168 ], [ -94.456816165828258, 39.051311629437699 ], [ -94.45735453656836, 39.050679361025139 ], [ -94.457934597274999, 39.050069926582026 ], [ -94.458554757530777, 39.049484995932275 ], [ -94.459213317173237, 39.048926171717632 ], [ -94.459908470958823, 39.048394985011775 ], [ -94.460638313512675, 39.04789289113053 ], [ -94.461400844551321, 39.047421265649859 ], [ -94.462193974363444, 39.04698140064238 ], [ -94.46301552953399, 39.046574501142651 ], [ -94.46386325889587, 39.04620168185091 ], [ -94.464734839692994, 39.04586396408412 ], [ -94.465627883938041, 39.045562272982664 ], [ -94.466539944947101, 39.045297434980313 ], [ -94.467468524034132, 39.045070175544296 ], [ -94.468411077346303, 39.044881117191558 ], [ -94.469365022822188, 39.044730777786803 ], [ -94.470327747253535, 39.044619569126489 ], [ -94.471296613431534, 39.044547795813386 ], [ -94.472268967358289, 39.044515654423755 ], [ -94.473242145503804, 39.044523232970306 ], [ -94.474213482088658, 39.044570510661877 ], [ -94.475180316372885, 39.044657357960617 ], [ -94.476139999931121, 39.044783536936492 ], [ -94.477089903894168, 39.044948701918258 ], [ -94.478027426137572, 39.045152400439001 ], [ -94.478949998397439, 39.04539407447362 ], [ -94.47985509329439, 39.045673061965182 ], [ -94.480740231246301, 39.04598859863561 ], [ -94.481602987251421, 39.046339820076085 ], [ -94.482440997523028, 39.046725764111422 ], [ -94.483251965957834, 39.047145373431746 ], [ -94.484033670420374, 39.047597498484734 ], [ -94.484783968826392, 39.048080900620207 ], [ -94.485500805008456, 39.048594255478733 ], [ -94.486182214348062, 39.049136156614878 ], [ -94.486826329158347, 39.049705119345298 ], [ -94.487431383803397, 39.050299584811363 ], [ -94.487995719539299, 39.050917924244892 ], [ -94.488517789064375, 39.051558443425776 ], [ -94.488996160765595, 39.052219387319006 ], [ -94.489429522649687, 39.052898944878798 ], [ -94.489816685948156, 39.053595254006417 ], [ -94.490156588385915, 39.054306406648337 ], [ -94.490448297104948, 39.055030454020823 ], [ -94.49069101123429, 39.055765411946595 ], [ -94.490884064099674, 39.05650926628919 ], [ -94.491026925066265, 39.057259978469737 ], [ -94.491119201009411, 39.058015491051734 ], [ -94.491160637409138, 39.058773733377897 ], [ -94.491151119065378, 39.059532627244039 ], [ -94.491090670431376, 39.060290092594364 ], [ -94.490979455564698, 39.061044053222524 ], [ -94.49081777769544, 39.06179244246286 ], [ -94.490606078412483, 39.062533208856145 ], [ -94.490344936470407, 39.063264321774554 ], [ -94.490035066219491, 39.063983776989936 ], [ -94.489677315663329, 39.064689602170631 ], [ -94.489272664149141, 39.065379862291316 ], [ -94.488822219696772, 39.066052664941246 ], [ -94.488327215973868, 39.066706165516258 ], [ -94.487789008925105, 39.067338572280107 ], [ -94.487209073064633, 39.067948151281378 ], [ -94.486588997442041, 39.068533231112383 ], [ -94.485930481292471, 39.069092207496936 ], [ -94.485235329383016, 39.0696235476941 ], [ -94.484505447067946, 39.070125794706414 ], [ -94.483742835066366, 39.07059757128016 ], [ -94.482949583976634, 39.071037583687321 ], [ -94.482127868542591, 39.071444625278389 ], [ -94.481279941687163, 39.071817579796345 ], [ -94.480408128330183, 39.072155424442663 ], [ -94.479514819007036, 39.072457232686823 ], [ -94.478602463305833, 39.072722176811652 ], [ -94.477673563141323, 39.072949530187181 ], [ -94.476730665884148, 39.073138669267259 ], [ -94.47577635736404, 39.073289075302753 ], [ -94.474813254766872, 39.073400335767097 ], [ -94.473843999444696, 39.073472145490015 ], [ -94.472871249658951, 39.073504307496329 ], [ -94.471897673276786, 39.073496733547422 ], [ -94.470925940440736, 39.073449444384089 ], [ -94.469958716232227, 39.073362569669882 ], [ -94.468998653348692, 39.073236347635202 ], [ -94.468048384815262, 39.073071124423016 ], [ -94.467110516750779, 39.0728673531383 ], [ -94.466187621207951, 39.072625592603288 ], [ -94.465282229108169, 39.072346505822701 ], [ -94.464396823289746, 39.072030858162407 ], [ -94.463533831689233, 39.07167951524724 ], [ -94.462695620674594, 39.071293440583347 ], [ -94.461884488548506, 39.070873692911739 ], [ -94.461102659239856, 39.070421423300587 ], [ -94.460352276200737, 39.069937871983832 ], [ -94.459635396525826, 39.069424364955417 ], [ -94.458953985310202, 39.06888231032795 ], [ -94.458309910261192, 39.068313194466455 ], [ -94.457704936579134, 39.067718577907328 ], [ -94.457140722120897, 39.067100091074131 ], [ -94.456618812859389, 39.066459429801931 ], [ -94.456140638651775, 39.065798350682492 ], [ -94.45570750932751, 39.06511866624318 ], [ -94.455320611107169, 39.064422239972885 ], [ -94.454981003361539, 39.063710981208509 ], [ -94.454689615719957, 39.062986839896546 ], [ -94.45444724553559, 39.062251801243427 ], [ -94.454254555714385, 39.061507880270156 ], [ -94.45411207291356, 39.060757116285572 ], [ -94.454020186114519, 39.060001567293753 ], [ -94.453979145573683, 39.059243304350929 ] ] ] } },
{ "type": "Feature", "properties": { }, "geometry": { "type": "Polygon", "coordinates": [ [ [ -94.55309855510778, 39.064749133440735 ], [ -94.553107408658221, 39.063990248530935 ], [ -94.553167195105203, 39.06323276478571 ], [ -94.553277748949725, 39.06247875837105 ], [ -94.553438765568444, 39.061730295856265 ], [ -94.55364980206619, 39.060989428550926 ], [ -94.553910278507033, 39.060258186884241 ], [ -94.554219479520228, 39.05953857484235 ], [ -94.554576556276544, 39.058832564478934 ], [ -94.554980528829461, 39.058142090513648 ], [ -94.55543028881452, 39.057469045033805 ], [ -94.555924602499303, 39.056815272313088 ], [ -94.556462114175673, 39.056182563762164 ], [ -94.557041349884727, 39.055572653024292 ], [ -94.557660721464188, 39.054987211229744 ], [ -94.558318530907115, 39.054427842421894 ], [ -94.55901297501984, 39.053896079167309 ], [ -94.559742150366461, 39.053393378361918 ], [ -94.560504058486046, 39.052921117244715 ], [ -94.561296611368618, 39.052480589629688 ], [ -94.562117637174623, 39.052073002366306 ], [ -94.562964886182399, 39.051699472038358 ], [ -94.563836036947293, 39.051361021909855 ], [ -94.564728702655842, 39.051058579126348 ], [ -94.565640437657365, 39.050792972179465 ], [ -94.566568744155518, 39.050564928641364 ], [ -94.567511079041324, 39.050375073175246 ], [ -94.568464860849332, 39.050223925827524 ], [ -94.569427476817737, 39.050111900605998 ], [ -94.570396290033571, 39.050039304348147 ], [ -94.571368646643279, 39.050006335882443 ], [ -94.572341883109274, 39.05001308548507 ], [ -94.573313333492791, 39.050059534633455 ], [ -94.574280336743072, 39.050145556057281 ], [ -94.575240243973383, 39.050270914086809 ], [ -94.576190425703885, 39.050435265297693 ], [ -94.57712827905172, 39.050638159450358 ], [ -94.578051234849028, 39.050879040721497 ], [ -94.578956764669229, 39.051157249224339 ], [ -94.579842387742687, 39.051472022813499 ], [ -94.580705677742927, 39.051822499169511 ], [ -94.581544269424938, 39.052207718157426 ], [ -94.582355865097497, 39.052626624453104 ], [ -94.58313824091185, 39.053078070429883 ], [ -94.583889252949703, 39.053560819297964 ], [ -94.584606843093894, 39.054073548487885 ], [ -94.5852890446656, 39.054614853268887 ], [ -94.585933987812822, 39.0551832505924 ], [ -94.586539904635401, 39.055777183150042 ], [ -94.587105134032299, 39.056395023635147 ], [ -94.58762812625821, 39.057035079196417 ], [ -94.588107447176569, 39.057695596071163 ], [ -94.588541782197595, 39.05837476438591 ], [ -94.588929939890278, 39.059070723110956 ], [ -94.58927085525832, 39.059781565155689 ], [ -94.589563592671198, 39.060505342590368 ], [ -94.589807348441653, 39.061240071980528 ], [ -94.590001453043115, 39.061983739819169 ], [ -94.590145372960137, 39.062734308041897 ], [ -94.590238712167022, 39.063489719610146 ], [ -94.590281213230369, 39.064247904146924 ], [ -94.590272758032057, 39.065006783609945 ], [ -94.590213368110909, 39.065764277986375 ], [ -94.590103204621514, 39.066518310993764 ], [ -94.589942567910413, 39.067266815771426 ], [ -94.58973189671039, 39.068007740546761 ], [ -94.589471766955143, 39.068739054260909 ], [ -94.58916289021704, 39.069458752138345 ], [ -94.588806111772485, 39.070164861184999 ], [ -94.588402408299615, 39.070855445599989 ], [ -94.587952885214833, 39.071528612085913 ], [ -94.587458773654987, 39.072182515043274 ], [ -94.586921427113708, 39.072815361634554 ], [ -94.586342317740645, 39.073425416704083 ], [ -94.585723032313894, 39.07401100754025 ], [ -94.58506526789651, 39.074570528466772 ], [ -94.584370827188835, 39.075102445250415 ], [ -94.583641613589492, 39.075605299313153 ], [ -94.582879625978478, 39.076077711736886 ], [ -94.582086953236711, 39.076518387049902 ], [ -94.581265768516943, 39.076926116784463 ], [ -94.580418323281947, 39.077299782795862 ], [ -94.579546941126225, 39.077638360333538 ], [ -94.57865401139847, 39.077940920855994 ], [ -94.57774198264201, 39.07820663458164 ], [ -94.576813355871593, 39.078434772768411 ], [ -94.575870677705169, 39.078624709716124 ], [ -94.574916533369262, 39.078775924485612 ], [ -94.573953539597596, 39.078888002330451 ], [ -94.572984337442449, 39.078960635836552 ], [ -94.572011585018672, 39.07899362576736 ], [ -94.571037950200449, 39.07898688161152 ], [ -94.57006610329104, 39.078940421831916 ], [ -94.569098709685548, 39.078854373815354 ], [ -94.568138422547563, 39.078728973522928 ], [ -94.567187875519281, 39.078564564842026 ], [ -94.566249675485821, 39.078361598641905 ], [ -94.565326395413393, 39.078120631535171 ], [ -94.564420567281417, 39.077842324349071 ], [ -94.563534675127926, 39.077527440310178 ], [ -94.562671148227437, 39.077176842948091 ], [ -94.561832354420517, 39.076791493723498 ], [ -94.561020593612923, 39.076372449387442 ], [ -94.560238091462651, 39.075920859078998 ], [ -94.559486993272131, 39.075437961169285 ], [ -94.558769358102481, 39.074925079860698 ], [ -94.558087153125797, 39.074383621550638 ], [ -94.557442248231368, 39.073815070969765 ], [ -94.556836410900303, 39.0732209871056 ], [ -94.556271301362656, 39.072602998922548 ], [ -94.555748468050567, 39.071962800890105 ], [ -94.555269343359484, 39.071302148331924 ], [ -94.554835239729272, 39.070622852608018 ], [ -94.554447346055809, 39.069926776144044 ], [ -94.554106724442704, 39.069215827320576 ], [ -94.553814307302076, 39.068491955237256 ], [ -94.553570894812196, 39.067757144365522 ], [ -94.553377152738591, 39.067013409105115 ], [ -94.553233610624758, 39.066262788259102 ], [ -94.553140660357116, 39.065507339442611 ], [ -94.55309855510778, 39.064749133440735 ] ] ] } },
{ "type": "Feature", "properties": { }, "geometry": { "type": "Polygon", "coordinates": [ [ [ -94.480954023946097, 38.965017124277146 ], [ -94.480963670913354, 38.964258217459296 ], [ -94.481024178755021, 38.963500744766598 ], [ -94.481135380003295, 38.962746782332509 ], [ -94.481296968269248, 38.961998396603818 ], [ -94.481508499099988, 38.961257638677957 ], [ -94.481769391213888, 38.960526538682984 ], [ -94.482078928110127, 38.959807100215698 ], [ -94.48243626004809, 38.959101294853319 ], [ -94.482840406390864, 38.958411056753313 ], [ -94.48329025830644, 38.957738277356441 ], [ -94.483784581818824, 38.957084800207518 ], [ -94.484322021200938, 38.956452415907755 ], [ -94.484901102699425, 38.955842857212701 ], [ -94.485520238581529, 38.955257794289096 ], [ -94.486177731492418, 38.954698830143556 ], [ -94.486871779111411, 38.954167496235478 ], [ -94.487600479093828, 38.953665248286271 ], [ -94.488361834285357, 38.953193462296163 ], [ -94.489153758194306, 38.952753430779573 ], [ -94.489974080706887, 38.952346359229182 ], [ -94.490820554029952, 38.9519733628183 ], [ -94.491690858844834, 38.951635463350684 ], [ -94.492582610655603, 38.951333586465879 ], [ -94.49349336631451, 38.951068559107775 ], [ -94.494420630706514, 38.950841107263287 ], [ -94.49536186357507, 38.950651853977185 ], [ -94.496314486470538, 38.950501317648623 ], [ -94.497275889802083, 38.95038991061385 ], [ -94.498243439974146, 38.950317938018976 ], [ -94.499214486588116, 38.950285596986021 ], [ -94.500186369689473, 38.950292976074088 ], [ -94.501156427040783, 38.950340055037756 ], [ -94.502122001400991, 38.950426704882652 ], [ -94.503080447790992, 38.950552688218551 ], [ -94.504029140725905, 38.950717659908882 ], [ -94.504965481394336, 38.950921168014695 ], [ -94.505886904765276, 38.951162655030949 ], [ -94.506790886603213, 38.951441459411249 ], [ -94.507674950372376, 38.95175681737728 ], [ -94.508536674011438, 38.952107865007825 ], [ -94.509373696560289, 38.952493640601759 ], [ -94.510183724620575, 38.952913087308609 ], [ -94.510964538632848, 38.953365056019443 ], [ -94.511713998952786, 38.953848308510295 ], [ -94.512430051710268, 38.9543615208296 ], [ -94.51311073443496, 38.954903286920434 ], [ -94.513754181433427, 38.955472122467505 ], [ -94.514358628902627, 38.956066468958774 ], [ -94.514922419766222, 38.956684697950315 ], [ -94.515444008219959, 38.957325115523012 ], [ -94.515921963974108, 38.957985966918876 ], [ -94.516354976180807, 38.958665441344287 ], [ -94.516741857035882, 38.959361676927244 ], [ -94.517081545044803, 38.960072765814921 ], [ -94.51737310794411, 38.960796759397645 ], [ -94.517615745269737, 38.96153167364514 ], [ -94.517808790565397, 38.962275494540435 ], [ -94.517951713224676, 38.963026183596412 ], [ -94.51804411996163, 38.963781683440239 ], [ -94.518085755905616, 38.964539923450069 ], [ -94.518076505317396, 38.965298825428825 ], [ -94.518016391923936, 38.966056309299489 ], [ -94.517905578871364, 38.966810298806095 ], [ -94.51774436829551, 38.967558727205301 ], [ -94.517533200511181, 38.968299542932101 ], [ -94.517272652822413, 38.969030715225252 ], [ -94.516963437956406, 38.969750239695742 ], [ -94.516606402125575, 38.970456143824144 ], [ -94.516202522722608, 38.971146492370892 ], [ -94.515752905654878, 38.971819392685099 ], [ -94.51525878232529, 38.972472999897185 ], [ -94.514721506267733, 38.973105521980962 ], [ -94.514142549446106, 38.973715224671253 ], [ -94.513523498227215, 38.9743004362237 ], [ -94.512866049038252, 38.974859552003274 ], [ -94.512172003720934, 38.975391038889228 ], [ -94.511443264594675, 38.975893439484118 ], [ -94.510681829242671, 38.976365376115282 ], [ -94.509889785034858, 38.97680555461784 ], [ -94.509069303403038, 38.977212767888737 ], [ -94.508222633883719, 38.97758589920192 ], [ -94.507352097945159, 38.977923925275604 ], [ -94.506460082615448, 38.978225919083137 ], [ -94.505549033929597, 38.978491052399569 ], [ -94.504621450213051, 38.978718598077137 ], [ -94.503679875220939, 38.978907932042951 ], [ -94.502726891151312, 38.979058535013976 ], [ -94.501765111552103, 38.979169993923776 ], [ -94.500797174141312, 38.979242003057905 ], [ -94.499825733560229, 38.979274364893996 ], [ -94.498853454079779, 38.979266990645023 ], [ -94.497883002280204, 38.979219900503388 ], [ -94.496917039724195, 38.97913322358594 ], [ -94.495958215644038, 38.979007197579527 ], [ -94.495009159662658, 38.978842168088228 ], [ -94.49407247456908, 38.97863858768423 ], [ -94.493150729167866, 38.978397014664736 ], [ -94.492246451222798, 38.978118111518398 ], [ -94.491362120513841, 38.977802643105612 ], [ -94.490500162026962, 38.977451474557711 ], [ -94.489662939295343, 38.977065568900578 ], [ -94.488852747910556, 38.9766459844097 ], [ -94.488071809221481, 38.976193871703629 ], [ -94.487322264238401, 38.975710470583934 ], [ -94.486606167759064, 38.975197106630588 ], [ -94.485925482732782, 38.974655187561872 ], [ -94.485282074878228, 38.974086199369118 ], [ -94.484677707569574, 38.973491702236807 ], [ -94.484114037004915, 38.972873326259297 ], [ -94.483592607670431, 38.972232766966123 ], [ -94.483114848112578, 38.971571780667993 ], [ -94.4826820670296, 38.970892179636529 ], [ -94.482295449693453, 38.970195827130865 ], [ -94.481956054711475, 38.969484632284868 ], [ -94.481664811136682, 38.968760544869106 ], [ -94.481422515934568, 38.968025549941899 ], [ -94.481229831813025, 38.967281662404169 ], [ -94.481087285421367, 38.966530921473179 ], [ -94.48099526592307, 38.965775385090105 ], [ -94.480954023946097, 38.965017124277146 ] ] ] } },
{ "type": "Feature", "properties": { }, "geometry": { "type": "Polygon", "coordinates": [ [ [ -94.378669574044892, 39.09338146133134 ], [ -94.37868029163927, 39.092622558840191 ], [ -94.378741961530636, 39.091865133409321 ], [ -94.378854413056487, 39.091111261038726 ], [ -94.379017336392195, 39.090363007924147 ], [ -94.37923028341767, 39.089622424795174 ], [ -94.379492668962797, 39.088891541296235 ], [ -94.379803772427678, 39.088172360426185 ], [ -94.380162739773311, 39.087466853051509 ], [ -94.380568585876944, 39.086776952508295 ], [ -94.381020197245519, 39.086104549307535 ], [ -94.381516335079752, 39.085451485958451 ], [ -94.382055638680129, 39.084819551923758 ], [ -94.382636629185356, 39.084210478720777 ], [ -94.383257713633242, 39.083625935181715 ], [ -94.383917189332323, 39.083067522886033 ], [ -94.384613248532673, 39.08253677177737 ], [ -94.385343983382541, 39.082035135976831 ], [ -94.386107391157793, 39.081563989804387 ], [ -94.386901379749304, 39.081124624018706 ], [ -94.387723773393546, 39.080718242286181 ], [ -94.388572318630736, 39.080345957888269 ], [ -94.389444690474079, 39.080008790676501 ], [ -94.390338498773488, 39.079707664283269 ], [ -94.391251294756259, 39.07944340359569 ], [ -94.392180577727046, 39.079216732500122 ], [ -94.3931238019088, 39.079028271902644 ], [ -94.394078383406026, 39.078878538031461 ], [ -94.395041707271645, 39.078767941025504 ], [ -94.396011134657911, 39.078696783813292 ], [ -94.396984010032412, 39.078665261284875 ], [ -94.397957668439076, 39.078673459759266 ], [ -94.39892944278489, 39.078721356748822 ], [ -94.399896671132225, 39.078808821020949 ], [ -94.400856703977311, 39.078935612957288 ], [ -94.401806911494731, 39.079101385209299 ], [ -94.402744690728525, 39.079305683648293 ], [ -94.403667472710424, 39.079547948607541 ], [ -94.404572729485579, 39.07982751641299 ], [ -94.405457981027027, 39.080143621198467 ], [ -94.406320802019948, 39.08049539700032 ], [ -94.407158828497245, 39.080881880126029 ], [ -94.407969764308405, 39.081302011790108 ], [ -94.408751387404152, 39.081754641010285 ], [ -94.409501555919519, 39.082238527756026 ], [ -94.410218214038991, 39.082752346340897 ], [ -94.410899397627645, 39.083294689049424 ], [ -94.411543239612612, 39.083864069988685 ], [ -94.41214797510068, 39.084458929154231 ], [ -94.412711946217513, 39.085077636698948 ], [ -94.413233606655396, 39.085718497393628 ], [ -94.413711525917094, 39.086379755266798 ], [ -94.414144393243944, 39.0870595984114 ], [ -94.414531021217442, 39.087756163944924 ], [ -94.414870349024469, 39.088467543109843 ], [ -94.415161445376711, 39.089191786500038 ], [ -94.415403511076661, 39.089926909399253 ], [ -94.415595881222572, 39.090670897216881 ], [ -94.415738027046444, 39.091421711006092 ], [ -94.415829557379652, 39.092177293049581 ], [ -94.41587021974226, 39.092935572497169 ], [ -94.415859901052485, 39.093694471040401 ], [ -94.41579862795453, 39.094451908607986 ], [ -94.415686566763583, 39.095205809066947 ], [ -94.415524023027672, 39.095954105913812 ], [ -94.41531144070791, 39.096694747939864 ], [ -94.415049400978617, 39.097425704855368 ], [ -94.414738620650851, 39.098144972857128 ], [ -94.414379950223278, 39.098850580123987 ], [ -94.413974371565573, 39.099540592225466 ], [ -94.413522995240541, 39.100213117428275 ], [ -94.41302705747232, 39.10086631188652 ], [ -94.412487916768455, 39.10149838470106 ], [ -94.4119070502055, 39.102107602834039 ], [ -94.411286049387712, 39.102692295865367 ], [ -94.410626616090283, 39.103250860577724 ], [ -94.409930557598599, 39.103781765357581 ], [ -94.409199781756612, 39.104283554400148 ], [ -94.408436291737559, 39.10475485170651 ], [ -94.407642180551719, 39.105194364862157 ], [ -94.406819625305715, 39.105600888586075 ], [ -94.405970881229905, 39.105973308041115 ], [ -94.405098275489593, 39.106310601896006 ], [ -94.404204200797494, 39.106611845130892 ], [ -94.403291108844954, 39.106876211578466 ], [ -94.402361503570035, 39.107102976193637 ], [ -94.401417934281028, 39.107291517045716 ], [ -94.400462988654468, 39.107441317027238 ], [ -94.399499285626959, 39.107551965274915 ], [ -94.39852946820038, 39.107623158298814 ], [ -94.397556196180517, 39.107654700816553 ], [ -94.396582138869178, 39.107646506290088 ], [ -94.395609967729882, 39.107598597163829 ], [ -94.394642349047558, 39.107511104803329 ], [ -94.393681936602619, 39.107384269134684 ], [ -94.392731364379443, 39.107218437985573 ], [ -94.391793239329772, 39.107014066129999 ], [ -94.390870134210729, 39.106771714039013 ], [ -94.3899645805175, 39.106492046341366 ], [ -94.389079061530168, 39.106175829997611 ], [ -94.388216005493703, 39.105823932193687 ], [ -94.387377778950437, 39.105437317958788 ], [ -94.386566680242822, 39.105017047514849 ], [ -94.385784933204874, 39.104564273364673 ], [ -94.38503468105948, 39.104080237126631 ], [ -94.384317980538412, 39.103566266125085 ], [ -94.383636796241191, 39.103023769745384 ], [ -94.382992995248415, 39.102454235564089 ], [ -94.382388342004191, 39.101859225264626 ], [ -94.381824493481773, 39.101240370349963 ], [ -94.381302994645679, 39.100599367663911 ], [ -94.380825274222659, 39.099937974733635 ], [ -94.380392640792806, 39.099258004945909 ], [ -94.380006279211997, 39.098561322570767 ], [ -94.379667247374726, 39.097849837645889 ], [ -94.379376473326587, 39.097125500736112 ], [ -94.379134752733847, 39.096390297582296 ], [ -94.3789427467172, 39.09564624365435 ], [ -94.378800980055189, 39.094895378623434 ], [ -94.378709839762209, 39.094139760768265 ], [ -94.378669574044892, 39.09338146133134 ] ] ] } },
{ "type": "Feature", "properties": { }, "geometry": { "type": "Polygon", "coordinates": [ [ [ -94.517140470512203, 39.094343555346391 ], [ -94.517149702840996, 39.093584669153906 ], [ -94.517209889164391, 39.092827199422118 ], [ -94.517320862885214, 39.092073222277286 ], [ -94.517482318227394, 39.091324804207069 ], [ -94.517693811091675, 39.090583996397839 ], [ -94.517954760289996, 39.089852829114228 ], [ -94.518264449154884, 39.08913330613715 ], [ -94.518622027519356, 39.088427399274693 ], [ -94.519026514061778, 39.087737042961436 ], [ -94.519476799008956, 39.087064128960861 ], [ -94.519971647190062, 39.086410501185028 ], [ -94.520509701432701, 39.085777950646104 ], [ -94.521089486291956, 39.085168210553107 ], [ -94.521709412101785, 39.084582951567576 ], [ -94.522367779337912, 39.084023777230911 ], [ -94.523062783279812, 39.083492219575874 ], [ -94.523792518959411, 39.082989734934202 ], [ -94.524554986382469, 39.082517699951879 ], [ -94.525348096008756, 39.082077407822645 ], [ -94.526169674475625, 39.081670064750384 ], [ -94.527017470549666, 39.081296786649453 ], [ -94.527889161289949, 39.080958596092572 ], [ -94.528782358406218, 39.080656419514078 ], [ -94.52969461479455, 39.080391084676293 ], [ -94.530623431232826, 39.080163318406065 ], [ -94.53156626321767, 39.079973744607294 ], [ -94.532520527924305, 39.079822882555121 ], [ -94.533483611270483, 39.07971114547626 ], [ -94.534452875065156, 39.079638839419438 ], [ -94.535425664222558, 39.07960616241882 ], [ -94.536399314022205, 39.079613203952924 ], [ -94.537371157394745, 39.079659944700261 ], [ -94.538338532214453, 39.079746256592614 ], [ -94.539298788578023, 39.079871903165454 ], [ -94.540249296050206, 39.080036540205022 ], [ -94.541187450856597, 39.080239716689704 ], [ -94.542110683004012, 39.080480876023792 ], [ -94.543016463308959, 39.080759357559778 ], [ -94.543902310315531, 39.081074398405306 ], [ -94.544765797083372, 39.081425135509711 ], [ -94.545604557827701, 39.081810608024632 ], [ -94.546416294393126, 39.082229759932254 ], [ -94.547198782543589, 39.082681442933819 ], [ -94.547949878051512, 39.083164419590879 ], [ -94.548667522569147, 39.083677366710511 ], [ -94.549349749266639, 39.084218878965466 ], [ -94.549994688220863, 39.084787472739094 ], [ -94.550600571540585, 39.085381590185094 ], [ -94.551165738213896, 39.085999603490428 ], [ -94.551688638664487, 39.086639819330344 ], [ -94.552167839004255, 39.087300483502894 ], [ -94.552602024970781, 39.087979785730809 ], [ -94.552990005538305, 39.088675864617144 ], [ -94.553330716192747, 39.08938681274153 ], [ -94.553623221861301, 39.090110681882983 ], [ -94.55386671948871, 39.090845488355036 ], [ -94.554060540252678, 39.091589218438607 ], [ -94.554204151412605, 39.092339833897796 ], [ -94.554297157786152, 39.093095277563584 ], [ -94.554339302849272, 39.093853478969862 ], [ -94.554330469457071, 39.0946123600269 ], [ -94.554270680182512, 39.095369840716231 ], [ -94.554160097272671, 39.09612384479157 ], [ -94.553999022221774, 39.096872305470157 ], [ -94.553787894962539, 39.097613171098835 ], [ -94.553527292677359, 39.098344410779433 ], [ -94.553217928232911, 39.099064019937906 ], [ -94.552860648241705, 39.099770025821925 ], [ -94.552456430756379, 39.100460492911971 ], [ -94.552006382602229, 39.101133528230932 ], [ -94.551511736355792, 39.101787286537501 ], [ -94.550973846976973, 39.102419975389431 ], [ -94.550394188104434, 39.103029860062307 ], [ -94.549774348023846, 39.103615268310513 ], [ -94.549116025320259, 39.104174594957328 ], [ -94.548421024226244, 39.104706306301246 ], [ -94.547691249678735, 39.105208944326691 ], [ -94.546928702097745, 39.105681130707147 ], [ -94.546135471901778, 39.106121570590126 ], [ -94.545313733774449, 39.106529056152958 ], [ -94.544465740698442, 39.106902469920087 ], [ -94.543593817773086, 39.107240787832431 ], [ -94.542700355832494, 39.107543082060317 ], [ -94.541787804882063, 39.107808523552421 ], [ -94.540858667371182, 39.108036384313365 ], [ -94.539915491321011, 39.108226039404023 ], [ -94.53896086332594, 39.108376968658561 ], [ -94.537997401448507, 39.108488758113985 ], [ -94.537027748027, 39.10856110114775 ], [ -94.536054562416041, 39.108593799320538 ], [ -94.535080513679745, 39.108586762921881 ], [ -94.534108273258269, 39.108540011216995 ], [ -94.533140507627522, 39.108453672394141 ], [ -94.532179870972612, 39.108327983212902 ], [ -94.53122899789534, 39.108163288353886 ], [ -94.530290496175738, 39.107960039472189 ], [ -94.529366939607883, 39.107718793956678 ], [ -94.528460860929655, 39.107440213399116 ], [ -94.527574744866001, 39.10712506177677 ], [ -94.526711021305147, 39.106774203353979 ], [ -94.525872058626192, 39.106388600308279 ], [ -94.525060157197004, 39.10596931008763 ], [ -94.524277543059895, 39.105517482506201 ], [ -94.523526361822789, 39.105034356586444 ], [ -94.522808672772683, 39.104521257156655 ], [ -94.522126443227364, 39.10397959121282 ], [ -94.521481543141149, 39.103410844055425 ], [ -94.520875739979417, 39.102816575211307 ], [ -94.520310693875842, 39.102198414152227 ], [ -94.519787953085782, 39.101558055821783 ], [ -94.519308949747995, 39.100897255983028 ], [ -94.518874995966584, 39.100217826399678 ], [ -94.518487280223397, 39.099521629863965 ], [ -94.51814686413104, 39.098810575085281 ], [ -94.517854679535034, 39.098086611453112 ], [ -94.517611525972939, 39.097351723689215 ], [ -94.517418068497349, 39.096607926403301 ], [ -94.517274835868605, 39.095857258567527 ], [ -94.51718221912185, 39.095101777924832 ], [ -94.517140470512203, 39.094343555346391 ] ] ] } },
{ "type": "Feature", "properties": { }, "geometry": { "type": "Polygon", "coordinates": [ [ [ -94.562612548817896, 38.973390159420383 ], [ -94.56262132202005, 38.972631264622187 ], [ -94.562680962583556, 38.971873768190754 ], [ -94.562791305416582, 38.971119746327425 ], [ -94.562952046481257, 38.970371265644651 ], [ -94.56316274364454, 38.969630377502767 ], [ -94.56342281790711, 38.968899112389266 ], [ -94.56373155500664, 38.968179474355956 ], [ -94.5640881073911, 38.967473435529193 ], [ -94.564491496556315, 38.966782930708355 ], [ -94.564940615741335, 38.966109852067063 ], [ -94.565434232973985, 38.965456043971805 ], [ -94.565970994458212, 38.964823297932163 ], [ -94.566549428293754, 38.964213347696152 ], [ -94.567167948517906, 38.963627864504389 ], [ -94.56782485945817, 38.963068452515785 ], [ -94.568518360383777, 38.962536644417362 ], [ -94.569246550443367, 38.962033897230008 ], [ -94.570007433875276, 38.961561588321842 ], [ -94.570798925475927, 38.96112101163974 ], [ -94.571618856311801, 38.960713374169558 ], [ -94.572464979658875, 38.9603397926344 ], [ -94.57333497715365, 38.960001290440189 ], [ -94.574226465138779, 38.959698794876644 ], [ -94.575137001186278, 38.959433134581325 ], [ -94.576064090780108, 38.959205037273733 ], [ -94.577005194140412, 38.95901512776534 ], [ -94.577957733170521, 38.958863926251396 ], [ -94.57891909850801, 38.958751846888624 ], [ -94.579886656660534, 38.958679196663219 ], [ -94.580857757207241, 38.958646174551617 ], [ -94.581829740045904, 38.958652870976891 ], [ -94.582799942666441, 38.958699267561862 ], [ -94.583765707430857, 38.958785237179697 ], [ -94.584724388839874, 38.958910544301851 ], [ -94.585673360766719, 38.95907484564254 ], [ -94.58661002363803, 38.959277691097675 ], [ -94.58753181154286, 38.959518524976126 ], [ -94.588436199250083, 38.959796687519486 ], [ -94.589320709115441, 38.960111416706717 ], [ -94.59018291785921, 38.960461850338234 ], [ -94.591020463196159, 38.960847028394369 ], [ -94.591831050299859, 38.961265895661199 ], [ -94.592612458083522, 38.96171730461699 ], [ -94.593362545280485, 38.962200018571373 ], [ -94.594079256307552, 38.962712715048482 ], [ -94.594760626895322, 38.963253989405203 ], [ -94.595404789470109, 38.963822358674214 ], [ -94.596009978272619, 38.964416265622063 ], [ -94.596574534199419, 38.965034083010387 ], [ -94.597096909353994, 38.965674118049321 ], [ -94.597575671294706, 38.966334617030711 ], [ -94.598009506968154, 38.967013770128524 ], [ -94.598397226316806, 38.967709716353355 ], [ -94.59873776555132, 38.968420548647536 ], [ -94.59903019007794, 38.969144319106995 ], [ -94.599273697073443, 38.969879044315476 ], [ -94.599467617699815, 38.970622710776709 ], [ -94.599611418952904, 38.971373280429574 ], [ -94.599704705139501, 38.972128696231323 ], [ -94.599747218978891, 38.972886887793315 ], [ -94.599738842325365, 38.973645777054138 ], [ -94.599679596509887, 38.974403283974475 ], [ -94.599569642299343, 38.975157332238069 ], [ -94.599409279473804, 38.975905854943235 ], [ -94.59919894602217, 38.976646800269201 ], [ -94.598939216958954, 38.977378137101951 ], [ -94.598630802764347, 38.978097860603945 ], [ -94.59827454745259, 38.978803997712397 ], [ -94.597871426273059, 38.9794946125511 ], [ -94.597422543050598, 38.980167811741111 ], [ -94.596929127172132, 38.980821749595158 ], [ -94.596392530227632, 38.98145463318199 ], [ -94.59581422231463, 38.982064727246602 ], [ -94.59519578801617, 38.982650358972563 ], [ -94.594538922063364, 38.9832099225736 ], [ -94.593845424694067, 38.983741883701576 ], [ -94.593117196720684, 38.984244783658987 ], [ -94.592356234320278, 38.984717243403928 ], [ -94.591564623561595, 38.985157967336917 ], [ -94.590744534683694, 38.985565746858825 ], [ -94.589898216142132, 38.985939463690165 ], [ -94.589027988439014, 38.986278092942669 ], [ -94.588136237753844, 38.986580705934564 ], [ -94.587225409392872, 38.986846472741711 ], [ -94.586298001074752, 38.98707466447766 ], [ -94.585356556071332, 38.987264655296343 ], [ -94.584403656222435, 38.987415924111666 ], [ -94.583441914843675, 38.987528056029518 ], [ -94.582473969547365, 38.987600743487931 ], [ -94.581502474996029, 38.987633787102524 ], [ -94.580530095608665, 38.987627096214595 ], [ -94.57955949824003, 38.987580689140714 ], [ -94.578593344853061, 38.987494693122613 ], [ -94.577634285204851, 38.987369343978081 ], [ -94.576684949566285, 38.987204985453303 ], [ -94.575747941495578, 38.987002068278883 ], [ -94.574825830685811, 38.986761148931713 ], [ -94.573921145905885, 38.986482888106657 ], [ -94.573036368054844, 38.98616804890154 ], [ -94.572173923348544, 38.985817494721282 ], [ -94.571336176657439, 38.985432186906337 ], [ -94.570525425014068, 38.985013182092302 ], [ -94.569743891307937, 38.984561629307898 ], [ -94.568993718185354, 38.984078766819295 ], [ -94.568276962170899, 38.983565918729759 ], [ -94.56759558802689, 38.9830244913435 ], [ -94.566951463365953, 38.982455969304418 ], [ -94.566346353532026, 38.981861911519793 ], [ -94.565781916763314, 38.981243946880596 ], [ -94.565259699650809, 38.980603769789965 ], [ -94.564781132904628, 38.979943135512421 ], [ -94.564347527439566, 38.979263855356336 ], [ -94.563960070790927, 38.978567791703171 ], [ -94.5636198238699, 38.977856852897162 ], [ -94.563327718067555, 38.97713298800938 ], [ -94.563084552715111, 38.976398181490644 ], [ -94.562890992907484, 38.975654447728054 ], [ -94.56274756769561, 38.974903825520101 ], [ -94.562654668652712, 38.974148372485345 ], [ -94.562612548817896, 38.973390159420383 ] ] ] } },
{ "type": "Feature", "properties": { }, "geometry": { "type": "Polygon", "coordinates": [ [ [ -94.549271999416774, 39.013298249492365 ], [ -94.54928090585878, 39.012539357706771 ], [ -94.549340708202337, 39.011781869520036 ], [ -94.549451240909079, 39.011027861110342 ], [ -94.549612199417709, 39.010279399052585 ], [ -94.549823140996409, 39.009538534655348 ], [ -94.550083485973303, 39.008807298340201 ], [ -94.550392519341699, 39.008087694079151 ], [ -94.550749392735412, 39.007381693905103 ], [ -94.551153126768568, 39.006691232510491 ], [ -94.551602613733422, 39.006018201948933 ], [ -94.552096620648541, 39.005364446454145 ], [ -94.552633792648905, 39.004731757390473 ], [ -94.553212656708538, 39.00412186834879 ], [ -94.553831625685334, 39.003536450400993 ], [ -94.554489002676959, 39.002977107526149 ], [ -94.555182985675714, 39.002445372220947 ], [ -94.555911672509808, 39.001942701305836 ], [ -94.556673066057073, 39.001470471939044 ], [ -94.557465079717318, 39.001029977848674 ], [ -94.55828554312788, 39.00062242579348 ], [ -94.559132208107044, 39.000248932261854 ], [ -94.560002754809133, 38.999910520417956 ], [ -94.560894798074017, 38.999608117303453 ], [ -94.561805893954542, 38.999342551302156 ], [ -94.562733546403166, 38.999114549874847 ], [ -94.563675214100385, 38.998924737570121 ], [ -94.564628317405962, 38.998773634316727 ], [ -94.5655902454141, 38.998661654002177 ], [ -94.566558363093577, 38.998589103341331 ], [ -94.56753001849323, 38.998556181038047 ], [ -94.568502549993312, 38.99856297724223 ], [ -94.56947329358313, 38.998609473303652 ], [ -94.570439590145071, 38.998695541823437 ], [ -94.571398792725191, 38.998820947002578 ], [ -94.572348273771027, 38.998985345287309 ], [ -94.573285432316382, 38.999188286308623 ], [ -94.574207701094039, 38.999429214114286 ], [ -94.575112553556963, 38.999707468689373 ], [ -94.575997510788866, 39.000022287761531 ], [ -94.576860148285363, 39.000372808885857 ], [ -94.57769810258722, 39.000758071803816 ], [ -94.578509077747952, 39.001177021069921 ], [ -94.579290851617685, 39.001628508938722 ], [ -94.580041281926512, 39.002111298504509 ], [ -94.580758312150635, 39.002624067085186 ], [ -94.581439977145266, 39.003165409840896 ], [ -94.5820844085289, 39.003733843617788 ], [ -94.582689839804289, 39.004327811006419 ], [ -94.58325461120188, 39.004945684603499 ], [ -94.583777174232793, 39.005585771465839 ], [ -94.584256095938315, 39.006246317743852 ], [ -94.584690062824805, 39.006925513482393 ], [ -94.585077884472511, 39.007621497575613 ], [ -94.58541849680887, 39.008332362862411 ], [ -94.585710965036824, 39.009056161348504 ], [ -94.585954486210269, 39.009790909540932 ], [ -94.586148391449058, 39.010534593880486 ], [ -94.586292147787958, 39.011285176256955 ], [ -94.586385359653519, 39.012040599592552 ], [ -94.586427769965411, 39.012798793477629 ], [ -94.586419260858378, 39.013557679844091 ], [ -94.586359854023186, 39.014315178660034 ], [ -94.586249710664973, 39.015069213630859 ], [ -94.586089131079206, 39.01581771789062 ], [ -94.585878553846186, 39.016558639668396 ], [ -94.585618554645919, 39.017289947913909 ], [ -94.58530984469671, 39.018009637867095 ], [ -94.584953268821295, 39.018715736556203 ], [ -94.584549803145862, 39.019406308209398 ], [ -94.584100552437988, 39.020079459565089 ], [ -94.583606747090613, 39.020733345066098 ], [ -94.583069739760333, 39.021366171923688 ], [ -94.582491001668984, 39.021976205037319 ], [ -94.581872118578531, 39.022561771756592 ], [ -94.581214786450303, 39.023121266472472 ], [ -94.580520806800479, 39.023653155024682 ], [ -94.579792081764154, 39.024155978913747 ], [ -94.57903060888205, 39.024628359305432 ], [ -94.57823847562355, 39.025069000816977 ], [ -94.577417853661672, 39.025476695074445 ], [ -94.576570992915251, 39.025850324031445 ], [ -94.575700215374852, 39.026188863040069 ], [ -94.574807908729639, 39.026491383665423 ], [ -94.573896519812521, 39.026757056236185 ], [ -94.572968547881544, 39.026985152124013 ], [ -94.572026537756543, 39.027175045745366 ], [ -94.571073072829492, 39.027326216280571 ], [ -94.570110767968146, 39.027438249104975 ], [ -94.569142262332619, 39.027510836928371 ], [ -94.568170212124642, 39.027543780639782 ], [ -94.567197283289516, 39.027536989854745 ], [ -94.566226144191248, 39.027490483164108 ], [ -94.565259458280735, 39.027404388083198 ], [ -94.564299876777667, 39.027278940702018 ], [ -94.563350031386094, 39.027114485036748 ], [ -94.562412527064083, 39.02691147208504 ], [ -94.561489934867225, 39.026670458587226 ], [ -94.56058478488599, 39.026392105497067 ], [ -94.559699559296376, 39.026077176166282 ], [ -94.558836685542943, 39.025726534247816 ], [ -94.557998529673355, 39.025341141323615 ], [ -94.557187389842596, 39.024922054263563 ], [ -94.556405490004636, 39.024470422322807 ], [ -94.555654973809538, 39.023987483985536 ], [ -94.554937898722088, 39.023474563563816 ], [ -94.554256230378613, 39.022933067561098 ], [ -94.553611837197266, 39.022364480810261 ], [ -94.553006485256802, 39.021770362396744 ], [ -94.552441833457507, 39.021152341378496 ], [ -94.551919428977982, 39.020512112313909 ], [ -94.551440703039731, 39.019851430610551 ], [ -94.551006966991608, 39.019172107707291 ], [ -94.550619408724202, 39.018476006103242 ], [ -94.55027908942445, 39.017765034246992 ], [ -94.549986940678792, 39.017041141300417 ], [ -94.549743761933115, 39.016306311791389 ], [ -94.549550218315758, 39.015562560170039 ], [ -94.549406838830009, 39.014811925283723 ], [ -94.549314014920398, 39.014056464785583 ], [ -94.549271999416774, 39.013298249492365 ] ] ] } },
{ "type": "Feature", "properties": { }, "geometry": { "type": "Polygon", "coordinates": [ [ [ -94.531907385172119, 39.106575975292706 ], [ -94.531916456376081, 39.105817092596148 ], [ -94.531976490481384, 39.105059619719853 ], [ -94.532087321306975, 39.104305632799182 ], [ -94.532248643467241, 39.103557198349073 ], [ -94.53246001322681, 39.10281636760115 ], [ -94.532720849733707, 39.102085170883328 ], [ -94.533030436627996, 39.101365612057442 ], [ -94.533387924020829, 39.1006596630301 ], [ -94.533792330838565, 39.099969258351692 ], [ -94.534242547525182, 39.099296289918364 ], [ -94.534737339095557, 39.098642601791482 ], [ -94.535275348531201, 39.0980099851486 ], [ -94.535855100508726, 39.097400173379903 ], [ -94.536475005451052, 39.096814837343288 ], [ -94.537133363889936, 39.09625558079118 ], [ -94.537828371127972, 39.095723935981425 ], [ -94.538558122187084, 39.095221359484391 ], [ -94.5393206170301, 39.0947492281975 ], [ -94.540113766040875, 39.094308835578097 ], [ -94.540935395748264, 39.093901388105039 ], [ -94.541783254777982, 39.093528001978399 ], [ -94.542655020016198, 39.093189700066468 ], [ -94.543548302968318, 39.092887409108272 ], [ -94.544460656295129, 39.092621957179105 ], [ -94.545389580508925, 39.092394071426199 ], [ -94.546332530811171, 39.092204376080304 ], [ -94.547286924053196, 39.092053390749186 ], [ -94.548250145800978, 39.091941528996877 ], [ -94.549219557484776, 39.091869097213198 ], [ -94.550192503614284, 39.091836293776396 ], [ -94.551166319039623, 39.09184320851098 ], [ -94.552138336238514, 39.091889822442539 ], [ -94.55310589260985, 39.091976007849908 ], [ -94.554066337753852, 39.092101528614869 ], [ -94.555017040719122, 39.092266040868012 ], [ -94.555955397196712, 39.092469093929445 ], [ -94.556878836641943, 39.092710131541452 ], [ -94.557784829304566, 39.092988493389889 ], [ -94.558670893147948, 39.093303416910253 ], [ -94.559534600638756, 39.093654039373334 ], [ -94.560373585388561, 39.094039400244917 ], [ -94.561185548629325, 39.094458443813188 ], [ -94.561968265504916, 39.094910022076355 ], [ -94.562719591162036, 39.095392897883187 ], [ -94.563437466623256, 39.095905748317342 ], [ -94.564119924426734, 39.096447168316793 ], [ -94.564765094016849, 39.097015674518069 ], [ -94.565371206871006, 39.097609709315194 ], [ -94.565936601348909, 39.098227645122073 ], [ -94.566459727250376, 39.098867788826752 ], [ -94.566939150069871, 39.099528386425519 ], [ -94.567373554935429, 39.100207627824062 ], [ -94.567761750221493, 39.100903651792684 ], [ -94.568102670825468, 39.101614551062092 ], [ -94.568395381099023, 39.102338377545784 ], [ -94.568639077425772, 39.103073147674792 ], [ -94.568833090438403, 39.103816847830252 ], [ -94.56897688686891, 39.104567439858869 ], [ -94.569070071026403, 39.105322866656408 ], [ -94.569112385898805, 39.106081057803586 ], [ -94.569103713874867, 39.1068399352393 ], [ -94.569044077084271, 39.107597418955564 ], [ -94.56893363735503, 39.108351432698228 ], [ -94.5687726957878, 39.109099909658518 ], [ -94.568561691948119, 39.109840798139047 ], [ -94.568301202678882, 39.110572067179362 ], [ -94.567991940535578, 39.111291712125279 ], [ -94.567634751849042, 39.111997760126577 ], [ -94.567230614420211, 39.112688275548557 ], [ -94.566780634853643, 39.113361365281669 ], [ -94.566286045536501, 39.114015183935656 ], [ -94.565748201271361, 39.114647938902799 ], [ -94.565168575571974, 39.115257895277445 ], [ -94.564548756631879, 39.115843380617349 ], [ -94.563890442977055, 39.116402789534305 ], [ -94.563195438814262, 39.116934588101117 ], [ -94.562465649087841, 39.117437318062798 ], [ -94.561703074258659, 39.117909600840569 ], [ -94.560909804819161, 39.118350141317308 ], [ -94.560088015559955, 39.118757731394197 ], [ -94.559239959603445, 39.119131253308794 ], [ -94.55836796222097, 39.119469682705038 ], [ -94.557474414450567, 39.119772091447189 ], [ -94.55656176653288, 39.120037650169458 ], [ -94.555632521183171, 39.12026563055462 ], [ -94.554689226718438, 39.120455407335051 ], [ -94.553734470058046, 39.120606460010826 ], [ -94.552770869617731, 39.120718374280052 ], [ -94.551801068116234, 39.120790843177488 ], [ -94.550827725314832, 39.120823667918302 ], [ -94.549853510709397, 39.120816758444555 ], [ -94.548881096195743, 39.12077013367302 ], [ -94.547913148727986, 39.120683921443629 ], [ -94.546952322990862, 39.120558358168495 ], [ -94.546001254105647, 39.120393788182717 ], [ -94.545062550390384, 39.12019066279877 ], [ -94.544138786194139, 39.119949539066738 ], [ -94.543232494825205, 39.119671078244316 ], [ -94.542346161592931, 39.119356043980368 ], [ -94.541482216982104, 39.119005300217445 ], [ -94.540643029979094, 39.118619808818764 ], [ -94.539830901567882, 39.11820062692621 ], [ -94.53904805841421, 39.11774890405708 ], [ -94.538296646754929, 39.117265878946959 ], [ -94.537578726509736, 39.116752876147935 ], [ -94.536896265631086, 39.116211302391442 ], [ -94.536251134708351, 39.115642642725511 ], [ -94.535645101840416, 39.115048456437499 ], [ -94.535079827791307, 39.114430372773313 ], [ -94.534556861441686, 39.113790086464803 ], [ -94.534077635549039, 39.113129353078115 ], [ -94.533643462827769, 39.11244998419528 ], [ -94.533255532359988, 39.111753842442745 ], [ -94.532914906346889, 39.111042836380221 ], [ -94.532622517209234, 39.110318915264308 ], [ -94.532379165044944, 39.109584063700765 ], [ -94.532185515450593, 39.108840296200675 ], [ -94.532042097712576, 39.10808965165517 ], [ -94.531949303372699, 39.107334187743874 ], [ -94.531907385172119, 39.106575975292706 ] ] ] } },
{ "type": "Feature", "properties": { }, "geometry": { "type": "Polygon", "coordinates": [ [ [ -94.532457550316593, 39.105966059867505 ], [ -94.532466615754345, 39.105207177170726 ], [ -94.532526643656936, 39.104449704062333 ], [ -94.532637467860368, 39.103695716678345 ], [ -94.532798782997261, 39.102947281534959 ], [ -94.533010145351483, 39.102206449865747 ], [ -94.53327097409138, 39.101475252001165 ], [ -94.533580552878377, 39.100755691806221 ], [ -94.533938031845835, 39.100049741191313 ], [ -94.534342429943223, 39.099359334711174 ], [ -94.534792637638432, 39.098686364266939 ], [ -94.535287419970985, 39.098032673925474 ], [ -94.535825419947713, 39.097400054870477 ], [ -94.536405162271137, 39.096790240498734 ], [ -94.537025057390622, 39.096204901675279 ], [ -94.537683405864797, 39.095645642160207 ], [ -94.538378403023586, 39.095113994219524 ], [ -94.539108143916494, 39.094611414432173 ], [ -94.539870628534132, 39.094139279704599 ], [ -94.540663767288393, 39.093698883503606 ], [ -94.54148538673617, 39.093291432317855 ], [ -94.542333235531217, 39.092918042357603 ], [ -94.543204990587768, 39.092579736501655 ], [ -94.544098263439025, 39.09227744149986 ], [ -94.545010606773417, 39.092011985438589 ], [ -94.545939521130563, 39.091784095476349 ], [ -94.546882461738889, 39.091594395855495 ], [ -94.54783684547624, 39.091443406195452 ], [ -94.548800057934571, 39.091331540072083 ], [ -94.549769460569564, 39.091259103887239 ], [ -94.550742397915641, 39.091226296031174 ], [ -94.55171620484694, 39.091233206340497 ], [ -94.552688213864442, 39.091279815852893 ], [ -94.553655762389383, 39.091365996859345 ], [ -94.554616200043512, 39.091491513253601 ], [ -94.555566895895836, 39.09165602117826 ], [ -94.556505245656922, 39.091859069965231 ], [ -94.557428678800491, 39.092100103368523 ], [ -94.55833466559352, 39.092378461085509 ], [ -94.559220724015447, 39.092693380562949 ], [ -94.560084426547817, 39.09304399908271 ], [ -94.560923406815775, 39.093429356121376 ], [ -94.561735366063544, 39.093848395977602 ], [ -94.562518079446008, 39.094299970659755 ], [ -94.563269402119417, 39.094782843026401 ], [ -94.56398727511457, 39.095295690170623 ], [ -94.564669730976391, 39.095837107039351 ], [ -94.565314899154629, 39.096405610277735 ], [ -94.565921011130612, 39.096999642287884 ], [ -94.56648640526646, 39.097617575491313 ], [ -94.567009531363013, 39.098257716783237 ], [ -94.567488954914239, 39.098918312166532 ], [ -94.567923361046212, 39.099597551552961 ], [ -94.568311558129963, 39.100293573718325 ], [ -94.568652481058066, 39.101004471398305 ], [ -94.568945194175811, 39.10172829651075 ], [ -94.569188893859135, 39.10246306549044 ], [ -94.569382910731591, 39.103206764721698 ], [ -94.569526711514598, 39.103957356053769 ], [ -94.56961990050543, 39.104712782384333 ], [ -94.569662220678822, 39.105470973295397 ], [ -94.56965355440903, 39.106229850726542 ], [ -94.569593923810032, 39.106987334669803 ], [ -94.569483490692917, 39.107741348870441 ], [ -94.569322556140236, 39.108489826518429 ], [ -94.569111559698371, 39.109230715914535 ], [ -94.568851078189923, 39.109961986095826 ], [ -94.568541824149193, 39.110681632404962 ], [ -94.568184643884763, 39.111387681988077 ], [ -94.567780515174547, 39.112078199206103 ], [ -94.567330544599216, 39.112751290944672 ], [ -94.566835964521246, 39.11340511180795 ], [ -94.566298129717936, 39.114037869182262 ], [ -94.565718513677027, 39.114647828155327 ], [ -94.565098704565628, 39.115233316277831 ], [ -94.564440400882745, 39.115792728153956 ], [ -94.56374540680774, 39.116324529848377 ], [ -94.5630156272573, 39.116827263097612 ], [ -94.56225306266434, 39.11729954931382 ], [ -94.561459803493236, 39.117740093370479 ], [ -94.56063802450636, 39.118147687158988 ], [ -94.559789978797937, 39.118521212906707 ], [ -94.558917991611153, 39.118859646247095 ], [ -94.558024453956051, 39.119162059033584 ], [ -94.557111816045449, 39.119427621889315 ], [ -94.556182580567182, 39.119655606485708 ], [ -94.555239295811091, 39.11984538754362 ], [ -94.554284548669884, 39.119996444551326 ], [ -94.553320957533131, 39.120108363195122 ], [ -94.552351165094052, 39.120180836497731 ], [ -94.551377831088971, 39.120213665662206 ], [ -94.550403624989642, 39.120206760618501 ], [ -94.549431218668474, 39.120160140271217 ], [ -94.548463279057145, 39.120073932448129 ], [ -94.547502460818748, 39.119948373549256 ], [ -94.546551399054025, 39.119783807897697 ], [ -94.545612702061447, 39.119580686793988 ], [ -94.544688944171597, 39.119339567276484 ], [ -94.543782658675525, 39.119061110591282 ], [ -94.542896330866441, 39.118746080375921 ], [ -94.542032391214235, 39.118395340561818 ], [ -94.541193208691709, 39.118009853001297 ], [ -94.540381084270578, 39.117590674825763 ], [ -94.539598244605642, 39.117138955542273 ], [ -94.538846835924232, 39.116655933876544 ], [ -94.538128918137858, 39.116142934371283 ], [ -94.537446459192324, 39.115601363748802 ], [ -94.536801329671704, 39.115032707048556 ], [ -94.536195297671085, 39.114438523549794 ], [ -94.535630023952152, 39.113820442490699 ], [ -94.53510705739474, 39.11318015859603 ], [ -94.534627830756932, 39.112519427425283 ], [ -94.534193656755235, 39.111840060554449 ], [ -94.533805724475343, 39.111143920604391 ], [ -94.53346509612345, 39.11043291612998 ], [ -94.53317270412677, 39.109708996383404 ], [ -94.532929348591182, 39.10897414596667 ], [ -94.53273569512254, 39.108230379387763 ], [ -94.532592273017883, 39.107479735535279 ], [ -94.532499473831081, 39.106724272086979 ], [ -94.532457550316593, 39.105966059867505 ] ] ] } },
{ "type": "Feature", "properties": { }, "geometry": { "type": "Polygon", "coordinates": [ [ [ -94.538099468197757, 39.09885692253043 ], [ -94.53810847471172, 39.098098039730388 ], [ -94.538168438598973, 39.097340564153633 ], [ -94.538279193871517, 39.096586571943149 ], [ -94.538440435351404, 39.095838129628603 ], [ -94.538651719524836, 39.095097288463478 ], [ -94.538912465774814, 39.094366078804477 ], [ -94.539221957989156, 39.093646504549213 ], [ -94.539579346538829, 39.092940537646861 ], [ -94.539983650621281, 39.092250112697066 ], [ -94.540433760962216, 39.091577121651831 ], [ -94.540928442868051, 39.090923408634758 ], [ -94.541466339620825, 39.09029076489189 ], [ -94.542045976205941, 39.089680923887926 ], [ -94.542665763362379, 39.089095556561141 ], [ -94.543324001944526, 39.088536266749934 ], [ -94.544018887583121, 39.088004586803514 ], [ -94.544748515633017, 39.087501973388726 ], [ -94.545510886393743, 39.087029803504315 ], [ -94.546303910588719, 39.08658937071354 ], [ -94.547125415088374, 39.086181881605484 ], [ -94.547973148860933, 39.085808452494383 ], [ -94.548844789135302, 39.085470106366394 ], [ -94.549737947758686, 39.085167770081746 ], [ -94.550650177731924, 39.084902271839951 ], [ -94.55157897990469, 39.084674338915121 ], [ -94.55252180981222, 39.084484595667242 ], [ -94.553476084635093, 39.084333561835244 ], [ -94.554439190263139, 39.084221651115961 ], [ -94.555408488444172, 39.084149170033314 ], [ -94.556381323998295, 39.084116317100474 ], [ -94.557355032078021, 39.084123182277388 ], [ -94.558326945454709, 39.084169746725287 ], [ -94.559294401811201, 39.084255882858415 ], [ -94.560254751021375, 39.084381354693292 ], [ -94.561205362396251, 39.084545818494433 ], [ -94.562143631877518, 39.084748823714442 ], [ -94.563066989158628, 39.084989814226454 ], [ -94.563972904714262, 39.08526812984514 ], [ -94.564858896718903, 39.085583008132438 ], [ -94.56572253783601, 39.085933586482845 ], [ -94.566561461859038, 39.086318904482802 ], [ -94.567373370186417, 39.086737906537707 ], [ -94.568156038112647, 39.087189444759318 ], [ -94.568907320918754, 39.087672282105942 ], [ -94.569625159745044, 39.08818509576642 ], [ -94.570307587230388, 39.088726480779343 ], [ -94.570952732902683, 39.089294953876944 ], [ -94.571558828305342, 39.089888957543842 ], [ -94.572124211846386, 39.090506864279135 ], [ -94.57264733335623, 39.091146981050471 ], [ -94.573126758341957, 39.0918075539279 ], [ -94.573561171926343, 39.092486772884811 ], [ -94.573949382460611, 39.093182776753004 ], [ -94.574290324801083, 39.093893658318329 ], [ -94.574583063240553, 39.094617469542833 ], [ -94.574826794086235, 39.095352226899458 ], [ -94.575020847876928, 39.096095916804472 ], [ -94.575164691233525, 39.096846501132774 ], [ -94.575257928337294, 39.097601922801417 ], [ -94.575300302031735, 39.098360111405334 ], [ -94.575291694545001, 39.099118988890638 ], [ -94.57523212783056, 39.099876475249367 ], [ -94.575121763524905, 39.100630494220425 ], [ -94.574960902522463, 39.101378978980918 ], [ -94.574749984168491, 39.102119877812356 ], [ -94.57448958507193, 39.102851159726214 ], [ -94.574180417541498, 39.103570820033241 ], [ -94.573823327648952, 39.104276885841443 ], [ -94.573419292924655, 39.10496742146757 ], [ -94.572969419691788, 39.105640533747007 ], [ -94.572474940046106, 39.106294377227911 ], [ -94.571937208489572, 39.1069271592348 ], [ -94.571357698226862, 39.107537144788175 ], [ -94.570737997134984, 39.108122661366025 ], [ -94.570079803416618, 39.108682103494743 ], [ -94.56938492094946, 39.109213937156284 ], [ -94.568655254343909, 39.109716703999673 ], [ -94.567892803722899, 39.110189025345143 ], [ -94.567099659237911, 39.110629605970026 ], [ -94.566277995336492, 39.111037237665542 ], [ -94.565430064796814, 39.111410802555213 ], [ -94.564558192545832, 39.11174927616527 ], [ -94.563664769277921, 39.112051730238768 ], [ -94.562752244891712, 39.112317335285681 ], [ -94.561823121763197, 39.112545362861717 ], [ -94.560879947873602, 39.112735187569875 ], [ -94.559925309811078, 39.112886288778689 ], [ -94.558961825665548, 39.112998252053174 ], [ -94.557992137836294, 39.113070770293596 ], [ -94.557018905772296, 39.113103644579667 ], [ -94.556044798665255, 39.113096784717484 ], [ -94.555072488115712, 39.113050209487596 ], [ -94.554104640792247, 39.112964046593895 ], [ -94.553143911104556, 39.112838532313042 ], [ -94.552192933910206, 39.112674010845566 ], [ -94.551254317275465, 39.112470933370702 ], [ -94.550330635310402, 39.11222985680692 ], [ -94.549424421097655, 39.111951442282354 ], [ -94.548538159734861, 39.111636453318695 ], [ -94.547674281509714, 39.111285753734059 ], [ -94.546835155226546, 39.110900305270277 ], [ -94.546023081702984, 39.11048116495131 ], [ -94.545240287454419, 39.110029482180273 ], [ -94.544488918583824, 39.109546495582578 ], [ -94.543771034893837, 39.109033529604567 ], [ -94.543088604237113, 39.108491990876544 ], [ -94.542443497120573, 39.107923364350356 ], [ -94.54183748157827, 39.107329209222392 ], [ -94.541272218327279, 39.106711154653006 ], [ -94.540749256219257, 39.106070895294224 ], [ -94.540270028000663, 39.105410186638252 ], [ -94.539835846392918, 39.104730840199288 ], [ -94.539447900503205, 39.104034718542259 ], [ -94.539107252575704, 39.103323730171844 ], [ -94.538814835091941, 39.102599824296149 ], [ -94.538571448228296, 39.101864985479267 ], [ -94.538377757677196, 39.101121228197464 ], [ -94.538234292838013, 39.100370591313968 ], [ -94.538141445382394, 39.099615132487557 ], [ -94.538099468197757, 39.09885692253043 ] ] ] } },
{ "type": "Feature", "properties": { }, "geometry": { "type": "Polygon", "coordinates": [ [ [ -94.341812849276138, 38.926864812329917 ], [ -94.341823987483608, 38.926105885613538 ], [ -94.341885958206547, 38.925348454223744 ], [ -94.341998589971581, 38.924594594176106 ], [ -94.342161572473685, 38.923846371632138 ], [ -94.342374457444208, 38.923105837237678 ], [ -94.342636659896328, 38.922375020503978 ], [ -94.342947459744821, 38.921655924247737 ], [ -94.343306003795078, 38.920950519104757 ], [ -94.343711308096076, 38.920260738132512 ], [ -94.344162260650521, 38.919588471516271 ], [ -94.344657624474593, 38.918935561393198 ], [ -94.345196040998943, 38.918303796808694 ], [ -94.345776033801187, 38.91769490881854 ], [ -94.346396012660065, 38.917110565750548 ], [ -94.347054277919426, 38.916552368638072 ], [ -94.347749025150605, 38.916021846838568 ], [ -94.348478350100152, 38.915520453848409 ], [ -94.349240253909088, 38.915049563325873 ], [ -94.350032648589931, 38.914610465332856 ], [ -94.350853362745866, 38.914204362805691 ], [ -94.351700147516965, 38.913832368264494 ], [ -94.352570682736939, 38.913495500770168 ], [ -94.353462583283559, 38.913194683137341 ], [ -94.35437340560577, 38.912930739410456 ], [ -94.355300654409334, 38.912704392610529 ], [ -94.35624178948305, 38.912516262757933 ], [ -94.357194232646961, 38.912366865177262 ], [ -94.358155374803545, 38.912256609088338 ], [ -94.359122583072818, 38.912185796487556 ], [ -94.360093207992051, 38.912154621322387 ], [ -94.361064590760321, 38.912163168961349 ], [ -94.362034070508486, 38.912211415960961 ], [ -94.362998991574585, 38.912299230130074 ], [ -94.363956710765251, 38.912426370891723 ], [ -94.364904604583117, 38.91259248994124 ], [ -94.365840076400687, 38.912797132198968 ], [ -94.366760563561343, 38.913039737054959 ], [ -94.367663544387952, 38.913319639902312 ], [ -94.368546545080278, 38.913636073954905 ], [ -94.369407146482203, 38.913988172344624 ], [ -94.37024299070066, 38.914374970492403 ], [ -94.371051787557874, 38.914795408746699 ], [ -94.371831320859755, 38.915248335281902 ], [ -94.372579454463079, 38.915732509249416 ], [ -94.373294138124891, 38.91624660417208 ], [ -94.373973413118463, 38.916789211573402 ], [ -94.374615417600069, 38.91735884483122 ], [ -94.375218391712167, 38.917953943245628 ], [ -94.375780682408859, 38.918572876309781 ], [ -94.376300747990385, 38.919213948172427 ], [ -94.376777162334392, 38.919875402279366 ], [ -94.377208618811906, 38.920555426181799 ], [ -94.377593933877634, 38.921252156498021 ], [ -94.377932050324404, 38.921963684015239 ], [ -94.378222040192725, 38.922688058917288 ], [ -94.378463107327491, 38.923423296124277 ], [ -94.37865458957458, 38.924167380729337 ], [ -94.378795960611058, 38.924918273517711 ], [ -94.378886831404145, 38.925673916553258 ], [ -94.378926951294389, 38.926432238816645 ], [ -94.37891620870009, 38.92719116188043 ], [ -94.378854631440916, 38.927948605604939 ], [ -94.378742386679335, 38.928702493839502 ], [ -94.378579780480294, 38.929450760113724 ], [ -94.378367256989605, 38.930191353302689 ], [ -94.378105397233611, 38.930922243250947 ], [ -94.377794917542928, 38.931641426339688 ], [ -94.3774366676044, 38.932346930981716 ], [ -94.377031628146739, 38.933036823029454 ], [ -94.376580908265552, 38.933709211080654 ], [ -94.376085742395418, 38.934362251667686 ], [ -94.375547486936895, 38.934994154315753 ], [ -94.37496761654765, 38.935603186456419 ], [ -94.374347720107821, 38.936187678182556 ], [ -94.373689496370503, 38.936746026832054 ], [ -94.372994749309456, 38.937276701387191 ], [ -94.372265383176298, 38.937778246677993 ], [ -94.37150339728116, 38.938249287377502 ], [ -94.370710880510913, 38.938688531778475 ], [ -94.369890005600027, 38.939094775340507 ], [ -94.369043023169624, 38.939466903998273 ], [ -94.368172255551684, 38.939803897221431 ], [ -94.367280090414553, 38.940104830817909 ], [ -94.366368974208228, 38.940368879472665 ], [ -94.36544140544683, 38.940595319015131 ], [ -94.364499927847049, 38.940783528408801 ], [ -94.363547123341633, 38.940932991457601 ], [ -94.362585604987061, 38.941043298224415 ], [ -94.361618009784991, 38.941114146157659 ], [ -94.360646991437491, 38.941145340922724 ], [ -94.359675213055951, 38.941136796936355 ], [ -94.358705339843979, 38.94108853760202 ], [ -94.357740031774355, 38.941000695245997 ], [ -94.356781936280541, 38.940873510754081 ], [ -94.355833680982812, 38.94070733291003 ], [ -94.354897866469074, 38.940502617437723 ], [ -94.353977059150594, 38.94025992574921 ], [ -94.353073784212242, 38.939979923402788 ], [ -94.352190518676593, 38.93966337827468 ], [ -94.351329684601438, 38.939311158449989 ], [ -94.350493642429086, 38.938924229838236 ], [ -94.349684684506116, 38.938503653520371 ], [ -94.348905028791251, 38.93805058283462 ], [ -94.348156812768977, 38.937566260208975 ], [ -94.347442087585179, 38.937052013749273 ], [ -94.346762812421545, 38.936509253592327 ], [ -94.346120849123636, 38.935939468033865 ], [ -94.345517957097798, 38.935344219442506 ], [ -94.344955788490566, 38.934725139970396 ], [ -94.344435883664062, 38.934083927072898 ], [ -94.343959666979373, 38.933422338849418 ], [ -94.343528442899867, 38.932742189218139 ], [ -94.343143392424636, 38.932045342938324 ], [ -94.34280556986198, 38.931333710493234 ], [ -94.342515899951479, 38.930609242848675 ], [ -94.342275175342721, 38.929873926100633 ], [ -94.342084054437095, 38.929129776027459 ], [ -94.341943059598549, 38.928378832561187 ], [ -94.341852575738187, 38.927623154193199 ], [ -94.341812849276138, 38.926864812329917 ] ] ] } },
{ "type": "Feature", "properties": { }, "geometry": { "type": "Polygon", "coordinates": [ [ [ -94.51460549186055, 39.113203249066366 ], [ -94.514614747269022, 39.112444364864878 ], [ -94.514674970252599, 39.111686897960752 ], [ -94.514785994112103, 39.110932924472365 ], [ -94.514947512932579, 39.110184510877168 ], [ -94.515159082439382, 39.109443708349019 ], [ -94.515420121233049, 39.108712547137863 ], [ -94.515729912399294, 39.107993031007609 ], [ -94.51608760548956, 39.107287131747299 ], [ -94.51649221886673, 39.106596783770307 ], [ -94.51694264240912, 39.105923878816867 ], [ -94.517437640565163, 39.105270260773885 ], [ -94.517975855750848, 39.104637720626386 ], [ -94.518555812079612, 39.104027991554489 ], [ -94.519175919415147, 39.103442744189131 ], [ -94.519834477735429, 39.102883582039382 ], [ -94.520529681796248, 39.102352037104168 ], [ -94.521259626081132, 39.101849565679963 ], [ -94.522022310024425, 39.101377544376092 ], [ -94.522815643492905, 39.100937266348438 ], [ -94.523637452511011, 39.100529937761834 ], [ -94.5244854852142, 39.100156674490584 ], [ -94.525357418013868, 39.099818499066451 ], [ -94.526250861957351, 39.099516337882001 ], [ -94.527163369265296, 39.099251018657135 ], [ -94.528092440029127, 39.099023268175671 ], [ -94.529035529049679, 39.098833710298067 ], [ -94.529990052799093, 39.098682864255714 ], [ -94.530953396486566, 39.098571143231332 ], [ -94.531922921209002, 39.098498853229628 ], [ -94.53289597116698, 39.098466192240771 ], [ -94.533869880926673, 39.098473249699403 ], [ -94.534841982707803, 39.098520006240548 ], [ -94.535809613677841, 39.098606333752798 ], [ -94.536770123232841, 39.098731995729011 ], [ -94.537720880245004, 39.098896647913428 ], [ -94.538659280257292, 39.099099839243173 ], [ -94.539582752605654, 39.099341013082167 ], [ -94.540488767449403, 39.099619508743459 ], [ -94.541374842690757, 39.09993456329633 ], [ -94.542238550764722, 39.100285313652918 ], [ -94.543077525280708, 39.100670798928959 ], [ -94.543889467497976, 39.101089963072077 ], [ -94.544672152617309, 39.101541657750381 ], [ -94.545423435871513, 39.102024645493856 ], [ -94.54614125839845, 39.102537603079668 ], [ -94.54682365288032, 39.103079125152249 ], [ -94.547468748933952, 39.103647728068516 ], [ -94.548074778237194, 39.104241853957497 ], [ -94.54864007937752, 39.104859874983411 ], [ -94.549163102409409, 39.1055000978007 ], [ -94.549642413108046, 39.10616076818868 ], [ -94.550076696907553, 39.106840075853327 ], [ -94.550464762513016, 39.107536159383088 ], [ -94.550805545176118, 39.10824711134515 ], [ -94.551098109625443, 39.108970983508172 ], [ -94.551341652643231, 39.1097057921776 ], [ -94.551535505281407, 39.110449523628468 ], [ -94.55167913471054, 39.111200139621197 ], [ -94.55177214569666, 39.111955582985338 ], [ -94.551814281701596, 39.112713783255614 ], [ -94.551805425603675, 39.11347266234538 ], [ -94.551745600036625, 39.114230140241425 ], [ -94.551634967345436, 39.114984140704983 ], [ -94.551473829159349, 39.115732596963035 ], [ -94.55126262558268, 39.116473457374283 ], [ -94.551001934005726, 39.117204691054646 ], [ -94.550692467538568, 39.117924293446173 ], [ -94.550335073072304, 39.118630291814789 ], [ -94.549930728972228, 39.119320750661224 ], [ -94.549480542409839, 39.11999377703053 ], [ -94.548985746340222, 39.120647525705593 ], [ -94.548447696133351, 39.121280204270121 ], [ -94.547867865868199, 39.121890078027455 ], [ -94.547247844299918, 39.122475474761494 ], [ -94.546589330510827, 39.12303478932661 ], [ -94.545894129257292, 39.12356648805401 ], [ -94.545164146024973, 39.124069112962246 ], [ -94.544401381806253, 39.12454128576038 ], [ -94.543607927613891, 39.124981711632692 ], [ -94.542785958746094, 39.125389182794613 ], [ -94.541937728818766, 39.125762581809674 ], [ -94.541065563581313, 39.126100884658911 ], [ -94.540171854533099, 39.126403163553668 ], [ -94.539259052357934, 39.126668589484353 ], [ -94.538329660195103, 39.126896434498086 ], [ -94.537386226765022, 39.127086073698685 ], [ -94.536431339369017, 39.127236986963773 ], [ -94.535467616782057, 39.127348760374097 ], [ -94.534497702058573, 39.127421087351031 ], [ -94.533524255270876, 39.127453769499283 ], [ -94.532549946200547, 39.127446717152381 ], [ -94.531577447002832, 39.12739994961931 ], [ -94.530609424864409, 39.127313595131881 ], [ -94.529648534674962, 39.127187890492799 ], [ -94.528697411732594, 39.127023180425262 ], [ -94.527758664503565, 39.12681991662631 ], [ -94.526834867456103, 39.126578656526 ], [ -94.525928553988351, 39.126300061756396 ], [ -94.525042209469888, 39.125984896334053 ], [ -94.524178264415966, 39.125634024561563 ], [ -94.523339087813582, 39.12524840865342 ], [ -94.522526980617556, 39.12482910609328 ], [ -94.521744169434669, 39.124377266729525 ], [ -94.520992800413296, 39.123894129617348 ], [ -94.520274933355225, 39.123381019616183 ], [ -94.519592536066156, 39.122839343751409 ], [ -94.51894747896003, 39.12227058735111 ], [ -94.518341529932286, 39.121676309967889 ], [ -94.517776349515913, 39.121058141097301 ], [ -94.517253486333757, 39.120417775704738 ], [ -94.516774372859302, 39.119756969572968 ], [ -94.51634032149758, 39.119077534483225 ], [ -94.515952520996876, 39.118381333243171 ], [ -94.515612033200966, 39.117670274575325 ], [ -94.515319790150627, 39.116946307880049 ], [ -94.515076591542311, 39.116211417887648 ], [ -94.514883102550669, 39.115467619214066 ], [ -94.514739852020966, 39.114716950835401 ], [ -94.514647231035852, 39.113961470496037 ], [ -94.51460549186055, 39.113203249066366 ] ] ] } },
{ "type": "Feature", "properties": { }, "geometry": { "type": "Polygon", "coordinates": [ [ [ -94.424837528470562, 39.102578871273572 ], [ -94.424847749246737, 39.101819974822021 ], [ -94.424908929315933, 39.101062535106436 ], [ -94.42502089935715, 39.100308628167546 ], [ -94.425183350864074, 39.099560320297371 ], [ -94.425395837008267, 39.098819662377053 ], [ -94.425657773880943, 39.098088684257426 ], [ -94.425968442109877, 39.097369389197958 ], [ -94.42632698884664, 39.096663748379321 ], [ -94.426732430118804, 39.095973695504398 ], [ -94.427183653540268, 39.095301121502651 ], [ -94.427679421372275, 39.094647869352194 ], [ -94.428218373926484, 39.094015729033877 ], [ -94.428799033300862, 39.093406432630864 ], [ -94.429419807437782, 39.092821649587442 ], [ -94.430078994493329, 39.092262982139623 ], [ -94.430774787505698, 39.091731960930346 ], [ -94.431505279349864, 39.091230040820847 ], [ -94.432268467964903, 39.090758596909943 ], [ -94.433062261839694, 39.09031892077185 ], [ -94.433884485741885, 39.089912216922862 ], [ -94.434732886674595, 39.089539599526503 ], [ -94.435605140044387, 39.08920208934601 ], [ -94.436498856024016, 39.088900610952685 ], [ -94.437411586092153, 39.08863599019719 ], [ -94.438340829732752, 39.088408951951479 ], [ -94.439284041275457, 39.0882201181265 ], [ -94.440238636858624, 39.088070005971943 ], [ -94.44120200149608, 39.087959026662006 ], [ -94.44217149622817, 39.087887484171453 ], [ -94.443144465338023, 39.087855574444738 ], [ -94.444118243613119, 39.087863384860526 ], [ -94.445090163632656, 39.087910893993175 ], [ -94.446057563060805, 39.087997971671598 ], [ -94.447017791926228, 39.088124379335547 ], [ -94.447968219867846, 39.088289770688256 ], [ -94.448906243327457, 39.088493692643659 ], [ -94.449829292669492, 39.088735586565655 ], [ -94.450734839208636, 39.089014789796003 ], [ -94.451620402126224, 39.089330537466751 ], [ -94.452483555256663, 39.089681964592152 ], [ -94.45332193372532, 39.090068108434629 ], [ -94.454133240419793, 39.09048791113802 ], [ -94.454915252277232, 39.090940222621263 ], [ -94.455665826370108, 39.091423803724425 ], [ -94.456382905774319, 39.091937329598714 ], [ -94.457064525203123, 39.092479393330983 ], [ -94.457708816392056, 39.093048509793221 ], [ -94.45831401321945, 39.093643119706286 ], [ -94.458878456549172, 39.094261593906765 ], [ -94.459400598781741, 39.09490223780579 ], [ -94.459879008101751, 39.09556329602696 ], [ -94.460312372409419, 39.096242957211437 ], [ -94.460699502926019, 39.09693935897662 ], [ -94.461039337462623, 39.097650593015103 ], [ -94.461330943343398, 39.098374710319881 ], [ -94.461573519975374, 39.099109726521768 ], [ -94.461766401057147, 39.099853627324102 ], [ -94.461909056420737, 39.100604374020122 ], [ -94.462001093501158, 39.101359909078049 ], [ -94.462042258429321, 39.102118161778137 ], [ -94.462032436745474, 39.10287705388685 ], [ -94.461971653730842, 39.103634505352161 ], [ -94.46186007435621, 39.104388440004605 ], [ -94.461698002847655, 39.105136791248533 ], [ -94.461485881870274, 39.10587750772757 ], [ -94.461224291332044, 39.106608558949333 ], [ -94.460913946810663, 39.107327940853416 ], [ -94.46055569760793, 39.108033681307653 ], [ -94.460150524436443, 39.108723845517545 ], [ -94.459699536744935, 39.10939654133383 ], [ -94.459203969689469, 39.110049924443743 ], [ -94.458665180758615, 39.110682203431637 ], [ -94.458084646061721, 39.111291644695036 ], [ -94.457463956290411, 39.111876577202565 ], [ -94.456804812364297, 39.112435397080603 ], [ -94.456109020772629, 39.112966572016184 ], [ -94.455378488624874, 39.113468645463833 ], [ -94.454615218423513, 39.113940240644673 ], [ -94.453821302573573, 39.114380064327207 ], [ -94.452998917643754, 39.114786910378569 ], [ -94.452150318395212, 39.115159663077264 ], [ -94.451277831594155, 39.115497300177601 ], [ -94.450383849625382, 39.115798895717809 ], [ -94.449470823924415, 39.116063622563651 ], [ -94.448541258246337, 39.116290754680854 ], [ -94.447597701789832, 39.116479669130008 ], [ -94.446642742195451, 39.116629847778086 ], [ -94.445678998437572, 39.116740878722375 ], [ -94.444709113629571, 39.116812457422377 ], [ -94.443735747762076, 39.116844387536922 ], [ -94.44276157039458, 39.116836581463964 ], [ -94.441789253320437, 39.116789060581596 ], [ -94.440821463225632, 39.116701955189598 ], [ -94.439860854361783, 39.116575504151911 ], [ -94.438910061253281, 39.11641005424044 ], [ -94.437971691459182, 39.1162060591829 ], [ -94.437048318409595, 39.115964078416255 ], [ -94.436142474336421, 39.115684775550285 ], [ -94.435256643318141, 39.115368916544547 ], [ -94.43439325445776, 39.115017367604587 ], [ -94.433554675212619, 39.11463109280264 ], [ -94.432743204894848, 39.114211151429657 ], [ -94.431961068359996, 39.113758695086013 ], [ -94.431210409901553, 39.113274964518737 ], [ -94.430493287367995, 39.112761286214237 ], [ -94.42981166651856, 39.11221906875565 ], [ -94.429167415633302, 39.11164979895527 ], [ -94.428562300392286, 39.111055037772275 ], [ -94.427997979037798, 39.110436416027369 ], [ -94.427475997832886, 39.109795629925976 ], [ -94.426997786828764, 39.109134436402506 ], [ -94.426564655952362, 39.108454648298185 ], [ -94.426177791424919, 39.107758129386163 ], [ -94.425838252521132, 39.10704678925736 ], [ -94.425546968677793, 39.106322578081098 ], [ -94.425304736959603, 39.105587481255057 ], [ -94.425112219889002, 39.104843513959217 ], [ -94.424969943645735, 39.104092715628866 ], [ -94.424878296641154, 39.103337144361497 ], [ -94.424837528470562, 39.102578871273572 ] ] ] } },
{ "type": "Feature", "properties": { }, "geometry": { "type": "Polygon", "coordinates": [ [ [ -94.424787525436074, 39.10258886334433 ], [ -94.424797746746833, 39.101829966888445 ], [ -94.424858927357462, 39.101072527190261 ], [ -94.424970897945428, 39.100318620290466 ], [ -94.425133350002952, 39.099570312480992 ], [ -94.425345836700075, 39.098829654642799 ], [ -94.425607774126519, 39.098098676626464 ], [ -94.425918442908483, 39.097379381691205 ], [ -94.426276990196072, 39.096673741017362 ], [ -94.426682432015326, 39.095983688307371 ], [ -94.427133655978665, 39.095311114490286 ], [ -94.427629424345838, 39.094657862543698 ], [ -94.428168377427042, 39.094025722447896 ], [ -94.428749037318809, 39.093416426285437 ], [ -94.42936981196209, 39.09283164349992 ], [ -94.430028999511592, 39.092272976326704 ], [ -94.430724793004131, 39.09174195540794 ], [ -94.43145528531339, 39.091240035604059 ], [ -94.432218474377194, 39.09076859201307 ], [ -94.433012268683157, 39.090328916208279 ], [ -94.433834492997789, 39.089922212705098 ], [ -94.434682894323046, 39.089549595666085 ], [ -94.435555148064424, 39.089212085853511 ], [ -94.436448864393668, 39.08891060783764 ], [ -94.437361594788513, 39.088645987468148 ], [ -94.438290838731987, 39.088418949615914 ], [ -94.439234050552926, 39.088230116190779 ], [ -94.440188646388933, 39.088080004441366 ], [ -94.441152011253124, 39.087969025540751 ], [ -94.442121506185231, 39.087897483462605 ], [ -94.443094475467845, 39.087865574150229 ], [ -94.444068253887963, 39.087873384981165 ], [ -94.445040174024371, 39.087920894528622 ], [ -94.446007573540967, 39.088007972620389 ], [ -94.446967802466133, 39.088134380695067 ], [ -94.447918230438631, 39.088299772454803 ], [ -94.448856253900189, 39.088503694812381 ], [ -94.449779303215223, 39.088745589130625 ], [ -94.450684849698462, 39.089024792750195 ], [ -94.451570412531453, 39.08934054080207 ], [ -94.452433565548802, 39.089691968299483 ], [ -94.453271943876146, 39.090078112503811 ], [ -94.454083250401538, 39.090497915557933 ], [ -94.454865262062526, 39.090950227379778 ], [ -94.455615835932178, 39.091433808808532 ], [ -94.456332915086932, 39.091947334994479 ], [ -94.457014534240798, 39.092489399023634 ], [ -94.457658825129997, 39.09305851576719 ], [ -94.458264021633724, 39.093653125945195 ], [ -94.458828464616715, 39.094271600393547 ], [ -94.459350606480456, 39.094912244522661 ], [ -94.459829015410506, 39.095573302955543 ], [ -94.460262379308176, 39.096252964332763 ], [ -94.46064950939585, 39.096949366271161 ], [ -94.460989343485792, 39.097660600462881 ], [ -94.461280948903379, 39.098384717900501 ], [ -94.461523525056876, 39.099119734214462 ], [ -94.461716405646229, 39.099863635107781 ], [ -94.461859060504835, 39.100614381873477 ], [ -94.461951097069004, 39.101369916979557 ], [ -94.46199226147111, 39.102128169706134 ], [ -94.461982439252864, 39.102887061819615 ], [ -94.461921655696926, 39.103644513267952 ], [ -94.46181007577556, 39.104398447881728 ], [ -94.461648003716348, 39.105146799065373 ], [ -94.46143588218591, 39.105887515462705 ], [ -94.461174291093698, 39.106618566581567 ], [ -94.460863946018975, 39.107337948361817 ], [ -94.460505696265045, 39.108043688671629 ], [ -94.460100522546014, 39.108733852716909 ], [ -94.459649534312121, 39.109406548348815 ], [ -94.459153966720919, 39.110059931255115 ], [ -94.458615177262431, 39.110692210020723 ], [ -94.458034642047465, 39.111301651043753 ], [ -94.457413951769098, 39.11188658329349 ], [ -94.45675480734829, 39.112445402897031 ], [ -94.456059015275656, 39.112976577542156 ], [ -94.455328482662011, 39.113478650684179 ], [ -94.454565212011104, 39.113950245545084 ], [ -94.453771295729169, 39.114390068894231 ], [ -94.452948910386141, 39.114796914599651 ], [ -94.452100310744299, 39.115169666940808 ], [ -94.451227823570918, 39.115507303673056 ], [ -94.450333841251805, 39.115808898835517 ], [ -94.44942081522349, 39.116073625295073 ], [ -94.448491249241926, 39.116300757018507 ], [ -94.447547692506603, 39.116489671067463 ], [ -94.4465927326589, 39.116639849310026 ], [ -94.445628988673874, 39.116750879844581 ], [ -94.444659103665515, 39.116822458131772 ], [ -94.443685737625003, 39.116854387831566 ], [ -94.442711560112286, 39.11684658134304 ], [ -94.441739242921116, 39.116799060045423 ], [ -94.440771452737863, 39.116711954239669 ], [ -94.439810843814314, 39.116585502790791 ], [ -94.438860050675061, 39.116420052471909 ], [ -94.437921680879256, 39.116216057011776 ], [ -94.436998307856967, 39.11597407584852 ], [ -94.436092463840055, 39.115694772592974 ], [ -94.435206632906841, 39.11537891320576 ], [ -94.434343244160075, 39.115027363893518 ], [ -94.433504665056802, 39.114641088729449 ], [ -94.432693194908751, 39.114221147005516 ], [ -94.431911058571004, 39.113768690323091 ], [ -94.431160400336523, 39.113284959430096 ], [ -94.430443278053147, 39.112771280813817 ], [ -94.429761657479446, 39.112229063058301 ], [ -94.42911740689469, 39.111659792976603 ], [ -94.428512291978151, 39.111065031528703 ], [ -94.427947970971175, 39.110446409536003 ], [ -94.427425990135902, 39.109805623204672 ], [ -94.426947779522493, 39.109144429469659 ], [ -94.426514649056841, 39.108464641172802 ], [ -94.426127784959021, 39.107768122087812 ], [ -94.425788246502577, 39.107056781806072 ], [ -94.425496963123024, 39.106332570497266 ], [ -94.425254731883868, 39.105597473559499 ], [ -94.425062215306156, 39.104853506173065 ], [ -94.424919939568341, 39.104102707773421 ], [ -94.424828293080338, 39.103347136458325 ], [ -94.424787525436074, 39.10258886334433 ] ] ] } },
{ "type": "Feature", "properties": { }, "geometry": { "type": "Polygon", "coordinates": [ [ [ -94.565075654132144, 38.923220281150833 ], [ -94.565084412934596, 38.922461380537882 ], [ -94.565144003220723, 38.921703877966912 ], [ -94.565254260040547, 38.920949849656303 ], [ -94.565414879595849, 38.920201362236554 ], [ -94.565625420090484, 38.919460467086886 ], [ -94.565885302958137, 38.918729194714551 ], [ -94.566193814464526, 38.918009549191922 ], [ -94.566550107679149, 38.917303502666634 ], [ -94.566953204811057, 38.916612989959987 ], [ -94.567401999902359, 38.915939903268125 ], [ -94.567895261871428, 38.915286086980586 ], [ -94.568431637897845, 38.914653332630422 ], [ -94.569009657139361, 38.914043373989493 ], [ -94.569627734770734, 38.913457882322589 ], [ -94.57028417633326, 38.912898461812958 ], [ -94.570977182382947, 38.912366645172078 ], [ -94.57170485342472, 38.911863889445407 ], [ -94.572465195118852, 38.911391572025565 ], [ -94.573256123745665, 38.91095098688384 ], [ -94.574075471913332, 38.910543341030312 ], [ -94.574920994493027, 38.910169751212045 ], [ -94.575790374765759, 38.909831240858573 ], [ -94.576681230763469, 38.909528737282869 ], [ -94.57759112178752, 38.909263069145169 ], [ -94.578517555086748, 38.90903496418715 ], [ -94.579457992676765, 38.908845047241854 ], [ -94.580409858282138, 38.908693838525338 ], [ -94.581370544382509, 38.908581752214481 ], [ -94.582337419343361, 38.90850909531472 ], [ -94.583307834612427, 38.908476066820953 ], [ -94.584279131961722, 38.908482757173751 ], [ -94.585248650756014, 38.908529148012455 ], [ -94.586213735227602, 38.908615112225739 ], [ -94.587171741737947, 38.908740414299587 ], [ -94.588120046006296, 38.908904710961558 ], [ -94.589056050285663, 38.909107552119863 ], [ -94.58997719046684, 38.909348382094485 ], [ -94.59088094309088, 38.909626541136959 ], [ -94.591764832251371, 38.909941267235013 ], [ -94.592626436367283, 38.910291698196652 ], [ -94.593463394808381, 38.910676874008502 ], [ -94.594273414355001, 38.911095739461793 ], [ -94.595054275474496, 38.911547147038711 ], [ -94.595803838397458, 38.912029860051533 ], [ -94.596520048976998, 38.912542556025855 ], [ -94.597200944315205, 38.913083830318804 ], [ -94.597844658141113, 38.913652199962165 ], [ -94.598449425926034, 38.914246107720295 ], [ -94.599013589721508, 38.914863926351536 ], [ -94.599535602707235, 38.915503963061582 ], [ -94.600014033436068, 38.916164464136742 ], [ -94.60044756976454, 38.916843619744313 ], [ -94.600835022458199, 38.917539568887136 ], [ -94.601175328461338, 38.918250404498821 ], [ -94.601467553822644, 38.918974178665479 ], [ -94.601710896268159, 38.91970890796015 ], [ -94.601904687414461, 38.920452578874901 ], [ -94.602048394616048, 38.921203153336023 ], [ -94.602141622441451, 38.921958574287366 ], [ -94.602184113773873, 38.922716771326023 ], [ -94.602175750533362, 38.923475666375552 ], [ -94.602116554018181, 38.924233179380906 ], [ -94.602006684864094, 38.924987234009336 ], [ -94.601846442621934, 38.925735763342082 ], [ -94.601636264953953, 38.926476715540616 ], [ -94.601376726451278, 38.927208059472704 ], [ -94.601068537075207, 38.927927790281949 ], [ -94.600712540226979, 38.928633934886271 ], [ -94.600309710450432, 38.929324557389812 ], [ -94.599861150774302, 38.929997764393477 ], [ -94.599368089700931, 38.930651710189565 ], [ -94.59883187784969, 38.931284601826086 ], [ -94.59825398426409, 38.931894704027052 ], [ -94.59763599239264, 38.932480343954801 ], [ -94.596979595754476, 38.933039915801714 ], [ -94.596286593301357, 38.933571885198219 ], [ -94.59555888448898, 38.934074793425246 ], [ -94.594798464070877, 38.934547261419326 ], [ -94.594007416629211, 38.934987993559474 ], [ -94.593187910857637, 38.935395781225061 ], [ -94.592342193611657, 38.9357695061153 ], [ -94.591472583743098, 38.936108143320745 ], [ -94.590581465735525, 38.936410764138671 ], [ -94.589671283158182, 38.936676538624255 ], [ -94.588744531956578, 38.936904737870677 ], [ -94.587803753598095, 38.937094736011865 ], [ -94.586851528091685, 38.937246011942115 ], [ -94.585890466900906, 38.93735815074816 ], [ -94.584923205769769, 38.937430844849438 ], [ -94.583952397481582, 38.937463894843432 ], [ -94.582980704570261, 38.937457210054049 ], [ -94.582010792004965, 38.937410808780953 ], [ -94.58104531986757, 38.937324818249827 ], [ -94.580086936044012, 38.937199474263004 ], [ -94.579138268948952, 38.937035120552117 ], [ -94.578201920304579, 38.936832207834051 ], [ -94.577280457993055, 38.936591292572807 ], [ -94.57637640900262, 38.936313035451263 ], [ -94.575492252486768, 38.935998199556302 ], [ -94.574630412955727, 38.935647648282853 ], [ -94.573793253618945, 38.935262342962439 ], [ -94.572983069897219, 38.934843340222749 ], [ -94.57220208312188, 38.934391789085808 ], [ -94.571452434439038, 38.933908927812126 ], [ -94.570736178935206, 38.933396080500501 ], [ -94.570055280000517, 38.932854653451933 ], [ -94.569411603945284, 38.932286131308231 ], [ -94.568806914884419, 38.931692072975856 ], [ -94.568242869903827, 38.931074107346213 ], [ -94.567721014522093, 38.930433928824115 ], [ -94.567242778459573, 38.929773292677012 ], [ -94.566809471726927, 38.929094010217483 ], [ -94.56642228104316, 38.928397943832465 ], [ -94.566082266593284, 38.927687001872918 ], [ -94.565790359134326, 38.926963133417864 ], [ -94.565547357457262, 38.926228322927365 ], [ -94.565353926211927, 38.92548458479888 ], [ -94.565210594100705, 38.924733957842555 ], [ -94.565117752445516, 38.923978499689717 ], [ -94.565075654132144, 38.923220281150833 ] ] ] } },
{ "type": "Feature", "properties": { }, "geometry": { "type": "Polygon", "coordinates": [ [ [ -94.526637399668303, 39.106345133204663 ], [ -94.526646527470305, 39.105586249764805 ], [ -94.526706617975606, 39.104828778455214 ], [ -94.526817504848594, 39.10407479540676 ], [ -94.526978882550196, 39.103326367123593 ], [ -94.527190307192839, 39.102585544820258 ], [ -94.527451197774312, 39.101854358801354 ], [ -94.527760837786644, 39.101134812899232 ], [ -94.528118377195625, 39.100428878984957 ], [ -94.528522834785264, 39.099738491567322 ], [ -94.528973100860611, 39.099065542495069 ], [ -94.529467940301515, 39.098411875776364 ], [ -94.530005995958547, 39.097779282530055 ], [ -94.530585792381927, 39.09716949608206 ], [ -94.531205739873087, 39.096584187220877 ], [ -94.53186413884751, 39.09602495962438 ], [ -94.532559184496989, 39.095493345471041 ], [ -94.533288971738529, 39.094990801247228 ], [ -94.534051500436092, 39.094518703761935 ], [ -94.534844680881093, 39.09407834637986 ], [ -94.535666339516496, 39.093670935483352 ], [ -94.536514224889046, 39.093297587172337 ], [ -94.537386013813006, 39.092959324211563 ], [ -94.538279317729078, 39.092657073233397 ], [ -94.539191689240866, 39.092391662203667 ], [ -94.540120628810996, 39.092163818157623 ], [ -94.541063591599041, 39.091974165211916 ], [ -94.542017994422253, 39.091823222858196 ], [ -94.542981222820458, 39.091711404542899 ], [ -94.5439506382058, 39.091639016536966 ], [ -94.544923585077825, 39.09160625709886 ], [ -94.54589739828468, 39.091613215932639 ], [ -94.546869410310123, 39.091659873943208 ], [ -94.547836958567189, 39.091746103288784 ], [ -94.548797392678253, 39.091871667730892 ], [ -94.549748081722001, 39.09203622328058 ], [ -94.550686421427514, 39.092239319139452 ], [ -94.551609841295914, 39.092480398932636 ], [ -94.552515811630371, 39.092758802230541 ], [ -94.553401850455217, 39.09307376635514 ], [ -94.554265530305443, 39.093424428466093 ], [ -94.555104484868124, 39.09380982792063 ], [ -94.555916415457588, 39.094228908901229 ], [ -94.556699097306961, 39.094680523303616 ], [ -94.557450385658584, 39.095163433877602 ], [ -94.558168221636961, 39.095676317611563 ], [ -94.558850637888142, 39.096217769352187 ], [ -94.559495763970048, 39.096786305649019 ], [ -94.560101831479031, 39.097380368813582 ], [ -94.560667178898726, 39.097998331181955 ], [ -94.56119025615763, 39.098638499569333 ], [ -94.561669628883251, 39.099299119904266 ], [ -94.562103982340645, 39.099978382030002 ], [ -94.562492125044912, 39.100674424659957 ], [ -94.562832992037329, 39.101385340473541 ], [ -94.563125647816292, 39.102109181338761 ], [ -94.563369288914629, 39.102843963647089 ], [ -94.563563246116246, 39.103587673746084 ], [ -94.563706986305959, 39.104338273455056 ], [ -94.563800113946968, 39.105093705648542 ], [ -94.56384237218208, 39.105851899892251 ], [ -94.563833643555242, 39.10661077811644 ], [ -94.56377395035129, 39.107368260310764 ], [ -94.563663454552952, 39.108122270225067 ], [ -94.563502457414629, 39.10887074106089 ], [ -94.5632913986543, 39.109611621137432 ], [ -94.563030855265552, 39.110342879517155 ], [ -94.562721539952392, 39.111062511574872 ], [ -94.562364299191586, 39.111768544495611 ], [ -94.561960110927103, 39.112459042685806 ], [ -94.561510081903023, 39.113132113083111 ], [ -94.561015444642393, 39.113785910350074 ], [ -94.560477554079512, 39.11441864193754 ], [ -94.559897883855285, 39.115028573003876 ], [ -94.559278022285682, 39.115614031176158 ], [ -94.558619668013819, 39.116173411140593 ], [ -94.557924625358112, 39.11670517904934 ], [ -94.557194799368787, 39.117207876731463 ], [ -94.556432190606401, 39.117680125696666 ], [ -94.555638889656734, 39.118120630920565 ], [ -94.554817071397096, 39.118528184401008 ], [ -94.553968989029627, 39.118901668475964 ], [ -94.553096967898398, 39.11924005889319 ], [ -94.552203399106759, 39.119542427623855 ], [ -94.551290732953206, 39.119807945412042 ], [ -94.550361472203221, 39.120035884052811 ], [ -94.549418165216181, 39.120225618393121 ], [ -94.548463398945927, 39.120376628049556 ], [ -94.547499791834639, 39.120488498838277 ], [ -94.546529986619447, 39.120560923913438 ], [ -94.545556643071833, 39.120593704610464 ], [ -94.544582430689758, 39.120586750992338 ], [ -94.543610021362881, 39.12054008209703 ], [ -94.54264208203108, 39.120453825885569 ], [ -94.541681267356708, 39.120328218890805 ], [ -94.540730212430574, 39.120163605567889 ], [ -94.539791525532323, 39.11996043734819 ], [ -94.538867780964708, 39.11971927139939 ], [ -94.537961511982061, 39.119440769095029 ], [ -94.537075203832089, 39.119125694197798 ], [ -94.536211286930595, 39.118774910761779 ], [ -94.535372130187696, 39.118389380758984 ], [ -94.534560034504153, 39.117970161437228 ], [ -94.533777226455655, 39.117518402416451 ], [ -94.533025852182561, 39.117035342531373 ], [ -94.532307971501695, 39.116522306429466 ], [ -94.531625552256813, 39.115980700933427 ], [ -94.530980464922763, 39.115412011178286 ], [ -94.530374477478674, 39.114817796533835 ], [ -94.529809250563716, 39.114199686323673 ], [ -94.529286332929075, 39.113559375352324 ], [ -94.528807157198401, 39.112898619253492 ], [ -94.52837303594832, 39.112219229671332 ], [ -94.52798515811962, 39.111523069288893 ], [ -94.527644585768954, 39.11081204671688 ], [ -94.52735225116983, 39.110088111256943 ], [ -94.527108954270474, 39.10935324755404 ], [ -94.526915360515829, 39.108609470152338 ], [ -94.526771999039141, 39.107858817969955 ], [ -94.526679261227912, 39.107103348707255 ], [ -94.526637399668303, 39.106345133204663 ] ] ] } },
{ "type": "Feature", "properties": { }, "geometry": { "type": "Polygon", "coordinates": [ [ [ -94.56019690644051, 39.109350503988303 ], [ -94.560205673445239, 39.108591625580701 ], [ -94.560265405514272, 39.107834144569765 ], [ -94.560375937294012, 39.107080137114167 ], [ -94.560536964217917, 39.106331669786037 ], [ -94.560748043359027, 39.105590793908078 ], [ -94.561008594661004, 39.104859539932754 ], [ -94.561317902544545, 39.104139911879699 ], [ -94.56167511788432, 39.103433881846037 ], [ -94.562079260350984, 39.102743384604835 ], [ -94.562529221111561, 39.102070312306594 ], [ -94.563023765880857, 39.101416509297884 ], [ -94.563561538315156, 39.100783767071597 ], [ -94.564141063738958, 39.100173819362453 ], [ -94.564760753194349, 39.099588337401201 ], [ -94.565418907801927, 39.099028925340356 ], [ -94.566113723421182, 39.098497115864056 ], [ -94.566843295597423, 39.097994365993955 ], [ -94.567605624782047, 39.097522053102473 ], [ -94.568398621811255, 39.097081471144449 ], [ -94.569220113628873, 39.096673827117336 ], [ -94.570067849236935, 39.096300237759472 ], [ -94.570939505858533, 39.095961726495631 ], [ -94.571832695295456, 39.095659220638048 ], [ -94.572744970463617, 39.095393548850296 ], [ -94.573673832088517, 39.09516543888143 ], [ -94.574616735542293, 39.094975515575925 ], [ -94.575571097804016, 39.094824299165467 ], [ -94.576534304524031, 39.094712203846512 ], [ -94.577503717173471, 39.094639536648138 ], [ -94.578476680259229, 39.094606496592839 ], [ -94.579450528584999, 39.094613174152677 ], [ -94.580422594538547, 39.094659551002316 ], [ -94.581390215385554, 39.094745500069486 ], [ -94.58235074055014, 39.094870785882726 ], [ -94.583301538862287, 39.095035065215747 ], [ -94.584240005752704, 39.095237888026169 ], [ -94.585163570375158, 39.095478698686563 ], [ -94.586069702637545, 39.095756837504062 ], [ -94.586955920121952, 39.096071542524783 ], [ -94.587819794875429, 39.096421951617835 ], [ -94.588658960052697, 39.09680710483326 ], [ -94.589471116392801, 39.097225947027979 ], [ -94.590254038512114, 39.09767733075185 ], [ -94.591005580996523, 39.09816001938659 ], [ -94.591723684276118, 39.098672690528758 ], [ -94.592406380266439, 39.099213939607701 ], [ -94.593051797760765, 39.099782283728494 ], [ -94.593658167558814, 39.100376165729614 ], [ -94.594223827317705, 39.100993958444022 ], [ -94.594747226111807, 39.101633969152374 ], [ -94.595226928689101, 39.102294444215914 ], [ -94.595661619412297, 39.102973573876788 ], [ -94.596050105873658, 39.103669497212181 ], [ -94.596391322173645, 39.104380307229356 ], [ -94.596684331854476, 39.105104056087235 ], [ -94.596928330479997, 39.105838760430458 ], [ -94.597122647855031, 39.106582406821381 ], [ -94.597266749877804, 39.107332957254989 ], [ -94.597360240020208, 39.108088354742051 ], [ -94.597402860431586, 39.108846528944575 ], [ -94.597394492663213, 39.10960540184896 ], [ -94.597335158010623, 39.110362893460582 ], [ -94.597225017473235, 39.111116927504654 ], [ -94.59706437133103, 39.111865437117721 ], [ -94.596853658339086, 39.112606370513788 ], [ -94.596593454542116, 39.113337696610245 ], [ -94.596284471712096, 39.114057410597255 ], [ -94.595927555412999, 39.114763539436183 ], [ -94.595523682697802, 39.115454147271457 ], [ -94.595073959444036, 39.11612734074086 ], [ -94.594579617334745, 39.116781274170236 ], [ -94.594042010493226, 39.117414154637821 ], [ -94.593462611780723, 39.118024246894251 ], [ -94.592843008766863, 39.11860987812512 ], [ -94.59218489938398, 39.11916944254245 ], [ -94.591490087277109, 39.119701405792881 ], [ -94.590760476862428, 39.120204309169971 ], [ -94.589998068107519, 39.120676773619444 ], [ -94.589204951047932, 39.121117503525944 ], [ -94.588383300054986, 39.121525290271101 ], [ -94.587535367870501, 39.121899015552891 ], [ -94.586663479425184, 39.122237654457322 ], [ -94.585770025457165, 39.122540278273753 ], [ -94.584857455948764, 39.122806057046198 ], [ -94.583928273399323, 39.123034261853455 ], [ -94.582985025952851, 39.12322426681196 ], [ -94.582030300399111, 39.123375550795444 ], [ -94.581066715068047, 39.123487698867095 ], [ -94.580096912636705, 39.123560403419894 ], [ -94.579123552868722, 39.12359346502204 ], [ -94.578149305306525, 39.123586792965426 ], [ -94.577176841936478, 39.123540405515079 ], [ -94.576208829847062, 39.12345442985945 ], [ -94.575247923900704, 39.123329101761257 ], [ -94.574296759439335, 39.123164764910101 ], [ -94.573357945043867, 39.122961869978539 ], [ -94.572434055367879, 39.122720973384176 ], [ -94.571527624064814, 39.122442735761382 ], [ -94.570641136828954, 39.122127920146568 ], [ -94.569777024568666, 39.121777389882354 ], [ -94.56893765673145, 39.121392106246205 ], [ -94.568125334798623, 39.120973125810174 ], [ -94.567342285968067, 39.12052159753901 ], [ -94.566590657042184, 39.12003875963466 ], [ -94.565872508537964, 39.119525936136 ], [ -94.565189809035346, 39.118984533282919 ], [ -94.564544429779531, 39.11841603565513 ], [ -94.563938139551837, 39.117822002096048 ], [ -94.563372599823367, 39.117204061433164 ], [ -94.562849360204694, 39.116563908006803 ], [ -94.562369854203823, 39.115903297019344 ], [ -94.561935395304346, 39.115224039717887 ], [ -94.561547173374109, 39.114527998423675 ], [ -94.561206251414362, 39.113817081421836 ], [ -94.560913562658044, 39.1130932377256 ], [ -94.56066990802519, 39.112358451729392 ], [ -94.560475953942117, 39.111614737765457 ], [ -94.560332230530321, 39.110864134579145 ], [ -94.560239130169762, 39.11010869973768 ], [ -94.56019690644051, 39.109350503988303 ] ] ] } },
{ "type": "Feature", "properties": { }, "geometry": { "type": "Polygon", "coordinates": [ [ [ -94.445803897385034, 39.002651719760628 ], [ -94.445813912387948, 39.001892813339374 ], [ -94.445874814989793, 39.001135355860136 ], [ -94.445986436638037, 39.000381423413366 ], [ -94.446148469788938, 38.999633082362251 ], [ -94.446360468767978, 38.998892383680328 ], [ -94.446621851008558, 38.998161357331739 ], [ -94.446931898664957, 38.997442006709989 ], [ -94.447289760595424, 38.996736303149966 ], [ -94.447694454709648, 38.996046180528602 ], [ -94.448144870673829, 38.995373529968759 ], [ -94.448639772966018, 38.994720194660644 ], [ -94.449177804273148, 38.994087964815343 ], [ -94.449757489220275, 38.993478572763813 ], [ -94.450377238421765, 38.992893688214856 ], [ -94.451035352843348, 38.99233491368507 ], [ -94.451730028462663, 38.991803780113209 ], [ -94.452459361216029, 38.991301742670728 ], [ -94.453221352217284, 38.990830176780172 ], [ -94.454013913234832, 38.990390374352138 ], [ -94.454834872411681, 38.989983540250954 ], [ -94.455681980212887, 38.989610788998888 ], [ -94.456552915584197, 38.989273141727622 ], [ -94.457445292304982, 38.988971523385516 ], [ -94.458356665518309, 38.988706760208032 ], [ -94.459284538420221, 38.988479577458371 ], [ -94.460226369090066, 38.988290597444212 ], [ -94.461179577443431, 38.988140337816418 ], [ -94.462141552288415, 38.988029210153591 ], [ -94.463109658466593, 38.98795751883705 ], [ -94.464081244058804, 38.987925460218875 ], [ -94.465053647636438, 38.987933122085302 ], [ -94.466024205538531, 38.98798048341704 ], [ -94.466990259154855, 38.98806741444713 ], [ -94.467949162195168, 38.988193677016007 ], [ -94.468898287925128, 38.988358925223189 ], [ -94.469835036348968, 38.98856270637333 ], [ -94.470756841319542, 38.988804462214468 ], [ -94.471661177556527, 38.989083530464882 ], [ -94.472545567553553, 38.989399146624507 ], [ -94.473407588355499, 38.989750446065877 ], [ -94.47424487818769, 38.9901364663991 ], [ -94.475055142918777, 38.990556150104233 ], [ -94.475836162339789, 38.991008347423978 ], [ -94.476585796242219, 38.991491819508987 ], [ -94.47730199027859, 38.992005241806901 ], [ -94.477982781589475, 38.992547207686165 ], [ -94.478626304181503, 38.993116232284748 ], [ -94.479230794041982, 38.993710756573122 ], [ -94.479794593975512, 38.994329151620583 ], [ -94.480316158149947, 38.994969723053273 ], [ -94.480794056338794, 38.995630715691725 ], [ -94.481226977848564, 38.996310318355306 ], [ -94.48161373512005, 38.997006668820447 ], [ -94.481953266993784, 38.997717858919216 ], [ -94.482244641630501, 38.998441939764149 ], [ -94.48248705907838, 38.99917692708528 ], [ -94.482679853480079, 38.999920806664676 ], [ -94.482822494913165, 39.000671539853556 ], [ -94.48291459085894, 39.001427069157224 ], [ -94.482955887295191, 39.002185323871984 ], [ -94.482946269409979, 39.0029442257593 ], [ -94.482885761933986, 39.003701694741181 ], [ -94.482774529090705, 39.004455654601138 ], [ -94.482612874164062, 39.005204038675657 ], [ -94.482401238684616, 39.005944795519824 ], [ -94.482140201236462, 39.006675894532229 ], [ -94.481830475887662, 39.007395331523306 ], [ -94.481472910248698, 39.008101134211827 ], [ -94.481068483163654, 39.008791367634799 ], [ -94.48061830204071, 39.009464139455432 ], [ -94.480123599828843, 39.010117605154932 ], [ -94.479585731648982, 39.010749973093603 ], [ -94.479006171088841, 39.011359509427542 ], [ -94.478386506171219, 39.011944542867141 ], [ -94.477728435006952, 39.012503469264537 ], [ -94.477033761144483, 39.013034756017063 ], [ -94.476304388628222, 39.013536946275011 ], [ -94.475542316780007, 39.014008662941535 ], [ -94.474749634717199, 39.014448612454103 ], [ -94.473928515622958, 39.014855588336914 ], [ -94.473081210784343, 39.015228474514309 ], [ -94.472210043414407, 39.015566248376324 ], [ -94.471317402275574, 39.015867983587647 ], [ -94.470405735121801, 39.016132852632374 ], [ -94.469477541977511, 39.016360129087424 ], [ -94.468535368272029, 39.016549189618416 ], [ -94.467581797848112, 39.016699515692359 ], [ -94.46661944586458, 39.016810695002647 ], [ -94.465650951611892, 39.016882422602102 ], [ -94.464678971261023, 39.016914501741098 ], [ -94.463706170565644, 39.016906844408609 ], [ -94.462735217537599, 39.0168594715742 ], [ -94.461768775116241, 39.016772513130917 ], [ -94.460809493851613, 39.016646207538621 ], [ -94.459860004621987, 39.016480901169182 ], [ -94.458922911405708, 39.016277047355203 ], [ -94.458000784127506, 39.016035205144732 ], [ -94.457096151599004, 39.015756037765797 ], [ -94.456211494572798, 39.015440310804536 ], [ -94.455349238929657, 39.015088890102362 ], [ -94.454511749017186, 39.014702739377732 ], [ -94.453701321158874, 39.014282917579216 ], [ -94.452920177350961, 39.013830575977046 ], [ -94.452170459164734, 39.013346955001381 ], [ -94.451454221871089, 39.012833380835865 ], [ -94.450773428803458, 39.012291261775914 ], [ -94.450129945974368, 39.011722084361885 ], [ -94.449525536960934, 39.011127409297558 ], [ -94.448961858072735, 39.010508867165569 ], [ -94.448440453815735, 39.009868153951253 ], [ -94.44796275266431, 39.009207026387507 ], [ -94.447530063153209, 39.008527297133192 ], [ -94.447143570299787, 39.007830829798856 ], [ -94.446804332366483, 39.007119533832842 ], [ -94.446513277972102, 39.006395359282571 ], [ -94.446271203559832, 39.005660291444613 ], [ -94.446078771228642, 39.004916345419083 ], [ -94.445936506934032, 39.004165560582763 ], [ -94.445844799062712, 39.003409994996197 ], [ -94.445803897385034, 39.002651719760628 ] ] ] } },
{ "type": "Feature", "properties": { }, "geometry": { "type": "Polygon", "coordinates": [ [ [ -94.492485715674874, 38.920548730274511 ], [ -94.492495248856343, 38.919789819430768 ], [ -94.492555611186788, 38.919032338315247 ], [ -94.492666635600784, 38.918278363085008 ], [ -94.492828016197407, 38.917529960222524 ], [ -94.493039309096162, 38.916789180872911 ], [ -94.493299933670528, 38.916058055223722 ], [ -94.493609174155765, 38.915338586942973 ], [ -94.493966181626121, 38.914632747690504 ], [ -94.49436997633623, 38.913942471717647 ], [ -94.494819450419683, 38.913269650570022 ], [ -94.495313370937637, 38.91261612790791 ], [ -94.495850383268717, 38.911983694458335 ], [ -94.496429014830895, 38.911374083112669 ], [ -94.497047679124989, 38.91078896418302 ], [ -94.497704680088844, 38.91022994083059 ], [ -94.498398216749735, 38.909698544678079 ], [ -94.499126388162779, 38.909196231618495 ], [ -94.499887198621323, 38.908724377831476 ], [ -94.500678563125263, 38.908284276018158 ], [ -94.501498313092299, 38.907877131864694 ], [ -94.502344202296399, 38.907504060744145 ], [ -94.503213913017518, 38.907166084665668 ], [ -94.50410506238542, 38.906864129479395 ], [ -94.505015208900602, 38.906599022344238 ], [ -94.5059418591145, 38.906371489466153 ], [ -94.506882474450677, 38.906182154112237 ], [ -94.507834478148609, 38.906031534906731 ], [ -94.508795262311054, 38.90592004441303 ], [ -94.509762195035918, 38.905847988005966 ], [ -94.510732627613308, 38.905815563037002 ], [ -94.511703901768087, 38.905822858295032 ], [ -94.512673356928346, 38.905869853763946 ], [ -94.513638337500083, 38.90595642067774 ], [ -94.514596200128366, 38.906082321872837 ], [ -94.515544320925187, 38.906247212437123 ], [ -94.516480102644394, 38.906450640653205 ], [ -94.517400981784277, 38.906692049234145 ], [ -94.518304435598552, 38.906970776847622 ], [ -94.519187988996549, 38.907286059924736 ], [ -94.520049221314025, 38.907637034748525 ], [ -94.520885772935998, 38.908022739816374 ], [ -94.521695351753749, 38.908442118470049 ], [ -94.522475739438406, 38.908894021786018 ], [ -94.523224797513777, 38.909377211718535 ], [ -94.523940473212249, 38.909890364486436 ], [ -94.524620805097328, 38.910432074194972 ], [ -94.525263928437951, 38.911000856682413 ], [ -94.525868080319327, 38.911595153581196 ], [ -94.52643160447677, 38.912213336582454 ], [ -94.526952955838865, 38.912853711892311 ], [ -94.527430704767852, 38.913514524867857 ], [ -94.527863540985223, 38.914193964820164 ], [ -94.52825027717185, 38.914890169971166 ], [ -94.528589852232741, 38.915601232550962 ], [ -94.528881334217118, 38.916325204021653 ], [ -94.529123922886058, 38.917060100413352 ], [ -94.529316951920123, 38.917803907757865 ], [ -94.529459890761061, 38.918554587605229 ], [ -94.529552346082184, 38.919310082607922 ], [ -94.52959406288339, 38.92006832215759 ], [ -94.529584925207416, 38.920827228058727 ], [ -94.529524956475356, 38.921584720223983 ], [ -94.529414319440335, 38.922338722375208 ], [ -94.529253315759078, 38.923087167735005 ], [ -94.529042385182507, 38.923828004692616 ], [ -94.528782104367423, 38.924559202429343 ], [ -94.528473185312322, 38.925278756487366 ], [ -94.528116473421264, 38.925984694267036 ], [ -94.52771294520123, 38.926675080437548 ], [ -94.52726370559887, 38.927348022245916 ], [ -94.526769984984014, 38.928001674709904 ], [ -94.526233135787848, 38.928634245680328 ], [ -94.525654628805086, 38.929244000759127 ], [ -94.525036049169969, 38.929829268059386 ], [ -94.524379092017114, 38.930388442794388 ], [ -94.523685557839229, 38.930919991682813 ], [ -94.522957347553998, 38.931422457158241 ], [ -94.522196457293987, 38.931894461371144 ], [ -94.521404972933595, 38.932334709972281 ], [ -94.520585064368333, 38.932741995667286 ], [ -94.519738979561794, 38.933115201532317 ], [ -94.518869038377133, 38.933453304081908 ], [ -94.5179776262096, 38.933755376080327 ], [ -94.517067187437959, 38.934020589088831 ], [ -94.516140218712835, 38.934248215741484 ], [ -94.515199262100282, 38.934437631743755 ], [ -94.514246898099969, 38.934588317587831 ], [ -94.513285738556689, 38.934699859980206 ], [ -94.512318419485254, 38.934771952977442 ], [ -94.511347593828461, 38.934804398827183 ], [ -94.51037592416813, 38.934797108511731 ], [ -94.509406075409402, 38.934750101993068 ], [ -94.508440707458618, 38.934663508158273 ], [ -94.507482467914897, 38.934537564465849 ], [ -94.506533984795865, 38.934372616293558 ], [ -94.505597859317334, 38.934169115989917 ], [ -94.5046766587473, 38.933927621631675 ], [ -94.5037729093537, 38.933648795490996 ], [ -94.50288908946564, 38.933333402216199 ], [ -94.5020276226671, 38.932982306731645 ], [ -94.501190871142086, 38.932596471861899 ], [ -94.500381129189435, 38.932176955687368 ], [ -94.499600616925449, 38.931724908638238 ], [ -94.498851474191156, 38.931241570335082 ], [ -94.498135754681783, 38.930728266184623 ], [ -94.497455420313756, 38.93018640374018 ], [ -94.496812335845377, 38.929617468836902 ], [ -94.496208263765539, 38.929023021512243 ], [ -94.495644859464619, 38.928404691723173 ], [ -94.49512366670082, 38.927764174871797 ], [ -94.494646113374287, 38.927103227151797 ], [ -94.494213507620472, 38.926423660728382 ], [ -94.49382703423349, 38.925727338765256 ], [ -94.493487751429043, 38.925016170312134 ], [ -94.493196587955879, 38.924292105066918 ], [ -94.492954340563259, 38.923557128026872 ], [ -94.492761671831516, 38.922813254043788 ], [ -94.492619108371386, 38.922062522297772 ], [ -94.492527039396762, 38.921306990704913 ], [ -94.492485715674874, 38.920548730274511 ] ] ] } },
{ "type": "Feature", "properties": { }, "geometry": { "type": "Polygon", "coordinates": [ [ [ -94.179416189494845, 39.138709858099297 ], [ -94.179429039830481, 39.137950945788916 ], [ -94.179492873180592, 39.137193597189693 ], [ -94.179607512950597, 39.136439888083942 ], [ -94.179772643317193, 39.135691884212797 ], [ -94.17998781011157, 39.134951635615728 ], [ -94.180252422081281, 39.134221171013422 ], [ -94.180565752527272, 39.133502492249988 ], [ -94.1809269413111, 39.132797568809465 ], [ -94.181334997227083, 39.132108332421559 ], [ -94.181788800732321, 39.131436671771475 ], [ -94.182287107027179, 39.130784427328273 ], [ -94.182828549477804, 39.130153386305786 ], [ -94.183411643370604, 39.129545277769978 ], [ -94.184034789989127, 39.128961767905892 ], [ -94.184696281001351, 39.128404455457428 ], [ -94.185394303145699, 39.12787486735197 ], [ -94.186126943202893, 39.127374454521998 ], [ -94.186892193239714, 39.126904587935243 ], [ -94.187687956110679, 39.126466554843688 ], [ -94.188512051202281, 39.126061555262211 ], [ -94.189362220404163, 39.125690698685922 ], [ -94.190236134291126, 39.125355001055539 ], [ -94.19113139849884, 39.12505538197879 ], [ -94.192045560275815, 39.12479266221542 ], [ -94.192976115194313, 39.124567561432826 ], [ -94.193920514001277, 39.124380696238141 ], [ -94.194876169591041, 39.124232578492311 ], [ -94.195840464080916, 39.124123613910655 ], [ -94.196810755970091, 39.124054100953728 ], [ -94.197784387362645, 39.124024230011507 ], [ -94.198758691235199, 39.124034082883021 ], [ -94.199730998729095, 39.124083632553067 ], [ -94.200698646447648, 39.124172743266278 ], [ -94.201658983738383, 39.124301170898612 ], [ -94.202609379940895, 39.124468563625165 ], [ -94.20354723158016, 39.124674462882439 ], [ -94.204469969486155, 39.12491830462254 ], [ -94.205375065820277, 39.125199420855786 ], [ -94.206260040989491, 39.125517041477728 ], [ -94.207122470429411, 39.125870296375304 ], [ -94.207959991237999, 39.126258217806779 ], [ -94.208770308641533, 39.126679743048705 ], [ -94.209551202275605, 39.127133717302762 ], [ -94.210300532263716, 39.127618896854884 ], [ -94.211016245076991, 39.128133952477441 ], [ -94.211696379159292, 39.128677473065999 ], [ -94.212339070301709, 39.129247969500099 ], [ -94.212942556752409, 39.129843878717928 ], [ -94.213505184047392, 39.130463567993722 ], [ -94.214025409549151, 39.131105339406091 ], [ -94.214501806680431, 39.131767434485326 ], [ -94.214933068841873, 39.132448039026912 ], [ -94.215318013002289, 39.133145288058039 ], [ -94.215655582951911, 39.133857270943686 ], [ -94.215944852209475, 39.13458203661839 ], [ -94.216185026575062, 39.135317598929184 ], [ -94.216375446321507, 39.136061942075429 ], [ -94.216515588018297, 39.136813026130277 ], [ -94.216605065982691, 39.137568792629239 ], [ -94.216643633353996, 39.138327170209877 ], [ -94.216631182787793, 39.139086080287818 ], [ -94.216567746768078, 39.139843442753119 ], [ -94.216453497536179, 39.140597181671588 ], [ -94.216288746636593, 39.141345230975389 ], [ -94.216073944080605, 39.142085540127333 ], [ -94.215809677129968, 39.14281607974327 ], [ -94.215496668703693, 39.143534847157206 ], [ -94.215135775412065, 39.144239871913854 ], [ -94.214727985223291, 39.144929221173456 ], [ -94.214274414768937, 39.145601005014157 ], [ -94.21377630629523, 39.146253381617228 ], [ -94.213235024268712, 39.146884562320814 ], [ -94.212652051645293, 39.147492816528619 ], [ -94.212028985812793, 39.148076476459558 ], [ -94.211367534218127, 39.148633941725571 ], [ -94.210669509690973, 39.149163683725 ], [ -94.20993682547676, 39.149664249839233 ], [ -94.209171489992443, 39.150134267421159 ], [ -94.208375601319744, 39.150572447564436 ], [ -94.207551341450454, 39.150977588643066 ], [ -94.206700970300261, 39.151348579611657 ], [ -94.205826819506939, 39.151684403057075 ], [ -94.204931286030458, 39.151984137993139 ], [ -94.204016825572424, 39.152246962390713 ], [ -94.20308594583301, 39.152472155435987 ], [ -94.202141199624108, 39.152659099511006 ], [ -94.201185177857511, 39.152807281890595 ], [ -94.200220502427896, 39.152916296151282 ], [ -94.199249819009722, 39.152985843288221 ], [ -94.198275789788568, 39.153015732536957 ], [ -94.197301086146496, 39.153005881897883 ], [ -94.196328381322104, 39.152956318361738 ], [ -94.195360343065389, 39.152867177835809 ], [ -94.194399626307586, 39.152738704770812 ], [ -94.193448865866642, 39.15257125148937 ], [ -94.192510669208247, 39.152365277218451 ], [ -94.191587609282521, 39.152121346827826 ], [ -94.1906822174562, 39.151840129278419 ], [ -94.189796976559805, 39.151522395784767 ], [ -94.18893431406903, 39.151169017696539 ], [ -94.188096595439319, 39.150780964105202 ], [ -94.187286117611734, 39.150359299182149 ], [ -94.186505102708338, 39.149905179256073 ], [ -94.185755691934276, 39.149419849637106 ], [ -94.185039939703515, 39.148904641196985 ], [ -94.184359808004075, 39.148360966714449 ], [ -94.183717161018777, 39.147790316996101 ], [ -94.18311376001563, 39.147194256783102 ], [ -94.182551258522437, 39.146574420455615 ], [ -94.182031197798423, 39.145932507546107 ], [ -94.181555002615482, 39.145270278074584 ], [ -94.181123977360414, 39.144589547717985 ], [ -94.180739302468794, 39.143892182827585 ], [ -94.180402031200217, 39.143180095307756 ], [ -94.180113086763527, 39.14245523737037 ], [ -94.179873259799876, 39.141719596179243 ], [ -94.179683206230166, 39.140975188399274 ], [ -94.179543445473058, 39.140224054665417 ], [ -94.179454359037607, 39.139468253986443 ], [ -94.179416189494845, 39.138709858099297 ] ] ] } },
{ "type": "Feature", "properties": { }, "geometry": { "type": "Polygon", "coordinates": [ [ [ -94.360513570714275, 39.07761849121583 ], [ -94.360524485529069, 39.076859584976418 ], [ -94.360586341135473, 39.076102163945777 ], [ -94.360698966363358, 39.075348304111245 ], [ -94.360862050913454, 39.074600071633661 ], [ -94.361075146225417, 39.073859517185575 ], [ -94.36133766672431, 39.073128670332359 ], [ -94.361648891442059, 39.072409533972056 ], [ -94.362007966009003, 39.071704078848875 ], [ -94.362413905010229, 39.071014238155449 ], [ -94.36286559469977, 39.070341902238582 ], [ -94.363361796065377, 39.069688913422979 ], [ -94.363901148234973, 39.069057060967083 ], [ -94.364482172215759, 39.068448076164678 ], [ -94.36510327495526, 39.067863627605853 ], [ -94.365762753713256, 39.067305316609911 ], [ -94.366458800732701, 39.066774672843138 ], [ -94.367189508196375, 39.066273150132815 ], [ -94.367952873456218, 39.065802122489337 ], [ -94.368746804520455, 39.065362880347031 ], [ -94.36956912578394, 39.064956627033844 ], [ -94.370417583985784, 39.064584475479919 ], [ -94.371289854378091, 39.064247445173272 ], [ -94.372183547089023, 39.063946459371692 ], [ -94.373096213662649, 39.06368234257765 ], [ -94.374025353758171, 39.063455818283828 ], [ -94.374968421989735, 39.063267506994634 ], [ -94.375922834888755, 39.063117924529777 ], [ -94.37688597796955, 39.063007480613898 ], [ -94.377855212879041, 39.062936477756644 ], [ -94.378827884611312, 39.062905110425653 ], [ -94.379801328767329, 39.06291346451524 ], [ -94.380772878840006, 39.062961517111845 ], [ -94.381739873505083, 39.063049136556955 ], [ -94.382699663897725, 39.063176082807473 ], [ -94.383649620855522, 39.063342008092356 ], [ -94.384587142107634, 39.063546457863872 ], [ -94.38550965939119, 39.063788872040895 ], [ -94.38641464547517, 39.064068586540657 ], [ -94.387299621072842, 39.064384835095147 ], [ -94.388162161623981, 39.064736751346793 ], [ -94.388999903928521, 39.065123371218199 ], [ -94.38981055261317, 39.065543635549055 ], [ -94.390591886414114, 39.065996392993405 ], [ -94.391341764257817, 39.066480403169102 ], [ -94.392058131124131, 39.066994340051153 ], [ -94.392739023675091, 39.067536795599572 ], [ -94.393382575634476, 39.068106283611804 ], [ -94.393987022903005, 39.068701243789455 ], [ -94.394550708395442, 39.06932004600808 ], [ -94.395072086586268, 39.069960994778427 ], [ -94.395549727751387, 39.070622333887023 ], [ -94.395982321893996, 39.07130225120352 ], [ -94.396368682344246, 39.071998883641456 ], [ -94.396707749022269, 39.072710322259226 ], [ -94.396998591355697, 39.073434617487045 ], [ -94.397240410843636, 39.074169784465845 ], [ -94.39743254325974, 39.074913808483458 ], [ -94.397574460488315, 39.075664650493124 ], [ -94.397665771988187, 39.076420252699464 ], [ -94.397706225880242, 39.077178544196357 ], [ -94.397695709655252, 39.077937446641648 ], [ -94.397634250500204, 39.078694879952693 ], [ -94.397522015241606, 39.079448768007651 ], [ -94.397359309906108, 39.080197044336465 ], [ -94.39714657889931, 39.08093765778613 ], [ -94.396884403804776, 39.081668578144885 ], [ -94.39657350180623, 39.082387801709324 ], [ -94.396214723737586, 39.083093356779806 ], [ -94.395809051765227, 39.083783309068664 ], [ -94.395357596709516, 39.084455767006425 ], [ -94.394861595012003, 39.085108886931494 ], [ -94.39432240535713, 39.085740878148975 ], [ -94.393741504957177, 39.086350007844786 ], [ -94.39312048551065, 39.086934605841371 ], [ -94.392461048845149, 39.087493069182102 ], [ -94.391765002256605, 39.088023866531614 ], [ -94.391034253557464, 39.088525542379941 ], [ -94.390270805847607, 39.088996721038846 ], [ -94.389476752022119, 39.089436110419499 ], [ -94.388654269031164, 39.089842505580705 ], [ -94.387805611907524, 39.090214792038275 ], [ -94.386933107578557, 39.090551948826118 ], [ -94.386039148479142, 39.090853051300726 ], [ -94.385126185983793, 39.09111727368127 ], [ -94.384196723675544, 39.091343891318303 ], [ -94.383253310470437, 39.091532282684703 ], [ -94.382298533616662, 39.091681931083421 ], [ -94.381335011587495, 39.091792426067443 ], [ -94.380365386887831, 39.091863464567574 ], [ -94.379392318794203, 39.091894851725698 ], [ -94.378418476048282, 39.091886501430238 ], [ -94.377446529524178, 39.091838436553232 ], [ -94.376479144889771, 39.091750788887687 ], [ -94.375518975282475, 39.091623798785946 ], [ -94.374568654019441, 39.091457814499456 ], [ -94.373630787362941, 39.091253291222387 ], [ -94.372707947360141, 39.091010789841199 ], [ -94.371802664777874, 39.090730975394095 ], [ -94.370917422151351, 39.090414615244171 ], [ -94.370054646966395, 39.090062576971619 ], [ -94.369216704993818, 39.08967582599071 ], [ -94.368405893794488, 39.089255422898241 ], [ -94.367624436412783, 39.088802520560492 ], [ -94.366874475276177, 39.088318360947035 ], [ -94.366158066317425, 39.087804271720167 ], [ -94.365477173335634, 39.087261662589022 ], [ -94.364833662611787, 39.086692021438786 ], [ -94.364229297793358, 39.086096910245715 ], [ -94.363665735062241, 39.085477960788765 ], [ -94.363144518598915, 39.084836870170406 ], [ -94.362667076355621, 39.08417539615818 ], [ -94.362234716149715, 39.083495352360501 ], [ -94.361848622087948, 39.082798603249579 ], [ -94.361509851331618, 39.082087059045321 ], [ -94.361219331210904, 39.08136267047432 ], [ -94.360977856696479, 39.080627423418328 ], [ -94.360786088235074, 39.079883333466881 ], [ -94.360644549954827, 39.079132440389081 ], [ -94.360553628245043, 39.078376802539871 ], [ -94.360513570714275, 39.07761849121583 ] ] ] } },
{ "type": "Feature", "properties": { }, "geometry": { "type": "Polygon", "coordinates": [ [ [ -94.58710303726555, 38.972364050336878 ], [ -94.587111549177692, 38.971605159008746 ], [ -94.587170927843388, 38.970847655373497 ], [ -94.587281008888525, 38.970093615653099 ], [ -94.587441488992539, 38.969345106509756 ], [ -94.587651926737266, 38.968604179382709 ], [ -94.587911743833885, 38.96787286486704 ], [ -94.588220226724218, 38.96715316715072 ], [ -94.588576528552153, 38.96644705852443 ], [ -94.588979671499331, 38.965756473979489 ], [ -94.589428549478541, 38.965083305908628 ], [ -94.589921931177528, 38.964429398924004 ], [ -94.590458463444548, 38.963796544806641 ], [ -94.591036675006194, 38.963186477601198 ], [ -94.591654980507599, 38.96260086886916 ], [ -94.592311684863276, 38.962041323113752 ], [ -94.593004987907165, 38.961509373388708 ], [ -94.593732989328743, 38.96100647710314 ], [ -94.594493693881816, 38.960534012033783 ], [ -94.595285016851619, 38.960093272555348 ], [ -94.596104789765334, 38.959685466099664 ], [ -94.596950766330338, 38.959311709852678 ], [ -94.597820628584046, 38.958973027698768 ], [ -94.598711993238567, 38.95867034742043 ], [ -94.599622418202699, 38.958404498160938 ], [ -94.600549409263806, 38.958176208157099 ], [ -94.601490426911113, 38.957986102747874 ], [ -94.602442893282074, 38.957834702664712 ], [ -94.60340419921269, 38.957722422607844 ], [ -94.604371711372906, 38.957649570112721 ], [ -94.60534277946752, 38.957616344709358 ], [ -94.606314743483026, 38.95762283737718 ], [ -94.607284940960852, 38.957669030296636 ], [ -94.608250714277176, 38.957754796898229 ], [ -94.60920941790954, 38.957879902209079 ], [ -94.610158425670633, 38.958044003495701 ], [ -94.61109513788945, 38.958246651201534 ], [ -94.612016988520452, 38.958487290176741 ], [ -94.612921452161487, 38.958765261196412 ], [ -94.613806050961117, 38.959079802763796 ], [ -94.614668361396923, 38.959430053193003 ], [ -94.615506020906196, 38.959815052965951 ], [ -94.616316734350832, 38.960233747356959 ], [ -94.617098280299132, 38.960684989317755 ], [ -94.617848517107177, 38.961167542615428 ], [ -94.61856538878321, 38.96168008521424 ], [ -94.619246930619028, 38.962221212892729 ], [ -94.619891274573106, 38.962789443085661 ], [ -94.620496654390536, 38.963383218940791 ], [ -94.621061410445861, 38.964000913579227 ], [ -94.621583994295534, 38.964640834547822 ], [ -94.622062972927338, 38.965301228451423 ], [ -94.622497032695307, 38.965980285752437 ], [ -94.622884982928994, 38.966676145724506 ], [ -94.623225759207386, 38.967386901546924 ], [ -94.623518426288157, 38.968110605525858 ], [ -94.62376218068421, 38.968845274427942 ], [ -94.623956352880256, 38.969588894912015 ], [ -94.624100409183313, 38.970339429043761 ], [ -94.624193953201669, 38.97109481987858 ], [ -94.624236726948283, 38.971852997097088 ], [ -94.624228611565357, 38.972611882678045 ], [ -94.62416962766774, 38.973369396593142 ], [ -94.624059935304388, 38.974123462507727 ], [ -94.623899833537394, 38.974872013472627 ], [ -94.62368975963976, 38.975612997590424 ], [ -94.623430287913948, 38.976344383641603 ], [ -94.623122128134185, 38.977064166654444 ], [ -94.622766123616486, 38.977770373403708 ], [ -94.622363248921843, 38.978461067823076 ], [ -94.62191460719842, 38.979134356315981 ], [ -94.62142142717002, 38.979788392950901 ], [ -94.620885059778843, 38.980421384526316 ], [ -94.620306974491854, 38.981031595491601 ], [ -94.619688755280464, 38.981617352710145 ], [ -94.619032096284727, 38.982177050051909 ], [ -94.61833879717372, 38.982709152802364 ], [ -94.61761075821488, 38.983212201875759 ], [ -94.616849975065676, 38.983684817821462 ], [ -94.616058533301981, 38.984125704611664 ], [ -94.615238602698142, 38.984533653200579 ], [ -94.614392431274496, 38.984907544845044 ], [ -94.61352233912848, 38.985246354177207 ], [ -94.612630712066775, 38.985549152021179 ], [ -94.611719995055566, 38.985815107945619 ], [ -94.610792685507207, 38.986043492545086 ], [ -94.609851326421889, 38.986233679444204 ], [ -94.608898499403068, 38.986385147018694 ], [ -94.607936817566014, 38.986497479828884 ], [ -94.606968918359286, 38.98657036976136 ], [ -94.605997456318718, 38.986603616875904 ], [ -94.605025095773925, 38.986597129955243 ], [ -94.604054503527948, 38.986550926755946 ], [ -94.603088341529769, 38.986465133960131 ], [ -94.602129259560343, 38.986339986827716 ], [ -94.601179887952085, 38.986175828550344 ], [ -94.600242830362433, 38.985973109308972 ], [ -94.599320656620833, 38.985732385037238 ], [ -94.598415895669547, 38.98545431589455 ], [ -94.597531028617396, 38.985139664452724 ], [ -94.596668481925803, 38.984789293601459 ], [ -94.595830620745986, 38.984404164178201 ], [ -94.595019742425578, 38.983985332329112 ], [ -94.594238070202664, 38.983533946608468 ], [ -94.59348774710466, 38.983051244824281 ], [ -94.592770830068787, 38.982538550639099 ], [ -94.592089284300158, 38.981997269935206 ], [ -94.591444977883427, 38.981428886954447 ], [ -94.590839676662199, 38.980834960222992 ], [ -94.590275039400808, 38.980217118272805 ], [ -94.589752613241316, 38.979577055170978 ], [ -94.589273829468198, 38.978916525869913 ], [ -94.588839999592565, 38.978237341390667 ], [ -94.588452311766048, 38.977541363853007 ], [ -94.588111827534718, 38.976830501365654 ], [ -94.587819478941171, 38.976106702791107 ], [ -94.587576065983086, 38.975371952399144 ], [ -94.587382254434885, 38.97462826442375 ], [ -94.587238574038196, 38.973877677538709 ], [ -94.587145417066267, 38.973122249266552 ], [ -94.58710303726555, 38.972364050336878 ] ] ] } },
{ "type": "Feature", "properties": { }, "geometry": { "type": "Polygon", "coordinates": [ [ [ -94.549106867509678, 39.032898327563778 ], [ -94.549115771187658, 39.032139438168521 ], [ -94.549175584840057, 39.031381952154383 ], [ -94.549286142895852, 39.030627945693524 ], [ -94.549447140722791, 39.029879485355359 ], [ -94.549658135479731, 39.029138622443639 ], [ -94.549918547347602, 39.028407387375665 ], [ -94.550227661135011, 39.027687784119792 ], [ -94.550584628254057, 39.026981784705903 ], [ -94.550988469060812, 39.026291323824033 ], [ -94.551438075553833, 39.025618293526065 ], [ -94.551932214423132, 39.024964538044614 ], [ -94.552469530441215, 39.024331848743635 ], [ -94.553048550186773, 39.023721959214214 ], [ -94.553667686090463, 39.023136540529165 ], [ -94.554325240792124, 39.022577196669175 ], [ -94.55501941179682, 39.022045460133114 ], [ -94.555748296417448, 39.021542787744437 ], [ -94.556509896989908, 39.021070556664966 ], [ -94.557302126346912, 39.020630060627035 ], [ -94.558122813535093, 39.020222506394354 ], [ -94.558969709760049, 39.019849010460881 ], [ -94.559840494543067, 39.019510595996969 ], [ -94.560732782072435, 39.019208190051131 ], [ -94.561644127732507, 39.018942621014631 ], [ -94.562572034792339, 39.01871461635627 ], [ -94.563513961235842, 39.018524800633244 ], [ -94.564467326714947, 39.018373693783474 ], [ -94.565429519606738, 39.018261709704177 ], [ -94.566397904155465, 39.018189155120396 ], [ -94.567369827680039, 39.018156228746655 ], [ -94.56834262782742, 39.018163020743984 ], [ -94.569313639852126, 39.018209512473732 ], [ -94.570280203902357, 39.018295576548887 ], [ -94.571239672292592, 39.018420977182828 ], [ -94.572189416743271, 39.018585370834309 ], [ -94.573126835567663, 39.018788307147247 ], [ -94.574049360786532, 39.019029230182547 ], [ -94.574954465151251, 39.019307479938639 ], [ -94.575839669056236, 39.019622294156683 ], [ -94.576702547322, 39.019972810405385 ], [ -94.577540735830368, 39.020358068439961 ], [ -94.578351937993673, 39.020777012828709 ], [ -94.57913393104046, 39.021228495839921 ], [ -94.579884572100539, 39.021711280581663 ], [ -94.580601804072799, 39.022224044385474 ], [ -94.581283661259619, 39.022765382425028 ], [ -94.581928274752727, 39.023333811559858 ], [ -94.582533877555477, 39.023927774393663 ], [ -94.583098809427895, 39.024545643536065 ], [ -94.583621521440676, 39.025185726056513 ], [ -94.584100580226178, 39.025846268117711 ], [ -94.58453467191417, 39.026525459776444 ], [ -94.584922605741909, 39.027221439938415 ], [ -94.585263317328256, 39.027932301453589 ], [ -94.585555871602978, 39.028656096338302 ], [ -94.585799465382749, 39.029390841109738 ], [ -94.58599342958712, 39.030134522218262 ], [ -94.586137231087704, 39.030885101562689 ], [ -94.586230474185797, 39.031640522073644 ], [ -94.586272901713883, 39.032398713349352 ], [ -94.586264395757937, 39.033157597328838 ], [ -94.586204977998506, 39.033915093986785 ], [ -94.586094809669063, 39.034669127034405 ], [ -94.585934191132026, 39.035417629610933 ], [ -94.585723561072882, 39.03615854994991 ], [ -94.585463495315039, 39.03688985700483 ], [ -94.585154705257835, 39.037609546018643 ], [ -94.584798035942285, 39.038315644021893 ], [ -94.584394463749547, 39.039006215244349 ], [ -94.583945093738052, 39.03967936642524 ], [ -94.583451156626879, 39.040333252007507 ], [ -94.582914005432983, 39.040966079201809 ], [ -94.582335111771826, 39.041576112906263 ], [ -94.581716061831372, 39.04216168046846 ], [ -94.581058552029944, 39.042721176276551 ], [ -94.580364384370512, 39.043253066166898 ], [ -94.579635461503557, 39.043755891635882 ], [ -94.578873781512186, 39.044228273844496 ], [ -94.578081432433834, 39.0446689174046 ], [ -94.577260586533555, 39.045076613936189 ], [ -94.576413494344635, 39.045450245386284 ], [ -94.575542478492792, 39.045788787099731 ], [ -94.574649927321417, 39.046091310633884 ], [ -94.573738288334624, 39.046356986309156 ], [ -94.572810061477142, 39.046585085488346 ], [ -94.571867792268804, 39.046774982578732 ], [ -94.570914064813095, 39.04692615675085 ], [ -94.569951494698842, 39.047038193369936 ], [ -94.568982721814692, 39.047110785135288 ], [ -94.568010403096409, 39.047143732925008 ], [ -94.567037205226924, 39.047136946343443 ], [ -94.566065797309193, 39.047090443969893 ], [ -94.56509884353251, 39.047004353307983 ], [ -94.564138995852346, 39.046878910435659 ], [ -94.563188886703799, 39.046714459356899 ], [ -94.56225112176935, 39.046511451056986 ], [ -94.561328272820262, 39.046270442263719 ], [ -94.560422870652033, 39.045992093918251 ], [ -94.55953739813306, 39.0456771693596 ], [ -94.558674283385756, 39.045326532227961 ], [ -94.557835893119318, 39.044941144092533 ], [ -94.557024526131883, 39.044522061810454 ], [ -94.556242407000738, 39.044070434624196 ], [ -94.555491679977493, 39.043587501005298 ], [ -94.554774403105071, 39.043074585253393 ], [ -94.554092542573059, 39.042533093859547 ], [ -94.553447967326377, 39.041964511644402 ], [ -94.552842443942595, 39.041370397681476 ], [ -94.552277631791597, 39.040752381016908 ], [ -94.551755078490956, 39.040112156197566 ], [ -94.551276215669446, 39.039451478619775 ], [ -94.550842355050293, 39.038772159711506 ], [ -94.55045468486459, 39.038076061961249 ], [ -94.550114266604936, 39.037365093807345 ], [ -94.54982203212785, 39.036641204401811 ], [ -94.549578781112871, 39.03590637826305 ], [ -94.549385178885046, 39.035162629832193 ], [ -94.549241754606882, 39.034411997947984 ], [ -94.549148899844141, 39.033656540255464 ], [ -94.549106867509678, 39.032898327563778 ] ] ] } },
{ "type": "Feature", "properties": { }, "geometry": { "type": "Polygon", "coordinates": [ [ [ -94.557589910769735, 38.98331941348863 ], [ -94.557598735282639, 38.982560519191914 ], [ -94.557658434243521, 38.981803025306434 ], [ -94.557768842399696, 38.981049008026353 ], [ -94.557929655533556, 38.980300533951315 ], [ -94.558140431313845, 38.979559654423355 ], [ -94.558400590525139, 38.978828399906064 ], [ -94.558709418671768, 38.978108774421926 ], [ -94.559066067951676, 38.97740275006268 ], [ -94.559469559594731, 38.9767122615877 ], [ -94.559918786558768, 38.976039201125545 ], [ -94.560412516576008, 38.975385412992601 ], [ -94.56094939554113, 38.974752688643449 ], [ -94.561527951231852, 38.974142761766352 ], [ -94.562146597351528, 38.973557303537675 ], [ -94.562803637882695, 38.972997918047639 ], [ -94.563497271739664, 38.972466137910367 ], [ -94.564225597707022, 38.971963420069919 ], [ -94.564986619650966, 38.971491141813772 ], [ -94.565778251988803, 38.971050597004584 ], [ -94.56659832540177, 38.970642992540732 ], [ -94.567444592775672, 38.970269445054683 ], [ -94.568314735352942, 38.969930977858944 ], [ -94.569206369079296, 38.96962851814726 ], [ -94.570117051128037, 38.969362894458854 ], [ -94.571044286583785, 38.969134834412884 ], [ -94.571985535267686, 38.96894496271868 ], [ -94.572938218685636, 38.968793799467939 ], [ -94.573899727080303, 38.968681758712563 ], [ -94.574867426568105, 38.968609147332998 ], [ -94.575838666341625, 38.968576164199391 ], [ -94.576810785917871, 38.968582899628103 ], [ -94.577781122412787, 38.968629335135233 ], [ -94.578747017822167, 38.968715343487467 ], [ -94.579705826289413, 38.968840689050317 ], [ -94.580654921340113, 38.969005028432875 ], [ -94.581591703064049, 38.969207911427056 ], [ -94.582513605225031, 38.969448782239091 ], [ -94.583418102279254, 38.969726981009607 ], [ -94.584302716283119, 38.970041745618531 ], [ -94.585165023671763, 38.970392213769536 ], [ -94.586002661889793, 38.970777425348579 ], [ -94.586813335856306, 38.971196325050158 ], [ -94.58759482424648, 38.971647765263889 ], [ -94.588344985572661, 38.972130509214018 ], [ -94.589061764048324, 38.972643234342712 ], [ -94.589743195218972, 38.973184535928532 ], [ -94.590387411344537, 38.973752930929813 ], [ -94.590992646518529, 38.974346862042722 ], [ -94.59155724150996, 38.974964701962826 ], [ -94.592079648314666, 38.975604757838695 ], [ -94.592558434403685, 38.976265275905178 ], [ -94.592992286656724, 38.976944446284044 ], [ -94.593380014970066, 38.977640407938573 ], [ -94.593720555529003, 38.978351253768878 ], [ -94.594012973735417, 38.979075035833766 ], [ -94.594256466782525, 38.979809770685158 ], [ -94.594450365869676, 38.98055344480035 ], [ -94.594594138050894, 38.981304020097149 ], [ -94.594687387711829, 38.982059439517222 ], [ -94.594729857670984, 38.982817632661863 ], [ -94.594721429902137, 38.983576521465203 ], [ -94.594662125875502, 38.984334025888984 ], [ -94.594552106516801, 38.985088069623579 ], [ -94.59439167178391, 38.985836585779495 ], [ -94.594181259862211, 38.986577522553674 ], [ -94.593921445980612, 38.987308848855321 ], [ -94.593612940851315, 38.988028559875445 ], [ -94.593256588737319, 38.988734682585189 ], [ -94.592853365152962, 38.989425281147604 ], [ -94.59240437420344, 38.990098462227991 ], [ -94.591910845570766, 38.990752380188461 ], [ -94.591374131153827, 38.991385242152013 ], [ -94.590795701372102, 38.99199531292264 ], [ -94.590177141142732, 38.992580919747446 ], [ -94.589520145542124, 38.993140456908193 ], [ -94.588826515163731, 38.993672390128985 ], [ -94.588098151184838, 38.994175260788566 ], [ -94.58733705015571, 38.994647689925152 ], [ -94.58654529852555, 38.995088382022978 ], [ -94.585725066920048, 38.995496128569961 ], [ -94.584878604186613, 38.995869811376927 ], [ -94.584008231223237, 38.99620840564878 ], [ -94.583116334608334, 38.996510982799499 ], [ -94.58220536004886, 38.996776713003158 ], [ -94.581277805665025, 38.997004867473613 ], [ -94.580336215129904, 38.99719482046698 ], [ -94.57938317068303, 38.997346051000882 ], [ -94.578421286037198, 38.997458144286185 ], [ -94.577453199198317, 38.997530792866932 ], [ -94.576481565217676, 38.997563797465432 ], [ -94.575509048897317, 38.997557067530082 ], [ -94.574538317468082, 38.997510621484636 ], [ -94.573572033261144, 38.997424586677894 ], [ -94.5726128463929, 38.997299199034131 ], [ -94.571663387483554, 38.997134802405341 ], [ -94.570726260429865, 38.996931847626783 ], [ -94.569804035251522, 38.996690891278753 ], [ -94.568899241031389, 38.996412594157732 ], [ -94.568014358968853, 38.996097719461339 ], [ -94.567151815565708, 38.995747130692074 ], [ -94.566313975963155, 38.995361789285489 ], [ -94.565503137448502, 38.994942751969504 ], [ -94.564721523149387, 38.994491167862215 ], [ -94.563971275932985, 38.994008275315942 ], [ -94.56325445252682, 38.993495398516536 ], [ -94.562573017877682, 38.992953943847198 ], [ -94.561928839763723, 38.992385396026791 ], [ -94.561323683674971, 38.991791314033456 ], [ -94.560759207975963, 38.991173326824729 ], [ -94.560236959363806, 38.990533128865756 ], [ -94.559758368634348, 38.989872475478379 ], [ -94.559324746767473, 38.989193178023406 ], [ -94.558937281342679, 38.988497098929862 ], [ -94.558597033294433, 38.987786146584334 ], [ -94.558304934016093, 38.987062270094974 ], [ -94.558061782820175, 38.986327453944426 ], [ -94.557868244761906, 38.985583712546116 ], [ -94.557724848831768, 38.984833084719398 ], [ -94.557631986521855, 38.984077628098142 ], [ -94.557589910769735, 38.98331941348863 ] ] ] } },
{ "type": "Feature", "properties": { }, "geometry": { "type": "Polygon", "coordinates": [ [ [ -94.339195598465437, 39.031114877238885 ], [ -94.339206748798773, 39.030355963216714 ], [ -94.339268806300325, 39.0295985443232 ], [ -94.339381599250459, 39.028844696539196 ], [ -94.339544816894204, 39.028096485992045 ], [ -94.339758010310419, 39.0273559632938 ], [ -94.34002059365929, 39.026625157922574 ], [ -94.340331845804371, 39.025906072662636 ], [ -94.340690912304666, 39.025200678118139 ], [ -94.341096807771095, 39.024510907315843 ], [ -94.34154841858053, 39.0238386504113 ], [ -94.342044505940194, 39.023185749513061 ], [ -94.342583709293564, 39.022553993639164 ], [ -94.343164550058418, 39.021945113819321 ], [ -94.343785435686925, 39.021360778356652 ], [ -94.344444664036018, 39.020802588261368 ], [ -94.345140428036686, 39.020272072869354 ], [ -94.34587082064877, 39.019770685657058 ], [ -94.346633840088103, 39.019299800264633 ], [ -94.347427395311271, 39.018860706737655 ], [ -94.348249311743373, 39.018454607998024 ], [ -94.349097337232791, 39.018082616553386 ], [ -94.349969148216886, 39.01774575145425 ], [ -94.350862356081876, 39.017444935506816 ], [ -94.351774513699226, 39.01718099274931 ], [ -94.35270312212117, 39.01695464619862 ], [ -94.353645637416861, 39.016766515873172 ], [ -94.354599477630671, 39.016617117097837 ], [ -94.355562029843639, 39.016506859094861 ], [ -94.356530657319041, 39.016436043865312 ], [ -94.357502706712467, 39.01640486536354 ], [ -94.358475515327058, 39.01641340896709 ], [ -94.359446418393873, 39.016461651243688 ], [ -94.360412756358159, 39.016549460015533 ], [ -94.361371882151118, 39.016676594721076 ], [ -94.362321168427883, 39.016842707073103 ], [ -94.363258014751949, 39.017047342011388 ], [ -94.36417985470645, 39.017289938947378 ], [ -94.365084162913007, 39.017569833297337 ], [ -94.365968461939232, 39.017886258300116 ], [ -94.366830329075825, 39.018238347114242 ], [ -94.367667402965168, 39.018625135188884 ], [ -94.368477390063092, 39.019045562902186 ], [ -94.369258070916317, 39.019498478459631 ], [ -94.370007306238634, 39.019982641044997 ], [ -94.370723042768887, 39.020496724214617 ], [ -94.371403318895148, 39.021039319526572 ], [ -94.372046270029415, 39.021608940394174 ], [ -94.372650133718309, 39.022204026153766 ], [ -94.373213254475687, 39.022822946335495 ], [ -94.373734088323829, 39.023464005125533 ], [ -94.374211207030953, 39.024125446007645 ], [ -94.374643302033064, 39.024805456571215 ], [ -94.375029188029572, 39.025502173472916 ], [ -94.375367806242579, 39.026213687538338 ], [ -94.375658227330902, 39.026938048989692 ], [ -94.375899653950512, 39.027673272785179 ], [ -94.376091422954531, 39.028417344055725 ], [ -94.376233007226261, 39.029168223623977 ], [ -94.376324017140334, 39.029923853590581 ], [ -94.376364201647718, 39.030682162972418 ], [ -94.376353448981178, 39.03144107337743 ], [ -94.376291786979536, 39.032198504700474 ], [ -94.376179383029182, 39.032952380824497 ], [ -94.376016543623166, 39.033700635311689 ], [ -94.375803713538588, 39.034441217068576 ], [ -94.375541474634502, 39.035172095969955 ], [ -94.375230544273549, 39.035891268425992 ], [ -94.374871773371183, 39.036596762877153 ], [ -94.374466144077857, 39.037286645202116 ], [ -94.374014767100476, 39.037959024023429 ], [ -94.373518878669884, 39.038612055896806 ], [ -94.372979837163101, 39.039243950369233 ], [ -94.372399119389087, 39.039852974892476 ], [ -94.371778316548202, 39.040437459578015 ], [ -94.371119129876462, 39.040995801780717 ], [ -94.370423365986269, 39.041526470498198 ], [ -94.369692931916518, 39.0420280105741 ], [ -94.368929829905639, 39.042499046693507 ], [ -94.368136151901709, 39.042938287159423 ], [ -94.367314073824815, 39.043344527440055 ], [ -94.366465849597631, 39.04371665347702 ], [ -94.365593804960156, 39.044053644745169 ], [ -94.364700331086169, 39.044354577055984 ], [ -94.363787878018655, 39.044618625096327 ], [ -94.362858947942357, 39.044845064695814 ], [ -94.36191608831227, 39.045033274816554 ], [ -94.360961884856607, 39.045182739259403 ], [ -94.359998954474094, 39.045293048082677 ], [ -94.359029938044742, 39.045363898728489 ], [ -94.358057493174428, 39.045395096854492 ], [ -94.35708428689297, 39.045386556868088 ], [ -94.356112988326188, 39.045338302161966 ], [ -94.355146261362037, 39.045250465050074 ], [ -94.354186757331291, 39.045123286404483 ], [ -94.353237107722848, 39.0449571149938 ], [ -94.352299916953967, 39.044752406525333 ], [ -94.351377755215324, 39.044509722393236 ], [ -94.35047315141081, 39.044229728136592 ], [ -94.349588586211496, 39.043913191611132 ], [ -94.348726485242878, 39.043560980880208 ], [ -94.347889212424491, 39.043174061830413 ], [ -94.347079063480052, 39.042753495518568 ], [ -94.346298259636029, 39.042300435257701 ], [ -94.345548941526161, 39.041816123449458 ], [ -94.344833163318611, 39.041301888172406 ], [ -94.344152887081975, 39.040759139534991 ], [ -94.343509977405446, 39.040189365803784 ], [ -94.342906196288155, 39.039594129317216 ], [ -94.34234319831161, 39.038975062196585 ], [ -94.341822526108302, 39.038333861865539 ], [ -94.341345606138987, 39.037672286391128 ], [ -94.340913744790271, 39.036992149658559 ], [ -94.340528124802773, 39.036295316393513 ], [ -94.340189802039916, 39.035583697045269 ], [ -94.339899702605933, 39.034859242545146 ], [ -94.339658620320677, 39.034123938954394 ], [ -94.339467214558468, 39.033379802016341 ], [ -94.339326008456226, 39.0326288716278 ], [ -94.339235387496004, 39.031873206244931 ], [ -94.339195598465437, 39.031114877238885 ] ] ] } },
{ "type": "Feature", "properties": { }, "geometry": { "type": "Polygon", "coordinates": [ [ [ -94.574939563860241, 38.985242184886559 ], [ -94.574948202561941, 38.984483293338556 ], [ -94.575007717182146, 38.983725794598662 ], [ -94.575117942973165, 38.982971764874996 ], [ -94.575278576216846, 38.982223270801875 ], [ -94.575489175074523, 38.981482363776692 ], [ -94.575749160815107, 38.980751074338983 ], [ -94.576057819417699, 38.980031406607416 ], [ -94.576414303544198, 38.97932533278999 ], [ -94.576817634876292, 38.978634787782106 ], [ -94.577266706810292, 38.977961663867596 ], [ -94.577760287502372, 38.97730780553713 ], [ -94.578297023255459, 38.976675004437908 ], [ -94.578875442238754, 38.976064994468807 ], [ -94.579493958529213, 38.975479447034061 ], [ -94.58015087646416, 38.974919966468484 ], [ -94.580844395292772, 38.974388085646808 ], [ -94.581572614113853, 38.973885261789022 ], [ -94.582333537086214, 38.97341287247307 ], [ -94.583125078897382, 38.972972211865851 ], [ -94.58394507047575, 38.972564487182886 ], [ -94.584791264930473, 38.972190815385893 ], [ -94.585661343702995, 38.971852220127744 ], [ -94.586552922913114, 38.971549628952779 ], [ -94.587463559882863, 38.971283870760139 ], [ -94.588390759819788, 38.971055673537144 ], [ -94.58933198264188, 38.970865662368638 ], [ -94.590284649925522, 38.970714357727978 ], [ -94.591246151957279, 38.9706021740541 ], [ -94.592213854870849, 38.970529418618561 ], [ -94.593185107849351, 38.970496290685738 ], [ -94.594157250373627, 38.970502880968283 ], [ -94.595127619496864, 38.970549171379524 ], [ -94.596093557125741, 38.97063503508322 ], [ -94.597052417288296, 38.970760236840796 ], [ -94.598001573368919, 38.970924433654922 ], [ -94.598938425290683, 38.971127175707757 ], [ -94.599860406625695, 38.971367907591315 ], [ -94.600764991613914, 38.971645969826582 ], [ -94.601649702071555, 38.971960600667316 ], [ -94.602512114170281, 38.972310938183398 ], [ -94.603349865068722, 38.972696022618578 ], [ -94.604160659378152, 38.973114799015562 ], [ -94.604942275444927, 38.973566120101758 ], [ -94.605692571432527, 38.974048749427745 ], [ -94.606409491186454, 38.974561364749825 ], [ -94.607091069866073, 38.975102561647496 ], [ -94.60773543932811, 38.975670857366083 ], [ -94.608340833246871, 38.976264694874018 ], [ -94.608905591957296, 38.976882447123558 ], [ -94.609428167007451, 38.977522421503849 ], [ -94.609907125408171, 38.978182864473375 ], [ -94.610341153567703, 38.9788619663601 ], [ -94.610729060901051, 38.979557866315432 ], [ -94.611069783103517, 38.980268657409042 ], [ -94.611362385079659, 38.980992391850229 ], [ -94.611606063519559, 38.981727086321996 ], [ -94.611800149114856, 38.98247072741286 ], [ -94.611944108408636, 38.983221277131712 ], [ -94.612037545273864, 38.98397667849094 ], [ -94.612080202016045, 38.984734861141924 ], [ -94.612071960096912, 38.985493747048181 ], [ -94.612012840477163, 38.986251256179997 ], [ -94.611903003576771, 38.987005312215452 ], [ -94.611742748853118, 38.987753848231925 ], [ -94.61153251399773, 38.988494812372473 ], [ -94.611272873753606, 38.989226173471842 ], [ -94.610964538356313, 38.989945926626156 ], [ -94.610608351602863, 38.990652098691534 ], [ -94.610205288553487, 38.991342753696181 ], [ -94.609756452872475, 38.992015998151068 ], [ -94.609263073815256, 38.992669986244906 ], [ -94.608726502869729, 38.993302924908747 ], [ -94.60814821006106, 38.99391307873654 ], [ -94.607529779929834, 38.994498774747896 ], [ -94.606872907194813, 38.995058406980185 ], [ -94.606179392111542, 38.995590440896962 ], [ -94.605451135540207, 38.99609341760091 ], [ -94.604690133735602, 38.996565957839472 ], [ -94.603898472873908, 38.997006765792179 ], [ -94.603078323331047, 38.997414632629194 ], [ -94.602231933728547, 38.997788439831346 ], [ -94.601361624763115, 38.998127162262193 ], [ -94.60046978283691, 38.998429870984076 ], [ -94.599558853506309, 38.998695735809974 ], [ -94.598631334766949, 38.998924027584309 ], [ -94.597689770193654, 38.999114120186299 ], [ -94.596736741954402, 38.999265492250352 ], [ -94.595774863717281, 38.999377728598859 ], [ -94.59480677347041, 38.999450521383146 ], [ -94.593835126274357, 38.999483670929614 ], [ -94.592862586967442, 38.999477086288827 ], [ -94.591891822843678, 38.99943078548565 ], [ -94.590925496324104, 38.999344895470159 ], [ -94.589966257641464, 38.999219651769224 ], [ -94.589016737558509, 38.99905539783969 ], [ -94.588079540140242, 38.99885258412521 ], [ -94.587157235599904, 38.998611766818875 ], [ -94.586252353238635, 38.998333606335621 ], [ -94.585367374498304, 38.998018865498139 ], [ -94.584504726146577, 38.997668407441616 ], [ -94.583666773613331, 38.997283193243064 ], [ -94.582855814496384, 38.996864279281446 ], [ -94.582074072255068, 38.996412814336551 ], [ -94.581323690108277, 38.99593003643394 ], [ -94.580606725154524, 38.995417269445149 ], [ -94.579925142729621, 38.994875919452369 ], [ -94.579280811017895, 38.99430747088762 ], [ -94.578675495931449, 38.99371348245711 ], [ -94.578110856271635, 38.993095582862061 ], [ -94.577588439186016, 38.992455466327741 ], [ -94.577109675933087, 38.991794887953091 ], [ -94.576675877966494, 38.99111565889369 ], [ -94.576288233349246, 38.990419641391462 ], [ -94.575947803507631, 38.989708743664593 ], [ -94.575655520333896, 38.988984914672081 ], [ -94.575412183645142, 38.988250138766858 ], [ -94.575218459005427, 38.987506430252623 ], [ -94.57507487591694, 38.986755827859156 ], [ -94.574981826384942, 38.986000389151208 ], [ -94.574939563860241, 38.985242184886559 ] ] ] } },
{ "type": "Feature", "properties": { }, "geometry": { "type": "Polygon", "coordinates": [ [ [ -94.564490455379627, 39.057890912627158 ], [ -94.564499188501344, 39.057132028498451 ], [ -94.564558849648364, 39.056374540654822 ], [ -94.564669273665615, 39.055620525273923 ], [ -94.564830156285936, 39.054872048950038 ], [ -94.565041054981819, 39.054131163031045 ], [ -94.565301390195202, 39.053399897997586 ], [ -94.565610446942543, 39.052680257900285 ], [ -94.565967376790084, 39.051974214870121 ], [ -94.566371200193899, 39.051283703716699 ], [ -94.566820809198163, 39.050610616629619 ], [ -94.567314970484034, 39.049956797997005 ], [ -94.567852328760736, 39.049324039355703 ], [ -94.568431410489367, 39.048714074486519 ], [ -94.569050627929215, 39.048128574668389 ], [ -94.569708283495217, 39.047569144103974 ], [ -94.570402574414828, 39.04703731552928 ], [ -94.571131597671283, 39.046534546019444 ], [ -94.571893355219757, 39.046062213001882 ], [ -94.572685759462161, 39.045621610487679 ], [ -94.573506638965483, 39.045213945531678 ], [ -94.574353744408199, 39.044840334930576 ], [ -94.575224754738244, 39.044501802168291 ], [ -94.576117283526131, 39.044199274616794 ], [ -94.577028885495622, 39.043933580999891 ], [ -94.577957063214072, 39.043705449127081 ], [ -94.578899273924605, 39.043515503903492 ], [ -94.579852936501311, 39.043364265621243 ], [ -94.580815438508353, 39.043252148537057 ], [ -94.581784143344407, 39.043179459739903 ], [ -94.582756397452258, 39.043146398311514 ], [ -94.583729537574655, 39.043153054782501 ], [ -94.584700898036331, 39.043199410885151 ], [ -94.585667818032562, 39.043285339603777 ], [ -94.586627648904383, 39.043410605522276 ], [ -94.587577761380928, 39.043574865468358 ], [ -94.588515552768996, 39.043777669452176 ], [ -94.589438454070404, 39.04401846189716 ], [ -94.590343937007916, 39.044296583159564 ], [ -94.591229520940459, 39.044611271332712 ], [ -94.592092779649036, 39.044961664330906 ], [ -94.592931347974627, 39.04534680224728 ], [ -94.593742928290411, 39.045765629979613 ], [ -94.594525296790138, 39.046217000116243 ], [ -94.595276309576093, 39.046699676074986 ], [ -94.595993908529636, 39.047212335485987 ], [ -94.596676126948452, 39.04775357380958 ], [ -94.597321094935111, 39.048321908179162 ], [ -94.597927044522152, 39.048915781458795 ], [ -94.598492314519532, 39.049533566504252 ], [ -94.599015355071515, 39.050173570616153 ], [ -94.599494731910013, 39.050834040172852 ], [ -94.599929130292821, 39.051513165430656 ], [ -94.600317358616195, 39.052209085477983 ], [ -94.600658351691152, 39.052919893330376 ], [ -94.600951173675057, 39.053643641152043 ], [ -94.601195020649769, 39.054378345589903 ], [ -94.601389222839515, 39.055121993205638 ], [ -94.601533246462196, 39.055872545990553 ], [ -94.601626695208637, 39.056627946948787 ], [ -94.601669311345873, 39.057386125732755 ], [ -94.601660976441011, 39.058145004316337 ], [ -94.601601711703694, 39.05890250268952 ], [ -94.601491677945873, 39.059656544559296 ], [ -94.601331175158919, 39.060405063041124 ], [ -94.601120641708846, 39.061146006325295 ], [ -94.600860653151969, 39.061877343302626 ], [ -94.60055192067378, 39.062597069134249 ], [ -94.600195289155309, 39.063303210749908 ], [ -94.599791734871914, 39.063993832259818 ], [ -94.599342362830868, 39.064667040265341 ], [ -94.598848403754829, 39.065320989053504 ], [ -94.598311210719089, 39.065953885661493 ], [ -94.597732255452129, 39.066563994796873 ], [ -94.597113124309146, 39.067149643600096 ], [ -94.596455513929712, 39.067709226236239 ], [ -94.595761226591264, 39.068241208303107 ], [ -94.595032165271377, 39.068744131043914 ], [ -94.594270328431875, 39.069216615352396 ], [ -94.59347780453956, 39.06965736555987 ], [ -94.592656766338379, 39.070065172993381 ], [ -94.591809464888613, 39.070438919295192 ], [ -94.590938223389756, 39.07077757949461 ], [ -94.590045430804054, 39.071080224823447 ], [ -94.589133535297989, 39.071346025267509 ], [ -94.58820503752024, 39.071574251846855 ], [ -94.587262483734278, 39.07176427861878 ], [ -94.586308458824917, 39.071915584397665 ], [ -94.585345579197678, 39.072027754187253 ], [ -94.584376485591264, 39.072100480321183 ], [ -94.583403835822281, 39.072133563308618 ], [ -94.582430297482958, 39.072126912382757 ], [ -94.581458540611479, 39.072080545750545 ], [ -94.580491230355761, 39.071994590543049 ], [ -94.579531019650503, 39.071869282466572 ], [ -94.578580541928119, 39.071704965155291 ], [ -94.577642403883502, 39.071502089227593 ], [ -94.576719178312928, 39.071261211048267 ], [ -94.575813397046346, 39.070982991200374 ], [ -94.574927543993368, 39.070668192670688 ], [ -94.574064048321588, 39.070317678754058 ], [ -94.573225277786193, 39.069932410682085 ], [ -94.572413532229518, 39.069513444983066 ], [ -94.571631037268162, 39.069061930580226 ], [ -94.570879938185428, 39.068579105636367 ], [ -94.570162294045403, 39.068066294153645 ], [ -94.569480072045494, 39.067524902337865 ], [ -94.568835142122325, 39.066956414737319 ], [ -94.568229271826411, 39.066362390166788 ], [ -94.567664121478984, 39.06574445742806 ], [ -94.567141239624888, 39.065104310838663 ], [ -94.566662058793511, 39.064443705581283 ], [ -94.56622789157953, 39.063764452886375 ], [ -94.565839927053972, 39.063068415061721 ], [ -94.565499227515588, 39.062357500382177 ], [ -94.565206725590969, 39.061633657854003 ], [ -94.564963221691627, 39.060898871867835 ], [ -94.564769381834509, 39.060155156755492 ], [ -94.564625735831925, 39.059404551265153 ], [ -94.564532675855787, 39.058649112970166 ], [ -94.564490455379627, 39.057890912627158 ] ] ] } },
{ "type": "Feature", "properties": { }, "geometry": { "type": "Polygon", "coordinates": [ [ [ -94.477077568523967, 38.951306437892001 ], [ -94.477087259670313, 38.950547528898745 ], [ -94.477147801852809, 38.949790055915926 ], [ -94.477259027510684, 38.949036095077673 ], [ -94.477420630189215, 38.948287712826342 ], [ -94.477632165397125, 38.947546960249817 ], [ -94.477893051841917, 38.946815867461467 ], [ -94.478202573039397, 38.946096438038424 ], [ -94.478559879293002, 38.945390643533187 ], [ -94.478963990037187, 38.944700418073531 ], [ -94.479413796538466, 38.944027653065767 ], [ -94.479908064946159, 38.943374192015412 ], [ -94.480445439684971, 38.942741825479779 ], [ -94.481024447179422, 38.942132286165922 ], [ -94.481643499900144, 38.941547244187753 ], [ -94.482300900720716, 38.940988302494716 ], [ -94.48299484757321, 38.940456992484997 ], [ -94.48372343838939, 38.939954769814769 ], [ -94.484484676314295, 38.939483010415309 ], [ -94.485276475177628, 38.939043006728511 ], [ -94.486096665208251, 38.938635964171084 ], [ -94.486942998975891, 38.938262997837192 ], [ -94.487813157544025, 38.937925129448494 ], [ -94.488704756817171, 38.937623284559713 ], [ -94.489615354065066, 38.937358290027326 ], [ -94.490542454606185, 38.937130871748558 ], [ -94.491483518632393, 38.936941652676502 ], [ -94.492435968155945, 38.936791151116793 ], [ -94.493397194060293, 38.936679779310602 ], [ -94.494364563235237, 38.936607842307723 ], [ -94.495335425777213, 38.936575537132782 ], [ -94.496307122235137, 38.936582952246809 ], [ -94.497276990882085, 38.936630067305742 ], [ -94.498242374993083, 38.936716753216373 ], [ -94.499200630109343, 38.936842772489662 ], [ -94.500149131269097, 38.937007779890585 ], [ -94.501085280185549, 38.937211323382328 ], [ -94.502006512352139, 38.93745284536277 ], [ -94.502910304056414, 38.93773168418965 ], [ -94.503794179282764, 38.938047075990092 ], [ -94.504655716485743, 38.938398156750019 ], [ -94.505492555215341, 38.93878396467732 ], [ -94.506302402576353, 38.939203442832721 ], [ -94.507083039503897, 38.939655442020822 ], [ -94.507832326838482, 38.940138723933885 ], [ -94.508548211183637, 38.940651964539441 ], [ -94.509228730530324, 38.941193757702713 ], [ -94.509872019632624, 38.941762619033916 ], [ -94.510476315120201, 38.942356989950021 ], [ -94.511039960333235, 38.942975241939806 ], [ -94.511561409866857, 38.943615681020809 ], [ -94.512039233812317, 38.944276552375719 ], [ -94.512472121683388, 38.944956045155926 ], [ -94.512858886017113, 38.945652297438762 ], [ -94.513198465638936, 38.946363401325293 ], [ -94.513489928583141, 38.947087408164464 ], [ -94.513732474660372, 38.94782233388937 ], [ -94.513925437665307, 38.948566164451307 ], [ -94.514068287217981, 38.949316861336428 ], [ -94.514160630233832, 38.950072367150206 ], [ -94.514202212017892, 38.95083061125424 ], [ -94.514192916980434, 38.951589515440091 ], [ -94.514132768971407, 38.952346999624545 ], [ -94.514021931232932, 38.953100987550677 ], [ -94.51386070596962, 38.9538494124794 ], [ -94.513649533537659, 38.954590222855231 ], [ -94.513388991254985, 38.955321387931562 ], [ -94.513079791834997, 38.956040903339236 ], [ -94.512722781448844, 38.956746796583708 ], [ -94.51231893742046, 38.957437132455375 ], [ -94.511869365561168, 38.958110018338225 ], [ -94.511375297150835, 38.958763609402425 ], [ -94.510838085573539, 38.959396113666223 ], [ -94.510259202617149, 38.960005796913549 ], [ -94.509640234446564, 38.96059098745355 ], [ -94.508982877261829, 38.961150080709089 ], [ -94.508288932652817, 38.961681543621438 ], [ -94.507560302663165, 38.962183918859211 ], [ -94.506798984577031, 38.962655828819507 ], [ -94.506007065442972, 38.96309597941093 ], [ -94.50518671634984, 38.963503163607236 ], [ -94.504340186470657, 38.963876264762398 ], [ -94.503469796890514, 38.96421425967764 ], [ -94.502577934235973, 38.964516221412019 ], [ -94.501667044122925, 38.964781321828859 ], [ -94.500739624441593, 38.965008833870797 ], [ -94.499798218496693, 38.965198133557521 ], [ -94.498845408022106, 38.965348701700123 ], [ -94.497883806089007, 38.965460125327944 ], [ -94.496916049927478, 38.965532098823424 ], [ -94.495944793680948, 38.965564424762107 ], [ -94.494972701114065, 38.965557014455484 ], [ -94.494002438293592, 38.965509888194944 ], [ -94.493036666263123, 38.965423175196413 ], [ -94.492078033731588, 38.965297113245711 ], [ -94.491129169795798, 38.965132048045461 ], [ -94.490192676717228, 38.964928432265737 ], [ -94.489271122773104, 38.964686824300621 ], [ -94.488367035201364, 38.964407886734513 ], [ -94.487482893259227, 38.964092384522033 ], [ -94.486621121414288, 38.963741182886984 ], [ -94.48578408268736, 38.963355244945795 ], [ -94.484974072164889, 38.96293562906223 ], [ -94.484193310699339, 38.962483485940652 ], [ -94.483443938814702, 38.962000055465765 ], [ -94.482728010833767, 38.961486663297705 ], [ -94.482047489243683, 38.96094471723179 ], [ -94.481404239314941, 38.960375703333057 ], [ -94.48080002398865, 38.959781181856101 ], [ -94.480236499046384, 38.959162782961705 ], [ -94.479715208575328, 38.958522202241866 ], [ -94.479237580741469, 38.9578611960657 ], [ -94.478804923882421, 38.957181576758963 ], [ -94.478418422930119, 38.956485207630557 ], [ -94.47807913617342, 38.955773997859588 ], [ -94.4777879923694, 38.955049897257254 ], [ -94.477545788210819, 38.954314890917708 ], [ -94.47735318615689, 38.953570993772892 ], [ -94.477210712632896, 38.95282024506615 ], [ -94.477118756603574, 38.952064702759785 ], [ -94.477077568523967, 38.951306437892001 ] ] ] } }
]
}
