{
"type": "FeatureCollection",
"name": "buffer_half_mile",
"crs": { "type": "name", "properties": { "name": "urn:ogc:def:crs:OGC:1.3:CRS84" } },
"features": [
{ "type": "Feature", "properties": { }, "geometry": { "type": "Polygon", "coordinates": [ [ [ -94.51996352783965, 39.113161605132262 ], [ -94.519968123929246, 39.11278239922094 ], [ -94.519998188226126, 39.112403900368562 ], [ -94.520053637918608, 39.112027146002802 ], [ -94.520134320621779, 39.111653168753406 ], [ -94.520240014799683, 39.11128299362214 ], [ -94.520370430376786, 39.110917635173884 ], [ -94.520525209537084, 39.1105580947563 ], [ -94.520703927708823, 39.110205357756165 ], [ -94.520906094731885, 39.109860390899335 ], [ -94.521131156204532, 39.109524139602236 ], [ -94.521378495006132, 39.109197525381767 ], [ -94.521647432991188, 39.108881443330773 ], [ -94.521937232850419, 39.108576759666242 ], [ -94.522247100133498, 39.108284309356527 ], [ -94.522576185428022, 39.108004893834455 ], [ -94.522923586688634, 39.107739278802249 ], [ -94.523288351709908, 39.107488192134582 ], [ -94.52366948073643, 39.107252321885213 ], [ -94.524065929202493, 39.107032314402808 ], [ -94.524476610594348, 39.106828772561038 ], [ -94.524900399426897, 39.10664225410779 ], [ -94.525336134326693, 39.106473270138068 ], [ -94.525782621213139, 39.106322283694595 ], [ -94.526238636568564, 39.106189708500089 ], [ -94.526702930788943, 39.106075907824604 ], [ -94.527174231605684, 39.105981193491019 ], [ -94.527651247569111, 39.105905825021402 ], [ -94.528132671584459, 39.105850008926652 ], [ -94.528617184490429, 39.105813898141101 ], [ -94.529103458670647, 39.10579759160408 ], [ -94.529590161688205, 39.105801133988983 ], [ -94.530075959933328, 39.105824515581219 ], [ -94.530559522274174, 39.105867672304697 ], [ -94.531039523700983, 39.105930485897566 ], [ -94.531514648953404, 39.106012784235844 ], [ -94.531983596121293, 39.10611434180489 ], [ -94.532445080208987, 39.106234880316734 ], [ -94.532897836653589, 39.106374069472153 ], [ -94.533340624787257, 39.106531527864931 ], [ -94.533772231234593, 39.106706824026233 ], [ -94.534191473235325, 39.106899477605907 ], [ -94.534597201883457, 39.107108960687818 ], [ -94.53498830527414, 39.107334699235309 ], [ -94.535363711549508, 39.107576074663015 ], [ -94.535722391834994, 39.107832425530809 ], [ -94.536063363058659, 39.108103049355051 ], [ -94.536385690644991, 39.10838720453232 ], [ -94.536688491076632, 39.108684112370391 ], [ -94.536970934316443, 39.108992959220856 ], [ -94.537232246083462, 39.109312898707564 ], [ -94.537471709976472, 39.109643054044845 ], [ -94.537688669439419, 39.109982520439047 ], [ -94.537882529563291, 39.11033036756708 ], [ -94.538052758719161, 39.110685642124878 ], [ -94.538198890018478, 39.111047370439017 ], [ -94.538320522595981, 39.111414561134318 ], [ -94.538417322712107, 39.111786207850038 ], [ -94.538489024671549, 39.112161291997353 ], [ -94.538535431555701, 39.112538785550434 ], [ -94.538556415766578, 39.112917653863683 ], [ -94.538551919380893, 39.113296858507134 ], [ -94.538521954313424, 39.113675360112502 ], [ -94.538466602288679, 39.114052121221953 ], [ -94.538386014621466, 39.11442610913187 ], [ -94.538280411806525, 39.114796298723668 ], [ -94.538150082918392, 39.115161675274074 ], [ -94.537995384823304, 39.115521237237054 ], [ -94.537816741204836, 39.115873998989791 ], [ -94.537614641406293, 39.116218993535234 ], [ -94.537389639092879, 39.116555275153587 ], [ -94.537142350737057, 39.116881921995763 ], [ -94.536873453931648, 39.117198038611484 ], [ -94.536583685534751, 39.117502758405074 ], [ -94.536273839651983, 39.117795246012356 ], [ -94.535944765461281, 39.118074699591858 ], [ -94.535597364886385, 39.118340353024358 ], [ -94.535232590125133, 39.118591478014501 ], [ -94.534851441039706, 39.118827386088647 ], [ -94.534454962415552, 39.119047430483704 ], [ -94.534044241096851, 39.119251007921619 ], [ -94.533620403006168, 39.119437560264444 ], [ -94.533184610056594, 39.119606576045918 ], [ -94.53273805696476, 39.119757591874752 ], [ -94.532281967973688, 39.119890193706304 ], [ -94.531817593494154, 39.120004017978665 ], [ -94.531346206674144, 39.120098752610417 ], [ -94.53086909990553, 39.12017413785712 ], [ -94.530387581277992, 39.120229967024059 ], [ -94.529902970989426, 39.120266087033635 ], [ -94.529416597723127, 39.120282398845532 ], [ -94.528929795001631, 39.120278857728486 ], [ -94.528443897527097, 39.120255473383295 ], [ -94.527960237518528, 39.120212309916106 ], [ -94.527480141055747, 39.120149485662722 ], [ -94.527004924440362, 39.120067172863884 ], [ -94.526535890583489, 39.11996559719271 ], [ -94.526074325430585, 39.119845037135455 ], [ -94.525621494432713, 39.119705823227441 ], [ -94.525178639074539, 39.11954833714605 ], [ -94.52474697346797, 39.119373010663502 ], [ -94.524327681021461, 39.1191803244621 ], [ -94.523921911193696, 39.118970806815454 ], [ -94.523530776340664, 39.118745032138911 ], [ -94.523155348665, 39.118503619413644 ], [ -94.522796657275663, 39.118247230488421 ], [ -94.522455685366339, 39.117976568263877 ], [ -94.522133367519984, 39.117692374764133 ], [ -94.52183058714725, 39.117395429101293 ], [ -94.521548174065515, 39.117086545338161 ], [ -94.521286902225341, 39.116766570255329 ], [ -94.521047487590494, 39.116436381028471 ], [ -94.520830586177311, 39.116096882822525 ], [ -94.520636792258827, 39.11574900630913 ], [ -94.52046663673859, 39.115393705114286 ], [ -94.520320585698428, 39.115031953203278 ], [ -94.520199039124222, 39.114664742209797 ], [ -94.52010232981327, 39.11429307871699 ], [ -94.520030722466018, 39.113917981497515 ], [ -94.519984412964448, 39.113540478720381 ], [ -94.51996352783965, 39.113161605132262 ] ] ] } },
{ "type": "Feature", "properties": { }, "geometry": { "type": "Polygon", "coordinates": [ [ [ -94.500428491860092, 38.921609556005286 ], [ -94.500433213063161, 38.921230337005063 ], [ -94.500463333705113, 38.920851830709282 ], [ -94.500518770823717, 38.920475074565971 ], [ -94.500599372072401, 38.920101101209788 ], [ -94.500704916142226, 38.919730935632096 ], [ -94.500835113372744, 38.919365592371818 ], [ -94.500989606549965, 38.919006072735421 ], [ -94.501167971889288, 38.918653362053242 ], [ -94.501369720200756, 38.918308426979607 ], [ -94.501594298233101, 38.917972212844518 ], [ -94.501841090193281, 38.917645641063793 ], [ -94.502109419436849, 38.917329606614835 ], [ -94.502398550324884, 38.917024975585065 ], [ -94.502707690242147, 38.91673258279954 ], [ -94.503035991770972, 38.91645322953444 ], [ -94.503382555014909, 38.916187681322413 ], [ -94.503746430065846, 38.915936665856059 ], [ -94.504126619607518, 38.915700870995053 ], [ -94.504522081648815, 38.915480942882517 ], [ -94.504931732378765, 38.915277484175633 ], [ -94.505354449135908, 38.91509105239551 ], [ -94.505789073483655, 38.914922158400536 ], [ -94.506234414383229, 38.91477126498782 ], [ -94.506689251455697, 38.914638785625968 ], [ -94.507152338323948, 38.914525083323213 ], [ -94.507622406025646, 38.914430469633537 ], [ -94.508098166487827, 38.914355203803837 ], [ -94.508578316053544, 38.914299492064238 ], [ -94.509061539051046, 38.91426348706355 ], [ -94.509546511395783, 38.914247287451488 ], [ -94.510031904215296, 38.914250937608664 ], [ -94.51051638748703, 38.9142744275252 ], [ -94.510998633679563, 38.914317692828192 ], [ -94.511477321386721, 38.914380614958041 ], [ -94.511951138945207, 38.914463021493148 ], [ -94.512418788025499, 38.914564686621958 ], [ -94.512878987186426, 38.914685331761319 ], [ -94.513330475383611, 38.914824626319202 ], [ -94.51377201542239, 38.914982188599922 ], [ -94.514202397345443, 38.915157586849148 ], [ -94.514620441746345, 38.91535034043617 ], [ -94.515025002999423, 38.915559921169873 ], [ -94.515414972397764, 38.915785754744995 ], [ -94.515789281190195, 38.916027222314753 ], [ -94.516146903509195, 38.916283662185457 ], [ -94.516486859181924, 38.916554371628422 ], [ -94.516808216416152, 38.916838608804511 ], [ -94.517110094354294, 38.917135594795646 ], [ -94.517391665488219, 38.917444515738119 ], [ -94.517652157928254, 38.917764525051631 ], [ -94.517890857520229, 38.918094745758069 ], [ -94.518107109804689, 38.918434272883623 ], [ -94.518300321812958, 38.918782175937757 ], [ -94.518469963694955, 38.919137501462245 ], [ -94.518615570174461, 38.919499275643091 ], [ -94.518736741827695, 38.919866506978678 ], [ -94.518833146181663, 38.920238188996187 ], [ -94.51890451862927, 38.920613303009461 ], [ -94.518950663158634, 38.92099082091034 ], [ -94.518971452894618, 38.921369707986116 ], [ -94.518966830450822, 38.921748925755104 ], [ -94.518936808091397, 38.92212743481295 ], [ -94.51888146770176, 38.92250419768132 ], [ -94.51880096056874, 38.922878181651839 ], [ -94.518695506970047, 38.923248361616942 ], [ -94.518565395574967, 38.923613722880013 ], [ -94.518410982657073, 38.923973263937349 ], [ -94.518232691121568, 38.924325999223932 ], [ -94.518031009349869, 38.924670961815885 ], [ -94.517806489864142, 38.925007206081638 ], [ -94.517559747816051, 38.925333810275326 ], [ -94.517291459303152, 38.925649879064402 ], [ -94.517002359518131, 38.925954545985213 ], [ -94.516693240735464, 38.926246975819446 ], [ -94.516364950141238, 38.926526366885049 ], [ -94.516018387512105, 38.926791953235174 ], [ -94.51565450274947, 38.927043006759412 ], [ -94.515274293275965, 38.927278839181106 ], [ -94.51487880130108, 38.92749880394561 ], [ -94.514469110963788, 38.927702297994166 ], [ -94.514046345359446, 38.927888763418473 ], [ -94.513611663459855, 38.928057688991515 ], [ -94.513166256934312, 38.928208611570213 ], [ -94.512711346880792, 38.928341117366408 ], [ -94.512248180475979, 38.928454843082278 ], [ -94.511778027553632, 38.928549476907264 ], [ -94.511302177120427, 38.928624759373903 ], [ -94.510821933819059, 38.92868048406978 ], [ -94.510338614348228, 38.928716498204146 ], [ -94.509853543849488, 38.928732703027201 ], [ -94.509368052270702, 38.92872905410124 ], [ -94.508883470716441, 38.928705561422646 ], [ -94.508401127794926, 38.928662289394616 ], [ -94.507922345972133, 38.928599356650395 ], [ -94.507448437942486, 38.928516935727892 ], [ -94.506980703026741, 38.928415252596281 ], [ -94.506520423606517, 38.928294586035982 ], [ -94.506068861605499, 38.928155266873688 ], [ -94.50562725502698, 38.927997677074686 ], [ -94.505196814557266, 38.927822248694767 ], [ -94.504778720244303, 38.927629462694782 ], [ -94.504374118260543, 38.927419847620968 ], [ -94.503984117759188, 38.927193978154804 ], [ -94.503609787832175, 38.926952473536332 ], [ -94.503252154578576, 38.926695995865153 ], [ -94.502912198291043, 38.926425248284069 ], [ -94.502590850768541, 38.926140973050089 ], [ -94.502288992762232, 38.925843949498265 ], [ -94.50200745156188, 38.925534991903831 ], [ -94.501746998729203, 38.925214947248634 ], [ -94.501508347984426, 38.924884692898019 ], [ -94.501292153251811, 38.924545134194396 ], [ -94.501099006869524, 38.92419720197428 ], [ -94.50092943796858, 38.923841850015457 ], [ -94.500783911025621, 38.923480052421503 ], [ -94.500662824593022, 38.923112800950598 ], [ -94.500566510210078, 38.922741102296158 ], [ -94.500495231498135, 38.922365975326599 ], [ -94.500449183442086, 38.921988448292048 ], [ -94.500428491860092, 38.921609556005286 ] ] ] } },
{ "type": "Feature", "properties": { }, "geometry": { "type": "Polygon", "coordinates": [ [ [ -94.535764535772756, 39.106012846396332 ], [ -94.535769047929421, 39.105633641112703 ], [ -94.535799025763211, 39.105255139483916 ], [ -94.53585438669954, 39.104878378945386 ], [ -94.535934978596899, 39.104504392143923 ], [ -94.536040580168248, 39.104134204107638 ], [ -94.53617090159193, 39.103768829436909 ], [ -94.536325585309996, 39.103409269524008 ], [ -94.536504207012271, 39.103056509809271 ], [ -94.536706276802988, 39.102711517080969 ], [ -94.536931240546835, 39.102375236826553 ], [ -94.53717848139091, 39.10204859064239 ], [ -94.537447321458089, 39.101732473709056 ], [ -94.537737023707294, 39.101427752339241 ], [ -94.538046793955544, 39.101135261604718 ], [ -94.538375783056196, 39.100855803049178 ], [ -94.53872308922729, 39.100590142492869 ], [ -94.539087760523842, 39.100339007935283 ], [ -94.539468797447, 39.100103087561443 ], [ -94.539865155683273, 39.099883027857409 ], [ -94.540275748965925, 39.099679431839974 ], [ -94.540699452051072, 39.099492857405551 ], [ -94.54113510380003, 39.099323815802506 ], [ -94.541581510359777, 39.09917277023149 ], [ -94.542037448432566, 39.099040134577216 ], [ -94.542501668625917, 39.098926272275371 ], [ -94.542972898873842, 39.098831495317675 ], [ -94.543449847919888, 39.09875606339773 ], [ -94.543931208852456, 39.098700183200236 ], [ -94.544415662682937, 39.098664007835119 ], [ -94.544901881956662, 39.098647636418569 ], [ -94.545388534387101, 39.098651113801708 ], [ -94.545874286502922, 39.098674430447907 ], [ -94.546357807298648, 39.098717522459026 ], [ -94.546837771878302, 39.098780271750371 ], [ -94.547312865082461, 39.098862506374104 ], [ -94.547781785088773, 39.098964000990065 ], [ -94.548243246976057, 39.099084477482705 ], [ -94.548695986242265, 39.099223605722614 ], [ -94.549138762266736, 39.099381004470473 ], [ -94.549570361707325, 39.099556242420746 ], [ -94.549989601823071, 39.099748839382777 ], [ -94.550395333713325, 39.099958267595483 ], [ -94.550786445464524, 39.100183953172468 ], [ -94.551161865196036, 39.100425277673544 ], [ -94.551520563996675, 39.100681579798071 ], [ -94.551861558743937, 39.100952157195955 ], [ -94.552183914798121, 39.101236268390998 ], [ -94.552486748564135, 39.101533134811483 ], [ -94.552769229913693, 39.101841942922562 ], [ -94.553030584461666, 39.10216184645423 ], [ -94.553270095689868, 39.102491968719377 ], [ -94.553487106912826, 39.102831405015074 ], [ -94.553681023079889, 39.10317922510076 ], [ -94.553851312408867, 39.10353447574655 ], [ -94.553997507846518, 39.103896183344645 ], [ -94.554119208352049, 39.104263356576759 ], [ -94.554216079999961, 39.104634989130091 ], [ -94.554287856899123, 39.105010062454717 ], [ -94.554334341925738, 39.105387548554674 ], [ -94.554355407267835, 39.105766412804861 ], [ -94.554350994779924, 39.10614561678657 ], [ -94.554321116146951, 39.106524121133525 ], [ -94.554265852856631, 39.10690088838048 ], [ -94.554185355980664, 39.107274885807158 ], [ -94.554079845764988, 39.107645088269031 ], [ -94.55394961103039, 39.108010481007675 ], [ -94.553795008385009, 39.108370062432847 ], [ -94.553616461250769, 39.108722846868538 ], [ -94.553414458706456, 39.109067867255604 ], [ -94.553189554150606, 39.109404177803583 ], [ -94.552942363787679, 39.109730856584193 ], [ -94.552673564941685, 39.110047008059723 ], [ -94.552383894202094, 39.110351765539043 ], [ -94.552074145406621, 39.110644293554763 ], [ -94.551745167466919, 39.1109237901547 ], [ -94.551397862042649, 39.111189489101797 ], [ -94.551033181070608, 39.111440661975983 ], [ -94.550652124155647, 39.111676620172375 ], [ -94.550255735830291, 39.11189671679054 ], [ -94.549845102690952, 39.112100348409236 ], [ -94.549421350418214, 39.112286956742025 ], [ -94.548985640689622, 39.112456030169128 ], [ -94.548539167993439, 39.112607105141223 ], [ -94.548083156352078, 39.112739767451458 ], [ -94.547618855963975, 39.11285365337212 ], [ -94.547147539773775, 39.112948450652716 ], [ -94.546670499979555, 39.113023899376955 ], [ -94.54618904448715, 39.113079792676061 ], [ -94.545704493321196, 39.11311597729653 ], [ -94.545218175002759, 39.113132354020792 ], [ -94.544731422903581, 39.113128877939566 ], [ -94.544245571586941, 39.113105558575214 ], [ -94.543761953145193, 39.113062459855676 ], [ -94.543281893544147, 39.112999699939117 ], [ -94.542806708984301, 39.112917450889775 ], [ -94.542337702288904, 39.11281593820592 ], [ -94.541876159328936, 39.112695440201009 ], [ -94.541423345494692, 39.112556287240132 ], [ -94.540980502223832, 39.112398860833508 ], [ -94.540548843595218, 39.112223592589665 ], [ -94.540129552998351, 39.112030963031195 ], [ -94.539723779886913, 39.111821500276292 ], [ -94.539332636626128, 39.111595778589795 ], [ -94.538957195441824, 39.111354416807529 ], [ -94.538598485480222, 39.111098076638605 ], [ -94.538257489986151, 39.110827460849926 ], [ -94.53793514360747, 39.110543311338297 ], [ -94.537632329833258, 39.110246407095246 ], [ -94.537349878572783, 39.109937562070051 ], [ -94.537088563881497, 39.109617622937122 ], [ -94.536849101840914, 39.109287466773594 ], [ -94.536632148597576, 39.108947998653854 ], [ -94.536438298566921, 39.108600149167103 ], [ -94.536268082806544, 39.108244871865338 ], [ -94.536121967563645, 39.107883140648404 ], [ -94.536000353000375, 39.107515947093411 ], [ -94.535903572100636, 39.107144297735786 ], [ -94.535831889761312, 39.10676921130954 ], [ -94.535785502070155, 39.106391715954238 ], [ -94.535764535772756, 39.106012846396332 ] ] ] } },
{ "type": "Feature", "properties": { }, "geometry": { "type": "Polygon", "coordinates": [ [ [ -94.541674495967143, 39.106513318912121 ], [ -94.541678976379913, 39.106134114066343 ], [ -94.541708922666814, 39.105755611579134 ], [ -94.541764252339689, 39.105378848888307 ], [ -94.541844813342706, 39.105004858646616 ], [ -94.541950384473481, 39.104634665891638 ], [ -94.542080675993702, 39.104269285236754 ], [ -94.54223533042736, 39.103909718090662 ], [ -94.542413923544473, 39.103556949913589 ], [ -94.54261596552756, 39.103211947517011 ], [ -94.542840902317451, 39.10287565641493 ], [ -94.543088117135028, 39.102548998233466 ], [ -94.543356932174419, 39.1022328681861 ], [ -94.543646610463071, 39.101928132621481 ], [ -94.543956357883587, 39.1016356266503 ], [ -94.544285325351765, 39.101356151858027 ], [ -94.544632611144891, 39.101090474109427 ], [ -94.544997263373688, 39.100839321451083 ], [ -94.545378282591543, 39.10060338211764 ], [ -94.545774624533323, 39.10038330264711 ], [ -94.546185202976957, 39.100179686110472 ], [ -94.546608892719078, 39.099993090460295 ], [ -94.547044532657537, 39.099824027003109 ], [ -94.547490928971612, 39.099672958999435 ], [ -94.547946858391555, 39.099540300395418 ], [ -94.548411071548571, 39.099426414689603 ], [ -94.548882296395917, 39.099331613937835 ], [ -94.549359241691874, 39.099256157898886 ], [ -94.54984060053512, 39.099200253323502 ], [ -94.550325053942743, 39.099164053388385 ], [ -94.550811274461225, 39.099147657277015 ], [ -94.551297929800612, 39.099151109908128 ], [ -94.551783686481642, 39.099174401812952 ], [ -94.552267213486331, 39.099217469161047 ], [ -94.55274718590168, 39.099280193935286 ], [ -94.553222288546877, 39.099362404254997 ], [ -94.553691219573722, 39.099463874846563 ], [ -94.554152694030876, 39.099584327660253 ], [ -94.554605447381903, 39.099723432631542 ], [ -94.555048238967601, 39.099880808584807 ], [ -94.555479855403263, 39.100056024277002 ], [ -94.555899113901447, 39.1002485995784 ], [ -94.556304865511152, 39.100458006787328 ], [ -94.556695998264885, 39.100683672074915 ], [ -94.557071440224547, 39.100924977056543 ], [ -94.557430162418129, 39.101181260485106 ], [ -94.557771181659078, 39.101451820061733 ], [ -94.558093563240661, 39.101735914359082 ], [ -94.558396423497882, 39.102032764851764 ], [ -94.558678932229981, 39.102341558048565 ], [ -94.558940314976837, 39.102661447720429 ], [ -94.559179855143043, 39.102991557218239 ], [ -94.559396895963914, 39.103330981874088 ], [ -94.559590842307756, 39.103678791479339 ], [ -94.55976116230967, 39.104034032832921 ], [ -94.559907388832414, 39.104395732352479 ], [ -94.560029120750059, 39.104762898741939 ], [ -94.56012602405103, 39.105134525707307 ], [ -94.56019783275751, 39.105509594714043 ], [ -94.56024434965849, 39.105887077778036 ], [ -94.560265446854629, 39.106265940282555 ], [ -94.560261066113171, 39.106645143813772 ], [ -94.560231219032005, 39.107023649006649 ], [ -94.5601759870124, 39.107400418393702 ], [ -94.560095521040253, 39.107774419248827 ], [ -94.559990041276777, 39.108144626418145 ], [ -94.559859836459253, 39.108510025130386 ], [ -94.559705263113756, 39.108869613778985 ], [ -94.559526744581817, 39.109222406668138 ], [ -94.559324769863792, 39.109567436715608 ], [ -94.559099892281864, 39.109903758104466 ], [ -94.558852727966453, 39.110230448876749 ], [ -94.558583954170103, 39.110546613461899 ], [ -94.558294307413547, 39.110851385132854 ], [ -94.557984581468659, 39.111143928383356 ], [ -94.557655625184367, 39.1114234412195 ], [ -94.557308340160873, 39.111689157359692 ], [ -94.556943678278984, 39.111940348336717 ], [ -94.556562639091112, 39.112176325496108 ], [ -94.556166267081139, 39.112396441885423 ], [ -94.555755648800613, 39.112600094029226 ], [ -94.555331909889347, 39.112786723584762 ], [ -94.554896211988193, 39.112955818874077 ], [ -94.554449749552944, 39.113106916287883 ], [ -94.55399374657776, 39.113239601557787 ], [ -94.553529453237317, 39.113353510893099 ], [ -94.553058142456891, 39.113448331979107 ], [ -94.552581106419694, 39.113523804834223 ], [ -94.552099653021216, 39.11357972252349 ], [ -94.551615102280365, 39.113615931726486 ], [ -94.551128782717001, 39.113632333158222 ], [ -94.550642027706317, 39.11362888184167 ], [ -94.550156171819538, 39.113605587231199 ], [ -94.549672547161592, 39.113562513186878 ], [ -94.549192479715359, 39.113499777799213 ], [ -94.548717285702864, 39.113417553065133 ], [ -94.548248267973321, 39.113316064416232 ], [ -94.547786712428007, 39.11319559010002 ], [ -94.547333884491792, 39.113056460416658 ], [ -94.546891025641031, 39.112899056812488 ], [ -94.546459349997406, 39.112723810833529 ], [ -94.54604004099707, 39.112531202941291 ], [ -94.54563424814431, 39.1123217611946 ], [ -94.545243083858495, 39.112096059800677 ], [ -94.544867620423204, 39.111854717539707 ], [ -94.544508887045751, 39.111598396067279 ], [ -94.544167867035185, 39.111327798099069 ], [ -94.543845495106694, 39.111043665483038 ], [ -94.543542654819504, 39.110746777164415 ], [ -94.543260176155584, 39.110437947048808 ], [ -94.542998833245633, 39.110118021769814 ], [ -94.542759342248544, 39.109787878366618 ], [ -94.542542359390367, 39.109448421878653 ], [ -94.542348479167728, 39.10910058286327 ], [ -94.542178232721071, 39.108745314843823 ], [ -94.542032086381738, 39.108383591694732 ], [ -94.541910440397146, 39.108016404971046 ], [ -94.541813627837428, 39.107644761189498 ], [ -94.541741913686167, 39.107269679068892 ], [ -94.541695494118443, 39.106892186737014 ], [ -94.541674495967143, 39.106513318912121 ] ] ] } },
{ "type": "Feature", "properties": { }, "geometry": { "type": "Polygon", "coordinates": [ [ [ -94.440111402736107, 39.050565083413048 ], [ -94.440116432989143, 39.050185868676131 ], [ -94.44014690866355, 39.049807378895281 ], [ -94.44020274582148, 39.049430651472619 ], [ -94.440283791017535, 39.049056718963442 ], [ -94.440389821723812, 39.048686606246356 ], [ -94.440520546944015, 39.04832132771466 ], [ -94.440675608015169, 39.047961884496551 ], [ -94.440854579594671, 39.047609261712047 ], [ -94.441056970829521, 39.047264425773676 ], [ -94.441282226705283, 39.046928321738818 ], [ -94.44152972957022, 39.0466018707206 ], [ -94.441798800830881, 39.046285967364533 ], [ -94.442088702814388, 39.045981477397845 ], [ -94.442398640792064, 39.045689235258116 ], [ -94.442727765159219, 39.045410041807784 ], [ -94.443075173764782, 39.045144662140679 ], [ -94.443439914384484, 39.044893823486738 ], [ -94.443820987330895, 39.044658213220316 ], [ -94.444217348192964, 39.044438476978016 ], [ -94.444627910697889, 39.044235216890591 ], [ -94.445051549687051, 39.044048989934289 ], [ -94.445487104198179, 39.043880306405789 ], [ -94.445933380645315, 39.043729628525028 ], [ -94.446389156087719, 39.043597369169717 ], [ -94.446853181578831, 39.043483890744952 ], [ -94.447324185586325, 39.043389504191119 ], [ -94.447800877473583, 39.043314468132664 ], [ -94.448281951033465, 39.043258988170145 ], [ -94.448766088064403, 39.043223216317337 ], [ -94.449251961979286, 39.043207250585361 ], [ -94.449738241437174, 39.043211134714198 ], [ -94.450223593987943, 39.043234858053239 ], [ -94.450706689719979, 39.043278355590388 ], [ -94.451186204900949, 39.043341508130212 ], [ -94.451660825601678, 39.043424142620268 ], [ -94.452129251293258, 39.043526032625032 ], [ -94.452590198407648, 39.043646898945774 ], [ -94.453042403851939, 39.043786410385103 ], [ -94.453484628466811, 39.043944184653753 ], [ -94.453915660419611, 39.044119789417266 ], [ -94.454334318522939, 39.044312743479786 ], [ -94.454739455469507, 39.04452251810158 ], [ -94.455129960974617, 39.044748538446846 ], [ -94.455504764817547, 39.044990185157737 ], [ -94.455862839773502, 39.04524679605035 ], [ -94.456203204428277, 39.045517667928017 ], [ -94.456524925867711, 39.045802058507093 ], [ -94.456827122234728, 39.046099188449695 ], [ -94.457108965146887, 39.046408243498142 ], [ -94.457369681967904, 39.046728376705069 ], [ -94.457608557926619, 39.047058710753234 ], [ -94.457824938078062, 39.047398340358477 ], [ -94.458018229100759, 39.047746334749668 ], [ -94.458187900925608, 39.048101740218378 ], [ -94.458333488191741, 39.048463582731593 ], [ -94.458454591525339, 39.048830870600362 ], [ -94.458550878637965, 39.049202597196803 ], [ -94.458622085241089, 39.049577743712383 ], [ -94.458668015774649, 39.049955281949529 ], [ -94.458688543947275, 39.050334177139433 ], [ -94.458683613086819, 39.050713390777709 ], [ -94.458653236300165, 39.051091883470733 ], [ -94.458597496441755, 39.051468617784472 ], [ -94.458516545890916, 39.051842561088115 ], [ -94.458410606138628, 39.052212688384806 ], [ -94.458279967184666, 39.052577985121509 ], [ -94.458124986746824, 39.052937449970557 ], [ -94.457946089284334, 39.053290097574958 ], [ -94.457743764838099, 39.053634961250232 ], [ -94.457518567690826, 39.053971095635127 ], [ -94.457271114850812, 39.054297579283968 ], [ -94.45700208436341, 39.054613517193765 ], [ -94.456712213454807, 39.054918043258674 ], [ -94.45640229651319, 39.055210322645664 ], [ -94.45607318291276, 39.055489554084176 ], [ -94.455725774686684, 39.055754972064172 ], [ -94.455361024054994, 39.056005848935996 ], [ -94.454979930814901, 39.05624149690648 ], [ -94.45458353959971, 39.056461269926039 ], [ -94.454172937014846, 39.056664565460899 ], [ -94.453749248658028, 39.056850826146459 ], [ -94.453313636032419, 39.057019541316507 ], [ -94.452867293360654, 39.057170248404432 ], [ -94.452411444309078, 39.057302534212539 ], [ -94.451947338630703, 39.057416036045879 ], [ -94.451476248736455, 39.057510442707603 ], [ -94.450999466203896, 39.057585495352974 ], [ -94.45051829823332, 39.057640988199715 ], [ -94.450034064060645, 39.057676769092815 ], [ -94.44954809133732, 39.05769273992221 ], [ -94.449061712486852, 39.057688856892007 ], [ -94.448576261048316, 39.057665130640814 ], [ -94.44809306801676, 39.057621626212587 ], [ -94.447613458190574, 39.057558462878291 ], [ -94.447138746535856, 39.057475813808622 ], [ -94.446670234578036, 39.05737390559888 ], [ -94.446209206830318, 39.057253017647177 ], [ -94.445756927269031, 39.057113481387951 ], [ -94.445314635865529, 39.056955679382391 ], [ -94.44488354518424, 39.056780044268862 ], [ -94.444464837056017, 39.056587057575712 ], [ -94.44405965933619, 39.056377248400182 ], [ -94.443669122756177, 39.056151191956673 ], [ -94.443294297877188, 39.055909507998528 ], [ -94.442936212154478, 39.055652859117743 ], [ -94.442595847120245, 39.055381948927177 ], [ -94.442274135692799, 39.055097520130239 ], [ -94.441971959619494, 39.054800352483554 ], [ -94.441690147060413, 39.054491260657869 ], [ -94.441429470319363, 39.0541710920035 ], [ -94.441190643728319, 39.05384072422607 ], [ -94.440974321691357, 39.053501062979286 ], [ -94.440781096893289, 39.053153039380923 ], [ -94.440611498677612, 39.052797607459439 ], [ -94.440465991598728, 39.052435741537643 ], [ -94.440344974151884, 39.052068433560976 ], [ -94.440248777684559, 39.051696690377611 ], [ -94.440177665492129, 39.051321530977837 ], [ -94.440131832100292, 39.050943983700364 ], [ -94.440111402736107, 39.050565083413048 ] ] ] } },
{ "type": "Feature", "properties": { }, "geometry": { "type": "Polygon", "coordinates": [ [ [ -94.498874514466877, 39.104959902446645 ], [ -94.498879224523336, 39.104580694648732 ], [ -94.498909399767342, 39.104202198581511 ], [ -94.498964957083274, 39.103825451664768 ], [ -94.499045743791527, 39.103451486507709 ], [ -94.499151538071303, 39.103081328078801 ], [ -94.499282049572969, 39.102715990896947 ], [ -94.499436920217931, 39.102356476251401 ], [ -94.499615725184043, 39.102003769458221 ], [ -94.499817974073579, 39.101658837160322 ], [ -94.500043112260812, 39.101322624679327 ], [ -94.500290522415185, 39.100996053425668 ], [ -94.500559526196028, 39.100680018374369 ], [ -94.500849386114069, 39.100375385613589 ], [ -94.501159307554758, 39.10008298997213 ], [ -94.501488440957587, 39.099803632732964 ], [ -94.501835884145677, 39.099538079438624 ], [ -94.50220068479905, 39.099287057794598 ], [ -94.502581843064931, 39.099051255676486 ], [ -94.502978314297735, 39.098831319246315 ], [ -94.503389011921612, 39.098627851183053 ], [ -94.503812810407169, 39.098441409032574 ], [ -94.504248548354781, 39.098272503680782 ], [ -94.504695031675567, 39.098121597955142 ], [ -94.505151036861818, 39.097989105357222 ], [ -94.50561531433749, 39.097875388930902 ], [ -94.506086591879907, 39.097780760268279 ], [ -94.506563578103254, 39.09770547865682 ], [ -94.507044965994226, 39.09764975036952 ], [ -94.507529436490515, 39.097613728100249 ], [ -94.508015662091864, 39.097597510545882 ], [ -94.508502310494407, 39.097601142136121 ], [ -94.508988048237867, 39.097624612912036 ], [ -94.509471544356046, 39.097667858553315 ], [ -94.509951474020482, 39.097730760554512 ], [ -94.510426522167222, 39.09781314654952 ], [ -94.510895387097207, 39.097914790783541 ], [ -94.511356784039847, 39.098035414731257 ], [ -94.511809448670746, 39.098174687859334 ], [ -94.512252140573437, 39.098332228531554 ], [ -94.512683646635892, 39.098507605053584 ], [ -94.513102784372578, 39.09870033685516 ], [ -94.513508405162966, 39.098909895805718 ], [ -94.513899397397452, 39.099135707660714 ], [ -94.514274689522424, 39.099377153633881 ], [ -94.514633252975912, 39.099633572091697 ], [ -94.514974105005777, 39.099904260365243 ], [ -94.515296311362931, 39.100188476674404 ], [ -94.515598988861967, 39.100485442159325 ], [ -94.515881307802402, 39.100794343013526 ], [ -94.516142494243681, 39.10111433271269 ], [ -94.516381832127877, 39.101444534333439 ], [ -94.516598665244146, 39.101784042955103 ], [ -94.516792399029569, 39.102131928138718 ], [ -94.51696250220138, 39.102487236475746 ], [ -94.517108508216253, 39.102848994200016 ], [ -94.517230016552261, 39.103216209855532 ], [ -94.517326693810332, 39.103587877012991 ], [ -94.517398274631958, 39.103962977027329 ], [ -94.517444562430612, 39.104340481829048 ], [ -94.517465429934788, 39.104719356741512 ], [ -94.517460819541256, 39.105098563316481 ], [ -94.517430743477391, 39.105477062180192 ], [ -94.517375283772182, 39.10585381588217 ], [ -94.517294592035796, 39.106227791738917 ], [ -94.517188889048484, 39.106597964664701 ], [ -94.517058464159689, 39.106963319981787 ], [ -94.516903674499019, 39.107322856202238 ], [ -94.516724944001368, 39.107675587773642 ], [ -94.516522762248556, 39.108020547781585 ], [ -94.516297683130745, 39.10835679060083 ], [ -94.516050323331299, 39.10868339448858 ], [ -94.515781360639238, 39.108999464112244 ], [ -94.515491532093606, 39.109304133004919 ], [ -94.515181631965262, 39.109596565941899 ], [ -94.514852509581203, 39.109875961231587 ], [ -94.514505066997572, 39.110141552914584 ], [ -94.514140256527739, 39.110392612864814 ], [ -94.51375907813204, 39.110628452786948 ], [ -94.513362576676556, 39.11084842610483 ], [ -94.512951839068307, 39.111051929735282 ], [ -94.512527991274766, 39.111238405742789 ], [ -94.512092195235795, 39.111407342870478 ], [ -94.511645645676694, 39.111558277942756 ], [ -94.511189566830922, 39.111690797136511 ], [ -94.510725209081528, 39.111804537116505 ], [ -94.510253845530713, 39.111899186032545 ], [ -94.509776768506612, 39.111974484375281 ], [ -94.509295286017334, 39.112030225688407 ], [ -94.508810718161669, 39.112066257135339 ], [ -94.508324393506527, 39.112082479918641 ], [ -94.507837645441057, 39.112078849551331 ], [ -94.507351808517456, 39.112055375978933 ], [ -94.50686821478854, 39.112012123552411 ], [ -94.506388190152236, 39.111949210851542 ], [ -94.505913050713005, 39.111866810359665 ], [ -94.505444099170177, 39.11176514799039 ], [ -94.504982621243229, 39.111644502467762 ], [ -94.504529882143871, 39.111505204561475 ], [ -94.504087123104469, 39.111347636179218 ], [ -94.503655557972593, 39.111172229318925 ], [ -94.503236369880966, 39.110979464883265 ], [ -94.502830708001824, 39.110769871360326 ], [ -94.502439684394929, 39.11054402337345 ], [ -94.502064370957598, 39.110302540104769 ], [ -94.501705796485354, 39.110046083596416 ], [ -94.50136494385103, 39.109775356934207 ], [ -94.50104274731035, 39.109491102318856 ], [ -94.500740089941146, 39.109194099029892 ], [ -94.500457801223376, 39.108885161288001 ], [ -94.500196654766469, 39.108565136021625 ], [ -94.499957366190259, 39.108234900543877 ], [ -94.499740591165363, 39.107895360146301 ], [ -94.499546923618269, 39.107547445616063 ], [ -94.499376894105964, 39.107192110683179 ], [ -94.499230968364799, 39.106830329405263 ], [ -94.499109546037189, 39.106463093496323 ], [ -94.499012959579886, 39.106091409607579 ], [ -94.498941473356538, 39.105716296567415 ], [ -94.49889528291726, 39.105338782588049 ], [ -94.498874514466877, 39.104959902446645 ] ] ] } },
{ "type": "Feature", "properties": { }, "geometry": { "type": "Polygon", "coordinates": [ [ [ -94.26316559124669, 39.01335091068232 ], [ -94.263171570562349, 39.012971685253156 ], [ -94.263202981191441, 39.012593223653496 ], [ -94.263259736634524, 39.012216563206685 ], [ -94.26334168093058, 39.011842736282986 ], [ -94.263448589088952, 39.011472767470202 ], [ -94.26358016771016, 39.011107670765867 ], [ -94.263736055794212, 39.010748446798566 ], [ -94.263915825733932, 39.010396080086259 ], [ -94.264118984490565, 39.010051536338608 ], [ -94.264344974948528, 39.009715759811243 ], [ -94.264593177445377, 39.009389670718896 ], [ -94.264862911472818, 39.009074162714491 ], [ -94.265153437544214, 39.00877010044119 ], [ -94.265463959223226, 39.008478317164048 ], [ -94.265793625308191, 39.008199612487694 ], [ -94.266141532166046, 39.007934750166328 ], [ -94.266506726209641, 39.0076844560121 ], [ -94.266888206511425, 39.007449415907352 ], [ -94.267284927546427, 39.007230273926417 ], [ -94.267695802056991, 39.00702763057194 ], [ -94.268119704031562, 39.006842041130604 ], [ -94.268555471789085, 39.006674014152644 ], [ -94.269001911160885, 39.00652401005955 ], [ -94.269457798761209, 39.006392439883442 ], [ -94.269921885337382, 39.006279664141722 ], [ -94.270392899190611, 39.006185991850174 ], [ -94.270869549658073, 39.006111679676948 ], [ -94.271350530646529, 39.006056931239975 ], [ -94.271834524208288, 39.006021896549548 ], [ -94.272320204149281, 39.006006671597817 ], [ -94.272806239659758, 39.006011298095913 ], [ -94.273291298957446, 39.006035763359975 ], [ -94.273774052933462, 39.006080000345875 ], [ -94.274253178790858, 39.006143887832877 ], [ -94.274727363665974, 39.006227250755508 ], [ -94.275195308222607, 39.006329860682939 ], [ -94.275655730209394, 39.006451436444451 ], [ -94.276107367970525, 39.006591644899267 ], [ -94.276548983900184, 39.006750101848581 ], [ -94.27697936783153, 39.006926373087659 ], [ -94.277397340350589, 39.007119975594598 ], [ -94.277801756026406, 39.007330378852899 ], [ -94.27819150654841, 39.007557006304154 ], [ -94.27856552376231, 39.007799236926715 ], [ -94.278922782596538, 39.008056406936312 ], [ -94.279262303870937, 39.008327811603742 ], [ -94.279583156980209, 39.008612707184767 ], [ -94.279884462444642, 39.008910312956921 ], [ -94.280165394321131, 39.009219813357809 ], [ -94.280425182468036, 39.009540360218651 ], [ -94.280663114657415, 39.009871075087574 ], [ -94.280878538529095, 39.010211051635643 ], [ -94.281070863380862, 39.01055935813968 ], [ -94.281239561790287, 39.010915040034597 ], [ -94.281384171063294, 39.011277122528377 ], [ -94.281504294505666, 39.0116446132729 ], [ -94.281599602514035, 39.012016505082812 ], [ -94.281669833483122, 39.012391778695168 ], [ -94.281714794526849, 39.01276940556253 ], [ -94.281734362011392, 39.013148350671578 ], [ -94.281728481898242, 39.013527575379548 ], [ -94.281697169896901, 39.013906040260899 ], [ -94.281640511426218, 39.014282707956326 ], [ -94.28155866138475, 39.014656546016163 ], [ -94.281451843730466, 39.015026529730591 ], [ -94.281320350871312, 39.015391644938795 ], [ -94.281164542867629, 39.015750890809464 ], [ -94.280984846449215, 39.016103282584673 ], [ -94.280781753849297, 39.016447854280159 ], [ -94.280555821458634, 39.016783661334074 ], [ -94.280307668303493, 39.017109783197256 ], [ -94.280037974351572, 39.017425325857744 ], [ -94.279747478650407, 39.017729424292625 ], [ -94.279436977303604, 39.018021244840689 ], [ -94.27910732129007, 39.018299987488973 ], [ -94.278759414132523, 39.018564888067203 ], [ -94.278394209421378, 39.018815220344123 ], [ -94.278012708201075, 39.019050298019692 ], [ -94.277615956225787, 39.019269476607938 ], [ -94.277205041092117, 39.019472155205143 ], [ -94.276781089256758, 39.019657778138509 ], [ -94.27634526294699, 39.019825836490824 ], [ -94.275898756973021, 39.019975869496875 ], [ -94.275442795450317, 39.020107465807783 ], [ -94.27497862844146, 39.020220264619788 ], [ -94.27450752852647, 39.020313956664346 ], [ -94.274030787311119, 39.020388285056889 ], [ -94.273549711882836, 39.020443046001787 ], [ -94.273065621224063, 39.020478089351684 ], [ -94.272579842592663, 39.0204933190196 ], [ -94.272093707879662, 39.020488693242683 ], [ -94.271608549954223, 39.020464224696916 ], [ -94.271125699005822, 39.020419980462385 ], [ -94.270646478893823, 39.02035608183926 ], [ -94.270172203514605, 39.020272704014999 ], [ -94.269704173195919, 39.020170075583685 ], [ -94.269243671128763, 39.020048477918792 ], [ -94.26879195984634, 39.019908244401094 ], [ -94.26835027775995, 39.019749759503945 ], [ -94.267919835761305, 39.019573457738296 ], [ -94.267501813900552, 39.019379822460536 ], [ -94.267097358149215, 39.019169384546167 ], [ -94.26670757725698, 39.01894272093331 ], [ -94.266333539710871, 39.01870045303982 ], [ -94.265976270805226, 39.018443245058307 ], [ -94.265636749830534, 39.018171802133999 ], [ -94.265315907388811, 39.017886868430296 ], [ -94.265014622842884, 39.017589225087313 ], [ -94.264733721906708, 39.017279688079114 ], [ -94.264473974382895, 39.016959105975545 ], [ -94.264236092054318, 39.016628357614621 ], [ -94.264020726734884, 39.016288349692168 ], [ -94.263828468485286, 39.015940014275152 ], [ -94.263659843998227, 39.015584306245458 ], [ -94.263515315157903, 39.015222200681393 ], [ -94.263395277777278, 39.01485469018386 ], [ -94.263300060516812, 39.014482782154637 ], [ -94.263229923987552, 39.014107496034377 ], [ -94.263185060040826, 39.013729860507532 ], [ -94.26316559124669, 39.01335091068232 ] ] ] } },
{ "type": "Feature", "properties": { }, "geometry": { "type": "Polygon", "coordinates": [ [ [ -94.352820587036263, 38.90089778498227 ], [ -94.352826096072263, 38.900518556384121 ], [ -94.352856996623117, 38.900140072778704 ], [ -94.352913203589594, 38.89976337155057 ], [ -94.352994562515903, 38.899389485182681 ], [ -94.35310085001754, 38.899019438426699 ], [ -94.353231774397671, 38.898654245494811 ], [ -94.353386976450778, 38.898294907280352 ], [ -94.353566030451006, 38.897942408615414 ], [ -94.353768445322686, 38.89759771557236 ], [ -94.353993665989591, 38.897261772817039 ], [ -94.354241074899377, 38.896935501020756 ], [ -94.354509993718793, 38.896619794338143 ], [ -94.354799685195246, 38.896315517957838 ], [ -94.355109355179309, 38.896023505732572 ], [ -94.355438154802755, 38.89574455789527 ], [ -94.355785182806301, 38.895479438867355 ], [ -94.356149488010217, 38.895228875165152 ], [ -94.35653007192154, 38.894993553410394 ], [ -94.356925891470354, 38.894774118449796 ], [ -94.357335861867867, 38.894571171589405 ], [ -94.357758859578382, 38.894385268948042 ], [ -94.358193725397001, 38.894216919934507 ], [ -94.358639267624753, 38.894066585853039 ], [ -94.359094265332274, 38.893934678640093 ], [ -94.359557471703411, 38.893821559736736 ], [ -94.36002761744929, 38.893727539099025 ], [ -94.360503414283798, 38.893652874349513 ], [ -94.360983558450855, 38.893597770072063 ], [ -94.361466734293813, 38.893562377251712 ], [ -94.361951617857429, 38.893546792861542 ], [ -94.362436880512362, 38.893551059597186 ], [ -94.362921192592452, 38.893575165760055 ], [ -94.363403227034794, 38.893619045289405 ], [ -94.36388166301272, 38.893682577943387 ], [ -94.364355189551759, 38.893765589628117 ], [ -94.364822509118724, 38.893867852874514 ], [ -94.365282341174066, 38.893989087461094 ], [ -94.365733425677931, 38.89412896118116 ], [ -94.366174526540263, 38.894287090752442 ], [ -94.366604435005513, 38.894463042866498 ], [ -94.36702197296276, 38.89465633537516 ], [ -94.367425996172344, 38.89486643861067 ], [ -94.36781539739971, 38.895092776836059 ], [ -94.368189109448693, 38.89533472982162 ], [ -94.368546108085084, 38.895591634543266 ], [ -94.368885414843092, 38.895862786998244 ], [ -94.369206099706844, 38.896147444133 ], [ -94.369507283659431, 38.896444825878099 ], [ -94.36978814109267, 38.896754117284736 ], [ -94.37004790207105, 38.897074470756642 ], [ -94.370285854443324, 38.897405008371763 ], [ -94.370501345796328, 38.897744824286882 ], [ -94.370693785245422, 38.898092987219073 ], [ -94.370862645056633, 38.898448542996817 ], [ -94.371007462096117, 38.898810517174006 ], [ -94.371127839102883, 38.899177917699667 ], [ -94.371223445781183, 38.899549737636086 ], [ -94.371294019709794, 38.899924957917847 ], [ -94.37133936706519, 38.900302550144247 ], [ -94.371359363157183, 38.900681479397548 ], [ -94.371353952774868, 38.901060707079203 ], [ -94.371323150342533, 38.901439193756318 ], [ -94.371267039884401, 38.901815902010703 ], [ -94.371185774798874, 38.902189799282432 ], [ -94.371079577442316, 38.90255986070035 ], [ -94.370948738523936, 38.902925071891659 ], [ -94.370793616312895, 38.903284431762934 ], [ -94.370614635660303, 38.903636955244828 ], [ -94.370412286838203, 38.903981675993101 ], [ -94.370187124199163, 38.904317649038326 ], [ -94.36993976465979, 38.904643953377352 ], [ -94.369670886012372, 38.904959694498977 ], [ -94.369381225069404, 38.905264006837271 ], [ -94.369071575645805, 38.905556056145528 ], [ -94.368742786384487, 38.905835041784542 ], [ -94.368395758431205, 38.906100198918715 ], [ -94.36803144296519, 38.906350800614227 ], [ -94.367650838591786, 38.906586159833097 ], [ -94.367254988605126, 38.906805631318107 ], [ -94.36684497812746, 38.907008613363061 ], [ -94.366421931133658, 38.907194549463682 ], [ -94.365987007368517, 38.907362929844524 ], [ -94.365541399165934, 38.907513292857743 ], [ -94.365086328178052, 38.907645226249834 ], [ -94.364623042023965, 38.907758368292974 ], [ -94.364152810866614, 38.907852408777529 ], [ -94.363676923927912, 38.907927089863513 ], [ -94.363196685951152, 38.907982206788105 ], [ -94.362713413620781, 38.908017608427677 ], [ -94.362228431949134, 38.908033197712513 ], [ -94.361743070640486, 38.908028931893377 ], [ -94.361258660441877, 38.908004822658803 ], [ -94.360776529491204, 38.907960936103187 ], [ -94.360297999672511, 38.907897392545387 ], [ -94.359824382988378, 38.907814366198721 ], [ -94.359356977959663, 38.907712084692896 ], [ -94.358897066062241, 38.907590828449493 ], [ -94.35844590821074, 38.907450929912457 ], [ -94.358004741298828, 38.907292772635969 ], [ -94.357574774805727, 38.907116790232024 ], [ -94.357157187478066, 38.906923465180625 ], [ -94.356753124096485, 38.90671332750609 ], [ -94.35636369233562, 38.906486953322705 ], [ -94.355989959726188, 38.90624496325416 ], [ -94.355632950727696, 38.905988020730796 ], [ -94.355293643919396, 38.90571683016956 ], [ -94.354972969317771, 38.905432135041501 ], [ -94.354671805827266, 38.905134715832304 ], [ -94.354390978831873, 38.904825387901241 ], [ -94.354131257933645, 38.90450499924475 ], [ -94.353893354844672, 38.904174428170393 ], [ -94.353677921438191, 38.90383458088796 ], [ -94.353485547963928, 38.903486389024025 ], [ -94.353316761433049, 38.903130807067129 ], [ -94.35317202417653, 38.902768809750185 ], [ -94.35305173258125, 38.902401389377665 ], [ -94.352956216007115, 38.902029553104754 ], [ -94.352885735888222, 38.901654320175879 ], [ -94.352840485020238, 38.901276719130252 ], [ -94.352820587036263, 38.90089778498227 ] ] ] } },
{ "type": "Feature", "properties": { }, "geometry": { "type": "Polygon", "coordinates": [ [ [ -94.49884682660749, 38.934349463080423 ], [ -94.498851554884681, 38.933970244762527 ], [ -94.498881687145328, 38.933591739402353 ], [ -94.4989371403951, 38.933214984445314 ], [ -94.499017762242957, 38.932841012522843 ], [ -94.499123331323304, 38.932470848622266 ], [ -94.499253557906869, 38.93210550727791 ], [ -94.499408084699013, 38.931745989790947 ], [ -94.49958648782281, 38.93139328148574 ], [ -94.49978827798455, 38.931048349010055 ], [ -94.500012901818152, 38.930712137686726 ], [ -94.500259743404854, 38.930385568923782 ], [ -94.500528125964095, 38.930069537690265 ], [ -94.500817313710769, 38.929764910064733 ], [ -94.5011265138737, 38.929472520862852 ], [ -94.501454878870049, 38.929193171350903 ], [ -94.501801508629484, 38.928927627051145 ], [ -94.502165453061508, 38.928676615645401 ], [ -94.502545714659803, 38.928440824982168 ], [ -94.502941251235825, 38.928220901192958 ], [ -94.503350978774407, 38.928017446923057 ], [ -94.503773774403683, 38.927831019681364 ], [ -94.504208479471032, 38.92766213031377 ], [ -94.504653902716626, 38.927511241604641 ], [ -94.505108823535991, 38.927378767009657 ], [ -94.505571995322683, 38.927265069523934 ], [ -94.506042148881846, 38.927170460688238 ], [ -94.506517995905426, 38.927095199736144 ], [ -94.506998232499427, 38.927039492884383 ], [ -94.507481542753851, 38.927003492768343 ], [ -94.507966602345235, 38.926987298024386 ], [ -94.508452082162208, 38.926990953019768 ], [ -94.508936651944055, 38.927014447731374 ], [ -94.509418983922458, 38.927057717773152 ], [ -94.509897756456382, 38.927120644572604 ], [ -94.510371657650253, 38.927203055695308 ], [ -94.510839388945527, 38.9273047253172 ], [ -94.511299668675875, 38.927425374842855 ], [ -94.511751235576327, 38.927564673668293 ], [ -94.512192852236652, 38.927722240086176 ], [ -94.512623308489665, 38.927897642330905 ], [ -94.513041424725316, 38.928090399760876 ], [ -94.513446055121193, 38.928299984174522 ], [ -94.513836090780899, 38.928525821256542 ], [ -94.514210462771686, 38.92876729215066 ], [ -94.51456814505292, 38.92902373515409 ], [ -94.514908157287323, 38.929294447529671 ], [ -94.515229567527641, 38.929578687430293 ], [ -94.515531494770983, 38.929875675930461 ], [ -94.515813111373944, 38.930184599159688 ], [ -94.516073645322152, 38.930504610531443 ], [ -94.516312382347522, 38.930834833062036 ], [ -94.516528667887854, 38.931174361772712 ], [ -94.516721908883142, 38.931522266168649 ], [ -94.516891575403676, 38.93187759278797 ], [ -94.517037202105485, 38.932239367813743 ], [ -94.517158389509135, 38.93260659974203 ], [ -94.517254805098233, 38.932978282098425 ], [ -94.517326184234619, 38.933353396195855 ], [ -94.517372330887881, 38.933730913925949 ], [ -94.517393118176756, 38.934109800576444 ], [ -94.517388488721295, 38.934489017666841 ], [ -94.517358454804636, 38.93486752579458 ], [ -94.517303098343618, 38.935244287483904 ], [ -94.517222570668835, 38.93561827002965 ], [ -94.517117092114148, 38.935988448328075 ], [ -94.516986951416925, 38.936353807687098 ], [ -94.516832504930889, 38.936713346608208 ], [ -94.516654175653088, 38.937066079532201 ], [ -94.516452452068165, 38.937411039541544 ], [ -94.516227886812786, 38.937747281011795 ], [ -94.515981095163866, 38.938073882204577 ], [ -94.515712753354904, 38.938389947795564 ], [ -94.515423596724503, 38.938694611329758 ], [ -94.515114417702918, 38.938987037598096 ], [ -94.514786063641353, 38.939266424928171 ], [ -94.514439434490384, 38.93953200738337 ], [ -94.514075480333787, 38.939783056863838 ], [ -94.513695198784433, 38.94001888510396 ], [ -94.513299632249485, 38.940238845560472 ], [ -94.512889865072324, 38.940442335186361 ], [ -94.5124670205591, 38.940628796085399 ], [ -94.512032257898028, 38.940797717042905 ], [ -94.511586768979939, 38.940948634928411 ], [ -94.511131775128845, 38.941081135966577 ], [ -94.510668523751306, 38.941194856872556 ], [ -94.510198284914225, 38.941289485849019 ], [ -94.509722347859963, 38.941364763441705 ], [ -94.509242017468921, 38.941420483251562 ], [ -94.50875861067874, 38.941456492501239 ], [ -94.508273452870554, 38.94147269245429 ], [ -94.507787874231838, 38.941469038686407 ], [ -94.507303206106002, 38.941445541207237 ], [ -94.506820777338845, 38.941402264433144 ], [ -94.506341910631818, 38.941339327010454 ], [ -94.50586791891233, 38.941256901489886 ], [ -94.505400101730686, 38.941155213853307 ], [ -94.504939741694216, 38.941034542893497 ], [ -94.504488100947768, 38.940895219449288 ], [ -94.50404641771064, 38.940737625497739 ], [ -94.503615902879403, 38.940562193106103 ], [ -94.503197736705957, 38.940369403246287 ], [ -94.502793065559828, 38.940159784475171 ], [ -94.502402998783865, 38.939933911484474 ], [ -94.502028605651716, 38.939692403523914 ], [ -94.501670912435699, 38.939435922702359 ], [ -94.501330899592844, 38.939165172171329 ], [ -94.501009499077099, 38.938880894195982 ], [ -94.500707591784831, 38.93858386811894 ], [ -94.500426005140781, 38.938274908222404 ], [ -94.500165510831167, 38.937954861494646 ], [ -94.499926822689744, 38.937624605306716 ], [ -94.499710594743121, 38.937285045006142 ], [ -94.499517419420343, 38.936937111433821 ], [ -94.499347825931551, 38.936581758371332 ], [ -94.499202278820576, 38.936219959925296 ], [ -94.499081176694844, 38.935852707856242 ], [ -94.498984851136441, 38.935481008859256 ], [ -94.498913565797082, 38.935105881803729 ], [ -94.498867515679578, 38.934728354940013 ], [ -94.49884682660749, 38.934349463080423 ] ] ] } },
{ "type": "Feature", "properties": { }, "geometry": { "type": "Polygon", "coordinates": [ [ [ -94.378287526835877, 39.0782402249556 ], [ -94.3782928856035, 39.077861008594574 ], [ -94.378323699505998, 39.077482530511361 ], [ -94.378379883677979, 39.077105828075503 ], [ -94.378461283722586, 39.076731933773239 ], [ -94.37856767613907, 39.076361872377895 ], [ -94.3786987689396, 39.075996658141499 ], [ -94.378854202453752, 39.075637292015514 ], [ -94.379033550318113, 39.075284758908097 ], [ -94.379236320648644, 39.074940024985487 ], [ -94.379461957392166, 39.074604035024954 ], [ -94.379709841853469, 39.074277709826539 ], [ -94.379979294393763, 39.073961943690463 ], [ -94.380269576295774, 39.073657601967497 ], [ -94.380579891790262, 39.073365518688576 ], [ -94.380909390238628, 39.073086494280453 ], [ -94.38125716846541, 39.072821293373437 ], [ -94.3816222732342, 39.072570642707312 ], [ -94.382003703860477, 39.072335229141146 ], [ -94.382400414953935, 39.072115697772269 ], [ -94.382811319282879, 39.071912650169999 ], [ -94.383235290752893, 39.071726642728251 ], [ -94.383671167491585, 39.071558185142131 ], [ -94.384117755030843, 39.071407739012535 ], [ -94.384573829578386, 39.071275716582178 ], [ -94.385038141368909, 39.071162479607096 ], [ -94.385509418086343, 39.071068338366224 ], [ -94.385986368347588, 39.070993550812013 ], [ -94.386467685238216, 39.070938321864325 ], [ -94.386952049890539, 39.070902802849417 ], [ -94.3874381350943, 39.070887091085886 ], [ -94.387924608930092, 39.070891229618134 ], [ -94.388410138415537, 39.070915207098786 ], [ -94.388893393154547, 39.070958957819727 ], [ -94.389373048979266, 39.071022361892148 ], [ -94.389847791575264, 39.071105245574721 ], [ -94.390316320079634, 39.071207381749467 ], [ -94.390777350642509, 39.071328490543458 ], [ -94.391229619942166, 39.071468240095278 ], [ -94.391671888643941, 39.071626247463463 ], [ -94.392102944794061, 39.07180207967513 ], [ -94.392521607138278, 39.071995254911464 ], [ -94.392926728357125, 39.072205243826907 ], [ -94.393317198208351, 39.072431470998652 ], [ -94.393691946568197, 39.072673316502268 ], [ -94.394049946363083, 39.072930117609211 ], [ -94.394390216383897, 39.073201170601685 ], [ -94.394711823974873, 39.073485732699751 ], [ -94.395013887589968, 39.073783024095519 ], [ -94.395295579209545, 39.074092230088787 ], [ -94.395556126610856, 39.074412503318435 ], [ -94.395794815486013, 39.074742966083335 ], [ -94.396010991401695, 39.075082712746422 ], [ -94.3962040615951, 39.07543081221548 ], [ -94.396373496601313, 39.075786310493811 ], [ -94.396518831707482, 39.076148233293736 ], [ -94.396639668229938, 39.076515588705853 ], [ -94.396735674610568, 39.07688736991679 ], [ -94.396806587329394, 39.077262557967835 ], [ -94.396852211631042, 39.077640124547152 ], [ -94.396872422062771, 39.078019034807689 ], [ -94.396867162822673, 39.078398250203264 ], [ -94.396836447917167, 39.07877673133487 ], [ -94.396780361126957, 39.079153440799601 ], [ -94.39669905578198, 39.079527346034212 ], [ -94.396592754345448, 39.079897422145585 ], [ -94.396461747808402, 39.08026265472045 ], [ -94.396306394896129, 39.08062204260645 ], [ -94.396127121088966, 39.080974600657022 ], [ -94.395924417459554, 39.08131936243263 ], [ -94.395698839330279, 39.081655382850826 ], [ -94.395451004754165, 39.081981740777906 ], [ -94.395181592823434, 39.082297541555029 ], [ -94.394891341810478, 39.082601919451918 ], [ -94.394581047146076, 39.082894040041296 ], [ -94.394251559240601, 39.083173102487621 ], [ -94.393903781154023, 39.083438341743829 ], [ -94.393538666121216, 39.083689030650007 ], [ -94.393157214939137, 39.083924481928115 ], [ -94.392760473223305, 39.084144050067586 ], [ -94.392349528540947, 39.084347133096294 ], [ -94.391925507428581, 39.084533174232185 ], [ -94.391489572302518, 39.084701663410939 ], [ -94.3910429182705, 39.084852138685577 ], [ -94.3905867698534, 39.084984187494051 ], [ -94.390122377625815, 39.085097447791327 ], [ -94.389651014785102, 39.085191609042916 ], [ -94.389173973657947, 39.085266413077143 ], [ -94.388692562154318, 39.085321654793624 ], [ -94.388208100178517, 39.085357182726142 ], [ -94.387721916007081, 39.085372899458456 ], [ -94.387235342643748, 39.085368761891672 ], [ -94.386749714161326, 39.085344781362608 ], [ -94.386266362040544, 39.085301023612779 ], [ -94.385786611516181, 39.085237608608026 ], [ -94.385311777940203, 39.08515471020943 ], [ -94.384843163172349, 39.085052555696194 ], [ -94.384382052007595, 39.084931425142166 ], [ -94.383929708650754, 39.084791650647219 ], [ -94.38348737324786, 39.084633615426043 ], [ -94.383056258483506, 39.084457752756698 ], [ -94.382637546254102, 39.084264544791708 ], [ -94.382232384425677, 39.084054521235217 ], [ -94.381841883685397, 39.08382825788955 ], [ -94.381467114495493, 39.083586375075498 ], [ -94.381109104157716, 39.083329535930339 ], [ -94.380768833996697, 39.083058444588652 ], [ -94.380447236669752, 39.082773844250539 ], [ -94.38014519361046, 39.082476515142851 ], [ -94.379863532613243, 39.082167272378975 ], [ -94.379603025565345, 39.081846963722867 ], [ -94.379364386332554, 39.081516467263853 ], [ -94.379148268804258, 39.081176689008117 ], [ -94.378955265103599, 39.080828560394018 ], [ -94.378785903966943, 39.080473035737576 ], [ -94.37864064929785, 39.080111089615471 ], [ -94.378519898898659, 39.079743714192617 ], [ -94.378423983383954, 39.079371916501664 ], [ -94.378353165278099, 39.078996715681846 ], [ -94.378307638299944, 39.078619140184919 ], [ -94.378287526835877, 39.0782402249556 ] ] ] } },
{ "type": "Feature", "properties": { }, "geometry": { "type": "Polygon", "coordinates": [ [ [ -94.565337128301209, 39.010904949886502 ], [ -94.565341493176859, 39.010525740829806 ], [ -94.56537128962357, 39.010147229669535 ], [ -94.565426435565811, 39.009770453867588 ], [ -94.565506779453102, 39.009396446112966 ], [ -94.565612100679928, 39.009026231491632 ], [ -94.565742110194535, 39.008660824677285 ], [ -94.565896451295373, 39.008301227150831 ], [ -94.566074700612646, 39.00794842445621 ], [ -94.566276369272344, 39.007603383500062 ], [ -94.566500904239589, 39.007267049902602 ], [ -94.566747689837484, 39.006940345406996 ], [ -94.567016049437228, 39.00662416535426 ], [ -94.567305247315034, 39.00631937623065 ], [ -94.567614490670536, 39.006026813294248 ], [ -94.56794293180117, 39.005747278287259 ], [ -94.568289670426665, 39.00548153723998 ], [ -94.568653756157161, 39.005230318373094 ], [ -94.56903419109814, 39.004994310103207 ], [ -94.569429932585237, 39.004774159157748 ], [ -94.569839896041131, 39.004570468804062 ], [ -94.570262957947008, 39.004383797197441 ], [ -94.570697958920263, 39.004214655852948 ], [ -94.571143706890098, 39.00406350824489 ], [ -94.571598980362239, 39.003930768537892 ], [ -94.572062531764118, 39.003816800452967 ], [ -94.572533090861015, 39.003721916271886 ], [ -94.573009368234111, 39.003646375982186 ], [ -94.573490058810904, 39.003590386565556 ], [ -94.573973845438175, 39.003554101431185 ], [ -94.57445940248806, 39.00353761999601 ], [ -94.57494539948712, 39.003540987412435 ], [ -94.575430504758643, 39.003564194445055 ], [ -94.575913389068205, 39.00360717749578 ], [ -94.576392729262608, 39.003669818778242 ], [ -94.57686721189215, 39.003751946640193 ], [ -94.577335536806473, 39.003853336033643 ], [ -94.577796420714037, 39.00397370913096 ], [ -94.578248600695701, 39.004112736085617 ], [ -94.578690837662691, 39.004270035935299 ], [ -94.57912191974944, 39.004445177645032 ], [ -94.579540665632223, 39.004637681287306 ], [ -94.579945927764541, 39.004847019356269 ], [ -94.580336595520023, 39.005072618211976 ], [ -94.580711598234856, 39.005313859651366 ], [ -94.581069908140975, 39.005570082600883 ], [ -94.581410543182017, 39.005840584926872 ], [ -94.581732569704727, 39.006124625358389 ], [ -94.582035105017866, 39.006421425517182 ], [ -94.582317319812091, 39.006730172049515 ], [ -94.582578440433906, 39.007050018853775 ], [ -94.582817751007539, 39.007380089397969 ], [ -94.583034595398857, 39.007719479120588 ], [ -94.583228379015992, 39.008067257908451 ], [ -94.583398570441702, 39.008422472644668 ], [ -94.583544702892851, 39.008784149819704 ], [ -94.583666375503128, 39.009151298198553 ], [ -94.583763254425392, 39.009522911536493 ], [ -94.583835073750549, 39.009897971336351 ], [ -94.583881636240477, 39.010275449639273 ], [ -94.583902813872854, 39.010654311841684 ], [ -94.583898548196416, 39.011033519530748 ], [ -94.583868850495591, 39.011412033330238 ], [ -94.583813801764109, 39.011788815749384 ], [ -94.583733552487303, 39.012162834026647 ], [ -94.58362832223419, 39.012533062960777 ], [ -94.583498399059721, 39.012898487721287 ], [ -94.583344138719553, 39.013258106630644 ], [ -94.583165963698605, 39.01361093391062 ], [ -94.582964362056899, 39.0139560023852 ], [ -94.582739886095055, 39.014292366132707 ], [ -94.582493150843504, 39.014619103079632 ], [ -94.58222483237941, 39.014935317529407 ], [ -94.581935665975891, 39.015240142618907 ], [ -94.581626444088471, 39.015532742696003 ], [ -94.581298014184497, 39.015812315611598 ], [ -94.580951276421246, 39.016078094920019 ], [ -94.580587181179141, 39.016329351981419 ], [ -94.580206726456893, 39.016565397960704 ], [ -94.579810955135613, 39.016785585717301 ], [ -94.579400952119471, 39.016989311580573 ], [ -94.578977841360711, 39.01717601700615 ], [ -94.578542782777177, 39.017345190108436 ], [ -94.578096969070913, 39.017496367065192 ], [ -94.577641622456341, 39.01762913339028 ], [ -94.577177991307437, 39.017743125070972 ], [ -94.576707346732633, 39.017838029567059 ], [ -94.576230979087256, 39.017913586668371 ], [ -94.575750194432857, 39.017969589209066 ], [ -94.575266310953396, 39.018005883636121 ], [ -94.574780655337861, 39.018022370430835 ], [ -94.574294559139588, 39.018019004382026 ], [ -94.573809355122151, 39.017995794710188 ], [ -94.573326373601844, 39.017952805042263 ], [ -94.572846938796943, 39.017890153237175 ], [ -94.572372365193701, 39.017808011062399 ], [ -94.571903953939227, 39.017706603722793 ], [ -94.571442989271006, 39.01758620924258 ], [ -94.570990734993003, 39.017447157702577 ], [ -94.570548431008007, 39.017289830334434 ], [ -94.570117289915885, 39.017114658474668 ], [ -94.569698493686744, 39.016922122381068 ], [ -94.56929319041879, 39.016712749915079 ], [ -94.568902491189021, 39.016487115093462 ], [ -94.568527467006092, 39.016245836513384 ], [ -94.568169145873327, 39.015989575655261 ], [ -94.567828509970028, 39.015719035068123 ], [ -94.567506492958941, 39.015434956442085 ], [ -94.567203977427084, 39.015138118573908 ], [ -94.566921792467056, 39.014829335230431 ], [ -94.56666071140549, 39.014509452916585 ], [ -94.566421449684739, 39.014179348553448 ], [ -94.566204662903687, 39.013839927073029 ], [ -94.56601094502301, 39.013492118936462 ], [ -94.565840826739702, 39.01313687758217 ], [ -94.565694774035578, 39.01277517681136 ], [ -94.565573186903222, 39.012408008117532 ], [ -94.565476398253224, 39.012036377967966 ], [ -94.565404673005659, 39.011661305044058 ], [ -94.565358207367936, 39.011283817448451 ], [ -94.565337128301209, 39.010904949886502 ] ] ] } },
{ "type": "Feature", "properties": { }, "geometry": { "type": "Polygon", "coordinates": [ [ [ -94.464598803806979, 38.994756893810866 ], [ -94.464603708578025, 38.994377677073565 ], [ -94.464634038832898, 38.993999180333773 ], [ -94.464689711033401, 38.993622441012967 ], [ -94.464770572187291, 38.99324849169934 ], [ -94.464876400272061, 38.992878357317863 ], [ -94.465006904847684, 38.992513052321513 ], [ -94.46516172785671, 38.992153577911424 ], [ -94.465340444609708, 38.991800919293411 ], [ -94.465542564952756, 38.991456042978648 ], [ -94.465767534614358, 38.991119894135529 ], [ -94.466014736727615, 38.990793394000391 ], [ -94.466283493523648, 38.990477437353753 ], [ -94.466573068191551, 38.990172890069296 ], [ -94.466882666899821, 38.989880586742025 ], [ -94.467211440973529, 38.989601328402479 ], [ -94.467558489221446, 38.98933588032267 ], [ -94.467922860406631, 38.989084969920341 ], [ -94.468303555853723, 38.988849284766829 ], [ -94.468699532185781, 38.988629470704218 ], [ -94.469109704183225, 38.988426130076789 ], [ -94.469532947756946, 38.988239820081766 ], [ -94.469968103027639, 38.988071051243573 ], [ -94.470413977502616, 38.987920286016113 ], [ -94.470869349341854, 38.987787937516551 ], [ -94.471332970703969, 38.987674368394394 ], [ -94.471803571163164, 38.987579889838614 ], [ -94.472279861187758, 38.987504760725827 ], [ -94.472760535670886, 38.987449186911519 ], [ -94.473244277503625, 38.987413320666647 ], [ -94.47372976118092, 38.987397260260828 ], [ -94.47421565643026, 38.987401049693418 ], [ -94.474700631853452, 38.98742467857312 ], [ -94.475183358571542, 38.987468082146471 ], [ -94.475662513862574, 38.987531141475309 ], [ -94.476136784782881, 38.987613683762412 ], [ -94.476604871761396, 38.987715482824605 ], [ -94.477065492157678, 38.987836259712097 ], [ -94.477517383773687, 38.98797568347225 ], [ -94.477959308309664, 38.988133372055771 ], [ -94.47839005475501, 38.988308893362664 ], [ -94.478808442704548, 38.988501766425415 ], [ -94.479213325591218, 38.988711462725981 ], [ -94.479603593826596, 38.988937407642823 ], [ -94.479978177840337, 38.989178982024484 ], [ -94.480336051010312, 38.989435523884936 ], [ -94.480676232475673, 38.989706330216436 ], [ -94.480997789824769, 38.989990658914657 ], [ -94.481299841650781, 38.990287730811033 ], [ -94.481581559968092, 38.990596731806754 ], [ -94.481842172482615, 38.990916815102366 ], [ -94.482080964709937, 38.991247103517217 ], [ -94.482297281935473, 38.991586691892088 ], [ -94.482490531011194, 38.991934649568755 ], [ -94.482660181984045, 38.992290022939301 ], [ -94.482805769551405, 38.992651838058677 ], [ -94.482926894339784, 38.993019103312996 ], [ -94.483023224003091, 38.993390812136397 ], [ -94.483094494137362, 38.993765945769127 ], [ -94.483140509009587, 38.994143476049082 ], [ -94.483161142098439, 38.994522368229362 ], [ -94.483156336445361, 38.99490158381407 ], [ -94.48312610481517, 38.995280083404424 ], [ -94.483070529665525, 38.995656829547755 ], [ -94.482989762925328, 38.996030789581113 ], [ -94.482884025582678, 38.996400938462095 ], [ -94.482753607083467, 38.996766261578827 ], [ -94.482598864541984, 38.997125757531684 ], [ -94.482420221766105, 38.99747844087878 ], [ -94.482218168099209, 38.997823344838061 ], [ -94.481993257082308, 38.99815952393822 ], [ -94.481746104939745, 38.998486056611398 ], [ -94.481477388892941, 38.998802047720616 ], [ -94.481187845306295, 38.999106631014612 ], [ -94.480878267670832, 38.999398971503823 ], [ -94.480549504430556, 38.999678267750589 ], [ -94.480202456658049, 38.999943754067559 ], [ -94.479838075585008, 39.000194702618067 ], [ -94.479457359995152, 39.000430425412823 ], [ -94.479061353486102, 39.000650276197327 ], [ -94.478651141608054, 39.000853652224947 ], [ -94.478227848887045, 39.001039995910638 ], [ -94.477792635740897, 39.001208796360842 ], [ -94.477346695296347, 39.001359590775316 ], [ -94.476891250116182, 39.001491965717086 ], [ -94.476427548845379, 39.001605558246979 ], [ -94.47595686278521, 39.001700056919518 ], [ -94.475480482405189, 39.001775202637738 ], [ -94.474999713802177, 39.001830789364178 ], [ -94.474515875116253, 39.001866664686439 ], [ -94.474030292913667, 39.001882730235423 ], [ -94.473544298546358, 39.001878941955439 ], [ -94.473059224498471, 39.001855310225174 ], [ -94.472576400729537, 39.001811899829292 ], [ -94.472097151024798, 39.001748829780709 ], [ -94.471622789362357, 39.001666272994115 ], [ -94.471154616307444, 39.00156445581154 ], [ -94.470693915443604, 39.001443657381273 ], [ -94.470241949850475, 39.001304208892023 ], [ -94.469799958638333, 39.001146492663992 ], [ -94.4693691535483, 39.000970941100093 ], [ -94.468950715628068, 39.000778035499259 ], [ -94.468545791992184, 39.00056830473612 ], [ -94.468155492675535, 39.000342323809747 ], [ -94.467780887589001, 39.000100712266139 ], [ -94.46742300358558, 38.99984413249846 ], [ -94.467082821644823, 38.999573287929806 ], [ -94.466761274183582, 38.999288921083398 ], [ -94.466459242500349, 38.998991811545778 ], [ -94.46617755436003, 38.998682773828179 ], [ -94.465916981726124, 38.998362655132368 ], [ -94.465678238646092, 38.998032333026842 ], [ -94.465461979296037, 38.997692713039953 ], [ -94.465268796189875, 38.997344726176301 ], [ -94.465099218557938, 38.996989326363533 ], [ -94.464953710899266, 38.996627487836449 ], [ -94.464832671711861, 38.996260202465344 ], [ -94.464736432403981, 38.995888477036516 ], [ -94.464665256389594, 38.995513330491654 ], [ -94.464619338370525, 38.995135791134331 ], [ -94.464598803806979, 38.994756893810866 ] ] ] } },
{ "type": "Feature", "properties": { }, "geometry": { "type": "Polygon", "coordinates": [ [ [ -94.544251033538899, 39.056763393141644 ], [ -94.544255505834712, 39.056384185411225 ], [ -94.544285426108843, 39.05600567984208 ], [ -94.544340711945381, 39.055628913880497 ], [ -94.544421211409642, 39.055254920188304 ], [ -94.544526703468861, 39.054884723812648 ], [ -94.544656898602355, 39.054519339376959 ], [ -94.544811439599172, 39.054159768300494 ], [ -94.544989902541047, 39.053806996054391 ], [ -94.545191797967988, 39.053461989461525 ], [ -94.545416572223218, 39.053125694047608 ], [ -94.545663608973626, 39.052799031450817 ], [ -94.545932230901897, 39.052482896897011 ], [ -94.546221701565159, 39.052178156747445 ], [ -94.546531227415358, 39.051885646125662 ], [ -94.546859959975777, 39.051606166630165 ], [ -94.547206998167624, 39.051340484138834 ], [ -94.547571390780249, 39.051089326711605 ], [ -94.547952139078433, 39.050853382596443 ], [ -94.548348199539447, 39.050633298344714 ], [ -94.548758486712288, 39.050429677040761 ], [ -94.54918187619154, 39.05024307665051 ], [ -94.549617207697537, 39.05007400849366 ], [ -94.55006328825425, 39.049922935843824 ], [ -94.550518895456747, 39.049790272660118 ], [ -94.5509827808186, 39.049676382453775 ], [ -94.551453673190693, 39.049581577293118 ], [ -94.551930282241713, 39.049506116949097 ], [ -94.552411301991, 39.049450208184382 ], [ -94.552895414384125, 39.049414004187206 ], [ -94.55338129290125, 39.049397604152226 ], [ -94.553867606188817, 39.049401053008907 ], [ -94.554353021704102, 39.049424341298803 ], [ -94.554836209363216, 39.049467405201312 ], [ -94.555315845182321, 39.04953012670871 ], [ -94.555790614902236, 39.049612333949121 ], [ -94.556259217586387, 39.049713801657269 ], [ -94.556720369182557, 39.049834251791118 ], [ -94.557172806038409, 39.049973354293343 ], [ -94.557615288361589, 39.050130727994855 ], [ -94.558046603614358, 39.050305941658557 ], [ -94.558465569834226, 39.050498515160051 ], [ -94.55887103887089, 39.050707920802331 ], [ -94.559261899530981, 39.050933584760529 ], [ -94.559637080621883, 39.051174888653456 ], [ -94.55999555388648, 39.051431171236672 ], [ -94.560336336820441, 39.051701730213338 ], [ -94.560658495364791, 39.051985824157477 ], [ -94.560961146466013, 39.052282674544429 ], [ -94.561243460496854, 39.052591467882976 ], [ -94.561504663531238, 39.052911357943401 ], [ -94.561744039466788, 39.053241468075292 ], [ -94.561960931989489, 39.053580893608768 ], [ -94.562154746374745, 39.05392870433262 ], [ -94.56232495112009, 39.054283947042435 ], [ -94.562471079404958, 39.054645648152068 ], [ -94.562592730373524, 39.055012816360893 ], [ -94.562689570236969, 39.05538444536981 ], [ -94.562761333192313, 39.055759516638631 ], [ -94.562807822154909, 39.056137002176925 ], [ -94.562828909303022, 39.056515867361192 ], [ -94.56282453643243, 39.056895073770256 ], [ -94.562794715120461, 39.057273582031193 ], [ -94.562739526698707, 39.057650354668198 ], [ -94.562659122034631, 39.058024358946327 ], [ -94.562553721122285, 39.058394569702422 ], [ -94.562423612483755, 39.058759972155535 ], [ -94.562269152382342, 39.059119564688999 ], [ -94.562090763849994, 39.059472361596583 ], [ -94.561888935531471, 39.059817395785203 ], [ -94.561664220348291, 39.060153721426808 ], [ -94.561417233986333, 39.06048041655206 ], [ -94.561148653210878, 39.060796585578693 ], [ -94.560859214013917, 39.061101361767747 ], [ -94.560549709598732, 39.061393909600866 ], [ -94.560220988207192, 39.06167342707181 ], [ -94.559873950795762, 39.061939147886633 ], [ -94.559509548566481, 39.062190343565568 ], [ -94.559128780359984, 39.062426325441514 ], [ -94.558732689917093, 39.062646446549387 ], [ -94.558322363017311, 39.062850103401047 ], [ -94.557898924501274, 39.063036737641113 ], [ -94.557463535185974, 39.063205837579005 ], [ -94.557017388680734, 39.063356939592907 ], [ -94.556561708113094, 39.063489629402028 ], [ -94.556097742773233, 39.063603543203364 ], [ -94.555626764686565, 39.063698368670117 ], [ -94.555150065123499, 39.063773845808804 ], [ -94.554668951056357, 39.063829767672836 ], [ -94.554184741572953, 39.063865980930402 ], [ -94.553698764256822, 39.0638823862854 ], [ -94.553212351544019, 39.063878938750072 ], [ -94.552726837066601, 39.063855647768406 ], [ -94.552243551992674, 39.063812577190461 ], [ -94.551763821373399, 39.063749845097135 ], [ -94.551288960506596, 39.063667623476263 ], [ -94.550820271327481, 39.063566137750698 ], [ -94.550359038835907, 39.063445666159836 ], [ -94.549906527570514, 39.063306538996152 ], [ -94.549463978138931, 39.063149137698879 ], [ -94.549032603814126, 39.062973893807495 ], [ -94.548613587205779, 39.062781287777518 ], [ -94.548208077016312, 39.062571847662433 ], [ -94.547817184889951, 39.062346147664719 ], [ -94.54744198236402, 39.06210480656047 ], [ -94.547083497930544, 39.0618484860018 ], [ -94.54674271421618, 39.061577888701635 ], [ -94.546420565288471, 39.061293756505783 ], [ -94.546117934095577, 39.060996868358082 ], [ -94.545835650046612, 39.060688038163399 ], [ -94.545574486739184, 39.060368112555267 ], [ -94.545335159840405, 39.060037968573546 ], [ -94.545118325127035, 39.059698511259015 ], [ -94.544924576690278, 39.05935067117111 ], [ -94.54475444531009, 39.05899540183588 ], [ -94.544608397003216, 39.058633677131262 ], [ -94.544486831749225, 39.058266488616361 ], [ -94.544390082397811, 39.057894842812736 ], [ -94.544318413760337, 39.05751975844462 ], [ -94.54427202188802, 39.057142263645936 ], [ -94.544251033538899, 39.056763393141644 ] ] ] } },
{ "type": "Feature", "properties": { }, "geometry": { "type": "Polygon", "coordinates": [ [ [ -94.383867472121992, 38.9257703086516 ], [ -94.383872813821966, 38.925391083133185 ], [ -94.383903556037566, 38.925012595682929 ], [ -94.383959614102992, 38.924635883696169 ], [ -94.384040833970019, 38.924261979685568 ], [ -94.384146992634626, 38.923891908451381 ], [ -94.384277798752493, 38.92352668427305 ], [ -94.384432893441527, 38.923167308129756 ], [ -94.384611851269483, 38.922814764957657 ], [ -94.384814181423593, 38.922470020951231 ], [ -94.38503932905914, 38.922134020916062 ], [ -94.385286676823256, 38.921807685680498 ], [ -94.385555546549625, 38.921491909573085 ], [ -94.385845201119551, 38.921187557972715 ], [ -94.38615484648416, 38.920895464938262 ], [ -94.386483633842147, 38.920616430924021 ], [ -94.386830661967281, 38.92035122058752 ], [ -94.387194979679037, 38.920100560695246 ], [ -94.387575588449721, 38.919865138132373 ], [ -94.387971445140934, 38.919645598021745 ], [ -94.388381464861766, 38.919442541957395 ], [ -94.388804523941062, 38.919256526357202 ], [ -94.389239463005609, 38.919088060939366 ], [ -94.389685090155538, 38.91893760732686 ], [ -94.390140184228713, 38.918805577783523 ], [ -94.390603498144884, 38.918692334085392 ], [ -94.391073762320545, 38.918598186530296 ], [ -94.391549688145176, 38.918523393088357 ], [ -94.392029971509402, 38.918468158695845 ], [ -94.39251329637537, 38.918432634694149 ], [ -94.392998338379769, 38.918416918415637 ], [ -94.393483768459433, 38.918421052917125 ], [ -94.393968256489828, 38.918445026862223 ], [ -94.394450474926302, 38.918488774552323 ], [ -94.394929102438482, 38.918552176106694 ], [ -94.395402827527562, 38.918635057790574 ], [ -94.395870352116759, 38.918737192491065 ], [ -94.396330395105295, 38.91885830033879 ], [ -94.396781695875845, 38.918998049474347 ], [ -94.397223017746271, 38.919156056956815 ], [ -94.397653151355925, 38.91933188981232 ], [ -94.398070917977549, 38.919525066219528 ], [ -94.398475172745307, 38.919735056828934 ], [ -94.398864807790673, 38.919961286212228 ], [ -94.399238755277196, 38.920203134438111 ], [ -94.399595990325906, 38.92045993876976 ], [ -94.399935533823609, 38.920730995479637 ], [ -94.400256455105989, 38.92101556177677 ], [ -94.40055787450855, 38.92131285784091 ], [ -94.400838965778163, 38.92162206895825 ], [ -94.401098958338665, 38.921942347752854 ], [ -94.401337139404291, 38.92227281650753 ], [ -94.40155285593525, 38.922612569568138 ], [ -94.401745516429756, 38.922960675824257 ], [ -94.401914592547996, 38.923316181259992 ], [ -94.402059620563222, 38.923678111567526 ], [ -94.402180202636018, 38.924045474816459 ], [ -94.402276007908384, 38.924417264171538 ], [ -94.402346773414465, 38.924792460651432 ], [ -94.402392304805375, 38.925170035921042 ], [ -94.402412476886028, 38.925548955109356 ], [ -94.402407233962762, 38.925928179645709 ], [ -94.402376590000316, 38.926306670106115 ], [ -94.402320628588029, 38.926683389062248 ], [ -94.402239502715162, 38.927057303925075 ], [ -94.402133434355918, 38.927427389775453 ], [ -94.40200271386523, 38.927792632173805 ], [ -94.401847699187002, 38.92815202994133 ], [ -94.401668814876913, 38.928504597904933 ], [ -94.401466550942217, 38.928849369598559 ], [ -94.401241461502153, 38.929185399913244 ], [ -94.40099416327196, 38.929511767688872 ], [ -94.400725333875243, 38.929827578240406 ], [ -94.400435709988841, 38.930131965811569 ], [ -94.400126085325482, 38.930424095949398 ], [ -94.399797308459654, 38.930703167793069 ], [ -94.399450280502606, 38.930968416270602 ], [ -94.39908595263303, 38.931219114197631 ], [ -94.398705323489935, 38.931454574272259 ], [ -94.398309436434914, 38.931674150960625 ], [ -94.397899376691527, 38.931877242267987 ], [ -94.397476268369445, 38.932063291390307 ], [ -94.397041271381397, 38.932231788242134 ], [ -94.396595578261881, 38.932382270856074 ], [ -94.396140410895782, 38.932514326650548 ], [ -94.395677017166363, 38.932627593561925 ], [ -94.39520666753161, 38.932721761038039 ], [ -94.394730651538353, 38.932796570890481 ], [ -94.394250274283863, 38.932851818003222 ], [ -94.393766852834659, 38.93288735089547 ], [ -94.393281712612222, 38.932903072137492 ], [ -94.392796183755848, 38.932898938618067 ], [ -94.392311597472315, 38.93287496166284 ], [ -94.391829282382702, 38.932831207003368 ], [ -94.391350560876347, 38.932767794596778 ], [ -94.390876745481904, 38.932684898296685 ], [ -94.390409135265529, 38.932582745376187 ], [ -94.389949012266158, 38.932461615904209 ], [ -94.389497637977755, 38.932321841977142 ], [ -94.389056249887915, 38.93216380680748 ], [ -94.388626058082778, 38.931987943672475 ], [ -94.388208241927245, 38.931794734725187 ], [ -94.387803946829834, 38.931584709671668 ], [ -94.387414281100931, 38.93135844431756 ], [ -94.387040312913172, 38.9311165589883 ], [ -94.386683067372317, 38.930859716827221 ], [ -94.386343523706529, 38.930588621976312 ], [ -94.386022612581968, 38.930304017644438 ], [ -94.385721213551832, 38.930006684068559 ], [ -94.385440152646026, 38.929697436373473 ], [ -94.385180200108096, 38.929377122335858 ], [ -94.384942068285227, 38.929046620059033 ], [ -94.384726409677782, 38.928706835564462 ], [ -94.384533815152878, 38.928358700306916 ], [ -94.384364812327547, 38.928003168620016 ], [ -94.384219864125541, 38.92764121509925 ], [ -94.384099367511851, 38.927273831929313 ], [ -94.384003652408126, 38.926902026163731 ], [ -94.383932980792295, 38.926526816963595 ], [ -94.383887545984635, 38.926149232803425 ], [ -94.383867472121992, 38.9257703086516 ] ] ] } },
{ "type": "Feature", "properties": { }, "geometry": { "type": "Polygon", "coordinates": [ [ [ -94.58499964255634, 38.992336464053686 ], [ -94.585003904636181, 38.991957255297869 ], [ -94.585033591680627, 38.991578740286897 ], [ -94.585088621914295, 38.991201956493377 ], [ -94.585168844104203, 38.990827936628406 ], [ -94.58527403797865, 38.990457705811338 ], [ -94.585403914835126, 38.990092278760486 ], [ -94.585558118335911, 38.989732657012397 ], [ -94.585736225488446, 38.989379826177625 ], [ -94.585937747808458, 38.989034753240119 ], [ -94.58616213266221, 38.988698383907966 ], [ -94.58640876478421, 38.98837164002245 ], [ -94.586676967966241, 38.988055417032733 ], [ -94.586966006913116, 38.987750581542912 ], [ -94.587275089259919, 38.987457968938351 ], [ -94.58760336774516, 38.987178381097465 ], [ -94.587949942534095, 38.986912584195544 ], [ -94.588313863685627, 38.986661306606422 ], [ -94.588694133755993, 38.986425236907763 ], [ -94.589089710532321, 38.986205021995445 ], [ -94.589499509888356, 38.986001265312154 ], [ -94.589922408754632, 38.985814525195032 ], [ -94.590357248194991, 38.985645313346929 ], [ -94.590802836580863, 38.985494093435371 ], [ -94.591257952854932, 38.98536127982311 ], [ -94.591721349875016, 38.985247236433693 ], [ -94.592191757829042, 38.985152275755183 ], [ -94.592667887711983, 38.98507665798472 ], [ -94.593148434855138, 38.985020590316225 ], [ -94.59363208249799, 38.984984226373257 ], [ -94.594117505393172, 38.984967665788595 ], [ -94.594603373434538, 38.984970953931438 ], [ -94.595088355298486, 38.984994081783469 ], [ -94.595571122088501, 38.985036985963447 ], [ -94.596050350973201, 38.985099548900997 ], [ -94.596524728807708, 38.98518159915843 ], [ -94.596992955728666, 38.985282911900228 ], [ -94.597453748712979, 38.985403209508675 ], [ -94.597905845090608, 38.98554216234394 ], [ -94.598348006001842, 38.98569938964669 ], [ -94.598779019789561, 38.985874460580561 ], [ -94.599197705317295, 38.986066895411895 ], [ -94.599602915204031, 38.986276166823231 ], [ -94.599993538966743, 38.986501701357199 ], [ -94.600368506062395, 38.986742880986846 ], [ -94.600726788820722, 38.986999044807931 ], [ -94.601067405260125, 38.987269490848739 ], [ -94.601389421778578, 38.987553477992485 ], [ -94.601691955712624, 38.987850228006899 ], [ -94.6019741777571, 38.988158927675606 ], [ -94.602235314239039, 38.988478731025424 ], [ -94.602474649239639, 38.988808761643419 ], [ -94.60269152655826, 38.989148115077541 ], [ -94.602885351513294, 38.989495861314076 ], [ -94.60305559257462, 38.989851047325402 ], [ -94.603201782823575, 38.990212699680775 ], [ -94.603323521235907, 38.990579827213274 ], [ -94.603420473784595, 38.990951423735474 ], [ -94.603492374359206, 38.991326470796352 ], [ -94.603539025499387, 38.991703940472121 ], [ -94.603560298940238, 38.992082798183034 ], [ -94.603556135968333, 38.992462005528687 ], [ -94.603526547586938, 38.992840523133992 ], [ -94.603471614490502, 38.993217313497908 ], [ -94.603391486847698, 38.993591343837345 ], [ -94.6032863838944, 38.993961588918182 ], [ -94.603156593336919, 38.994327033865851 ], [ -94.603002470567517, 38.994686676947715 ], [ -94.602824437694196, 38.995039532319467 ], [ -94.60262298238743, 38.995384632728346 ], [ -94.602398656546754, 38.995721032165278 ], [ -94.602152074791093, 38.996047808459146 ], [ -94.601883912776842, 38.996364065805714 ], [ -94.601594905348122, 38.996668937224435 ], [ -94.601285844524568, 38.996961586936351 ], [ -94.600957577331826, 38.997241212656462 ], [ -94.600611003480935, 38.997507047794478 ], [ -94.600247072902704, 38.997758363557622 ], [ -94.599866783144194, 38.997994470950012 ], [ -94.599471176633969, 38.998214722662773 ], [ -94.599061337824054, 38.998418514850044 ], [ -94.598638390216166, 38.998605288785662 ], [ -94.598203493280522, 38.998774532396283 ], [ -94.597757839275587, 38.998925781666358 ], [ -94.597302649977649, 38.999058621911516 ], [ -94.596839173328931, 38.999172688916389 ], [ -94.596368680013939, 38.999267669934156 ], [ -94.595892459972916, 38.99934330454488 ], [ -94.595411818862374, 38.999399385370118 ], [ -94.594928074472378, 38.999435758642136 ], [ -94.594442553110241, 38.999452324626006 ], [ -94.593956585960925, 38.999449037893307 ], [ -94.593471505433925, 38.999425907446962 ], [ -94.592988641506679, 38.999382996696582 ], [ -94.59250931807486, 38.999320423284566 ], [ -94.592034849319205, 38.999238358763364 ], [ -94.591566536099251, 38.99913702812475 ], [ -94.591105662383569, 38.999016709182534 ], [ -94.590653491726712, 38.998877731810289 ], [ -94.590211263802217, 38.998720477036159 ], [ -94.589780191001438, 38.998545375997502 ], [ -94.589361455107365, 38.998352908757816 ], [ -94.588956204052863, 38.998143602989643 ], [ -94.588565548771982, 38.997918032526748 ], [ -94.588190560153095, 38.997676815789752 ], [ -94.587832266102268, 38.997420614089435 ], [ -94.587491648724836, 38.997150129812546 ], [ -94.587169641633068, 38.996866104494771 ], [ -94.58686712738718, 38.996569316786641 ], [ -94.586584935076615, 38.99626058031749 ], [ -94.586323838048557, 38.995940741463698 ], [ -94.586084551789568, 38.995610677027187 ], [ -94.585867731966232, 38.995271291830562 ], [ -94.585673972630261, 38.994923516235502 ], [ -94.585503804592804, 38.994568303591286 ], [ -94.585357693972483, 38.994206627620493 ], [ -94.585236040921117, 38.993839479748701 ], [ -94.585139178530497, 38.993467866386233 ], [ -94.585067371923259, 38.993092806168619 ], [ -94.585020817530236, 38.992715327163786 ], [ -94.58499964255634, 38.992336464053686 ] ] ] } },
{ "type": "Feature", "properties": { }, "geometry": { "type": "Polygon", "coordinates": [ [ [ -94.554134747834084, 39.105014308392064 ], [ -94.554139161613108, 39.104635104325411 ], [ -94.55416904076047, 39.104256599903103 ], [ -94.554224302972031, 39.103879832568367 ], [ -94.55430479637684, 39.103505834986819 ], [ -94.554410299957766, 39.103135632216244 ], [ -94.554540524161624, 39.102770238897556 ], [ -94.554695111696802, 39.102410656474305 ], [ -94.554873638516639, 39.102057870448654 ], [ -94.555075614985199, 39.1017128476811 ], [ -94.555300487222766, 39.101376533741536 ], [ -94.555547638627075, 39.101049850318795 ], [ -94.555816391565841, 39.100733692695563 ], [ -94.556106009236572, 39.100428927296143 ], [ -94.556415697687868, 39.100136389313043 ], [ -94.556744607996947, 39.099856880419509 ], [ -94.557091838597572, 39.099591166573767 ], [ -94.557456437751554, 39.09933997592136 ], [ -94.557837406157546, 39.099103996801084 ], [ -94.558233699689538, 39.09888387585999 ], [ -94.558644232257848, 39.098680216282666 ], [ -94.559067878784731, 39.098493576139653 ], [ -94.559503478286302, 39.09832446685936 ], [ -94.559949837052471, 39.098173351827853 ], [ -94.560405731916262, 39.098040645120108 ], [ -94.560869913603412, 39.097926710366465 ], [ -94.561341110153307, 39.097831859757086 ], [ -94.561818030401696, 39.097756353187329 ], [ -94.562299367515749, 39.097700397546333 ], [ -94.562783802572056, 39.09766414615067 ], [ -94.563270008167351, 39.097647698324778 ], [ -94.563756652052476, 39.09765109912901 ], [ -94.564242400779563, 39.097674339236548 ], [ -94.564725923352412, 39.097717354958796 ], [ -94.565205894870203, 39.097780028420054 ], [ -94.565681000154612, 39.097862187880175 ], [ -94.566149937350247, 39.097963608204822 ], [ -94.566611421488929, 39.098084011481973 ], [ -94.567064188007791, 39.098223067782769 ], [ -94.567506996211648, 39.098380396064911 ], [ -94.567938632670391, 39.098555565215918 ], [ -94.568357914541764, 39.098748095233603 ], [ -94.568763692810947, 39.098957458540291 ], [ -94.569154855437489, 39.099183081427427 ], [ -94.569530330401619, 39.099424345626588 ], [ -94.56988908864102, 39.099680590002372 ], [ -94.570230146870543, 39.099951112362952 ], [ -94.570552570276831, 39.100235171382998 ], [ -94.570855475080393, 39.100531988633804 ], [ -94.571138030958608, 39.100840750715292 ], [ -94.57139946332228, 39.101160611483699 ], [ -94.571639055440272, 39.101490694369204 ], [ -94.571856150405637, 39.101830094776851 ], [ -94.572050152938431, 39.102177882564554 ], [ -94.572220531019966, 39.102533104591082 ], [ -94.572366817353952, 39.102894787327173 ], [ -94.572488610650637, 39.103261939522788 ], [ -94.572585576730347, 39.103633554922972 ], [ -94.572657449443284, 39.104008615024966 ], [ -94.572704031403134, 39.104386091869138 ], [ -94.572725194532254, 39.104764950855959 ], [ -94.572720880417279, 39.105144153581335 ], [ -94.572691100473463, 39.105522660682517 ], [ -94.572635935918072, 39.105899434686954 ], [ -94.572555537552077, 39.106273442855958 ], [ -94.572450125351367, 39.10664366001572 ], [ -94.572319987867985, 39.107009071367678 ], [ -94.572165481443349, 39.107368675270735 ], [ -94.571987029235501, 39.107721485987383 ], [ -94.571785120062913, 39.108066536386573 ], [ -94.571560307067941, 39.108402880595698 ], [ -94.571313206203854, 39.108729596594316 ], [ -94.571044494549128, 39.109045788742769 ], [ -94.570754908453978, 39.109350590238535 ], [ -94.570445241523885, 39.109643165493587 ], [ -94.570116342445772, 39.109922712426361 ], [ -94.569769112662897, 39.110188464661867 ], [ -94.569404503904437, 39.1104396936339 ], [ -94.569023515576987, 39.110675710583877 ], [ -94.568627192024834, 39.110895868450271 ], [ -94.568216619666529, 39.111099563643933 ], [ -94.567792924015791, 39.111286237704071 ], [ -94.567357266594726, 39.111455378830712 ], [ -94.566910841747998, 39.111606523288856 ], [ -94.566454873366567, 39.111739256681126 ], [ -94.565990611530168, 39.111853215084814 ], [ -94.565519329077532, 39.111948086050646 ], [ -94.565042318114109, 39.112023609460252 ], [ -94.564560886466623, 39.112079578239971 ], [ -94.564076354094169, 39.112115838929277 ], [ -94.563590049466299, 39.112132292101947 ], [ -94.563103305917124, 39.112128892638978 ], [ -94.562617457986477, 39.112105649852573 ], [ -94.562133837757472, 39.112062627460617 ], [ -94.561653771200838, 39.111999943411909 ], [ -94.5611785745362, 39.111917769562602 ], [ -94.560709550620103, 39.111816331204658 ], [ -94.560247985370864, 39.111695906447707 ], [ -94.559795144240027, 39.111556825455928 ], [ -94.559352268740213, 39.111399469542143 ], [ -94.558920573038861, 39.111224270121561 ], [ -94.55850124062728, 39.111031707528014 ], [ -94.558095421074043, 39.110822309696104 ], [ -94.55770422687192, 39.11059665071263 ], [ -94.557328730386615, 39.110355349241502 ], [ -94.556969960916234, 39.110099066826479 ], [ -94.556628901868976, 39.109828506076148 ], [ -94.556306488067179, 39.109544408736461 ], [ -94.556003603185061, 39.109247553655948 ], [ -94.555721077327036, 39.108938754649166 ], [ -94.55545968475333, 39.108618858264421 ], [ -94.555220141759193, 39.108288741461784 ], [ -94.555003104713322, 39.107949309207797 ], [ -94.554809168261087, 39.107601491993456 ], [ -94.554638863697207, 39.107246243282411 ], [ -94.554492657512483, 39.106884536896288 ], [ -94.554370950118525, 39.106517364344199 ], [ -94.554274074753835, 39.106145732104167 ], [ -94.554202296574346, 39.105770658863477 ], [ -94.554155811930627, 39.105393172725641 ], [ -94.554134747834084, 39.105014308392064 ] ] ] } },
{ "type": "Feature", "properties": { }, "geometry": { "type": "Polygon", "coordinates": [ [ [ -94.483434474948936, 38.951898283286845 ], [ -94.48343928354771, 38.951519065067899 ], [ -94.483469502353017, 38.951140563040653 ], [ -94.483525048132961, 38.950763814641284 ], [ -94.483605768242612, 38.950389852483042 ], [ -94.483711441046765, 38.950019701526379 ], [ -94.483841776531648, 38.949654376269947 ], [ -94.483996417103938, 38.949294877970665 ], [ -94.484174938574725, 38.948942191900137 ], [ -94.484376851325791, 38.948597284645025 ], [ -94.484601601655001, 38.94826110145884 ], [ -94.484848573296873, 38.947934563672369 ], [ -94.485117089114411, 38.947618566169595 ], [ -94.485406412957303, 38.947313974936449 ], [ -94.485715751681525, 38.94702162468873 ], [ -94.486044257324608, 38.946742316585819 ], [ -94.486391029430862, 38.94647681603638 ], [ -94.486755117519934, 38.946225850602225 ], [ -94.487135523692018, 38.945990108005731 ], [ -94.4875312053626, 38.945770234246616 ], [ -94.487941078119164, 38.945566831833013 ], [ -94.488364018692209, 38.945380458131581 ], [ -94.488798868032177, 38.945211623841544 ], [ -94.489244434484235, 38.945060791596219 ], [ -94.489699497051774, 38.944928374696602 ], [ -94.490162808740308, 38.944814735979662 ], [ -94.490633099971902, 38.944720186825194 ], [ -94.49110908206157, 38.944644986303196 ], [ -94.491589450745593, 38.94458934046488 ], [ -94.492072889752265, 38.944553401778506 ], [ -94.492558074405679, 38.944537268712175 ], [ -94.493043675251997, 38.944540985464222 ], [ -94.493528361699163, 38.944564541842382 ], [ -94.494010805659386, 38.944607873291737 ], [ -94.494489685185016, 38.944670861071614 ], [ -94.494963688087466, 38.944753332580618 ], [ -94.495431515529646, 38.944855061829351 ], [ -94.495891885581869, 38.944975770059095 ], [ -94.496343536731743, 38.945115126505158 ], [ -94.496785231338208, 38.945272749302418 ], [ -94.49721575902052, 38.945448206530912 ], [ -94.497633939972815, 38.945641017398493 ], [ -94.498038628195275, 38.945850653557258 ], [ -94.498428714632936, 38.946076540550273 ], [ -94.498803130213759, 38.946318059384524 ], [ -94.499160848777422, 38.94657454822601 ], [ -94.499500889887031, 38.946845304211998 ], [ -94.499822321515936, 38.947129585375961 ], [ -94.500124262602313, 38.947426612679394 ], [ -94.500405885464559, 38.947735572145483 ], [ -94.500666418070765, 38.948055617088478 ], [ -94.500905146156143, 38.948385870432659 ], [ -94.501121415182638, 38.948725427114852 ], [ -94.501314632135092, 38.949073356563559 ], [ -94.50148426714928, 38.949428705248224 ], [ -94.501629854967177, 38.949790499291375 ], [ -94.501750996215463, 38.95015774713692 ], [ -94.501847358503852, 38.950529442266742 ], [ -94.501918677339859, 38.95090456595868 ], [ -94.501964756857916, 38.951282090077946 ], [ -94.501985470360381, 38.951660979894669 ], [ -94.501980760669227, 38.952040196919555 ], [ -94.501950640287077, 38.952418701750062 ], [ -94.501895191367495, 38.952795456919326 ], [ -94.501814565494186, 38.953169429739916 ], [ -94.501708983269893, 38.953539595134558 ], [ -94.501578733715945, 38.953904938446414 ], [ -94.501424173484224, 38.95426445822077 ], [ -94.501245725883408, 38.954617168950712 ], [ -94.50104387972236, 38.954962103779401 ], [ -94.500819187973661, 38.955298317151232 ], [ -94.50057226626096, 38.95562488740471 ], [ -94.500303791174218, 38.955940919300133 ], [ -94.500014498417485, 38.956245546474726 ], [ -94.499705180794237, 38.956537933818943 ], [ -94.499376686035717, 38.956817279766959 ], [ -94.499029914478371, 38.957082818495472 ], [ -94.498665816596528, 38.957333822024367 ], [ -94.498285390397314, 38.957569602213887 ], [ -94.497889678684643, 38.957789512652433 ], [ -94.497479766200186, 38.957992950430032 ], [ -94.497056776648705, 38.958179357792531 ], [ -94.496621869616376, 38.958348223671955 ], [ -94.496176237390145, 38.958499085088832 ], [ -94.495721101687209, 38.958631528422622 ], [ -94.495257710303378, 38.958745190546658 ], [ -94.494787333689743, 38.958839759824784 ], [ -94.49431126146672, 38.958914976966447 ], [ -94.493830798885611, 38.958970635738375 ], [ -94.493347263246804, 38.959006583530581 ], [ -94.492861980285014, 38.959022721775248 ], [ -94.492376280531076, 38.959019006217289 ], [ -94.491891495660752, 38.958995447035868 ], [ -94.491408954840168, 38.958952108816611 ], [ -94.490929981078196, 38.9588891103744 ], [ -94.490455887595886, 38.958806624427389 ], [ -94.489987974222771, 38.958704877123232 ], [ -94.489527523829949, 38.958584147418406 ], [ -94.48907579881012, 38.958444766312944 ], [ -94.488634037613622, 38.958287115942113 ], [ -94.488203451350813, 38.958111628527966 ], [ -94.487785220469348, 38.957918785193371 ], [ -94.487380491516092, 38.957709114641958 ], [ -94.486990373992271, 38.957483191707482 ], [ -94.486615937310489, 38.957241635776739 ], [ -94.486258207862278, 38.956985109090155 ], [ -94.48591816620376, 38.956714314925101 ], [ -94.485596744367626, 38.956429995666404 ], [ -94.485294823308379, 38.956132930769954 ], [ -94.485013230488221, 38.955823934624412 ], [ -94.484752737609924, 38.955503854317442 ], [ -94.484514058502981, 38.955173567312166 ], [ -94.484297847168833, 38.9548339790406 ], [ -94.484104695990567, 38.954486020420333 ], [ -94.483935134111775, 38.954130645301525 ], [ -94.483789625989175, 38.953768827851263 ], [ -94.48366857012293, 38.953401559882074 ], [ -94.483572297967882, 38.95302984813258 ], [ -94.483501073028961, 38.952654711507037 ], [ -94.483455090143011, 38.952277178281904 ], [ -94.483434474948936, 38.951898283286845 ] ] ] } },
{ "type": "Feature", "properties": { }, "geometry": { "type": "Polygon", "coordinates": [ [ [ -94.529754543719562, 39.105752366540635 ], [ -94.529759088128444, 39.105373160831164 ], [ -94.529789098103365, 39.10499466009292 ], [ -94.52984449098166, 39.104617901758822 ], [ -94.529925114534279, 39.104243918469585 ], [ -94.530030747387471, 39.103873735243639 ], [ -94.530161099633858, 39.103508366668123 ], [ -94.530315813631105, 39.103148814118555 ], [ -94.530494464986063, 39.102796063015084 ], [ -94.530696563721762, 39.102451080122286 ], [ -94.530921555623635, 39.102114810900659 ], [ -94.531168823761703, 39.101788176916301 ], [ -94.531437690184077, 39.101472073316302 ], [ -94.531727417777546, 39.101167366376785 ], [ -94.532037212289779, 39.100874891129969 ], [ -94.532366224507683, 39.100595449077097 ], [ -94.53271355258606, 39.100329805993148 ], [ -94.533078244519942, 39.100078689829736 ], [ -94.533459300754032, 39.099842788721503 ], [ -94.533855676922002, 39.099622749101705 ], [ -94.534266286708061, 39.099419173932091 ], [ -94.534690004823133, 39.099232621051954 ], [ -94.535125670087481, 39.099063601650599 ], [ -94.535572088611062, 39.098912578867875 ], [ -94.536028037063403, 39.098779966526074 ], [ -94.536492266023672, 39.098666127997021 ], [ -94.536963503401878, 39.0985713752073 ], [ -94.537440457922074, 39.098495967784352 ], [ -94.53792182265768, 39.098440112345756 ], [ -94.538406278609699, 39.098403961933634 ], [ -94.538892498317665, 39.098387615595847 ], [ -94.539379149493826, 39.098391118114797 ], [ -94.539864898670331, 39.098414459885042 ], [ -94.540348414849731, 39.098457576939616 ], [ -94.540828373148642, 39.098520351125245 ], [ -94.541303458424863, 39.098602610425907 ], [ -94.54177236887773, 39.098704129433834 ], [ -94.542233819612164, 39.098824629966693 ], [ -94.542686546156631, 39.098963781829205 ], [ -94.543129307925284, 39.099121203717331 ], [ -94.543560891614973, 39.099296464262167 ], [ -94.543980114527827, 39.099489083211132 ], [ -94.54438582781026, 39.099698532742913 ], [ -94.544776919599641, 39.099924238912735 ], [ -94.545152318069938, 39.100165583223934 ], [ -94.545510994368158, 39.100421904321593 ], [ -94.5458519654334, 39.100692499803607 ], [ -94.546174296690737, 39.100976628144245 ], [ -94.546477104612947, 39.101273510724766 ], [ -94.546759559142529, 39.101582333965993 ], [ -94.547020885967754, 39.101902251556453 ], [ -94.54726036864632, 39.102232386770503 ], [ -94.547477350570986, 39.10257183486965 ], [ -94.547671236771293, 39.10291966558097 ], [ -94.54784149554709, 39.103274925645444 ], [ -94.547987659928864, 39.103636641429375 ], [ -94.548109328960862, 39.104003821591981 ], [ -94.54820616880383, 39.104375459801453 ], [ -94.548277913653791, 39.10475053749235 ], [ -94.548324366474745, 39.105128026656608 ], [ -94.548345399542981, 39.105506892660728 ], [ -94.548340954801475, 39.105886097081139 ], [ -94.548311044023549, 39.106264600550283 ], [ -94.548255748785124, 39.106641365605299 ], [ -94.548175220245412, 39.107015359531843 ], [ -94.548069678737207, 39.107385557194938 ], [ -94.547939413167114, 39.107750943849268 ], [ -94.547784780227815, 39.108110517921247 ], [ -94.547606203424337, 39.108463293754916 ], [ -94.547404171916881, 39.108808304314735 ], [ -94.547179239183436, 39.109144603837116 ], [ -94.546932021505739, 39.109471270423974 ], [ -94.546663196282807, 39.10978740857098 ], [ -94.546373500176472, 39.110092151623526 ], [ -94.546063727094051, 39.110384664153742 ], [ -94.54573472601389, 39.110664144251913 ], [ -94.545387398659145, 39.110929825726188 ], [ -94.545022697026852, 39.111180980204367 ], [ -94.544641620778535, 39.111416919132019 ], [ -94.544245214499881, 39.111636995661542 ], [ -94.543834564836516, 39.111840606426782 ], [ -94.543410797514426, 39.112027193198443 ], [ -94.54297507425251, 39.112196244415927 ], [ -94.542528589576193, 39.112347296590755 ], [ -94.542072567540757, 39.112479935578662 ], [ -94.54160825837323, 39.112593797715846 ], [ -94.541136935042346, 39.11268857081707 ], [ -94.54065988976582, 39.112763995032388 ], [ -94.540178430464522, 39.112819863560212 ], [ -94.539693877173534, 39.112856023215009 ], [ -94.539207558419818, 39.112872374847676 ], [ -94.538720807576297, 39.112868873617764 ], [ -94.538234959202754, 39.112845529116633 ], [ -94.537751345383512, 39.112802405341135 ], [ -94.537271292071679, 39.112739620518191 ], [ -94.536796115450443, 39.112657346780367 ], [ -94.53632711832131, 39.112555809693625 ], [ -94.535865586528928, 39.11243528763837 ], [ -94.535412785432982, 39.112296111045652 ], [ -94.534969956436086, 39.112138661490491 ], [ -94.534538313577954, 39.111963370644908 ], [ -94.534119040204729, 39.111770719093442 ], [ -94.533713285722868, 39.111561235014648 ], [ -94.533322162446368, 39.111335492731804 ], [ -94.532946742546244, 39.111094111137199 ], [ -94.532588055110281, 39.110837751994254 ], [ -94.532247083321437, 39.110567118121892 ], [ -94.531924761762511, 39.110282951466502 ], [ -94.531621973854499, 39.109986031066548 ], [ -94.531339549435629, 39.109677170915617 ], [ -94.531078262487711, 39.109357217729531 ], [ -94.530838829016133, 39.109027048623958 ], [ -94.530621905089077, 39.108687568708682 ], [ -94.530428085041507, 39.10833970860525 ], [ -94.530257899848792, 39.107984421894685 ], [ -94.530111815674289, 39.107622682502623 ], [ -94.52999023259494, 39.107255482028499 ], [ -94.529893483508317, 39.106883827026664 ], [ -94.529821833224062, 39.106508736246553 ], [ -94.529775477742049, 39.106131237839605 ], [ -94.529754543719562, 39.105752366540635 ] ] ] } },
{ "type": "Feature", "properties": { }, "geometry": { "type": "Polygon", "coordinates": [ [ [ -94.529313572333294, 39.113132350649359 ], [ -94.529318118282418, 39.112753145364792 ], [ -94.529348132455723, 39.112374645094093 ], [ -94.529403532178875, 39.111997887268906 ], [ -94.529484165203911, 39.111623904528528 ], [ -94.529589810131, 39.111253721889874 ], [ -94.529720177019513, 39.110888353938449 ], [ -94.529874908186869, 39.110528802048044 ], [ -94.530053579192739, 39.110176051636948 ], [ -94.530255700006165, 39.109831069467859 ], [ -94.530480716352017, 39.109494800999215 ], [ -94.53072801123318, 39.109168167795012 ], [ -94.530996906624438, 39.108852065000178 ], [ -94.531286665333099, 39.108547358888586 ], [ -94.531596493021539, 39.108254884490165 ], [ -94.531925540385672, 39.107975443303751 ], [ -94.53227290548395, 39.107709801101947 ], [ -94.532637636209998, 39.107458685833869 ], [ -94.533018732902178, 39.107222785631691 ], [ -94.533415151083304, 39.107002746926121 ], [ -94.533825804322504, 39.106799172676396 ], [ -94.53424956721166, 39.106612620719233 ], [ -94.534685278448364, 39.106443602241384 ], [ -94.535131744016709, 39.106292580380128 ], [ -94.535587740457373, 39.106159968955204 ], [ -94.536052018218072, 39.106046131335901 ], [ -94.536523305075221, 39.105951379446289 ], [ -94.537000309617355, 39.105875972911313 ], [ -94.537481724780974, 39.105820118346124 ], [ -94.537966231428953, 39.10578396879044 ], [ -94.538452501962055, 39.105767623289751 ], [ -94.538939203953362, 39.105771126624191 ], [ -94.539425003795884, 39.10579446918608 ], [ -94.539908570353461, 39.105837587006263 ], [ -94.540388578604762, 39.105900361929436 ], [ -94.540863713270809, 39.105982621937521 ], [ -94.541332672415692, 39.106084141620855 ], [ -94.54179417101102, 39.106204642795269 ], [ -94.542246944454178, 39.106343795263776 ], [ -94.542689752030896, 39.106501217720684 ], [ -94.543121380312527, 39.106676478795563 ], [ -94.543540646479101, 39.106869098234448 ], [ -94.543946401558514, 39.107078548214687 ], [ -94.544337533573625, 39.107304254790307 ], [ -94.544712970588208, 39.107545599463606 ], [ -94.545071683643641, 39.1078019208787 ], [ -94.545412689578242, 39.108072516632674 ], [ -94.545735053721572, 39.108356645199059 ], [ -94.546037892456198, 39.108653527958552 ], [ -94.546320375640136, 39.108962351331527 ], [ -94.546581728883055, 39.109282269006201 ], [ -94.546821235670237, 39.109612404256708 ], [ -94.547038239328174, 39.109951852344516 ], [ -94.547232144826836, 39.110299682996732 ], [ -94.547402420413022, 39.110654942954561 ], [ -94.547548599071035, 39.111016658584603 ], [ -94.547670279805885, 39.111383838546523 ], [ -94.547767128746059, 39.111755476509082 ], [ -94.547838880062571, 39.112130553907519 ], [ -94.547885336701512, 39.112508042734589 ], [ -94.547906370928544, 39.112886908357709 ], [ -94.547901924683359, 39.113266112354374 ], [ -94.547872009743244, 39.113644615358155 ], [ -94.547816707695318, 39.114021379907477 ], [ -94.547736169717382, 39.114395373289369 ], [ -94.54763061616795, 39.114765570370331 ], [ -94.547500335986456, 39.115130956406595 ], [ -94.54734568590554, 39.115490529826275 ], [ -94.547167089477099, 39.115843304975165 ], [ -94.546965035914994, 39.116188314819574 ], [ -94.54674007875758, 39.116524613597804 ], [ -94.546492834353458, 39.116851279413822 ], [ -94.54622398017483, 39.117167416765355 ], [ -94.545934252962823, 39.117472158999938 ], [ -94.545624446710036, 39.117764670691891 ], [ -94.545295410485622, 39.118044149933766 ], [ -94.544948046109113, 39.118309830536006 ], [ -94.544583305678998, 39.118560984128777 ], [ -94.544202188963212, 39.118796922160044 ], [ -94.543805740658343, 39.119016997784577 ], [ -94.54339504752528, 39.119220607638695 ], [ -94.542971235409254, 39.119407193495569 ], [ -94.542535466151975, 39.119576243797049 ], [ -94.542088934405072, 39.11972729505716 ], [ -94.54163286435292, 39.119859933134109 ], [ -94.541168506354296, 39.11997379436658 ], [ -94.540697133511898, 39.12006856657176 ], [ -94.540220038179257, 39.120143989902168 ], [ -94.539738528414617, 39.120199857558632 ], [ -94.539253924391545, 39.120236016357964 ], [ -94.538767554776143, 39.120252367153455 ], [ -94.538280753080898, 39.12024886510693 ], [ -94.537794854005199, 39.120225519811967 ], [ -94.537311189772382, 39.120182395267619 ], [ -94.536831086473967, 39.120119609702947 ], [ -94.536355860430263, 39.120037335252562 ], [ -94.535886814578348, 39.119935797484359 ], [ -94.535425234896593, 39.119815274780677 ], [ -94.534972386876007, 39.119676097574377 ], [ -94.534529512047968, 39.119518647442163 ], [ -94.534097824577884, 39.119343356057662 ], [ -94.533678507934269, 39.119150704006998 ], [ -94.53327271164224, 39.118941219470052 ], [ -94.532881548130462, 39.11871547677142 ], [ -94.532506089680268, 39.118474094804604 ], [ -94.532147365485116, 39.118217735334056 ], [ -94.531806358828732, 39.117947101179638 ], [ -94.531484004389469, 39.11766293428856 ], [ -94.531181185678449, 39.117366013699986 ], [ -94.530898732618269, 39.117057153408041 ], [ -94.530637419269198, 39.116737200128981 ], [ -94.530397961708914, 39.116407030978777 ], [ -94.530181016071538, 39.116067551067331 ], [ -94.529987176751462, 39.115719691016238 ], [ -94.52981697477675, 39.115364404406407 ], [ -94.529670876356676, 39.115002665163217 ], [ -94.529549281607061, 39.114635464885701 ], [ -94.529452523457365, 39.11426381012771 ], [ -94.529380866741889, 39.11388871963802 ], [ -94.52933450747804, 39.113511221567286 ], [ -94.529313572333294, 39.113132350649359 ] ] ] } },
{ "type": "Feature", "properties": { }, "geometry": { "type": "Polygon", "coordinates": [ [ [ -94.553314549828471, 39.106494246924143 ], [ -94.553318967832908, 39.106115042890686 ], [ -94.553348851736658, 39.105736538670016 ], [ -94.553404119222563, 39.105359771704798 ], [ -94.55348461840515, 39.104985774659596 ], [ -94.553590128251471, 39.104615572590781 ], [ -94.553720359191075, 39.104250180137271 ], [ -94.553874953913947, 39.10389059874025 ], [ -94.554053488353645, 39.103537813899081 ], [ -94.55425547285337, 39.103192792470963 ], [ -94.554480353511394, 39.102856480022162 ], [ -94.554727513702304, 39.102529798237356 ], [ -94.554996275769795, 39.102213642394773 ], [ -94.555285902886325, 39.10190887891379 ], [ -94.5555956010746, 39.101616342981679 ], [ -94.55592452138518, 39.101336836266036 ], [ -94.556271762224398, 39.101071124719113 ], [ -94.556636371826045, 39.10081993648015 ], [ -94.557017350860107, 39.100583959881327 ], [ -94.557413655171487, 39.100363841562746 ], [ -94.557824198641015, 39.100160184701828 ], [ -94.558247856161046, 39.099973547361657 ], [ -94.558683466717582, 39.099804440962949 ], [ -94.559129836570307, 39.099653328883875 ], [ -94.559585742521833, 39.099520625191325 ], [ -94.5600499352676, 39.099406693507369 ], [ -94.560521142816668, 39.099311846013748 ], [ -94.560998073974659, 39.099236342597287 ], [ -94.561479421878929, 39.099180390138493 ], [ -94.56196386757648, 39.099144141945224 ], [ -94.562450083634928, 39.099127697333117 ], [ -94.562936737776454, 39.099131101353763 ], [ -94.563422496525135, 39.09915434467149 ], [ -94.563906028857303, 39.099197363588949 ], [ -94.56438600984545, 39.099260040221694 ], [ -94.564861124285258, 39.09934220282085 ], [ -94.565330070296312, 39.099443626243534 ], [ -94.565791562886304, 39.099564032569234 ], [ -94.566244337469172, 39.099703091860718 ], [ -94.566687153327678, 39.099860423067518 ], [ -94.567118797010693, 39.100035595069166 ], [ -94.567538085656238, 39.100228127855651 ], [ -94.567943870230877, 39.100437493841703 ], [ -94.568335038676892, 39.100663119311477 ], [ -94.568710518958554, 39.100904385989445 ], [ -94.569069281998978, 39.101160632733453 ], [ -94.569410344499843, 39.101431157345161 ], [ -94.569732771636055, 39.101715218493091 ], [ -94.570035679617902, 39.102012037742703 ], [ -94.570318238113998, 39.102320801688471 ], [ -94.570579672528012, 39.1026406641815 ], [ -94.57081926612311, 39.102970748647252 ], [ -94.571036361988291, 39.103310150486472 ], [ -94.571230364841114, 39.103657939553102 ], [ -94.571400742661965, 39.104013162702444 ], [ -94.571547028155265, 39.104374846402145 ], [ -94.571668820033523, 39.104741999399536 ], [ -94.571765784120927, 39.105113615437453 ], [ -94.571837654273111, 39.105488676011376 ], [ -94.571884233110708, 39.105866153160392 ], [ -94.571905392564659, 39.106245012284134 ], [ -94.57190107423159, 39.10662421497809 ], [ -94.571871289538322, 39.107002721879645 ], [ -94.571816119715081, 39.107379495516746 ], [ -94.57173571557729, 39.107753503151699 ], [ -94.571630297116613, 39.108123719612195 ], [ -94.571500152902203, 39.108489130101546 ], [ -94.571345639293924, 39.108848732981002 ], [ -94.571167179469526, 39.109201542515841 ], [ -94.570965262268288, 39.109546591578287 ], [ -94.570740440854607, 39.10988293429935 ], [ -94.570493331204801, 39.110209648662646 ], [ -94.57022461042142, 39.110525839033031 ], [ -94.569935014879704, 39.110830638612818 ], [ -94.569625338211026, 39.111123211819248 ], [ -94.569296429129025, 39.111402756576311 ], [ -94.568949189104359, 39.111668506514995 ], [ -94.568584569894298, 39.111919733075425 ], [ -94.568203570934131, 39.112155747505554 ], [ -94.567807236597289, 39.112375902750784 ], [ -94.567396653331897, 39.112579595229136 ], [ -94.566972946681602, 39.112766266487306 ], [ -94.566537278198666, 39.11293540473293 ], [ -94.56609084225812, 39.113086546238939 ], [ -94.565634862781366, 39.113219276616007 ], [ -94.565170589878548, 39.113333231949753 ], [ -94.564699296418823, 39.113428099799286 ], [ -94.564222274537812, 39.113503620054779 ], [ -94.563740832092151, 39.113559585651203 ], [ -94.563256289070637, 39.113595843136792 ], [ -94.562769973971996, 39.113612293094072 ], [ -94.562283220159088, 39.11360889041292 ], [ -94.561797362199911, 39.113585644414314 ], [ -94.561313732205079, 39.113542618824965 ], [ -94.560833656172122, 39.113479931602463 ], [ -94.560358450346698, 39.11339775461164 ], [ -94.559889417610421, 39.1132963131531 ], [ -94.559427843905837, 39.113175885344972 ], [ -94.558974994707668, 39.113036801359819 ], [ -94.55853211155069, 39.112879442518668 ], [ -94.558100408623332, 39.112704240244774 ], [ -94.557681069436697, 39.112511674879798 ], [ -94.557275243577948, 39.112302274365945 ], [ -94.556884043557105, 39.112076612797367 ], [ -94.556508541755861, 39.111835308845087 ], [ -94.556149767486858, 39.111579024059658 ], [ -94.55580870417144, 39.111308461056176 ], [ -94.555486286643657, 39.111024361586807 ], [ -94.555183398587914, 39.110727504505867 ], [ -94.55490087011728, 39.110418703633457 ], [ -94.554639475499144, 39.110098805522981 ], [ -94.554399931034311, 39.109768687139244 ], [ -94.554182893095529, 39.109429253453115 ], [ -94.553988956330528, 39.109081434959556 ], [ -94.553818652034892, 39.108726185125668 ], [ -94.553672446698656, 39.108364477776199 ], [ -94.55355074073104, 39.107997304422874 ], [ -94.553453867366656, 39.107625671545961 ], [ -94.553382091755864, 39.107250597834408 ], [ -94.553335610242215, 39.106873111393064 ], [ -94.553314549828471, 39.106494246924143 ] ] ] } },
{ "type": "Feature", "properties": { }, "geometry": { "type": "Polygon", "coordinates": [ [ [ -94.1886588902358, 39.13869523609322 ], [ -94.188665261811977, 39.138316016038672 ], [ -94.188697109389878, 39.137937575356524 ], [ -94.188754345270013, 39.137560951312082 ], [ -94.188836812172354, 39.137187176175047 ], [ -94.188944283671731, 39.136817274390367 ], [ -94.189076464822776, 39.136452259771005 ], [ -94.189232992972435, 39.136093132719644 ], [ -94.189413438757825, 39.135740877487571 ], [ -94.189617307286667, 39.135396459478002 ], [ -94.189844039497174, 39.135060822600927 ], [ -94.190093013693271, 39.134734886687347 ], [ -94.190363547251309, 39.134419544969411 ], [ -94.19065489849325, 39.134115661633601 ], [ -94.190966268721411, 39.133824069453617 ], [ -94.191296804408964, 39.133545567509508 ], [ -94.19164559954028, 39.133280918999048 ], [ -94.192011698094731, 39.133030849147623 ], [ -94.192394096667044, 39.132796043222186 ], [ -94.192791747217001, 39.13257714465464 ], [ -94.19320355994121, 39.132374753280025 ], [ -94.193628406258611, 39.13218942369398 ], [ -94.194065121902128, 39.132021663734264 ], [ -94.194512510107458, 39.131871933090274 ], [ -94.194969344890751, 39.131740642044598 ], [ -94.195434374405863, 39.13162815034957 ], [ -94.19590632437226, 39.131534766242595 ], [ -94.196383901564019, 39.131460745602133 ], [ -94.196865797350682, 39.131406291247387 ], [ -94.197350691279937, 39.13137155238303 ], [ -94.197837254692573, 39.131356624190865 ], [ -94.198324154359952, 39.131361547569234 ], [ -94.198810056133738, 39.131386309021245 ], [ -94.199293628598284, 39.131430840691635 ], [ -94.199773546715434, 39.131495020552784 ], [ -94.200248495452001, 39.131578672738684 ], [ -94.200717173379971, 39.131681568026593 ], [ -94.201178296239391, 39.131803424464529 ], [ -94.201630600454763, 39.131943908143342 ], [ -94.202072846594632, 39.132102634110858 ], [ -94.202503822765564, 39.132279167425928 ], [ -94.202922347930823, 39.132473024349281 ], [ -94.203327275144929, 39.132683673668041 ], [ -94.203717494695098, 39.132910538150199 ], [ -94.204091937141129, 39.133152996125368 ], [ -94.204449576245224, 39.133410383186899 ], [ -94.204789431784022, 39.133681994011425 ], [ -94.205110572234801, 39.133967084290347 ], [ -94.205412117328805, 39.134264872768185 ], [ -94.205693240464413, 39.134574543382257 ], [ -94.2059531709738, 39.134895247497738 ], [ -94.206191196236716, 39.135226106232047 ], [ -94.206406663635519, 39.135566212862223 ], [ -94.206598982346279, 39.135914635308708 ], [ -94.206767624960762, 39.136270418688646 ], [ -94.20691212893513, 39.136632587931864 ], [ -94.207032097861031, 39.137000150452337 ], [ -94.207127202555839, 39.137372098867701 ], [ -94.207197181968695, 39.137747413759563 ], [ -94.207241843900292, 39.138125066466905 ], [ -94.207261065533871, 39.138504021905042 ], [ -94.207254793776258, 39.13888324140234 ], [ -94.207223045407886, 39.139261685546849 ], [ -94.207165907041286, 39.13963831703537 ], [ -94.207083534888113, 39.140012103516653 ], [ -94.206976154335436, 39.14038202042142 ], [ -94.20684405933217, 39.140747053771058 ], [ -94.206687611587554, 39.141106202957722 ], [ -94.206507239583544, 39.141458483487511 ], [ -94.206303437404003, 39.141802929680146 ], [ -94.206076763383834, 39.14213859731678 ], [ -94.205827838581513, 39.142464566229442 ], [ -94.205557345079583, 39.142779942824426 ], [ -94.205266024117151, 39.143083862533132 ], [ -94.204954674060204, 39.143375492183345 ], [ -94.204624148214549, 39.143654032284488 ], [ -94.204275352487997, 39.143918719220743 ], [ -94.203909242907685, 39.144168827345695 ], [ -94.203526822999692, 39.144403670973091 ], [ -94.203129141037991, 39.14462260625794 ], [ -94.202717287170145, 39.144825032962927 ], [ -94.202292390427957, 39.14501039610532 ], [ -94.201855615631004, 39.145178187479715 ], [ -94.201408160191633, 39.145327947052493 ], [ -94.2009512508304, 39.145459264224186 ], [ -94.200486140210486, 39.145571778956146 ], [ -94.200014103501061, 39.145665182758627 ], [ -94.199536434878382, 39.145739219537347 ], [ -94.19905444397466, 39.145793686296308 ], [ -94.19856945228436, 39.145828433694923 ], [ -94.198082789537736, 39.145843366457882 ], [ -94.197595790051778, 39.145838443636777 ], [ -94.197109789068449, 39.145813678722391 ], [ -94.196626119090368, 39.145769139607914 ], [ -94.196146106224049, 39.145704948402539 ], [ -94.195671066540783, 39.145621281096545 ], [ -94.195202302465034, 39.145518367078346 ], [ -94.194741099200556, 39.145396488505121 ], [ -94.194288721203833, 39.145255979528564 ], [ -94.193846408714649, 39.145097225378002 ], [ -94.193415374353393, 39.144920661303367 ], [ -94.192996799794329, 39.144726771380938 ], [ -94.192591832524144, 39.144516087185131 ], [ -94.192201582694437, 39.14428918633007 ], [ -94.191827120077221, 39.144046690884679 ], [ -94.191469471131228, 39.143789265666108 ], [ -94.191129616187666, 39.143517616415785 ], [ -94.190808486762748, 39.14323248786333 ], [ -94.190506963004438, 39.14293466168354 ], [ -94.190225871280589, 39.142624954352158 ], [ -94.189965981914838, 39.142304214906311 ], [ -94.18972800707671, 39.141973322615655 ], [ -94.189512598831342, 39.141633184570807 ], [ -94.189320347354609, 39.141284733195526 ], [ -94.189151779318081, 39.140928923689586 ], [ -94.189007356448514, 39.140566731409415 ], [ -94.188887474265641, 39.140199149193435 ], [ -94.188792461001754, 39.139827184639827 ], [ -94.188722576705942, 39.139451857343765 ], [ -94.188678012535405, 39.139074196102165 ], [ -94.1886588902358, 39.13869523609322 ] ] ] } },
{ "type": "Feature", "properties": { }, "geometry": { "type": "Polygon", "coordinates": [ [ [ -94.1886588902358, 39.13869523609322 ], [ -94.188665261811977, 39.138316016038672 ], [ -94.188697109389878, 39.137937575356524 ], [ -94.188754345270013, 39.137560951312082 ], [ -94.188836812172354, 39.137187176175047 ], [ -94.188944283671731, 39.136817274390367 ], [ -94.189076464822776, 39.136452259771005 ], [ -94.189232992972435, 39.136093132719644 ], [ -94.189413438757825, 39.135740877487571 ], [ -94.189617307286667, 39.135396459478002 ], [ -94.189844039497174, 39.135060822600927 ], [ -94.190093013693271, 39.134734886687347 ], [ -94.190363547251309, 39.134419544969411 ], [ -94.19065489849325, 39.134115661633601 ], [ -94.190966268721411, 39.133824069453617 ], [ -94.191296804408964, 39.133545567509508 ], [ -94.19164559954028, 39.133280918999048 ], [ -94.192011698094731, 39.133030849147623 ], [ -94.192394096667044, 39.132796043222186 ], [ -94.192791747217001, 39.13257714465464 ], [ -94.19320355994121, 39.132374753280025 ], [ -94.193628406258611, 39.13218942369398 ], [ -94.194065121902128, 39.132021663734264 ], [ -94.194512510107458, 39.131871933090274 ], [ -94.194969344890751, 39.131740642044598 ], [ -94.195434374405863, 39.13162815034957 ], [ -94.19590632437226, 39.131534766242595 ], [ -94.196383901564019, 39.131460745602133 ], [ -94.196865797350682, 39.131406291247387 ], [ -94.197350691279937, 39.13137155238303 ], [ -94.197837254692573, 39.131356624190865 ], [ -94.198324154359952, 39.131361547569234 ], [ -94.198810056133738, 39.131386309021245 ], [ -94.199293628598284, 39.131430840691635 ], [ -94.199773546715434, 39.131495020552784 ], [ -94.200248495452001, 39.131578672738684 ], [ -94.200717173379971, 39.131681568026593 ], [ -94.201178296239391, 39.131803424464529 ], [ -94.201630600454763, 39.131943908143342 ], [ -94.202072846594632, 39.132102634110858 ], [ -94.202503822765564, 39.132279167425928 ], [ -94.202922347930823, 39.132473024349281 ], [ -94.203327275144929, 39.132683673668041 ], [ -94.203717494695098, 39.132910538150199 ], [ -94.204091937141129, 39.133152996125368 ], [ -94.204449576245224, 39.133410383186899 ], [ -94.204789431784022, 39.133681994011425 ], [ -94.205110572234801, 39.133967084290347 ], [ -94.205412117328805, 39.134264872768185 ], [ -94.205693240464413, 39.134574543382257 ], [ -94.2059531709738, 39.134895247497738 ], [ -94.206191196236716, 39.135226106232047 ], [ -94.206406663635519, 39.135566212862223 ], [ -94.206598982346279, 39.135914635308708 ], [ -94.206767624960762, 39.136270418688646 ], [ -94.20691212893513, 39.136632587931864 ], [ -94.207032097861031, 39.137000150452337 ], [ -94.207127202555839, 39.137372098867701 ], [ -94.207197181968695, 39.137747413759563 ], [ -94.207241843900292, 39.138125066466905 ], [ -94.207261065533871, 39.138504021905042 ], [ -94.207254793776258, 39.13888324140234 ], [ -94.207223045407886, 39.139261685546849 ], [ -94.207165907041286, 39.13963831703537 ], [ -94.207083534888113, 39.140012103516653 ], [ -94.206976154335436, 39.14038202042142 ], [ -94.20684405933217, 39.140747053771058 ], [ -94.206687611587554, 39.141106202957722 ], [ -94.206507239583544, 39.141458483487511 ], [ -94.206303437404003, 39.141802929680146 ], [ -94.206076763383834, 39.14213859731678 ], [ -94.205827838581513, 39.142464566229442 ], [ -94.205557345079583, 39.142779942824426 ], [ -94.205266024117151, 39.143083862533132 ], [ -94.204954674060204, 39.143375492183345 ], [ -94.204624148214549, 39.143654032284488 ], [ -94.204275352487997, 39.143918719220743 ], [ -94.203909242907685, 39.144168827345695 ], [ -94.203526822999692, 39.144403670973091 ], [ -94.203129141037991, 39.14462260625794 ], [ -94.202717287170145, 39.144825032962927 ], [ -94.202292390427957, 39.14501039610532 ], [ -94.201855615631004, 39.145178187479715 ], [ -94.201408160191633, 39.145327947052493 ], [ -94.2009512508304, 39.145459264224186 ], [ -94.200486140210486, 39.145571778956146 ], [ -94.200014103501061, 39.145665182758627 ], [ -94.199536434878382, 39.145739219537347 ], [ -94.19905444397466, 39.145793686296308 ], [ -94.19856945228436, 39.145828433694923 ], [ -94.198082789537736, 39.145843366457882 ], [ -94.197595790051778, 39.145838443636777 ], [ -94.197109789068449, 39.145813678722391 ], [ -94.196626119090368, 39.145769139607914 ], [ -94.196146106224049, 39.145704948402539 ], [ -94.195671066540783, 39.145621281096545 ], [ -94.195202302465034, 39.145518367078346 ], [ -94.194741099200556, 39.145396488505121 ], [ -94.194288721203833, 39.145255979528564 ], [ -94.193846408714649, 39.145097225378002 ], [ -94.193415374353393, 39.144920661303367 ], [ -94.192996799794329, 39.144726771380938 ], [ -94.192591832524144, 39.144516087185131 ], [ -94.192201582694437, 39.14428918633007 ], [ -94.191827120077221, 39.144046690884679 ], [ -94.191469471131228, 39.143789265666108 ], [ -94.191129616187666, 39.143517616415785 ], [ -94.190808486762748, 39.14323248786333 ], [ -94.190506963004438, 39.14293466168354 ], [ -94.190225871280589, 39.142624954352158 ], [ -94.189965981914838, 39.142304214906311 ], [ -94.18972800707671, 39.141973322615655 ], [ -94.189512598831342, 39.141633184570807 ], [ -94.189320347354609, 39.141284733195526 ], [ -94.189151779318081, 39.140928923689586 ], [ -94.189007356448514, 39.140566731409415 ], [ -94.188887474265641, 39.140199149193435 ], [ -94.188792461001754, 39.139827184639827 ], [ -94.188722576705942, 39.139451857343765 ], [ -94.188678012535405, 39.139074196102165 ], [ -94.1886588902358, 39.13869523609322 ] ] ] } },
{ "type": "Feature", "properties": { }, "geometry": { "type": "Polygon", "coordinates": [ [ [ -94.1886588902358, 39.13869523609322 ], [ -94.188665261811977, 39.138316016038672 ], [ -94.188697109389878, 39.137937575356524 ], [ -94.188754345270013, 39.137560951312082 ], [ -94.188836812172354, 39.137187176175047 ], [ -94.188944283671731, 39.136817274390367 ], [ -94.189076464822776, 39.136452259771005 ], [ -94.189232992972435, 39.136093132719644 ], [ -94.189413438757825, 39.135740877487571 ], [ -94.189617307286667, 39.135396459478002 ], [ -94.189844039497174, 39.135060822600927 ], [ -94.190093013693271, 39.134734886687347 ], [ -94.190363547251309, 39.134419544969411 ], [ -94.19065489849325, 39.134115661633601 ], [ -94.190966268721411, 39.133824069453617 ], [ -94.191296804408964, 39.133545567509508 ], [ -94.19164559954028, 39.133280918999048 ], [ -94.192011698094731, 39.133030849147623 ], [ -94.192394096667044, 39.132796043222186 ], [ -94.192791747217001, 39.13257714465464 ], [ -94.19320355994121, 39.132374753280025 ], [ -94.193628406258611, 39.13218942369398 ], [ -94.194065121902128, 39.132021663734264 ], [ -94.194512510107458, 39.131871933090274 ], [ -94.194969344890751, 39.131740642044598 ], [ -94.195434374405863, 39.13162815034957 ], [ -94.19590632437226, 39.131534766242595 ], [ -94.196383901564019, 39.131460745602133 ], [ -94.196865797350682, 39.131406291247387 ], [ -94.197350691279937, 39.13137155238303 ], [ -94.197837254692573, 39.131356624190865 ], [ -94.198324154359952, 39.131361547569234 ], [ -94.198810056133738, 39.131386309021245 ], [ -94.199293628598284, 39.131430840691635 ], [ -94.199773546715434, 39.131495020552784 ], [ -94.200248495452001, 39.131578672738684 ], [ -94.200717173379971, 39.131681568026593 ], [ -94.201178296239391, 39.131803424464529 ], [ -94.201630600454763, 39.131943908143342 ], [ -94.202072846594632, 39.132102634110858 ], [ -94.202503822765564, 39.132279167425928 ], [ -94.202922347930823, 39.132473024349281 ], [ -94.203327275144929, 39.132683673668041 ], [ -94.203717494695098, 39.132910538150199 ], [ -94.204091937141129, 39.133152996125368 ], [ -94.204449576245224, 39.133410383186899 ], [ -94.204789431784022, 39.133681994011425 ], [ -94.205110572234801, 39.133967084290347 ], [ -94.205412117328805, 39.134264872768185 ], [ -94.205693240464413, 39.134574543382257 ], [ -94.2059531709738, 39.134895247497738 ], [ -94.206191196236716, 39.135226106232047 ], [ -94.206406663635519, 39.135566212862223 ], [ -94.206598982346279, 39.135914635308708 ], [ -94.206767624960762, 39.136270418688646 ], [ -94.20691212893513, 39.136632587931864 ], [ -94.207032097861031, 39.137000150452337 ], [ -94.207127202555839, 39.137372098867701 ], [ -94.207197181968695, 39.137747413759563 ], [ -94.207241843900292, 39.138125066466905 ], [ -94.207261065533871, 39.138504021905042 ], [ -94.207254793776258, 39.13888324140234 ], [ -94.207223045407886, 39.139261685546849 ], [ -94.207165907041286, 39.13963831703537 ], [ -94.207083534888113, 39.140012103516653 ], [ -94.206976154335436, 39.14038202042142 ], [ -94.20684405933217, 39.140747053771058 ], [ -94.206687611587554, 39.141106202957722 ], [ -94.206507239583544, 39.141458483487511 ], [ -94.206303437404003, 39.141802929680146 ], [ -94.206076763383834, 39.14213859731678 ], [ -94.205827838581513, 39.142464566229442 ], [ -94.205557345079583, 39.142779942824426 ], [ -94.205266024117151, 39.143083862533132 ], [ -94.204954674060204, 39.143375492183345 ], [ -94.204624148214549, 39.143654032284488 ], [ -94.204275352487997, 39.143918719220743 ], [ -94.203909242907685, 39.144168827345695 ], [ -94.203526822999692, 39.144403670973091 ], [ -94.203129141037991, 39.14462260625794 ], [ -94.202717287170145, 39.144825032962927 ], [ -94.202292390427957, 39.14501039610532 ], [ -94.201855615631004, 39.145178187479715 ], [ -94.201408160191633, 39.145327947052493 ], [ -94.2009512508304, 39.145459264224186 ], [ -94.200486140210486, 39.145571778956146 ], [ -94.200014103501061, 39.145665182758627 ], [ -94.199536434878382, 39.145739219537347 ], [ -94.19905444397466, 39.145793686296308 ], [ -94.19856945228436, 39.145828433694923 ], [ -94.198082789537736, 39.145843366457882 ], [ -94.197595790051778, 39.145838443636777 ], [ -94.197109789068449, 39.145813678722391 ], [ -94.196626119090368, 39.145769139607914 ], [ -94.196146106224049, 39.145704948402539 ], [ -94.195671066540783, 39.145621281096545 ], [ -94.195202302465034, 39.145518367078346 ], [ -94.194741099200556, 39.145396488505121 ], [ -94.194288721203833, 39.145255979528564 ], [ -94.193846408714649, 39.145097225378002 ], [ -94.193415374353393, 39.144920661303367 ], [ -94.192996799794329, 39.144726771380938 ], [ -94.192591832524144, 39.144516087185131 ], [ -94.192201582694437, 39.14428918633007 ], [ -94.191827120077221, 39.144046690884679 ], [ -94.191469471131228, 39.143789265666108 ], [ -94.191129616187666, 39.143517616415785 ], [ -94.190808486762748, 39.14323248786333 ], [ -94.190506963004438, 39.14293466168354 ], [ -94.190225871280589, 39.142624954352158 ], [ -94.189965981914838, 39.142304214906311 ], [ -94.18972800707671, 39.141973322615655 ], [ -94.189512598831342, 39.141633184570807 ], [ -94.189320347354609, 39.141284733195526 ], [ -94.189151779318081, 39.140928923689586 ], [ -94.189007356448514, 39.140566731409415 ], [ -94.188887474265641, 39.140199149193435 ], [ -94.188792461001754, 39.139827184639827 ], [ -94.188722576705942, 39.139451857343765 ], [ -94.188678012535405, 39.139074196102165 ], [ -94.1886588902358, 39.13869523609322 ] ] ] } },
{ "type": "Feature", "properties": { }, "geometry": { "type": "Polygon", "coordinates": [ [ [ -94.42700132835536, 39.050724039725225 ], [ -94.427006428744093, 39.050344824253131 ], [ -94.427036974563833, 39.049966336599716 ], [ -94.42709288168453, 39.049589614161178 ], [ -94.427173996469037, 39.04921568947902 ], [ -94.427280096198771, 39.048845587410305 ], [ -94.42741088968836, 39.048480322319016 ], [ -94.427566018087802, 39.048120895296435 ], [ -94.42774505587002, 39.047768291418066 ], [ -94.427947512000756, 39.047423477044568 ], [ -94.428172831287839, 39.047087397174096 ], [ -94.428420395905889, 39.046760972853541 ], [ -94.428689527092374, 39.046445098655113 ], [ -94.428979487010324, 39.046140640226099 ], [ -94.429289480772482, 39.045848431917605 ], [ -94.429618658621493, 39.045569274499314 ], [ -94.42996611825987, 39.045303932966284 ], [ -94.430330907323665, 39.045053134443926 ], [ -94.430712025992875, 39.04481756619662 ], [ -94.431108429731367, 39.044597873745801 ], [ -94.431519032148969, 39.044394659102245 ], [ -94.431942707977868, 39.0442084791177 ], [ -94.432378296155008, 39.044039843960128 ], [ -94.432824603002345, 39.043889215716987 ], [ -94.433280405495907, 39.043757007129955 ], [ -94.433744454615208, 39.043643580465115 ], [ -94.434215478763193, 39.043549246521067 ], [ -94.434692187248203, 39.043474263778151 ], [ -94.435173273817696, 39.043418837690879 ], [ -94.435657420234477, 39.043383120125512 ], [ -94.436143299885799, 39.043367208944424 ], [ -94.436629581414962, 39.043371147738249 ], [ -94.4371149323662, 39.043394925706615 ], [ -94.437598022832276, 39.043438477687836 ], [ -94.438077529095224, 39.043501684337343 ], [ -94.438552137250269, 39.043584372454525 ], [ -94.439020546802809, 39.043686315456924 ], [ -94.439481474228913, 39.043807234000695 ], [ -94.439933656489544, 39.043946796745388 ], [ -94.440375854488778, 39.04410462126117 ], [ -94.44080685646675, 39.044280275075963 ], [ -94.441225481318043, 39.04447327685952 ], [ -94.441630581826374, 39.044683097741377 ], [ -94.442021047806705, 39.044909162758977 ], [ -94.442395809146461, 39.045150852432066 ], [ -94.442753838737147, 39.045407504458986 ], [ -94.443094155288662, 39.045678415530382 ], [ -94.443415826018494, 39.04596284325514 ], [ -94.443717969208379, 39.046260008193563 ], [ -94.443999756621423, 39.046569095992041 ], [ -94.444260415773243, 39.04688925961338 ], [ -94.444499232050575, 39.047219621656936 ], [ -94.444715550671859, 39.047559276761774 ], [ -94.444908778484063, 39.04790729408677 ], [ -94.445078385591216, 39.048262719860595 ], [ -94.445223906809701, 39.048624579994488 ], [ -94.445344942946591, 39.048991882751082 ], [ -94.44544116189752, 39.049363621461609 ], [ -94.445512299560718, 39.049738777284205 ], [ -94.445558160565, 39.050116321995716 ], [ -94.445578618809549, 39.050495220809438 ], [ -94.445573617813835, 39.050874435210957 ], [ -94.445543170876988, 39.051252925804448 ], [ -94.44548736104575, 39.051629655161499 ], [ -94.445406340891253, 39.052003590664782 ], [ -94.445300332095371, 39.052373707338703 ], [ -94.445169624847154, 39.052738990659243 ], [ -94.445014577051722, 39.053098439335429 ], [ -94.444835613353035, 39.053451068054443 ], [ -94.444633223973682, 39.053795910183567 ], [ -94.444407963374488, 39.054132020420475 ], [ -94.444160448737861, 39.05445847738563 ], [ -94.443891358278705, 39.054774386149099 ], [ -94.443601429387769, 39.055078880684924 ], [ -94.443291456612357, 39.055371126246413 ], [ -94.442962289479908, 39.055650321655726 ], [ -94.442614830170527, 39.055915701501554 ], [ -94.442250031044495, 39.056166538238756 ], [ -94.44186889203209, 39.056402144184212 ], [ -94.441472457892345, 39.056621873403508 ], [ -94.44106181534849, 39.056825123482994 ], [ -94.440638090107981, 39.057011337182686 ], [ -94.440202443775235, 39.057180003965243 ], [ -94.439756070665482, 39.057330661396705 ], [ -94.439300194528627, 39.057462896415593 ], [ -94.438836065192064, 39.057576346466249 ], [ -94.438364955131675, 39.057670700493844 ], [ -94.437888155980431, 39.057745699798005 ], [ -94.437406974984228, 39.057801138742761 ], [ -94.436922731414796, 39.057836865320979 ], [ -94.436436752949334, 39.057852781571547 ], [ -94.435950372027136, 39.057848843848305 ], [ -94.435464922192963, 39.057825062939855 ], [ -94.434981734437457, 39.057781504040129 ], [ -94.434502133544456, 39.057718286569497 ], [ -94.434027434455558, 39.057635583847123 ], [ -94.433558938661676, 39.057533622615459 ], [ -94.433097930631561, 39.057412682418082 ], [ -94.4326456742874, 39.057273094832723 ], [ -94.432203409536783, 39.057115242561323 ], [ -94.431772348870908, 39.056939558380087 ], [ -94.431353674038192, 39.056746523951951 ], [ -94.430948532802546, 39.056536668505039 ], [ -94.430558035795201, 39.056310567380628 ], [ -94.430183253468712, 39.056068840454543 ], [ -94.429825213161465, 39.055812150436594 ], [ -94.429484896280968, 39.055541201052399 ], [ -94.429163235613359, 39.055256735112806 ], [ -94.428861112766668, 39.054959532476232 ], [ -94.428579355754877, 39.054650407909278 ], [ -94.428318736729324, 39.054330208852008 ], [ -94.428079969863589, 39.053999813093313 ], [ -94.427863709397911, 39.053660126363482 ], [ -94.427670547848138, 39.053312079850173 ], [ -94.427501014384276, 39.052956627644491 ], [ -94.427355573383068, 39.052594744124804 ], [ -94.427234623158569, 39.052227421284648 ], [ -94.427138494873859, 39.051855666012884 ], [ -94.427067451637384, 39.051480497332811 ], [ -94.427021687785739, 39.051102943608434 ], [ -94.42700132835536, 39.050724039725225 ] ] ] } },
{ "type": "Feature", "properties": { }, "geometry": { "type": "Polygon", "coordinates": [ [ [ -94.514893562451391, 39.112731199727428 ], [ -94.514898185777724, 39.112351993452968 ], [ -94.514928277141081, 39.111973495349602 ], [ -94.514983753655571, 39.111596742842892 ], [ -94.51506446286281, 39.111222768557425 ], [ -94.51517018315424, 39.110852597486868 ], [ -94.515300624382746, 39.11048724418486 ], [ -94.515455428662094, 39.110127709984958 ], [ -94.515634171351763, 39.109774980256844 ], [ -94.515836362224434, 39.10943002170643 ], [ -94.51606144681314, 39.109093779727345 ], [ -94.516308807933868, 39.108767175810897 ], [ -94.516577767380085, 39.1084511050217 ], [ -94.516867587783764, 39.108146433545841 ], [ -94.517177474638316, 39.107853996318276 ], [ -94.517506578477793, 39.107574594735922 ], [ -94.517853997206061, 39.107308994462848 ], [ -94.518218778569945, 39.107057923333258 ], [ -94.518599922769269, 39.106822069358309 ], [ -94.518996385196843, 39.106602078842073 ], [ -94.51940707930072, 39.106398554611737 ], [ -94.519830879561013, 39.106212054366978 ], [ -94.520266624573068, 39.106043089152863 ], [ -94.52071312022855, 39.105892121960771 ], [ -94.521169142985855, 39.105759566460662 ], [ -94.521633443220736, 39.10564578586866 ], [ -94.522104748648104, 39.10555109195262 ], [ -94.522581767805704, 39.105475744178712 ], [ -94.523063193590062, 39.105419949001103 ], [ -94.523547706835018, 39.105383859296893 ], [ -94.524033979923274, 39.105367573947639 ], [ -94.524520680420935, 39.105371137568724 ], [ -94.525006474725103, 39.105394540387373 ], [ -94.525490031714725, 39.105437718269378 ], [ -94.525970026394688, 39.105500552894931 ], [ -94.526445143523119, 39.105582872082451 ], [ -94.52691408121207, 39.105684450260156 ], [ -94.527375554491826, 39.105805009083674 ], [ -94.527828298829036, 39.105944218198111 ], [ -94.528271073589025, 39.106101696142588 ], [ -94.528702665432959, 39.106277011394695 ], [ -94.529121891640514, 39.106469683552007 ], [ -94.529527603348924, 39.106679184647476 ], [ -94.529918688699709, 39.106904940595044 ], [ -94.530294075884328, 39.107146332761729 ], [ -94.530652736080512, 39.107402699661492 ], [ -94.530993686271245, 39.107673338766766 ], [ -94.531315991938612, 39.107957508432236 ], [ -94.531618769625283, 39.108254429925964 ], [ -94.531901189356361, 39.108563289562106 ], [ -94.532162476915232, 39.108883240929437 ], [ -94.532401915966958, 39.109213407209701 ], [ -94.532618850023553, 39.109552883579248 ], [ -94.532812684245528, 39.109900739687582 ], [ -94.532982887074951, 39.110256022206038 ], [ -94.533128991695335, 39.1106177574393 ], [ -94.533250597314535, 39.110984953993203 ], [ -94.533347370266824, 39.111356605490911 ], [ -94.53341904493135, 39.11173169333042 ], [ -94.533465424464296, 39.112109189475767 ], [ -94.533486381342613, 39.11248805927422 ], [ -94.533481857717973, 39.112867264291651 ], [ -94.533451865579778, 39.113245765158716 ], [ -94.533396486726787, 39.113622524419604 ], [ -94.533315872547348, 39.113996509375689 ], [ -94.533210243608906, 39.114366694916434 ], [ -94.533079889057674, 39.114732066329623 ], [ -94.532925165830221, 39.115091622083305 ], [ -94.532746497679099, 39.11544437657161 ], [ -94.532544374014918, 39.115789362817388 ], [ -94.532319348568336, 39.116125635123552 ], [ -94.532072037875309, 39.116452271666525 ], [ -94.531803119589981, 39.116768377024243 ], [ -94.531513330629366, 39.117073084631862 ], [ -94.531203465155514, 39.117365559158593 ], [ -94.530874372400177, 39.117644998798795 ], [ -94.530526954338029, 39.117910637471503 ], [ -94.530162163214953, 39.118161746921764 ], [ -94.529780998938037, 39.118397638718562 ], [ -94.529384506334466, 39.118617666143457 ], [ -94.528973772286761, 39.118821225964872 ], [ -94.528549922752504, 39.119007760093204 ], [ -94.528114119676147, 39.119176757112122 ], [ -94.527667557802218, 39.119327753681823 ], [ -94.527211461397812, 39.119460335810444 ], [ -94.526747080894097, 39.119574139990142 ], [ -94.526275689455574, 39.119668854194622 ], [ -94.525798579486846, 39.119744218735427 ], [ -94.525317059086376, 39.119800026974666 ], [ -94.52483244845692, 39.119836125892164 ], [ -94.52434607628274, 39.119852416505424 ], [ -94.523859276083371, 39.119848854141367 ], [ -94.523373382554041, 39.119825448559034 ], [ -94.522889727902921, 39.119782263922851 ], [ -94.522409638195143, 39.119719418626687 ], [ -94.521934429713724, 39.119637084968979 ], [ -94.521465405347499, 39.119535488680079 ], [ -94.52100385101582, 39.119414908302794 ], [ -94.520551032140077, 39.119275674428152 ], [ -94.520108190171598, 39.119118168788305 ], [ -94.519676539185568, 39.118942823209125 ], [ -94.519257262550283, 39.118750118425275 ], [ -94.518851509680999, 39.118540582761291 ], [ -94.518460392887178, 39.11831479068195 ], [ -94.518084984321845, 39.118073361216119 ], [ -94.517726313041535, 39.11781695625848 ], [ -94.517385362184683, 39.117546278753593 ], [ -94.517063066276506, 39.117262070767445 ], [ -94.516760308667429, 39.116965111451883 ], [ -94.516477919112347, 39.116656214907074 ], [ -94.516216671497318, 39.116336227948665 ], [ -94.515977281719557, 39.116006027784834 ], [ -94.515760405727249, 39.115666519610485 ], [ -94.515566637723722, 39.115318634124542 ], [ -94.5153965085414, 39.114963324977573 ], [ -94.515250484189849, 39.114601566156608 ], [ -94.51512896458182, 39.11423434931428 ], [ -94.515032282440643, 39.113862681049682 ], [ -94.514960702392244, 39.113487580148522 ], [ -94.514914420243798, 39.113110074789873 ], [ -94.514893562451391, 39.112731199727428 ] ] ] } },
{ "type": "Feature", "properties": { }, "geometry": { "type": "Polygon", "coordinates": [ [ [ -94.57185403192274, 39.1110657373329 ], [ -94.571858349976068, 39.11068653490878 ], [ -94.57188813562496, 39.110308028208173 ], [ -94.571943306821453, 39.109931254680717 ], [ -94.572023711943856, 39.109557247009143 ], [ -94.572129130216808, 39.109187030279031 ], [ -94.572259272320707, 39.108821619169696 ], [ -94.572413781188743, 39.108462015173529 ], [ -94.572592232989606, 39.108109203851974 ], [ -94.572794138292693, 39.107764152134919 ], [ -94.573018943413089, 39.107427805671712 ], [ -94.573266031932135, 39.10710108624037 ], [ -94.573534726389653, 39.10678488922234 ], [ -94.573824290143122, 39.106480081149911 ], [ -94.574133929388623, 39.106187497332591 ], [ -94.574462795337951, 39.105907939569242 ], [ -94.574809986546143, 39.10564217395202 ], [ -94.57517455138273, 39.105390928768365 ], [ -94.575555490640127, 39.105154892506448 ], [ -94.575951760271963, 39.104934711969882 ], [ -94.576362274253896, 39.104730990506532 ], [ -94.576785907558886, 39.104544286356479 ], [ -94.577221499239101, 39.104375111123431 ], [ -94.577667855605711, 39.104223928374111 ], [ -94.578123753498247, 39.104091152369008 ], [ -94.578587943634005, 39.103977146928237 ], [ -94.579059154029196, 39.103882224435552 ], [ -94.579536093481508, 39.103806644983202 ], [ -94.580017455105548, 39.103750615659955 ], [ -94.580501919910731, 39.103714289984147 ], [ -94.580988160412304, 39.103697767483659 ], [ -94.581474844265543, 39.103701093423403 ], [ -94.581960637913156, 39.103724258681538 ], [ -94.582444210235948, 39.103767199774531 ], [ -94.582924236196945, 39.103829799031068 ], [ -94.583399400468778, 39.103911884914254 ], [ -94.583868401034621, 39.104013232491305 ], [ -94.584329952752867, 39.104133564049462 ], [ -94.584782790875636, 39.104272549856347 ], [ -94.585225674511776, 39.1044298090628 ], [ -94.585657390024707, 39.104604910745579 ], [ -94.586076754355858, 39.104797375087351 ], [ -94.586482618264611, 39.105006674690422 ], [ -94.586873869476136, 39.105232236020804 ], [ -94.587249435728125, 39.105473440978805 ], [ -94.587608287708392, 39.105729628591376 ], [ -94.587949441875139, 39.106000096822321 ], [ -94.588271963152295, 39.106284104494662 ], [ -94.588574967492391, 39.106580873320532 ], [ -94.58885762430026, 39.106889590032623 ], [ -94.589119158710275, 39.107209408611617 ], [ -94.589358853711772, 39.107539452603405 ], [ -94.589576052116044, 39.10787881751979 ], [ -94.589770158359755, 39.108226573316045 ], [ -94.589940640140071, 39.108581766938784 ], [ -94.590087029876571, 39.108943424936697 ], [ -94.590208925996151, 39.109310556127745 ], [ -94.590305994037365, 39.109682154314662 ], [ -94.590377967570916, 39.110057201042032 ], [ -94.590424648934103, 39.110434668387065 ], [ -94.590445909776818, 39.110813521776407 ], [ -94.590441691417709, 39.111192722821443 ], [ -94.590412005009497, 39.111571232164231 ], [ -94.590356931512886, 39.111948012326188 ], [ -94.59027662147912, 39.11232203055193 ], [ -94.590171294641735, 39.112692261640184 ], [ -94.590041239318595, 39.113057690754353 ], [ -94.589886811625647, 39.113417316204774 ], [ -94.589708434504928, 39.113770152194967 ], [ -94.589506596568739, 39.11411523152475 ], [ -94.589281850763953, 39.114451608242234 ], [ -94.589034812859353, 39.114778360237977 ], [ -94.588766159760553, 39.115094591773698 ], [ -94.588476627656959, 39.115399435938933 ], [ -94.588167010005748, 39.115692057028745 ], [ -94.587838155358483, 39.115971652835903 ], [ -94.587490965036338, 39.116237456851444 ], [ -94.58712639066006, 39.116488740367231 ], [ -94.586745431541758, 39.116724814475099 ], [ -94.586349131945369, 39.116945031956789 ], [ -94.58593857822359, 39.117148789059684 ], [ -94.585514895838841, 39.117335527153209 ], [ -94.585079246276678, 39.117504734261765 ], [ -94.584632823860048, 39.11765594646937 ], [ -94.584176852473178, 39.11778874919284 ], [ -94.583712582203887, 39.117902778319284 ], [ -94.583241285914013, 39.117997721205434 ], [ -94.582764255746881, 39.118073317535654 ], [ -94.582282799581805, 39.118129360036235 ], [ -94.581798237445184, 39.118165695044432 ], [ -94.581311897888142, 39.11818222293018 ], [ -94.580825114340684, 39.118178898369507 ], [ -94.580339221452391, 39.118155730469191 ], [ -94.579855551429702, 39.118112782741704 ], [ -94.579375430380068, 39.118050172931 ], [ -94.578900174672654, 39.117968072689678 ], [ -94.578431087326052, 39.117866707107773 ], [ -94.577969454432719, 39.117746354095345 ], [ -94.577516541629834, 39.117607343619838 ], [ -94.577073590626782, 39.117450056800656 ], [ -94.576641815798226, 39.117274924863601 ], [ -94.576222400852657, 39.117082427957435 ], [ -94.575816495585173, 39.116873093836681 ], [ -94.575425212723758, 39.116647496413464 ], [ -94.575049624877494, 39.116406254182984 ], [ -94.574690761595164, 39.116150028526583 ], [ -94.574349606542384, 39.115879521897334 ], [ -94.574027094804933, 39.11559547589286 ], [ -94.573724110325728, 39.11529866922104 ], [ -94.573441483482412, 39.114989915563811 ], [ -94.573179988812242, 39.114670061345279 ], [ -94.572940342890519, 39.114339983410026 ], [ -94.572723202368223, 39.11400058661814 ], [ -94.572529162174504, 39.113652801363578 ], [ -94.572358753888551, 39.113297581022501 ], [ -94.572212444285555, 39.112935899338915 ], [ -94.572090634060658, 39.112568747754388 ], [ -94.571993656734264, 39.112197132689616 ], [ -94.57192177774175, 39.111822072784918 ], [ -94.57187519371, 39.111444596107489 ], [ -94.57185403192274, 39.1110657373329 ] ] ] } },
{ "type": "Feature", "properties": { }, "geometry": { "type": "Polygon", "coordinates": [ [ [ -94.399124607614922, 39.101111940086625 ], [ -94.399129852791162, 39.100732726216435 ], [ -94.399160561417872, 39.100354245917138 ], [ -94.399216648917729, 39.099977536564474 ], [ -94.399297961158325, 39.0996036306638 ], [ -94.399404274879004, 39.099233553020362 ], [ -94.399535298307129, 39.098868317930851 ], [ -94.399690671961764, 39.098508926403952 ], [ -94.399869969643078, 39.098156363417537 ], [ -94.400072699603996, 39.09781159521976 ], [ -94.400298305901416, 39.097475566681901 ], [ -94.400546169923061, 39.097149198709694 ], [ -94.400815612085623, 39.096833385720601 ], [ -94.401105893699778, 39.096528993193765 ], [ -94.401416218996673, 39.09623685529931 ], [ -94.401745737310378, 39.095957772613581 ], [ -94.402093545410608, 39.095692509926522 ], [ -94.402458689978772, 39.095441794147106 ], [ -94.402840170220998, 39.095206312312726 ], [ -94.403236940610711, 39.09498670970769 ], [ -94.403647913753588, 39.094783588096348 ], [ -94.404071963366448, 39.094597504075296 ], [ -94.404507927362658, 39.094428967549362 ], [ -94.404954611034981, 39.094278440335565 ], [ -94.405410790327707, 39.094146334898653 ], [ -94.405875215188544, 39.094033013221953 ], [ -94.406346612991712, 39.093938785816341 ], [ -94.406823692022456, 39.09386391087024 ], [ -94.40730514501368, 39.093808593542789 ], [ -94.407789652725043, 39.093772985402325 ], [ -94.40827588755451, 39.093757184011466 ], [ -94.408762517173002, 39.093761232660121 ], [ -94.409248208171647, 39.093785120247119 ], [ -94.409731629712141, 39.093828781310542 ], [ -94.410211457169979, 39.093892096207171 ], [ -94.410686375760804, 39.093974891439991 ], [ -94.411155084139907, 39.094076940133327 ], [ -94.411616297964954, 39.094197962653993 ], [ -94.412068753412484, 39.094337627376881 ], [ -94.412511210638201, 39.094495551593063 ], [ -94.412942457172107, 39.094671302557536 ], [ -94.413361311238731, 39.094864398674154 ], [ -94.413766624993571, 39.095074310814255 ], [ -94.414157287667166, 39.095300463765518 ], [ -94.414532228607683, 39.09554223780701 ], [ -94.414890420214107, 39.095798970406172 ], [ -94.415230880751977, 39.096069958033048 ], [ -94.41555267704365, 39.096354458087049 ], [ -94.415854927026118, 39.096651690930429 ], [ -94.416136802169177, 39.096960842023705 ], [ -94.416397529747215, 39.09728106415637 ], [ -94.416636394958587, 39.097611479767565 ], [ -94.416852742886718, 39.097951183349643 ], [ -94.417045980297289, 39.098299243928714 ], [ -94.417215577267001, 39.098654707614884 ], [ -94.417361068638968, 39.099016600215492 ], [ -94.417482055300994, 39.099383929904164 ], [ -94.417578205283178, 39.099755689938235 ], [ -94.417649254671673, 39.10013086141727 ], [ -94.417695008336182, 39.100508416075037 ], [ -94.417715340468973, 39.10088731909741 ], [ -94.417710194934131, 39.101266531958203 ], [ -94.41767958542593, 39.101645015265554 ], [ -94.417623595435742, 39.102021731610755 ], [ -94.417542378027633, 39.10239564841185 ], [ -94.417436155423232, 39.102765740744154 ], [ -94.417305218396933, 39.10313099415005 ], [ -94.417149925482974, 39.103490407420168 ], [ -94.416970701996618, 39.103842995338432 ], [ -94.416768038872036, 39.104187791383488 ], [ -94.416542491320058, 39.104523850379003 ], [ -94.416294677309338, 39.104850251085516 ], [ -94.416025275875228, 39.105166098726919 ], [ -94.415735025260844, 39.105470527444403 ], [ -94.415424720895402, 39.105762702671392 ], [ -94.415095213215494, 39.106041823422437 ], [ -94.414747405334879, 39.106307124490598 ], [ -94.414382250569787, 39.106557878546361 ], [ -94.414000749825803, 39.106793398132993 ], [ -94.41360394885406, 39.107013037552534 ], [ -94.413192935384032, 39.107216194637303 ], [ -94.412768836140685, 39.107402312402051 ], [ -94.412332813754418, 39.107570880572247 ], [ -94.411886063572183, 39.107721436984185 ], [ -94.411429810378422, 39.107853568853187 ], [ -94.410965305035077, 39.107966913906367 ], [ -94.410493821049755, 39.108061161376682 ], [ -94.410016651081378, 39.108136052855919 ], [ -94.409535103393409, 39.108191383003764 ], [ -94.40905049826371, 39.108227000111448 ], [ -94.408564164361621, 39.108242806518099 ], [ -94.408077435101717, 39.108238758878834 ], [ -94.407591644984535, 39.108214868283788 ], [ -94.407108125934386, 39.108171200227829 ], [ -94.406628203644075, 39.108107874430779 ], [ -94.406153193936959, 39.108025064509086 ], [ -94.405684399156044, 39.107922997499365 ], [ -94.405223104590291, 39.107801953235501 ], [ -94.404770574947818, 39.107662263580757 ], [ -94.404328050885752, 39.107504311517275 ], [ -94.403896745606389, 39.10732853009516 ], [ -94.403477841528883, 39.10713540124425 ], [ -94.403072487045563, 39.106925454451812 ], [ -94.40268179337221, 39.106699265309878 ], [ -94.402306831500255, 39.106457453935882 ], [ -94.401948629260033, 39.106200683271396 ], [ -94.401608168502534, 39.10592965726341 ], [ -94.401286382407804, 39.105645118933069 ], [ -94.400984152927109, 39.105347848337445 ], [ -94.40070230836605, 39.105038660429678 ], [ -94.400441621115206, 39.104718402823565 ], [ -94.40020280553432, 39.104387953468674 ], [ -94.399986515996247, 39.104048218242326 ], [ -94.39979334509556, 39.103700128465135 ], [ -94.399623822026896, 39.103344638346876 ], [ -94.399478411137437, 39.102982722369802 ], [ -94.399357510657595, 39.102615372616413 ], [ -94.399261451613029, 39.102243596049213 ], [ -94.399190496921264, 39.10186841174977 ], [ -94.399144840675092, 39.101490848124783 ], [ -94.399124607614922, 39.101111940086625 ] ] ] } },
{ "type": "Feature", "properties": { }, "geometry": { "type": "Polygon", "coordinates": [ [ [ -94.573054359133494, 39.108615826465254 ], [ -94.57305867104391, 39.108236623977746 ], [ -94.573088449670124, 39.107858116969552 ], [ -94.573143612983372, 39.107481342891155 ], [ -94.573224009383679, 39.107107334426793 ], [ -94.573329418119613, 39.106737116664249 ], [ -94.573459549897763, 39.106371704285685 ], [ -94.573614047679641, 39.106012098786998 ], [ -94.573792487664335, 39.105659285733715 ], [ -94.573994380453684, 39.105314232060564 ], [ -94.574219172397093, 39.104977883422215 ], [ -94.574466247112014, 39.104651161602675 ], [ -94.574734927176124, 39.104334961989963 ], [ -94.575024475986353, 39.10403015112351 ], [ -94.575334099779724, 39.103737564320475 ], [ -94.575662949810408, 39.103458003387935 ], [ -94.576010124677026, 39.103192234426743 ], [ -94.576374672793904, 39.10294098573349 ], [ -94.576755594999256, 39.102704945806025 ], [ -94.577151847293436, 39.102484761457994 ], [ -94.57756234369954, 39.102281036047728 ], [ -94.577985959238717, 39.102094327826109 ], [ -94.578421533011735, 39.101925148408064 ], [ -94.57886787137889, 39.101773961371748 ], [ -94.579323751228884, 39.101641180989404 ], [ -94.579787923328524, 39.10152717109316 ], [ -94.580259115743331, 39.101432244078985 ], [ -94.580736037320264, 39.101356660051515 ], [ -94.581217381222856, 39.101300626112042 ], [ -94.58170182850904, 39.101264295791559 ], [ -94.582188051742051, 39.101247768630671 ], [ -94.582674718624403, 39.101251089907045 ], [ -94.583160495645316, 39.101274250511629 ], [ -94.583644051731085, 39.101317186973603 ], [ -94.584124061889227, 39.101379781634378 ], [ -94.58459921083562, 39.1014618629696 ], [ -94.585068196595415, 39.101563206058955 ], [ -94.585529734067535, 39.101683533201964 ], [ -94.585982558543151, 39.101822514678332 ], [ -94.5864254291685, 39.10197976965074 ], [ -94.586857132342615, 39.102154867207553 ], [ -94.587276485040704, 39.102347327542738 ], [ -94.587682338054094, 39.102556623269543 ], [ -94.588073579137784, 39.102782180864608 ], [ -94.588449136057221, 39.103023382238419 ], [ -94.588807979525825, 39.103279566427787 ], [ -94.589149126025134, 39.103550031405845 ], [ -94.589471640500079, 39.10383403600455 ], [ -94.589774638921938, 39.104130801944429 ], [ -94.590057290711698, 39.104439515966085 ], [ -94.59031882101759, 39.104759332057547 ], [ -94.590558512840232, 39.105089373771541 ], [ -94.59077570899963, 39.105428736626067 ], [ -94.590969813938671, 39.105776490582095 ], [ -94.591140295358144, 39.106131682591233 ], [ -94.591286685678682, 39.106493339206622 ], [ -94.591408583325631, 39.106860469250016 ], [ -94.591505653833366, 39.10723206652726 ], [ -94.591577630765912, 39.107607112585491 ], [ -94.591624316451316, 39.107984579503707 ], [ -94.591645582527676, 39.108363432709751 ], [ -94.591641370299314, 39.108742633815538 ], [ -94.591611690902241, 39.109121143462957 ], [ -94.59155662527796, 39.10949792417258 ], [ -94.591476323956201, 39.109871943187571 ], [ -94.591371006646654, 39.110242175304492 ], [ -94.591240961641091, 39.110607605683946 ], [ -94.591086545027252, 39.110967232632817 ], [ -94.590908179716777, 39.111320070350523 ], [ -94.590706354289679, 39.111665151632167 ], [ -94.59048162165854, 39.112001530520558 ], [ -94.590234597556034, 39.112328284900279 ], [ -94.589965958849987, 39.112644519026546 ], [ -94.589676441690315, 39.112949365981827 ], [ -94.589366839493266, 39.113241990053538 ], [ -94.589038000768028, 39.11352158902632 ], [ -94.588690826792117, 39.113787396382492 ], [ -94.588326269141447, 39.114038683404807 ], [ -94.587945327082281, 39.114274761175508 ], [ -94.587549044831746, 39.114494982466312 ], [ -94.587138508694977, 39.114698743514147 ], [ -94.586714844086131, 39.11488548567764 ], [ -94.586279212442051, 39.115054696970049 ], [ -94.5858328080365, 39.115205913463946 ], [ -94.585376854704265, 39.115338720564345 ], [ -94.584912602483669, 39.115452754146446 ], [ -94.584441324186983, 39.115547701554696 ], [ -94.583964311908218, 39.115623302461074 ], [ -94.583482873477564, 39.115679349579352 ], [ -94.582998328872762, 39.115715689234115 ], [ -94.582512006596858, 39.115732221782515 ], [ -94.582025240032408, 39.115728901887863 ], [ -94.581539363782383, 39.11570573864406 ], [ -94.581055710007618, 39.115662795550818 ], [ -94.580575604770942, 39.11560019033945 ], [ -94.580100364398149, 39.115518094649858 ], [ -94.57963129186578, 39.115416733559599 ], [ -94.579169673225607, 39.115296384966413 ], [ -94.578716774075758, 39.115157378825607 ], [ -94.578273836088158, 39.115000096244714 ], [ -94.577842073601786, 39.114824968437837 ], [ -94.57742267029127, 39.1146324755425 ], [ -94.57701677591983, 39.114423145302133 ], [ -94.576625503185582, 39.11419755161824 ], [ -94.576249924669824, 39.113956312975745 ], [ -94.575891069895789, 39.11370009074615 ], [ -94.575549922505786, 39.113429587373112 ], [ -94.575227417564619, 39.113145544445317 ], [ -94.57492443899659, 39.112848740662216 ], [ -94.574641817163183, 39.112539989697794 ], [ -94.574380326587956, 39.112220137968762 ], [ -94.574140683834983, 39.111890062312881 ], [ -94.573923545546648, 39.111550667583998 ], [ -94.573729506646018, 39.111202884170389 ], [ -94.57355909870877, 39.110847665443195 ], [ -94.573412788509188, 39.11048598514197 ], [ -94.573290976744119, 39.110118834704487 ], [ -94.57319399693823, 39.109747220548321 ], [ -94.573122114533717, 39.109372161311313 ], [ -94.573075526166932, 39.108994685058811 ], [ -94.573054359133494, 39.108615826465254 ] ] ] } },
{ "type": "Feature", "properties": { }, "geometry": { "type": "Polygon", "coordinates": [ [ [ -94.355501539499741, 39.123158513199392 ], [ -94.35550701678325, 39.122779298507346 ], [ -94.355537965283631, 39.122400826781835 ], [ -94.355594299765784, 39.122024135374701 ], [ -94.355675865419997, 39.121650256741738 ], [ -94.355782438290873, 39.121280215613005 ], [ -94.355913725895277, 39.120915026184754 ], [ -94.35606936802823, 39.12055568934008 ], [ -94.356248937754017, 39.120203189906604 ], [ -94.356451942580037, 39.119858493957928 ], [ -94.356677825810038, 39.119522546166948 ], [ -94.356925968073, 39.11919626721776 ], [ -94.357195689023371, 39.118880551283517 ], [ -94.357486249208122, 39.118576263577076 ], [ -94.357796852095348, 39.118284237981015 ], [ -94.358126646258938, 39.118005274763696 ], [ -94.358474727713102, 39.117740138387433 ], [ -94.358840142390719, 39.117489555414885 ], [ -94.359221888758285, 39.117254212519335 ], [ -94.359618920560592, 39.117034754604276 ], [ -94.360030149687589, 39.116831783037419 ], [ -94.360454449155299, 39.116645854004197 ], [ -94.360890656193021, 39.116477476984684 ], [ -94.361337575428266, 39.116327113358849 ], [ -94.361793982160393, 39.116195175143218 ], [ -94.36225862571456, 39.116082023862994 ], [ -94.362730232866298, 39.115987969562262 ], [ -94.363207511327786, 39.115913269955222 ], [ -94.363689153286003, 39.115858129720735 ], [ -94.364173838983277, 39.115822699942086 ], [ -94.364660240330338, 39.115807077693347 ], [ -94.365147024542154, 39.115811305773818 ], [ -94.365632857786608, 39.115835372590837 ], [ -94.36611640883585, 39.115879212191693 ], [ -94.366596352710687, 39.11594270444418 ], [ -94.367071374307926, 39.116025675365577 ], [ -94.367540172000588, 39.116127897599057 ], [ -94.368001461201615, 39.116249091036146 ], [ -94.368453977880861, 39.116388923583692 ], [ -94.368896482026102, 39.116547012073134 ], [ -94.369327761038477, 39.116722923309489 ], [ -94.369746633053182, 39.116916175257728 ], [ -94.370151950176208, 39.11712623836231 ], [ -94.370542601628344, 39.117352536997394 ], [ -94.370917516787998, 39.117594451043004 ], [ -94.371275668124255, 39.117851317582989 ], [ -94.371616074012366, 39.118122432720497 ], [ -94.371937801423798, 39.118407053505479 ], [ -94.372239968483598, 39.118704399969438 ], [ -94.372521746888083, 39.119013657261434 ], [ -94.372782364175961, 39.119333977879897 ], [ -94.373021105847116, 39.119664483993965 ], [ -94.373237317322719, 39.120004269847861 ], [ -94.373430405741672, 39.120352404242048 ], [ -94.373599841588231, 39.120707933084134 ], [ -94.373745160146314, 39.121069882002686 ], [ -94.373865962776662, 39.121437259016702 ], [ -94.373961918013066, 39.121809057253543 ], [ -94.374032762474755, 39.122184257707737 ], [ -94.374078301592476, 39.122561832033327 ], [ -94.37409841014599, 39.122940745361895 ], [ -94.374093032611697, 39.123319959138662 ], [ -94.374062183319325, 39.123698433968862 ], [ -94.374005946417071, 39.124075132466622 ], [ -94.373924475645524, 39.124449022098489 ], [ -94.373817993920525, 39.124819078013878 ], [ -94.373686792726602, 39.125184285854537 ], [ -94.373531231322005, 39.125543644535632 ], [ -94.373351735757979, 39.125896168990316 ], [ -94.373148797714563, 39.126240892870825 ], [ -94.372922973156349, 39.12657687119826 ], [ -94.37267488081153, 39.126903182953953 ], [ -94.372405200478752, 39.127218933605306 ], [ -94.372114671166017, 39.127523257559112 ], [ -94.371804089066984, 39.127815320535639 ], [ -94.371474305380048, 39.128094321857006 ], [ -94.371126223976162, 39.128359496643377 ], [ -94.370760798921907, 39.128610117911293 ], [ -94.370379031864502, 39.128845498567898 ], [ -94.369981969285803, 39.129064993296012 ], [ -94.369570699633087, 39.129268000324515 ], [ -94.369146350334319, 39.12945396307952 ], [ -94.368710084706152, 39.129622371711456 ], [ -94.368263098763038, 39.129772764494014 ], [ -94.367806617936438, 39.129904729091216 ], [ -94.367341893713032, 39.130017903688817 ], [ -94.366870200201078, 39.130111977987262 ], [ -94.366392830634609, 39.130186694053272 ], [ -94.365911093824778, 39.130241847027591 ], [ -94.365426310568537, 39.130277285687441 ], [ -94.364939810023969, 39.130292912861393 ], [ -94.364452926062924, 39.130288685696215 ], [ -94.363966993610447, 39.130264615774493 ], [ -94.363483344981319, 39.130220769083003 ], [ -94.363003306223789, 39.130157265831613 ], [ -94.362528193480671, 39.130074280123573 ], [ -94.362059309377528, 39.129972039477671 ], [ -94.361597939448146, 39.129850824204148 ], [ -94.361145348607153, 39.129710966635393 ], [ -94.360702777679307, 39.129552850214132 ], [ -94.360271439995145, 39.129376908441301 ], [ -94.359852518062297, 39.129183623686579 ], [ -94.359447160321679, 39.128973525864893 ], [ -94.359056477997541, 39.12874719098243 ], [ -94.358681542049681, 39.128505239556361 ], [ -94.358323380236783, 39.12824833491235 ], [ -94.357982974298395, 39.12797718136472 ], [ -94.357661257263601, 39.127692522284349 ], [ -94.357359110893654, 39.127395138059335 ], [ -94.35707736326556, 39.127085843954319 ], [ -94.356816786503401, 39.126765487874174 ], [ -94.356578094663305, 39.12643494803833 ], [ -94.356361941778147, 39.126095130572011 ], [ -94.356168920067063, 39.125746967021108 ], [ -94.355999558314977, 39.125391411797445 ], [ -94.355854320426147, 39.12502943956153 ], [ -94.355733604156001, 39.12466204254978 ], [ -94.355637740024591, 39.124290227853997 ], [ -94.355566990414488, 39.123915014659957 ], [ -94.355521548855748, 39.123537431453173 ], [ -94.355501539499741, 39.123158513199392 ] ] ] } },
{ "type": "Feature", "properties": { }, "geometry": { "type": "Polygon", "coordinates": [ [ [ -94.541544591277088, 39.105783306633661 ], [ -94.541549072469564, 39.105404101733924 ], [ -94.541579019272802, 39.105025599226536 ], [ -94.541634349197238, 39.104648836549352 ], [ -94.541714910186343, 39.104274846355111 ], [ -94.541820481037803, 39.103904653681248 ], [ -94.541950772014076, 39.103539273140903 ], [ -94.542105425640671, 39.103179706142498 ], [ -94.542284017689838, 39.102826938145817 ], [ -94.542486058346981, 39.10248193596189 ], [ -94.542710993556639, 39.102145645104088 ], [ -94.542958206544, 39.101818987197888 ], [ -94.543227019508237, 39.101502857456033 ], [ -94.543516695482467, 39.101198122226307 ], [ -94.543826440355673, 39.100905616618533 ], [ -94.544155405050631, 39.100626142217159 ], [ -94.54450268785223, 39.100360464885846 ], [ -94.544867336879392, 39.100109312670099 ], [ -94.545248352694259, 39.099873373803341 ], [ -94.545644691041105, 39.099653294822289 ], [ -94.546055265707594, 39.099449678796582 ], [ -94.546478951500788, 39.099263083677421 ], [ -94.546914587329326, 39.099094020769861 ], [ -94.54736097938374, 39.09894295333293 ], [ -94.547816904405977, 39.098810295311218 ], [ -94.548281113039266, 39.09869641020169 ], [ -94.548752333249254, 39.098601610058552 ], [ -94.54922927380693, 39.09852615463889 ], [ -94.549710627823913, 39.098470250691797 ], [ -94.550195076330553, 39.098434051392204 ], [ -94.550681291886747, 39.098417655921907 ], [ -94.551167942216082, 39.098421109197872 ], [ -94.551653693853041, 39.098444401749518 ], [ -94.552137215793465, 39.098487469744661 ], [ -94.55261718313821, 39.098550195164421 ], [ -94.553092280720335, 39.09863240612632 ], [ -94.553561206705496, 39.098733877355002 ], [ -94.554022676156208, 39.098854330798993 ], [ -94.554475424549679, 39.098993436392021 ], [ -94.554918211240349, 39.099150812956779 ], [ -94.555349822856883, 39.099326029248516 ], [ -94.555769076624998, 39.099518605135884 ], [ -94.556174823606725, 39.099728012915584 ], [ -94.556565951847205, 39.09995367875716 ], [ -94.5569413894207, 39.10019498427453 ], [ -94.557300107367226, 39.100451268219068 ], [ -94.557641122511868, 39.100721828290489 ], [ -94.557963500159133, 39.1010059230601 ], [ -94.558266356654798, 39.101302774001219 ], [ -94.55854886180839, 39.101611567621397 ], [ -94.558810241169624, 39.101931457690398 ], [ -94.559049778152399, 39.102261567558024 ], [ -94.559266816000729, 39.102600992555345 ], [ -94.559460759591047, 39.10294880247281 ], [ -94.559631077066058, 39.103304044108427 ], [ -94.559777301295469, 39.103665743879134 ], [ -94.559899031159603, 39.104032910488129 ], [ -94.559995932652541, 39.104404537640825 ], [ -94.560067739801426, 39.104779606802154 ], [ -94.560114255399554, 39.105157089987564 ], [ -94.560135351551139, 39.105535952580034 ], [ -94.56013097002635, 39.105915156165459 ], [ -94.560101122425209, 39.106293661378672 ], [ -94.560045890150391, 39.106670430752132 ], [ -94.559965424188562, 39.107044431559743 ], [ -94.559859944700904, 39.107414638647789 ], [ -94.559729740423947, 39.107780037245206 ], [ -94.559575167882301, 39.10813962574575 ], [ -94.559396650415309, 39.108492418454013 ], [ -94.559194677020443, 39.10883744828827 ], [ -94.558969801016232, 39.109173769432196 ], [ -94.558722638528806, 39.109500459928462 ], [ -94.558453866805706, 39.109816624207291 ], [ -94.558164222361953, 39.110121395542478 ], [ -94.557854498963152, 39.110413938428664 ], [ -94.557525545451213, 39.11069345087293 ], [ -94.557178263418763, 39.110959166594817 ], [ -94.556813604738409, 39.111210357128236 ], [ -94.556432568953781, 39.111446333819913 ], [ -94.55603620053941, 39.111666449718719 ], [ -94.555625586037053, 39.111870101350547 ], [ -94.555201851076106, 39.112056730374078 ], [ -94.554766157286593, 39.112225825112802 ], [ -94.554319699113051, 39.112376921958941 ], [ -94.553863700537931, 39.112509606645695 ], [ -94.553399411723859, 39.112623515383916 ], [ -94.552928105583689, 39.112718335860571 ], [ -94.552451074287873, 39.112793808095759 ], [ -94.551969625718954, 39.112849725156181 ], [ -94.551485079882511, 39.112885933723177 ], [ -94.550998765285016, 39.112902334513493 ], [ -94.550512015287978, 39.112898882551832 ], [ -94.550026164448923, 39.112875587294376 ], [ -94.54954254485888, 39.112832512602964 ], [ -94.549062482486846, 39.112769776569834 ], [ -94.548587293540933, 39.112687551193751 ], [ -94.548118280856443, 39.11258606190799 ], [ -94.547656730320796, 39.112465586961868 ], [ -94.547203907345136, 39.112326456657243 ], [ -94.546761053392203, 39.112169052442162 ], [ -94.546329382570235, 39.111993805864309 ], [ -94.545910078302171, 39.11180119738686 ], [ -94.545504290079307, 39.111591755070208 ], [ -94.545113130308337, 39.111366053123128 ], [ -94.544737671260449, 39.11112471032736 ], [ -94.544378942130905, 39.110868388339924 ], [ -94.544037926217129, 39.110597789877936 ], [ -94.54371555822307, 39.110313656790652 ], [ -94.543412721697166, 39.110016768024629 ], [ -94.543130246611099, 39.109707937486689 ], [ -94.542868907085733, 39.109388011811561 ], [ -94.542629419270725, 39.109057868039557 ], [ -94.542412439383369, 39.108718411211079 ], [ -94.542218561912179, 39.108370571884429 ], [ -94.542048317990023, 39.108015303583763 ], [ -94.541902173941409, 39.107653580184355 ], [ -94.541780530007458, 39.107286393241864 ], [ -94.54168371925266, 39.106914749273635 ], [ -94.541612006655697, 39.106539666998984 ], [ -94.541565588387371, 39.106162174546135 ], [ -94.541544591277088, 39.105783306633661 ] ] ] } },
{ "type": "Feature", "properties": { }, "geometry": { "type": "Polygon", "coordinates": [ [ [ -94.429002276787401, 39.043544181542615 ], [ -94.429007367134133, 39.043164965738995 ], [ -94.429037900340219, 39.042786477366008 ], [ -94.429093792310269, 39.042409753821843 ], [ -94.429174889448845, 39.042035827651084 ], [ -94.429280969085838, 39.041665723714864 ], [ -94.429411740091055, 39.041300456382352 ], [ -94.42956684367627, 39.040941026750971 ], [ -94.429745854382475, 39.040588419903465 ], [ -94.429948281249779, 39.040243602208619 ], [ -94.4301735691662, 39.039907518673779 ], [ -94.430421100392465, 39.039581090355874 ], [ -94.430690196257601, 39.039265211838178 ], [ -94.43098011902147, 39.038960748779807 ], [ -94.43129007389868, 39.038668535544623 ], [ -94.431619211238441, 39.038389372915852 ], [ -94.431966628854269, 39.038124025902889 ], [ -94.432331374497409, 39.037873221646166 ], [ -94.432712448466788, 39.037637647425861 ], [ -94.433108806348727, 39.037417948779797 ], [ -94.433519361878709, 39.037214727735751 ], [ -94.433942989917284, 39.03702854116306 ], [ -94.434378529532324, 39.03685989924778 ], [ -94.434824787178769, 39.036709264095883 ], [ -94.435280539967408, 39.036577048468025 ], [ -94.435744539013797, 39.036463614649591 ], [ -94.436215512858084, 39.036369273458817 ], [ -94.436692170946273, 39.036294283395875 ], [ -94.437173207163823, 39.036238849935359 ], [ -94.437657303411427, 39.036203124963741 ], [ -94.438143133213686, 39.036187206363664 ], [ -94.43862936535038, 39.036191137746101 ], [ -94.439114667500988, 39.036214908330976 ], [ -94.439597709891885, 39.03625845297681 ], [ -94.440077168936739, 39.036321652359121 ], [ -94.440551730860065, 39.036404333297163 ], [ -94.441020095293865, 39.036506269228155 ], [ -94.44148097883776, 39.036627180827594 ], [ -94.441933118572905, 39.036766736773984 ], [ -94.442375275519836, 39.036924554656153 ], [ -94.442806238031167, 39.037100202020106 ], [ -94.443224825109567, 39.037293197553275 ], [ -94.443629889642224, 39.03750301240224 ], [ -94.444020321542723, 39.037729071620959 ], [ -94.444395050791854, 39.037970755745057 ], [ -94.444753050369087, 39.038227402487998 ], [ -94.445093339066617, 39.038498308554878 ], [ -94.445414984178313, 39.038782731568269 ], [ -94.445717104056143, 39.039079892101348 ], [ -94.445998870527205, 39.039388975812535 ], [ -94.44625951116457, 39.039709135675828 ], [ -94.446498311405847, 39.040039494300835 ], [ -94.446714616513461, 39.040379146335972 ], [ -94.446907833371611, 39.040727160948521 ], [ -94.447077432114412, 39.041082584374536 ], [ -94.447222947581338, 39.041444442531699 ], [ -94.447343980595363, 39.041811743688051 ], [ -94.447440199060793, 39.042183481179208 ], [ -94.447511338877376, 39.042558636166653 ], [ -94.447557204668129, 39.042936180429528 ], [ -94.447577670319276, 39.043315079182356 ], [ -94.447572679330165, 39.043694293910903 ], [ -94.447542244972638, 39.044072785218468 ], [ -94.447486450259049, 39.0444495156747 ], [ -94.447405447719305, 39.044823452659308 ], [ -94.447299458987047, 39.045193571192662 ], [ -94.447168774196513, 39.045558856745664 ], [ -94.447013751191349, 39.045918308021228 ], [ -94.446834814547671, 39.046270939699546 ], [ -94.446632454414015, 39.046615785139743 ], [ -94.4464072251711, 39.046951899030468 ], [ -94.446159743915445, 39.047278359982229 ], [ -94.445890688770504, 39.047594273054237 ], [ -94.445600797030266, 39.04789877220874 ], [ -94.445290863140229, 39.04819102268641 ], [ -94.444961736521265, 39.048470223296022 ], [ -94.444614319242348, 39.048735608612034 ], [ -94.444249563548595, 39.04898645107432 ], [ -94.443868469251186, 39.049222062984157 ], [ -94.443472080986496, 39.049441798390795 ], [ -94.443061485351933, 39.049645054863653 ], [ -94.442637807926346, 39.049831275145273 ], [ -94.442202210182927, 39.049999948680281 ], [ -94.441755886303653, 39.050150613016235 ], [ -94.441300059903369, 39.050282855072737 ], [ -94.440835980673, 39.050396312274877 ], [ -94.440364920950969, 39.050490673548211 ], [ -94.439888172232102, 39.050565680172525 ], [ -94.439407041623951, 39.050621126491762 ], [ -94.438922848259978, 39.050656860478618 ], [ -94.438436919679631, 39.050672784151615 ], [ -94.437950588185316, 39.050668853844243 ], [ -94.437465187186149, 39.050645080324777 ], [ -94.436982047538791, 39.050601528766883 ], [ -94.436502493895091, 39.05053831857073 ], [ -94.436027841067016, 39.05045562303556 ], [ -94.435559390418533, 39.050353668884071 ], [ -94.435098426294587, 39.050232735640449 ], [ -94.434646212496887, 39.050093154863234 ], [ -94.434203988816336, 39.049935309235728 ], [ -94.433772967631498, 39.049759631515876 ], [ -94.433354330582503, 39.049566603348843 ], [ -94.432949225329651, 39.049356753945581 ], [ -94.432558762405506, 39.049130658630723 ], [ -94.432184012169216, 39.048888937264138 ], [ -94.431826001871201, 39.048632252540372 ], [ -94.431485712836746, 39.048361308170463 ], [ -94.431164077775676, 39.048076846951489 ], [ -94.430861978225892, 39.047779648728877 ], [ -94.43058024213758, 39.047470528257122 ], [ -94.430319641604797, 39.047150332964982 ], [ -94.430080890750546, 39.04681994063106 ], [ -94.429864643771296, 39.046480256976217 ], [ -94.429671493145989, 39.046132213179604 ], [ -94.429501968014819, 39.045776763324938 ], [ -94.429356532731873, 39.045414881784062 ], [ -94.429235585595592, 39.045047560545157 ], [ -94.429139457760826, 39.04467580649262 ], [ -94.429068412334843, 39.044300638646448 ], [ -94.429022643660446, 39.043923085368363 ], [ -94.429002276787401, 39.043544181542615 ] ] ] } },
{ "type": "Feature", "properties": { }, "geometry": { "type": "Polygon", "coordinates": [ [ [ -94.437477033934428, 39.007444767640543 ], [ -94.437482082347216, 39.007065550087411 ], [ -94.437512560697002, 39.006687058362019 ], [ -94.437568385039413, 39.006310329871859 ], [ -94.437649401965118, 39.005936397175148 ], [ -94.437755389024474, 39.00556628515109 ], [ -94.437886055341664, 39.005201008191143 ], [ -94.438041042415975, 39.004841567419341 ], [ -94.438219925108257, 39.004488947949064 ], [ -94.438422212809897, 39.004144116183951 ], [ -94.438647350790816, 39.003808017170101 ], [ -94.43889472172296, 39.003481572007054 ], [ -94.439163647374983, 39.00316567532451 ], [ -94.43945339047346, 39.002861192831581 ], [ -94.439763156725547, 39.002568958945588 ], [ -94.440092096997446, 39.002289774506586 ], [ -94.440439309642812, 39.00202440458397 ], [ -94.440803842974518, 39.001773576381169 ], [ -94.441184697873211, 39.001537977244169 ], [ -94.44158083052541, 39.001318252779278 ], [ -94.441991155283546, 39.001115005085218 ], [ -94.442414547640297, 39.000928791104521 ], [ -94.442849847309034, 39.000760121098487 ], [ -94.443295861401822, 39.000609457250206 ], [ -94.443751367696422, 39.000477212399119 ], [ -94.44421511798339, 39.000363748910729 ], [ -94.444685841484016, 39.000269377684674 ], [ -94.445162248329794, 39.000194357303499 ], [ -94.445643033094086, 39.000138893324895 ], [ -94.446126878366073, 39.000103137718959 ], [ -94.446612458357492, 39.000087188452284 ], [ -94.447098442532152, 39.000091089219843 ], [ -94.44758349924841, 39.000114829325391 ], [ -94.44806629940463, 39.000158343710872 ], [ -94.448545520077801, 39.00022151313464 ], [ -94.449019848145099, 39.000304164497926 ], [ -94.449487983878896, 39.000406071318885 ], [ -94.449948644505156, 39.000526954352566 ], [ -94.450400567715462, 39.000666482355655 ], [ -94.450842515123412, 39.000824272993341 ], [ -94.451273275655538, 39.00099989388611 ], [ -94.451691668867866, 39.00119286379374 ], [ -94.452096548178645, 39.00140265393285 ], [ -94.452486804009013, 39.001628689424884 ], [ -94.452861366822233, 39.001870350870284 ], [ -94.453219210053959, 39.002126976044472 ], [ -94.453559352924984, 39.002397861711472 ], [ -94.453880863129015, 39.002682265549538 ], [ -94.454182859388027, 39.002979408184231 ], [ -94.454464513868189, 39.003288475322847 ], [ -94.454725054449938, 39.003608619984632 ], [ -94.454963766845495, 39.003938964820705 ], [ -94.455179996558613, 39.004278604517147 ], [ -94.455373150680643, 39.004626608274947 ], [ -94.455542699518261, 39.004982022359812 ], [ -94.455688178048348, 39.005343872714931 ], [ -94.455809187195825, 39.005711167629713 ], [ -94.455905394931094, 39.006082900456839 ], [ -94.455976537184014, 39.006458052370519 ], [ -94.456022418571706, 39.006835595158378 ], [ -94.456042912938358, 39.007214494039012 ], [ -94.456037963705384, 39.007593710497893 ], [ -94.456007584030843, 39.007972205133647 ], [ -94.455951856777986, 39.008348940506927 ], [ -94.455870934292463, 39.008722883984035 ], [ -94.455765037989153, 39.009093010567703 ], [ -94.455634457749568, 39.00945830570695 ], [ -94.455479551131347, 39.00981776807857 ], [ -94.455300742392112, 39.010170412332492 ], [ -94.455098521330243, 39.010515271793579 ], [ -94.454873441945722, 39.010851401112305 ], [ -94.454626120924559, 39.011177878857026 ], [ -94.454357235951306, 39.011493810041181 ], [ -94.454067523853695, 39.011798328577569 ], [ -94.453757778584915, 39.012090599653995 ], [ -94.453428849048862, 39.01236982202294 ], [ -94.453081636774272, 39.012635230199436 ], [ -94.452717093444178, 39.012886096560941 ], [ -94.452336218287513, 39.013121733343382 ], [ -94.451940055339691, 39.013341494528014 ], [ -94.451529690580216, 39.013544777613802 ], [ -94.451106248954645, 39.013731025270452 ], [ -94.450670891289434, 39.013899726867706 ], [ -94.450224811107958, 39.014050419876348 ], [ -94.449769231356498, 39.014182691137471 ], [ -94.449305401049301, 39.014296177996194 ], [ -94.44883459184183, 39.014390569296836 ], [ -94.448358094541589, 39.014465606236904 ], [ -94.447877215566265, 39.014521083077298 ], [ -94.447393273358884, 39.014556847706999 ], [ -94.446907594769712, 39.014572802060506 ], [ -94.446421511415252, 39.014568902387211 ], [ -94.445936356023765, 39.014545159371295 ], [ -94.445453458777962, 39.014501638102722 ], [ -94.444974143664624, 39.014438457898542 ], [ -94.444499724841265, 39.014355791975625 ], [ -94.444031503029848, 39.014253866975388 ], [ -94.443570761947512, 39.01413296234189 ], [ -94.44311876478416, 39.013993409555134 ], [ -94.442676750736453, 39.013835591221472 ], [ -94.442245931607928, 39.013659940023842 ], [ -94.44182748848462, 39.01346693753451 ], [ -94.441422568495057, 39.013257112893811 ], [ -94.441032281663837, 39.01303104135831 ], [ -94.440657697867309, 39.012789342722478 ], [ -94.440299843899737, 39.012532679618339 ], [ -94.439959700657951, 39.012261755697473 ], [ -94.439638200452293, 39.011977313700704 ], [ -94.439336224451267, 39.011680133420562 ], [ -94.439054600266729, 39.011371029562213 ], [ -94.438794099686334, 39.011050849508699 ], [ -94.438555436559597, 39.010720470996674 ], [ -94.438339264842938, 39.010380799709012 ], [ -94.438146176809624, 39.01003276679085 ], [ -94.437976701428852, 39.009677326295964 ], [ -94.437831302918994, 39.009315452570512 ], [ -94.437710379478361, 39.00894813758115 ], [ -94.437614262197542, 39.008576388195138 ], [ -94.437543214155653, 39.008201223419654 ], [ -94.437497429703356, 39.00782367160803 ], [ -94.437477033934428, 39.007444767640543 ] ] ] } },
{ "type": "Feature", "properties": { }, "geometry": { "type": "Polygon", "coordinates": [ [ [ -94.473836878430831, 39.009787666519244 ], [ -94.473841732346798, 39.0094084512737 ], [ -94.473872017164538, 39.009029953904232 ], [ -94.473927649470056, 39.008653211834094 ], [ -94.474008476380149, 39.00827925765909 ], [ -94.474114275965817, 39.007909116317556 ], [ -94.474244757864795, 39.007543802281589 ], [ -94.474399564081523, 39.007184316777106 ], [ -94.47457826997217, 39.006831645040386 ], [ -94.474780385412316, 39.006486753618518 ], [ -94.475005356143612, 39.006150587721315 ], [ -94.475252565295875, 39.005824068631853 ], [ -94.4755213350807, 39.005508091182534 ], [ -94.475810928651313, 39.005203521304033 ], [ -94.476120552124172, 39.004911193653221 ], [ -94.476449356756262, 39.004631909327244 ], [ -94.476796441272398, 39.004366433669261 ], [ -94.47716085433612, 39.004115494172517 ], [ -94.477541597157156, 39.003879778488006 ], [ -94.477937626228638, 39.003659932541403 ], [ -94.478347856186375, 39.003456558764263 ], [ -94.478771162782436, 39.003270214444569 ], [ -94.479206385964716, 39.003101410200699 ], [ -94.479652333054531, 39.002950608583483 ], [ -94.480107782012894, 39.002818222809744 ], [ -94.480571484787191, 39.002704615631025 ], [ -94.481042170728585, 39.002610098340476 ], [ -94.481518550071343, 39.002534929920785 ], [ -94.481999317463973, 39.002479316335062 ], [ -94.482483155543179, 39.00244340996317 ], [ -94.482968738540308, 39.002427309184633 ], [ -94.483454735910954, 39.002431058109373 ], [ -94.483939815977322, 39.002454646457011 ], [ -94.484422649573929, 39.00249800958516 ], [ -94.48490191368623, 39.002561028666442 ], [ -94.485376295072584, 39.002643531013881 ], [ -94.485844493859531, 39.002745290553726 ], [ -94.486305227100473, 39.002866028444515 ], [ -94.486757232288397, 39.003005413840498 ], [ -94.487199270812582, 39.003163064797498 ], [ -94.487630131350343, 39.003338549318656 ], [ -94.488048633184007, 39.003531386537361 ], [ -94.488453629434687, 39.003741048033788 ], [ -94.488844010203508, 39.003966959281861 ], [ -94.489218705611876, 39.004208501222479 ], [ -94.489576688732555, 39.004465011958601 ], [ -94.489916978403514, 39.004735788567835 ], [ -94.490238641916633, 39.005020089027433 ], [ -94.490540797574255, 39.005317134246319 ], [ -94.490822617106218, 39.005626110198904 ], [ -94.491083327941055, 39.005946170154466 ], [ -94.491322215324885, 39.006276436996473 ], [ -94.491538624282271, 39.00661600562492 ], [ -94.491731961413706, 39.006963945435821 ], [ -94.491901696524664, 39.007319302870357 ], [ -94.49204736408177, 39.007681104027263 ], [ -94.492168564492161, 39.008048357331042 ], [ -94.492264965202239, 39.008420056248703 ], [ -94.492336301613122, 39.008795182047749 ], [ -94.492382377809875, 39.009172706587648 ], [ -94.492403067102813, 39.009551595137332 ], [ -94.492398312379052, 39.009930809210921 ], [ -94.492368126263486, 39.010309309413906 ], [ -94.492312591088748, 39.010686058291938 ], [ -94.492231858673804, 39.011060023174707 ], [ -94.492126149912352, 39.011430179006503 ], [ -94.491995754171583, 39.011795511156478 ], [ -94.491841028503117, 39.012155018200268 ], [ -94.491662396668232, 39.012507714665595 ], [ -94.491460347979981, 39.012852633734454 ], [ -94.491235435965407, 39.013188829894091 ], [ -94.490988276851326, 39.013515381529892 ], [ -94.490719547877973, 39.013831393452861 ], [ -94.490429985444919, 39.014135999354657 ], [ -94.490120383094606, 39.014428364183672 ], [ -94.489791589338623, 39.014707686435479 ], [ -94.489444505332955, 39.014973200351356 ], [ -94.48908008240852, 39.015224178018933 ], [ -94.488699319463578, 39.015459931368973 ], [ -94.488303260225521, 39.015679814063176 ], [ -94.487892990389014, 39.01588322326733 ], [ -94.487469634638941, 39.016069601305318 ], [ -94.487034353565917, 39.016238437189337 ], [ -94.486588340482911, 39.016389268021904 ], [ -94.486132818151944, 39.016521680266116 ], [ -94.485669035429524, 39.016635310880403 ], [ -94.485198263840374, 39.016729848314824 ], [ -94.484721794088642, 39.016805033366047 ], [ -94.484240932516357, 39.016860659888714 ], [ -94.483756997518654, 39.016896575361216 ], [ -94.483271315926046, 39.016912681304319 ], [ -94.48278521936318, 39.016908933551534 ], [ -94.482300040594623, 39.016885342370372 ], [ -94.481817109867265, 39.0168419724343 ], [ -94.481337751259801, 39.016778942645267 ], [ -94.480863279049203, 39.016696425807574 ], [ -94.480394994104046, 39.01659464815372 ], [ -94.479934180314856, 39.01647388872361 ], [ -94.479482101071184, 39.016334478599035 ], [ -94.479039995795077, 39.016176799995065 ], [ -94.478609076540621, 39.016001285211459 ], [ -94.478190524668761, 39.015808415446408 ], [ -94.47778548760661, 39.015598719476323 ], [ -94.477395075700215, 39.015372772204962 ], [ -94.477020359169316, 39.015131193086134 ], [ -94.476662365172544, 39.014874644424189 ], [ -94.476322074991117, 39.014603829557039 ], [ -94.476000421338725, 39.014319490926624 ], [ -94.475698285805009, 39.014022408042187 ], [ -94.475416496439635, 39.013713395342023 ], [ -94.475155825483554, 39.013393299959432 ], [ -94.474916987253749, 39.013062999399153 ], [ -94.474700636187109, 39.012723399130536 ], [ -94.474507365048851, 39.012375430104292 ], [ -94.474337703310496, 39.012020046199297 ], [ -94.474192115701527, 39.011658221606837 ], [ -94.474071000938878, 39.011290948159171 ], [ -94.473974690637775, 39.010919232609972 ], [ -94.473903448406546, 39.010544093873996 ], [ -94.473857469128291, 39.0101665602335 ], [ -94.473836878430831, 39.009787666519244 ] ] ] } },
{ "type": "Feature", "properties": { }, "geometry": { "type": "Polygon", "coordinates": [ [ [ -94.263496487924272, 39.006500922203038 ], [ -94.263502465890753, 39.00612169636009 ], [ -94.263533872716764, 39.005743234315936 ], [ -94.263590621913437, 39.005366573395193 ], [ -94.263672557537006, 39.004992745969417 ], [ -94.263779454620703, 39.004622776627777 ], [ -94.263911019795557, 39.004257679369303 ], [ -94.264066892098484, 39.003898454824146 ], [ -94.264246643965734, 39.003546087511822 ], [ -94.264449782408164, 39.003201543143689 ], [ -94.264675750365967, 39.002865765977127 ], [ -94.264923928238417, 39.002539676228629 ], [ -94.265193635584822, 39.00222416755296 ], [ -94.265484132991688, 39.00192010459515 ], [ -94.265794624101289, 39.001628320622203 ], [ -94.266124257795767, 39.001349615240642 ], [ -94.266472130530857, 39.001084752206673 ], [ -94.266837288812951, 39.000834457334435 ], [ -94.267218731812477, 39.000599416508273 ], [ -94.267615414106658, 39.000380273804517 ], [ -94.268026248543975, 39.000177629727851 ], [ -94.26845010922267, 38.999992039566948 ], [ -94.268885834574775, 38.99982401187409 ], [ -94.269332230547789, 38.99967400707272 ], [ -94.269788073874793, 38.999542436196919 ], [ -94.270252115424356, 38.999429659766044 ], [ -94.270723083621021, 38.999335986797782 ], [ -94.271199687926895, 38.99926167396216 ], [ -94.271680622375229, 38.999206924878948 ], [ -94.272164569145701, 38.999171889560195 ], [ -94.2726502021724, 38.999156663999777 ], [ -94.273136190773997, 38.999161289910496 ], [ -94.273621203296642, 38.999185754610139 ], [ -94.274103910759578, 38.999229991056062 ], [ -94.274582990493144, 38.999293878029007 ], [ -94.275057129760015, 38.999377240464923 ], [ -94.27552502934887, 38.999479849934282 ], [ -94.275985407131472, 38.999601425267585 ], [ -94.276437001573072, 38.999741633325208 ], [ -94.276878575186487, 38.99990008990941 ], [ -94.277308917920763, 39.000076360816436 ], [ -94.277726850474778, 39.000269963025232 ], [ -94.278131227527084, 39.000480366020128 ], [ -94.27852094087288, 39.000706993243348 ], [ -94.278894922459756, 39.000949223673857 ], [ -94.279252147313755, 39.001206393527895 ], [ -94.279591636347888, 39.001477798076607 ], [ -94.279912459045207, 39.00176269357604 ], [ -94.280213736009358, 39.00206029930397 ], [ -94.280494641375441, 39.002369799698016 ], [ -94.280754405074475, 39.002690346589432 ], [ -94.280992314945635, 39.003021061526198 ], [ -94.28120771868997, 39.003361038179179 ], [ -94.281400025660531, 39.003709344824884 ], [ -94.281568708483988, 39.004065026897791 ], [ -94.281713304509097, 39.004427109605381 ], [ -94.281833417078076, 39.004794600598949 ], [ -94.281928716617472, 39.005166492692396 ], [ -94.281998941545339, 39.005541766622031 ], [ -94.282043898992342, 39.005919393839527 ], [ -94.282063465334588, 39.006298339330584 ], [ -94.28205758653688, 39.006677564451408 ], [ -94.282026278305239, 39.007056029775342 ], [ -94.281969626048308, 39.007432697941844 ], [ -94.281887784647751, 39.007806536499977 ], [ -94.281780978038014, 39.008176520738587 ], [ -94.281649498596849, 39.008541636495437 ], [ -94.281493706347959, 39.008900882937716 ], [ -94.28131402797807, 39.00925327530598 ], [ -94.281110955671039, 39.009597847614366 ], [ -94.280885045762076, 39.009933655299378 ], [ -94.280636917215929, 39.010259777810148 ], [ -94.280367249932866, 39.010575321132947 ], [ -94.280076782887392, 39.010879420243143 ], [ -94.279766312104641, 39.011171241477705 ], [ -94.279436688479734, 39.011449984821773 ], [ -94.279088815446627, 39.011714886103256 ], [ -94.278723646502186, 39.011965219088985 ], [ -94.278342182592823, 39.012200297477015 ], [ -94.277945469370394, 39.012419476779478 ], [ -94.277534594325232, 39.012622156090714 ], [ -94.277110683804068, 39.012807779736008 ], [ -94.27667489992092, 39.012975838796244 ], [ -94.276228437369568, 39.013125872504254 ], [ -94.27577252014639, 39.013257469509298 ], [ -94.275308398192422, 39.013370269005719 ], [ -94.27483734396408, 39.013463961723112 ], [ -94.274360648941794, 39.013538290775102 ], [ -94.273879620086262, 39.01359305236425 ], [ -94.273395576252128, 39.013628096341463 ], [ -94.272909844568758, 39.013643326618009 ], [ -94.272423756798389, 39.0136387014294 ], [ -94.27193864568136, 39.013614233449985 ], [ -94.271455841278694, 39.013569989758302 ], [ -94.270976667322074, 39.013506091652999 ], [ -94.270502437581243, 39.013422714320122 ], [ -94.270034452258727, 39.01332008635238 ], [ -94.269573994422061, 39.013198489121947 ], [ -94.269122326483114, 39.013058256008392 ], [ -94.268680686734299, 39.01289977148393 ], [ -94.268250285951183, 39.012723470058468 ], [ -94.267832304070865, 39.012529835087399 ], [ -94.267427886955232, 39.01231939744536 ], [ -94.26703814324803, 39.012092734069732 ], [ -94.266664141334317, 39.011850466377624 ], [ -94.266306906410733, 39.011593258561078 ], [ -94.265967417674617, 39.011321815764845 ], [ -94.26564660563966, 39.011036882151906 ], [ -94.265345349585346, 39.010739238862136 ], [ -94.26506447514754, 39.010429701869384 ], [ -94.264804752056335, 39.010109119743383 ], [ -94.264566892027645, 39.009778371322234 ], [ -94.264351546814368, 39.009438363301896 ], [ -94.264159306422144, 39.009090027749529 ], [ -94.263990697494847, 39.008734319547408 ], [ -94.263846181874129, 39.008372213774273 ], [ -94.26372615533684, 39.00800470303156 ], [ -94.263630946513857, 39.007632794721744 ], [ -94.263560815993173, 39.00725750828618 ], [ -94.263515955609847, 39.006879872410224 ], [ -94.263496487924272, 39.006500922203038 ] ] ] } },
{ "type": "Feature", "properties": { }, "geometry": { "type": "Polygon", "coordinates": [ [ [ -94.505004463165449, 39.105550392699541 ], [ -94.505009140293964, 39.105171185334164 ], [ -94.505039282841778, 39.104792688354557 ], [ -94.50509480778291, 39.104415939183141 ], [ -94.50517556252646, 39.10404197043529 ], [ -94.505281325339183, 39.103671807089391 ], [ -94.50541180595765, 39.103306463677875 ], [ -94.505566646387862, 39.102946941507128 ], [ -94.505745421890424, 39.102594225913805 ], [ -94.505947642148286, 39.102249283565065 ], [ -94.506172752614106, 39.10191305981008 ], [ -94.50642013603327, 39.101586476090198 ], [ -94.50668911413824, 39.101270427414676 ], [ -94.506978949510057, 39.100965779908968 ], [ -94.507288847601345, 39.100673368442372 ], [ -94.507617958915503, 39.100393994341189 ], [ -94.507965381336092, 39.100128423194214 ], [ -94.508330162599975, 39.099877382755857 ], [ -94.5087113029074, 39.099641560953195 ], [ -94.509107757661937, 39.099421604002195 ], [ -94.509518440332783, 39.099218114638099 ], [ -94.509942225431487, 39.099031650465065 ], [ -94.510377951595004, 39.098862722429416 ], [ -94.51082442476671, 39.098711793420676 ], [ -94.511280421466637, 39.098579277004262 ], [ -94.511744692141932, 39.098465536289225 ], [ -94.51221596458852, 39.098370882934255 ], [ -94.51269294743453, 39.098295576294419 ], [ -94.513174333675892, 39.098239822711257 ], [ -94.51365880425476, 39.098203774947919 ], [ -94.514145031670679, 39.098187531771124 ], [ -94.514631683614795, 39.09819113768075 ], [ -94.515117426617124, 39.098214582788188 ], [ -94.515600929697115, 39.098257802843413 ], [ -94.516080868007236, 39.098320679411103 ], [ -94.516555926459887, 39.098403040194754 ], [ -94.517024803327772, 39.098504659508684 ], [ -94.5174862138077, 39.098625258895787 ], [ -94.517938893538201, 39.098764507890039 ], [ -94.518381602061496, 39.098922024921301 ], [ -94.518813126220067, 39.099097378360042 ], [ -94.519232283478928, 39.099290087699188 ], [ -94.519637925164062, 39.099499624869786 ], [ -94.520028939608721, 39.099725415686926 ], [ -94.520404255198514, 39.099966841421974 ], [ -94.520762843307253, 39.100223240496945 ], [ -94.521103721115296, 39.100493910295974 ], [ -94.521425954303012, 39.10077810908961 ], [ -94.521728659611554, 39.10107505806603 ], [ -94.522011007264311, 39.101383943463993 ], [ -94.522272223242098, 39.101703918801604 ], [ -94.522511591406143, 39.102034107194818 ], [ -94.522728455462655, 39.102373603759311 ], [ -94.522922220763988, 39.102721478089173 ], [ -94.523092355941088, 39.103076776805644 ], [ -94.52323839436292, 39.103438526168972 ], [ -94.523359935418782, 39.10380573474616 ], [ -94.523456645619973, 39.104177396127291 ], [ -94.523528259517732, 39.104552491683208 ], [ -94.523574580434854, 39.104929993356713 ], [ -94.523595481009096, 39.105308866479774 ], [ -94.523590903546548, 39.105688072609105 ], [ -94.523560860184361, 39.106066572372249 ], [ -94.523505432861839, 39.106443328316281 ], [ -94.523424773100359, 39.106817307751626 ], [ -94.523319101592492, 39.107187485582791 ], [ -94.523188707601335, 39.10755284711864 ], [ -94.523033948171772, 39.10791239085426 ], [ -94.522855247155761, 39.108265131216662 ], [ -94.52265309405422, 39.108610101267367 ], [ -94.522428042678712, 39.108946355353645 ], [ -94.522180709636515, 39.109272971701856 ], [ -94.521911772643136, 39.109589054945282 ], [ -94.521621968667162, 39.109893738579693 ], [ -94.52131209191198, 39.110186187340005 ], [ -94.520982991640409, 39.110465599491256 ], [ -94.52063556984794, 39.110731209027819 ], [ -94.520270778790788, 39.110982287774682 ], [ -94.519889618376041, 39.111218147385024 ], [ -94.519493133420383, 39.111438141228646 ], [ -94.519082410785529, 39.111641666166136 ], [ -94.518658576397797, 39.111828164203544 ], [ -94.518222792160245, 39.11199712402356 ], [ -94.517776252765771, 39.112148082388394 ], [ -94.51732018241988, 39.112280625411032 ], [ -94.516855831482317, 39.11239438969087 ], [ -94.51638447303651, 39.112489063311088 ], [ -94.515907399396596, 39.112564386694565 ], [ -94.515425918561363, 39.112620153316314 ], [ -94.514941350625051, 39.11265621027033 ], [ -94.514455024154799, 39.112672458689197 ], [ -94.513968272544716, 39.112668854015602 ], [ -94.513482430356731, 39.112645406124656 ], [ -94.51299882965813, 39.112602179296807 ], [ -94.512518796365953, 39.112539292041639 ], [ -94.512043646608433, 39.112456916772693 ], [ -94.511574683113238, 39.11235527933443 ], [ -94.51111319163266, 39.112234658382455 ], [ -94.510660437415623, 39.112095384619117 ], [ -94.510217661736007, 39.111937839885897 ], [ -94.509786078487082, 39.111762456115862 ], [ -94.509366870851309, 39.111569714148366 ], [ -94.50896118805457, 39.111360142409879 ], [ -94.508570142214069, 39.111134315464028 ], [ -94.50819480528817, 39.110892852435256 ], [ -94.507836206136858, 39.110636415310211 ], [ -94.507495327700695, 39.110365707121602 ], [ -94.507173104306247, 39.110081470019466 ], [ -94.506870419105041, 39.10978448323538 ], [ -94.506588101653406, 39.109475560944787 ], [ -94.506326925639598, 39.10915555003379 ], [ -94.506087606764609, 39.108825327776188 ], [ -94.50587080078212, 39.108485799427342 ], [ -94.505677101703569, 39.108137895741386 ], [ -94.505507040172432, 39.107782570418692 ], [ -94.505361082012868, 39.107420797490562 ], [ -94.505239626956225, 39.107053568648134 ], [ -94.505143007548938, 39.106681890523369 ], [ -94.505071488245051, 39.106306781928865 ], [ -94.505025264685358, 39.105929271064674 ], [ -94.505004463165449, 39.105550392699541 ] ] ] } },
{ "type": "Feature", "properties": { }, "geometry": { "type": "Polygon", "coordinates": [ [ [ -94.262372938051982, 39.033610891365065 ], [ -94.262378920368946, 39.033231667166966 ], [ -94.262410341262949, 39.032853206848614 ], [ -94.262467114206018, 39.032476547729893 ], [ -94.262549083188802, 39.03210272217737 ], [ -94.262656023152545, 39.031732754775021 ], [ -94.26278764061027, 39.031367659516484 ], [ -94.26294357445515, 39.031008437026316 ], [ -94.263123396954271, 39.030656071818356 ], [ -94.263326614924537, 39.030311529598031 ], [ -94.263552671087808, 39.029975754616714 ], [ -94.263800945601304, 39.029649667084811 ], [ -94.264070757759157, 39.029334160650848 ], [ -94.264361367860417, 39.02903009995358 ], [ -94.264671979238329, 39.028738318253637 ], [ -94.265001740445285, 39.028459615151199 ], [ -94.265349747587493, 39.028194754396061 ], [ -94.265715046802967, 39.027944461795947 ], [ -94.266096636875901, 39.027709423228828 ], [ -94.266493471980581, 39.027490282764731 ], [ -94.266904464546826, 39.02728764090201 ], [ -94.267328488239684, 39.027102052923176 ], [ -94.267764381044685, 39.026934027374381 ], [ -94.268210948450701, 39.02678402467307 ], [ -94.268666966721312, 39.026652455847504 ], [ -94.269131186245986, 39.026539681411279 ], [ -94.269602334961917, 39.026446010376581 ], [ -94.270079121836929, 39.026371699408045 ], [ -94.270560240404322, 39.026316952120276 ], [ -94.271044372339702, 39.026281918520382 ], [ -94.271530191070141, 39.026266694597496 ], [ -94.272016365405861, 39.026271322059962 ], [ -94.272501563184505, 39.026295788221262 ], [ -94.272984454918031, 39.026340026034831 ], [ -94.273463717432321, 39.026403914277701 ], [ -94.273938037489472, 39.02648727788236 ], [ -94.274406115383186, 39.026589888416197 ], [ -94.274866668496969, 39.026711464706885 ], [ -94.275318434815887, 39.026851673612228 ], [ -94.275760176382107, 39.027010130932318 ], [ -94.276190682684629, 39.027186402461489 ], [ -94.276608773974303, 39.027380005177108 ], [ -94.277013304494872, 39.027590408562254 ], [ -94.277403165621081, 39.027817036058245 ], [ -94.277777288895621, 39.028059266643439 ], [ -94.278134648956268, 39.028316436533764 ], [ -94.278474266345455, 39.028587841000466 ], [ -94.278795210194417, 39.028872736299981 ], [ -94.27909660077465, 39.029170341710739 ], [ -94.27937761190968, 39.029479841671403 ], [ -94.27963747324047, 39.029800388014529 ], [ -94.279875472338318, 39.030131102289744 ], [ -94.280090956659393, 39.030471078169882 ], [ -94.280283335335568, 39.03081938393364 ], [ -94.280452080796636, 39.03117506501804 ], [ -94.280596730219159, 39.031537146633369 ], [ -94.280716886798587, 39.031904636433985 ], [ -94.280812220840346, 39.032276527237109 ], [ -94.280882470667422, 39.032651799782656 ], [ -94.280927443341682, 39.033029425526138 ], [ -94.280947015196944, 39.033408369457284 ], [ -94.280941132182377, 39.033787592936591 ], [ -94.280909810015004, 39.034166056541885 ], [ -94.280853134141125, 39.034542722917308 ], [ -94.280771259506608, 39.034916559616811 ], [ -94.280664410136453, 39.035286541934198 ], [ -94.28053287852515, 39.03565165571252 ], [ -94.280377024838913, 39.036010900124253 ], [ -94.280197275932451, 39.036363290415423 ], [ -94.279994124182551, 39.036707860605738 ], [ -94.279768126141832, 39.0370436661374 ], [ -94.279519901016286, 39.037369786465291 ], [ -94.279250128970659, 39.037685327581578 ], [ -94.278959549266418, 39.03798942446749 ], [ -94.278648958237312, 39.038281243465931 ], [ -94.278319207107955, 39.03855998456806 ], [ -94.277971199661778, 39.038824883607745 ], [ -94.277605889764075, 39.039075214357815 ], [ -94.277224278747667, 39.039310290522323 ], [ -94.276827412667771, 39.039529467619332 ], [ -94.276416379433897, 39.039732144749081 ], [ -94.275992305826591, 39.039917766242709 ], [ -94.275556354407186, 39.040085823186885 ], [ -94.275109720328999, 39.040235854820111 ], [ -94.274653628058928, 39.04036744979723 ], [ -94.274189328018252, 39.040480247318051 ], [ -94.273718093151942, 39.040573938117554 ], [ -94.273241215436045, 39.040648265314459 ], [ -94.272760002332532, 39.040703025116436 ], [ -94.272275773201542, 39.04073806737923 ], [ -94.271789855680922, 39.040753296018806 ], [ -94.271303582042819, 39.040748669275146 ], [ -94.27081828553753, 39.040724199826883 ], [ -94.2703352967348, 39.040679954756598 ], [ -94.269855939872286, 39.040616055366776 ], [ -94.269381529221491, 39.040532676847036 ], [ -94.268913365481382, 39.040430047793429 ], [ -94.268452732208956, 39.040308449581175 ], [ -94.268000892297366, 39.040168215592651 ], [ -94.267559084510793, 39.04000973030255 ], [ -94.26712852008572, 39.039833428223055 ], [ -94.266710379408096, 39.039639792711419 ], [ -94.2663058087753, 39.039429354643957 ], [ -94.265915917252073, 39.039202690959321 ], [ -94.26554177362874, 39.038960423075636 ], [ -94.26518440349048, 39.038703215185613 ], [ -94.264844786405263, 39.03843177243435 ], [ -94.264523853238543, 39.038146838984886 ], [ -94.264222483601785, 39.03784919597674 ], [ -94.263941503441984, 39.037539659383171 ], [ -94.263681682778824, 39.037219077773017 ], [ -94.263443733595437, 39.036888329982993 ], [ -94.263228307888767, 39.036548322707496 ], [ -94.263035995884735, 39.036199988011816 ], [ -94.262867324423155, 39.035844280775876 ], [ -94.26272275551662, 39.035482176075938 ], [ -94.262602685087572, 39.035114666510559 ], [ -94.262507441886697, 39.034742759479023 ], [ -94.262437286595741, 39.034367474419284 ], [ -94.262392411117077, 39.033989840012907 ], [ -94.262372938051982, 39.033610891365065 ] ] ] } },
{ "type": "Feature", "properties": { }, "geometry": { "type": "Polygon", "coordinates": [ [ [ -94.348770156056247, 38.980847648093153 ], [ -94.348775680453443, 38.980468424256401 ], [ -94.348806624912413, 38.980089945777351 ], [ -94.34886290421197, 38.979713250026393 ], [ -94.348944363696532, 38.979339369471361 ], [ -94.349050779704456, 38.978969328847782 ], [ -94.349181860185212, 38.978604142350811 ], [ -94.349337245504103, 38.978244810855898 ], [ -94.34951650943168, 38.977892319176405 ], [ -94.349719160315729, 38.977547633365219 ], [ -94.349944642432121, 38.97721169806799 ], [ -94.350192337511004, 38.976885433935202 ], [ -94.350461566434035, 38.976569735100092 ], [ -94.350751591098074, 38.97626546672933 ], [ -94.351061616440006, 38.975973462653258 ], [ -94.351390792617352, 38.975694523082026 ], [ -94.351738217338607, 38.975429412413952 ], [ -94.352102938336785, 38.975178857142012 ], [ -94.35248395597948, 38.974943543864349 ], [ -94.352880226008352, 38.974724117404072 ], [ -94.353290662400482, 38.974521179043478 ], [ -94.353714140343584, 38.974335284877696 ], [ -94.35414949931743, 38.974166944291987 ], [ -94.354595546272293, 38.974016618567077 ], [ -94.355051058896564, 38.973884719616272 ], [ -94.355514788963958, 38.973771608857696 ], [ -94.355985465751544, 38.973677596224874 ], [ -94.35646179951911, 38.973602939318226 ], [ -94.356942485040349, 38.973547842699972 ], [ -94.357426205176424, 38.973512457334095 ], [ -94.357911634481752, 38.973496880173151 ], [ -94.358397442832782, 38.973501153892983 ], [ -94.358882299069236, 38.973525266775894 ], [ -94.359364874638331, 38.97356915274284 ], [ -94.359843847231744, 38.973632691534412 ], [ -94.360317904405719, 38.973715709040135 ], [ -94.360785747174035, 38.973817977775177 ], [ -94.361246093564461, 38.973939217503272 ], [ -94.361697682128664, 38.97407909600394 ], [ -94.362139275396103, 38.97423722998213 ], [ -94.362569663262605, 38.974413186117673 ], [ -94.362987666304164, 38.974606482251801 ], [ -94.363392139007018, 38.974816588707206 ], [ -94.363781972905244, 38.975042929738521 ], [ -94.364156099617134, 38.975284885108799 ], [ -94.364513493772193, 38.975541791787848 ], [ -94.364853175820613, 38.975812945768013 ], [ -94.365174214717825, 38.976097603991995 ], [ -94.365475730476263, 38.976394986387838 ], [ -94.365756896577921, 38.976704278005343 ], [ -94.36601694224062, 38.977024631248113 ], [ -94.366255154532098, 38.977355168195089 ], [ -94.366470880325934, 38.977694983005264 ], [ -94.366663528093866, 38.978043144399059 ], [ -94.366832569529819, 38.978398698209482 ], [ -94.366977541000836, 38.978760669996063 ], [ -94.367098044821304, 38.979128067714647 ], [ -94.367193750346473, 38.979499884435384 ], [ -94.367264394882667, 38.979875101101811 ], [ -94.367309784411304, 38.980252689323216 ], [ -94.367329794124942, 38.980631614192887 ], [ -94.367324368773794, 38.981010837124302 ], [ -94.367293522821541, 38.981389318697559 ], [ -94.367237340410099, 38.981766021508335 ], [ -94.3671559751335, 38.982139913011494 ], [ -94.367049649621279, 38.982509968351529 ], [ -94.366918654932405, 38.98287517317204 ], [ -94.366763349761683, 38.983234526396849 ], [ -94.36658415946043, 38.983587042974492 ], [ -94.366381574874168, 38.983931756579317 ], [ -94.366156151000666, 38.984267722261144 ], [ -94.365908505471651, 38.984594019036592 ], [ -94.365639316862598, 38.984909752414794 ], [ -94.365349322834959, 38.985214056850616 ], [ -94.365039318116203, 38.985506098118542 ], [ -94.364710152322829, 38.985785075600965 ], [ -94.364362727632553, 38.986050224484259 ], [ -94.363997996312094, 38.986300817856687 ], [ -94.363616958106903, 38.986536168702656 ], [ -94.363220657500605, 38.986755631787524 ], [ -94.362810180851142, 38.98695860542766 ], [ -94.362386653411832, 38.987144533141439 ], [ -94.361951236245275, 38.98731290517604 ], [ -94.361505123038711, 38.987463259906171 ], [ -94.361049536829626, 38.98759518510073 ], [ -94.360585726650513, 38.987708319054072 ], [ -94.36011496410201, 38.987802351578523 ], [ -94.359638539863994, 38.987877024855763 ], [ -94.35915776015392, 38.987932134144174 ], [ -94.358673943142662, 38.987967528341017 ], [ -94.358188415337096, 38.987983110396911 ], [ -94.35770250793999, 38.987978837582411 ], [ -94.357217553196818, 38.987954721605298 ], [ -94.356734880739637, 38.987910828578521 ], [ -94.356255813938219, 38.987847278838828 ], [ -94.355781666268584, 38.987764246616656 ], [ -94.355313737708357, 38.987661959558054 ], [ -94.354853311169762, 38.987540698100069 ], [ -94.354401648979248, 38.987400794701237 ], [ -94.353959989414022, 38.987242632929409 ], [ -94.353529543304631, 38.987066646409275 ], [ -94.353111490713204, 38.986873317632494 ], [ -94.352706977696357, 38.986663176634003 ], [ -94.352317113161732, 38.986436799537643 ], [ -94.35194296582668, 38.986194806975497 ], [ -94.351585561287663, 38.985937862385221 ], [ -94.351245879208236, 38.985666670189858 ], [ -94.350924850633334, 38.985381973865401 ], [ -94.350623355437392, 38.985084553901231 ], [ -94.350342219913188, 38.984775225659149 ], [ -94.350082214507822, 38.984454837136816 ], [ -94.349844051712509, 38.984124266641857 ], [ -94.349628384111398, 38.983784420382797 ], [ -94.349435802595181, 38.983436229983788 ], [ -94.349266834744057, 38.983080649929619 ], [ -94.349121943384745, 38.982718654948272 ], [ -94.349001525325178, 38.982351237338037 ], [ -94.348905910270474, 38.981979404246715 ], [ -94.348835359923086, 38.981604174910139 ], [ -94.348790067269675, 38.981226577857782 ], [ -94.348770156056247, 38.980847648093153 ] ] ] } },
{ "type": "Feature", "properties": { }, "geometry": { "type": "Polygon", "coordinates": [ [ [ -94.372437215125814, 38.850439223595338 ], [ -94.372442623898607, 38.850059992835682 ], [ -94.372473406297473, 38.849681503129879 ], [ -94.372529477547985, 38.849304791879398 ], [ -94.372610683567302, 38.848930891594911 ], [ -94.372716801390865, 38.8485608270665 ], [ -94.372847539787699, 38.848195612555287 ], [ -94.373002540062785, 38.847836249014101 ], [ -94.373181377043949, 38.847483721344737 ], [ -94.3733835602509, 38.847138995699396 ], [ -94.373608535242838, 38.846803016833576 ], [ -94.373855685141123, 38.846476705517937 ], [ -94.374124332322666, 38.84616095601573 ], [ -94.37441374027955, 38.845856633633304 ], [ -94.374723115639426, 38.845564572349787 ], [ -94.375051610341572, 38.845285572532902 ], [ -94.375398323962202, 38.845020398746804 ], [ -94.375762306183006, 38.844769777658222 ], [ -94.376142559395859, 38.84453439604642 ], [ -94.37653804143676, 38.844314898922434 ], [ -94.376947668441375, 38.844111887762899 ], [ -94.377370317814524, 38.843925918863029 ], [ -94.377804831305312, 38.843757501813428 ], [ -94.378250018179585, 38.843607098104911 ], [ -94.378704658481126, 38.843475119864884 ], [ -94.379167506372383, 38.843361928729131 ], [ -94.379637293546068, 38.843267834851716 ], [ -94.380112732697867, 38.843193096055948 ], [ -94.380592521051014, 38.843137917128566 ], [ -94.381075343923087, 38.843102449259149 ], [ -94.381559878325248, 38.843086789626362 ], [ -94.382044796584154, 38.84309098113193 ], [ -94.38252876997656, 38.84311501228327 ], [ -94.383010472366934, 38.843158817225067 ], [ -94.383488583837831, 38.843222275919615 ], [ -94.383961794303346, 38.843305214475549 ], [ -94.384428807095844, 38.843407405623957 ], [ -94.384888342515907, 38.843528569340627 ], [ -94.385339141336118, 38.843668373612857 ], [ -94.385779968248883, 38.843826435348369 ], [ -94.386209615249129, 38.844002321424327 ], [ -94.386626904942247, 38.844195549873255 ], [ -94.387030693768779, 38.844405591202651 ], [ -94.387419875136544, 38.844631869844889 ], [ -94.387793382451946, 38.84487376573324 ], [ -94.388150192042019, 38.845130615999842 ], [ -94.388489325959398, 38.845401716790875 ], [ -94.388809854662227, 38.845686325194102 ], [ -94.389110899562056, 38.845983661273429 ], [ -94.389391635432375, 38.846292910204966 ], [ -94.389651292671445, 38.846613224508637 ], [ -94.389889159413102, 38.846943726369595 ], [ -94.390104583479655, 38.847283510042466 ], [ -94.390296974171719, 38.847631644332544 ], [ -94.39046580388991, 38.847987175146763 ], [ -94.390610609583788, 38.848349128107344 ], [ -94.390730994024494, 38.84871651122149 ], [ -94.390826626896953, 38.849088317599204 ], [ -94.390897245709155, 38.84946352821229 ], [ -94.390942656515648, 38.849841114686619 ], [ -94.390962734453353, 38.850220042120341 ], [ -94.3909574240881, 38.850599271920046 ], [ -94.390926739571029, 38.850977764647205 ], [ -94.390870764604131, 38.851354482867251 ], [ -94.390789652215375, 38.851728393993199 ], [ -94.390683624343481, 38.852098473116158 ], [ -94.390552971233859, 38.852463705815062 ], [ -94.390398050647136, 38.852823090937875 ], [ -94.390219286882385, 38.853175643346304 ], [ -94.390017169617735, 38.853520396617149 ], [ -94.38979225257151, 38.853856405692191 ], [ -94.389545151987491, 38.85418274946985 ], [ -94.38927654494843, 38.854498533331146 ], [ -94.388987167522487, 38.85480289159333 ], [ -94.388677812747474, 38.855094989884144 ], [ -94.388349328458588, 38.855374027430429 ], [ -94.388002614965515, 38.855639239254657 ], [ -94.387638622585186, 38.855889898273311 ], [ -94.38725834903704, 38.8561253172916 ], [ -94.386862836707863, 38.85634485088864 ], [ -94.386453169793839, 38.856547897188172 ], [ -94.386030471327388, 38.856733899510012 ], [ -94.3855959000973, 38.856902347897339 ], [ -94.385150647470311, 38.857052780516028 ], [ -94.384695934123087, 38.857184784921913 ], [ -94.384233006693435, 38.857297999192546 ], [ -94.383763134360095, 38.857392112920351 ], [ -94.383287605360408, 38.857466868064598 ], [ -94.382807723455528, 38.857522059659381 ], [ -94.382324804352876, 38.857557536376362 ], [ -94.381840172095579, 38.85757320093991 ], [ -94.381355155429134, 38.8575690103943 ], [ -94.380871084154919, 38.85754497622159 ], [ -94.380389285480916, 38.857501164310214 ], [ -94.379911080379472, 38.857437694774212 ], [ -94.379437779962288, 38.857354741623745 ], [ -94.378970681882578, 38.857252532287639 ], [ -94.378511066774152, 38.857131346989327 ], [ -94.378060194737515, 38.856991517978031 ], [ -94.377619301882447, 38.85683342861703 ], [ -94.377189596936503, 38.856657512331836 ], [ -94.376772257929133, 38.85646425142091 ], [ -94.376368428960106, 38.85625417573241 ], [ -94.375979217061399, 38.856027861210414 ], [ -94.375605689161162, 38.855785928314745 ], [ -94.375248869157815, 38.855529040318757 ], [ -94.37490973511288, 38.855257901489601 ], [ -94.374589216569561, 38.854973255156295 ], [ -94.374288192005039, 38.854675881670481 ], [ -94.374007486422997, 38.854366596265898 ], [ -94.37374786909335, 38.854046246822207 ], [ -94.37351005144501, 38.853715711539301 ], [ -94.373294685117756, 38.853375896528703 ], [ -94.373102360178393, 38.853027733328446 ], [ -94.372933603505899, 38.852672176348378 ], [ -94.372788877350416, 38.852310200252937 ], [ -94.372668578069366, 38.851942797288373 ], [ -94.37257303504478, 38.851570974562179 ], [ -94.372502509784312, 38.851195751281715 ], [ -94.372457195208398, 38.850818155959828 ], [ -94.372437215125814, 38.850439223595338 ] ] ] } },
{ "type": "Feature", "properties": { }, "geometry": { "type": "Polygon", "coordinates": [ [ [ -94.585561476682173, 39.054786677954901 ], [ -94.585565728116293, 39.054407473078264 ], [ -94.585595426925707, 39.054028961351769 ], [ -94.58565049130155, 39.053652180238984 ], [ -94.585730769915983, 39.053278162443576 ], [ -94.585836042341455, 39.05290793307914 ], [ -94.585966019659026, 39.052542506859844 ], [ -94.5861203452545, 39.052182885319787 ], [ -94.586298595799619, 39.051830054068731 ], [ -94.586500282416168, 39.051484980091551 ], [ -94.586724852019216, 39.051148609098931 ], [ -94.586971688836144, 39.050821862936374 ], [ -94.58724011609705, 39.050505637059025 ], [ -94.587529397892041, 39.050200798078549 ], [ -94.587838741190154, 39.049908181389569 ], [ -94.588167298014412, 39.049628588881326 ], [ -94.588514167767002, 39.049362786741561 ], [ -94.588878399698359, 39.049111503358134 ], [ -94.589258995513021, 39.048875427324212 ], [ -94.589654912105516, 39.048655205552713 ], [ -94.590065064418567, 39.048451441504753 ], [ -94.590488328415816, 39.048264693537419 ], [ -94.590923544160887, 39.048095473374708 ], [ -94.591369518994568, 39.047944244706677 ], [ -94.591825030801118, 39.047811421919825 ], [ -94.592288831355191, 39.047697368962588 ], [ -94.592759649739648, 39.047602398349085 ], [ -94.593236195825639, 39.047526770303485 ], [ -94.593717163804783, 39.047470692047732 ], [ -94.594201235764302, 39.047434317234298 ], [ -94.594687085295035, 39.047417745525699 ], [ -94.595173381122734, 39.047421022321601 ], [ -94.595658790752523, 39.047444138634745 ], [ -94.596141984116642, 39.047487031115587 ], [ -94.596621637215762, 39.047549582225884 ], [ -94.597096435743467, 39.047631620560473 ], [ -94.597565078684468, 39.04773292131668 ], [ -94.598026281876471, 39.047853206909771 ], [ -94.598478781526111, 39.047992147733098 ], [ -94.59892133766931, 39.048149363060482 ], [ -94.599352737566463, 39.048324422088626 ], [ -94.599771799023571, 39.048516845116808 ], [ -94.600177373629847, 39.048726104860201 ], [ -94.600568349903128, 39.048951627893757 ], [ -94.60094365633455, 39.049192796222378 ], [ -94.601302264324062, 39.049448948973115 ], [ -94.601643190998701, 39.04971938420497 ], [ -94.601965501906164, 39.050003360831127 ], [ -94.602268313575948, 39.050300100648499 ], [ -94.602550795941411, 39.050608790469013 ], [ -94.60281217461565, 39.050928584346785 ], [ -94.603051733015519, 39.051258605895192 ], [ -94.60326881432745, 39.051597950687302 ], [ -94.60346282330994, 39.05194568873344 ], [ -94.603633227927659, 39.052300867028613 ], [ -94.603779560812697, 39.052662512163515 ], [ -94.603901420548794, 39.053029632991226 ], [ -94.603998472775316, 39.053401223342831 ], [ -94.604070451107489, 39.053776264784396 ], [ -94.604117157870604, 39.054153729407624 ], [ -94.604138464646113, 39.054532582646708 ], [ -94.604134312627878, 39.054911786113507 ], [ -94.604104712787958, 39.055290300443588 ], [ -94.604049745850901, 39.055667088144851 ], [ -94.603969562076941, 39.056041116441413 ], [ -94.60386438085456, 39.056411360104654 ], [ -94.603734490103434, 39.056776804263741 ], [ -94.603580245489383, 39.057136447188022 ], [ -94.603402069453352, 39.057489303033435 ], [ -94.603200450057244, 39.057834404545638 ], [ -94.602975939649497, 39.058170805712329 ], [ -94.60272915335419, 39.058497584357326 ], [ -94.602460767387697, 39.05881384466965 ], [ -94.602171517207466, 39.059118719660333 ], [ -94.6018621954981, 39.05941137354025 ], [ -94.601533650000036, 39.059691004012656 ], [ -94.601186781186982, 39.059956844473881 ], [ -94.60082253979823, 39.06020816611624 ], [ -94.600441924232868, 39.060444279927324 ], [ -94.600045977812727, 39.060664538580362 ], [ -94.599635785921876, 39.060868338210135 ], [ -94.599212473030363, 39.061055120069753 ], [ -94.598777199610197, 39.061224372063847 ], [ -94.598331158952519, 39.061375630153641 ], [ -94.597875573894214, 39.061508479630263 ], [ -94.597411693463243, 39.061622556252864 ], [ -94.596940789451864, 39.061717547248037 ], [ -94.596464152927069, 39.061793192168338 ], [ -94.595983090688108, 39.061849283606882 ], [ -94.595498921680502, 39.061885667766802 ], [ -94.595012973376683, 39.061902244883193 ], [ -94.59452657813307, 39.061898969497122 ], [ -94.594041069533787, 39.061875850580407 ], [ -94.593557778730883, 39.061832951511086 ], [ -94.59307803079129, 39.061770389899621 ], [ -94.592603141060493, 39.061688337266233 ], [ -94.592134411553033, 39.061587018570243 ], [ -94.591673127379622, 39.061466711592921 ], [ -94.591220553220879, 39.06132774617523 ], [ -94.590777929857254, 39.061170503312809 ], [ -94.590346470764786, 39.060995414110621 ], [ -94.589927358786056, 39.060802958599986 ], [ -94.589521742885381, 39.06059366442161 ], [ -94.58913073499734, 39.06036810537784 ], [ -94.588755406977185, 39.06012689985829 ], [ -94.588396787661495, 39.059870709143382 ], [ -94.588055860047319, 39.059600235590047 ], [ -94.58773355859725, 39.059316220704993 ], [ -94.587430766678168, 39.059019443110451 ], [ -94.587148314140364, 39.058710716408413 ], [ -94.586886975043896, 39.058390886948807 ], [ -94.58664746553832, 39.058060831508122 ], [ -94.586430441901484, 39.057721454884621 ], [ -94.586236498742991, 39.057373687416742 ], [ -94.586066167377012, 39.057018482431793 ], [ -94.585919914368901, 39.056656813631541 ], [ -94.585798140259726, 39.056289672422146 ], [ -94.585701178471979, 39.055918065195861 ], [ -94.58562929439961, 39.05554301057149 ], [ -94.585582684684582, 39.055165536601763 ], [ -94.585561476682173, 39.054786677954901 ] ] ] } },
{ "type": "Feature", "properties": { }, "geometry": { "type": "Polygon", "coordinates": [ [ [ -94.581406896837493, 39.013226234778408 ], [ -94.581411175561499, 39.012847027039236 ], [ -94.581440886729553, 39.012468513671273 ], [ -94.581495948499736, 39.012091732142558 ], [ -94.581576209552239, 39.011717715157957 ], [ -94.581681449508409, 39.01134748782885 ], [ -94.581811379539147, 39.01098206486391 ], [ -94.581965643160558, 39.010622447788364 ], [ -94.582143817215055, 39.010269622199914 ], [ -94.582345413034702, 39.009924555068011 ], [ -94.582569877784039, 39.009588192084713 ], [ -94.5828165959784, 39.009261455073769 ], [ -94.583084891173513, 39.008945239465397 ], [ -94.583374027821847, 39.008640411843366 ], [ -94.583683213290598, 39.008347807571333 ], [ -94.584011600035623, 39.008068228504733 ], [ -94.584358287925468, 39.007802440794713 ], [ -94.584722326709056, 39.007551172789775 ], [ -94.585102718620334, 39.007315113041223 ], [ -94.585498421112604, 39.007094908417535 ], [ -94.585908349715226, 39.006891162333112 ], [ -94.586331381004698, 39.006704433095955 ], [ -94.586766355682158, 39.00653523237898 ], [ -94.587212081748646, 39.006384023819159 ], [ -94.58766733776983, 39.006251221748052 ], [ -94.588130876220816, 39.006137190057522 ], [ -94.588601426902258, 39.006042241203538 ], [ -94.589077700418343, 39.005966635350738 ], [ -94.589558391707044, 39.005910579660444 ], [ -94.590042183613193, 39.005874227723353 ], [ -94.590527750494431, 39.005857679139311 ], [ -94.591013761850405, 39.005860979244694 ], [ -94.591498885965095, 39.005884118988384 ], [ -94.591981793552506, 39.005927034956621 ], [ -94.592461161395732, 39.005989609546802 ], [ -94.592935675969429, 39.006071671289284 ], [ -94.593404037035782, 39.006172995317236 ], [ -94.593864961204375, 39.006293303982041 ], [ -94.594317185445888, 39.006432267613675 ], [ -94.594759470550443, 39.006589505423314 ], [ -94.595190604520724, 39.00676458654592 ], [ -94.595609405891068, 39.006957031219997 ], [ -94.596014726963091, 39.007166312101241 ], [ -94.596405456949171, 39.007391855706459 ], [ -94.596780525015163, 39.00763304398393 ], [ -94.597138903214116, 39.007889216005836 ], [ -94.597479609302766, 39.008159669778109 ], [ -94.597801709433341, 39.00844366416289 ], [ -94.598104320713134, 39.008740420908175 ], [ -94.598386613624797, 39.009049126779253 ], [ -94.598647814300946, 39.009368935786036 ], [ -94.598887206646609, 39.009698971500171 ], [ -94.599104134303715, 39.010038329455732 ], [ -94.599298002452358, 39.010386079626691 ], [ -94.599468279443741, 39.010741268974698 ], [ -94.599614498260337, 39.011102924059912 ], [ -94.599736257799222, 39.011470053708003 ], [ -94.599833223975068, 39.011841651725732 ], [ -94.599905130639712, 39.012216699658033 ], [ -94.599951780315649, 39.012594169578712 ], [ -94.599973044741589, 39.012973026907339 ], [ -94.599968865228377, 39.013352233244547 ], [ -94.5999392528242, 39.01373074921797 ], [ -94.599884288288948, 39.014107537331029 ], [ -94.599804121877057, 39.014481564806687 ], [ -94.599698972930284, 39.01485180641864 ], [ -94.599569129280638, 39.015217247301742 ], [ -94.599414946465544, 39.015576885734426 ], [ -94.59923684675735, 39.015929735885017 ], [ -94.599035318009342, 39.016274830514952 ], [ -94.598810912322179, 39.016611223630903 ], [ -94.598564244533435, 39.01693799307894 ], [ -94.598295990535121, 39.017254243073516 ], [ -94.598006885423388, 39.017559106654097 ], [ -94.597697721485531, 39.017851748063059 ], [ -94.597369346029808, 39.018131365038059 ], [ -94.597022659063967, 39.01839719101266 ], [ -94.596658610828968, 39.018648497219097 ], [ -94.596278199194415, 39.018884594687528 ], [ -94.595882466923115, 39.019104836136208 ], [ -94.595472498811944, 39.019308617747306 ], [ -94.595049418717267, 39.019495380823528 ], [ -94.594614386472713, 39.01966461332124 ], [ -94.594168594707895, 39.019815851255274 ], [ -94.593713265577009, 39.019948679972252 ], [ -94.593249647405912, 39.020062735288327 ], [ -94.59277901126741, 39.020157704488746 ], [ -94.592302647493582, 39.020233327185878 ], [ -94.591821862135319, 39.020289396033924 ], [ -94.591337973378486, 39.020325757297989 ], [ -94.590852307926497, 39.020342311276046 ], [ -94.590366197359714, 39.02033901257262 ], [ -94.589880974481133, 39.02031587022347 ], [ -94.589397969658805, 39.020272947670883 ], [ -94.588918507174952, 39.020210362589673 ], [ -94.588443901591859, 39.020128286564315 ], [ -94.587975454144427, 39.020026944618209 ], [ -94.587514449169475, 39.019906614596252 ], [ -94.587062150581687, 39.019767626402491 ], [ -94.586619798405508, 39.01961036109482 ], [ -94.586188605373039, 39.019435249839567 ], [ -94.585769753597077, 39.019242772728354 ], [ -94.585364391328255, 39.019033457460921 ], [ -94.584973629805575, 39.018807877897167 ], [ -94.584598540208688, 39.018566652482768 ], [ -94.584240150720447, 39.018310442552455 ], [ -94.583899443707807, 39.0180399505156 ], [ -94.583577353028616, 39.017755917929321 ], [ -94.583274761472126, 39.017459123464171 ], [ -94.582992498339493, 39.017150380768072 ], [ -94.582731337171893, 39.01683053623465 ], [ -94.582491993631422, 39.016500466681435 ], [ -94.582275123541422, 39.016161076945124 ], [ -94.582081321091096, 39.015813297399966 ], [ -94.58191111720943, 39.015458081406095 ], [ -94.581764978112957, 39.01509640269532 ], [ -94.581643304031132, 39.014729252700825 ], [ -94.581546428113029, 39.014357637838749 ], [ -94.581474615517948, 39.013982576748695 ], [ -94.581428062692709, 39.013605097501049 ], [ -94.581406896837493, 39.013226234778408 ] ] ] } },
{ "type": "Feature", "properties": { }, "geometry": { "type": "Polygon", "coordinates": [ [ [ -94.579826547201975, 39.015846116103745 ], [ -94.579830834053453, 39.015466908408719 ], [ -94.57986055428475, 39.015088395410146 ], [ -94.579915626029077, 39.014711614575027 ], [ -94.579995897939227, 39.014337598606318 ], [ -94.580101149606733, 39.013967372612612 ], [ -94.580231092170393, 39.013601951298867 ], [ -94.580385369111909, 39.013242336185805 ], [ -94.580563557237141, 39.012889512865705 ], [ -94.580765167839573, 39.012544448301782 ], [ -94.580989648043243, 39.012208088179023 ], [ -94.581236382321066, 39.01188135431336 ], [ -94.581504694184702, 39.011565142126322 ], [ -94.581793848040917, 39.011260318192321 ], [ -94.582103051209799, 39.01096771786483 ], [ -94.582431456098661, 39.010688142988528 ], [ -94.582778162526324, 39.010422359703014 ], [ -94.583142220190979, 39.010171096344649 ], [ -94.583522631274789, 39.00993504145201 ], [ -94.583918353178589, 39.009714841880232 ], [ -94.584328301378562, 39.009511101029872 ], [ -94.584751352397518, 39.009324377194574 ], [ -94.58518634688258, 39.009155182032451 ], [ -94.585632092780557, 39.009003979165229 ], [ -94.58608736860279, 39.008871182908869 ], [ -94.586550926770173, 39.008757157139314 ], [ -94.587021497029411, 39.008662214296272 ], [ -94.587497789931035, 39.008586614527964 ], [ -94.587978500359995, 39.00853056497899 ], [ -94.588462311108685, 39.008494219223238 ], [ -94.588947896483162, 39.00847767684364 ], [ -94.589433925932454, 39.008480983159558 ], [ -94.589919067690985, 39.00850412910286 ], [ -94.590401992424447, 39.008547051242857 ], [ -94.590881376869007, 39.008609631959949 ], [ -94.591355907453817, 39.008691699767844 ], [ -94.591824283897282, 39.008793029783 ], [ -94.592285222766805, 39.008913344340463 ], [ -94.592737460992836, 39.009052313754076 ], [ -94.593179759327171, 39.009209557219158 ], [ -94.59361090573627, 39.009384643855213 ], [ -94.594029718720378, 39.009577093885667 ], [ -94.594435050549293, 39.009786379951514 ], [ -94.594825790405878, 39.010011928555386 ], [ -94.595200867428943, 39.010253121631905 ], [ -94.595559253646968, 39.010509298240073 ], [ -94.595899966794718, 39.010779756373296 ], [ -94.596222073005038, 39.011063754881789 ], [ -94.596524689368479, 39.011360515502204 ], [ -94.596806986353769, 39.011669224989284 ], [ -94.597068190082311, 39.011989037342993 ], [ -94.597307584450718, 39.012319076125848 ], [ -94.597524513095308, 39.012658436863489 ], [ -94.597718381193459, 39.013006189522272 ], [ -94.597888657096448, 39.013361381057052 ], [ -94.598034873789629, 39.013723038021965 ], [ -94.598156630175893, 39.014090169237519 ], [ -94.59825359217848, 39.014461768506209 ], [ -94.598325493660582, 39.014836817369513 ], [ -94.598372137158876, 39.015214287898658 ], [ -94.598393394428939, 39.015593145511595 ], [ -94.598389206801144, 39.015972351808102 ], [ -94.598359585345946, 39.01635086741593 ], [ -94.598304610847876, 39.016727654839485 ], [ -94.598224433588726, 39.017101681303629 ], [ -94.598119272939911, 39.017471921584793 ], [ -94.597989416765458, 39.017837360821453 ], [ -94.597835220637123, 39.018196997296528 ], [ -94.597657106863664, 39.018549845183713 ], [ -94.597455563336979, 39.018894937250622 ], [ -94.597231142198126, 39.019231327510916 ], [ -94.596984458327086, 39.019558093818496 ], [ -94.596716187659908, 39.019874340396385 ], [ -94.59642706533846, 39.020179200293384 ], [ -94.596117883697204, 39.020471837761981 ], [ -94.595789490092926, 39.020751450550605 ], [ -94.595442784583142, 39.021017272104253 ], [ -94.595078717459671, 39.021268573667278 ], [ -94.594698286643933, 39.021504666282567 ], [ -94.594302534951296, 39.021724902681662 ], [ -94.59389254723196, 39.02192867906053 ], [ -94.59346944739606, 39.022115436736264 ], [ -94.593034395331372, 39.022284663679976 ], [ -94.592588583721906, 39.022435895921745 ], [ -94.592133234776284, 39.02256871882377 ], [ -94.591669596874766, 39.022682768218203 ], [ -94.591198941144242, 39.022777731406457 ], [ -94.590722557970579, 39.022853348017406 ], [ -94.590241753457931, 39.022909410721951 ], [ -94.589757845844645, 39.022945765802056 ], [ -94.589272161885972, 39.02296231357262 ], [ -94.588786033212983, 39.022959008655214 ], [ -94.588300792678368, 39.022935860102635 ], [ -94.587817770698621, 39.022892931374209 ], [ -94.587338291603075, 39.022830340161669 ], [ -94.586863669999545, 39.022748258066329 ], [ -94.586395207166902, 39.022646910128252 ], [ -94.585934187484199, 39.022526574208761 ], [ -94.585481874906378, 39.022387580228084 ], [ -94.585039509496298, 39.02223030926001 ], [ -94.584608304022368, 39.02205519248642 ], [ -94.584189440631491, 39.021862710014041 ], [ -94.583784067606132, 39.021653389557343 ], [ -94.583393296214766, 39.021427804990473 ], [ -94.583018197664089, 39.021186574772848 ], [ -94.582659800161494, 39.020930360252365 ], [ -94.58231908609585, 39.020659863851009 ], [ -94.581996989344375, 39.020375827137862 ], [ -94.581694392712862, 39.020079028794783 ], [ -94.581412125516408, 39.01977028248038 ], [ -94.58115096130723, 39.019450434598163 ], [ -94.580911615755767, 39.019120361974878 ], [ -94.580694744690803, 39.018780969455641 ], [ -94.580500942304127, 39.018433187422318 ], [ -94.580330739524555, 39.018077969241872 ], [ -94.580184602565481, 39.017716288652096 ], [ -94.580062931650531, 39.01734913709133 ], [ -94.579966059919954, 39.016977520979978 ], [ -94.579894252521541, 39.016602458961124 ], [ -94.579847705887843, 39.016224979107626 ], [ -94.579826547201975, 39.015846116103745 ] ] ] } },
{ "type": "Feature", "properties": { }, "geometry": { "type": "Polygon", "coordinates": [ [ [ -94.186783962507405, 39.023764853187821 ], [ -94.18679034947796, 39.023385625906009 ], [ -94.186822171097205, 39.023007179061814 ], [ -94.186879339739136, 39.022630549937531 ], [ -94.186961698310284, 39.022256770816874 ], [ -94.18706902068466, 39.02188686615596 ], [ -94.187201012327748, 39.021521849775851 ], [ -94.187357311107945, 39.021162722084405 ], [ -94.187537488292918, 39.020810467335082 ], [ -94.187741049728388, 39.020466050930132 ], [ -94.187967437195795, 39.020130416775679 ], [ -94.18821602994538, 39.019804484695783 ], [ -94.188486146400166, 39.019489147912623 ], [ -94.188777046026317, 39.019185270599756 ], [ -94.18908793136471, 39.018893685515003 ], [ -94.189417950218029, 39.018615191719576 ], [ -94.18976619798751, 39.018350552389585 ], [ -94.19013172015282, 39.018100492725864 ], [ -94.190513514888224, 39.017865697968119 ], [ -94.190910535808143, 39.017646811518254 ], [ -94.191321694834187, 39.017444433178731 ], [ -94.191745865176117, 39.017259117510008 ], [ -94.192181884418474, 39.017091372312287 ], [ -94.192628557704367, 39.016941657235058 ], [ -94.19308466100793, 39.016810382518671 ], [ -94.193548944486196, 39.016697907871155 ], [ -94.194020135901582, 39.016604541483559 ], [ -94.194496944105296, 39.016530539186107 ], [ -94.194978062572474, 39.016476103748005 ], [ -94.195462172979134, 39.016441384322228 ], [ -94.195947948811423, 39.016426476037481 ], [ -94.196434058997028, 39.016431419737579 ], [ -94.196919171549226, 39.016456201869943 ], [ -94.197401957213216, 39.016500754522546 ], [ -94.197881093105167, 39.016564955610136 ], [ -94.198355266333678, 39.016648629208333 ], [ -94.198823177594193, 39.016751546035408 ], [ -94.199283544726171, 39.016873424080039 ], [ -94.199735106223585, 39.017013929373491 ], [ -94.200176624688993, 39.017172676903876 ], [ -94.20060689022192, 39.01734923167048 ], [ -94.201024723732075, 39.017543109874708 ], [ -94.201428980168572, 39.017753780244796 ], [ -94.201818551656245, 39.017980665490455 ], [ -94.202192370530454, 39.018223143883752 ], [ -94.202549412262115, 39.018480550961456 ], [ -94.202888698264971, 39.018752181344681 ], [ -94.203209298577349, 39.019037290670589 ], [ -94.203510334411234, 39.019335097630844 ], [ -94.203790980561337, 39.019644786111463 ], [ -94.204050467667955, 39.019965507428019 ], [ -94.204288084327118, 39.020296382650237 ], [ -94.204503179042305, 39.020636505009392 ], [ -94.204695162012442, 39.020984942382256 ], [ -94.204863506751138, 39.021340739844625 ], [ -94.205007751532733, 39.021702922287275 ], [ -94.205127500661206, 39.022070497087611 ], [ -94.205222425558389, 39.022442456829303 ], [ -94.205292265668376, 39.022817782062639 ], [ -94.20533682917592, 39.023195444098072 ], [ -94.205355993536287, 39.023574407825222 ], [ -94.205349705815635, 39.023953634549628 ], [ -94.205317982840498, 39.024332084839578 ], [ -94.205260911156074, 39.024708721375056 ], [ -94.20517864679357, 39.025082511791148 ], [ -94.205071414846842, 39.025452431507972 ], [ -94.20493950885961, 39.025817466539472 ], [ -94.204783290025034, 39.026176616273524 ], [ -94.204603186199535, 39.026528896215112 ], [ -94.204399690733666, 39.026873340685967 ], [ -94.204173361123196, 39.027209005472486 ], [ -94.203924817484008, 39.027534970415012 ], [ -94.203654740855015, 39.027850341931298 ], [ -94.203363871333693, 39.028154255467221 ], [ -94.203053006049331, 39.028445877868144 ], [ -94.202722996979546, 39.028724409663965 ], [ -94.202374748615895, 39.028989087262268 ], [ -94.202009215485262, 39.029239185042911 ], [ -94.201627399533464, 39.029474017348619 ], [ -94.201230347378569, 39.029692940366047 ], [ -94.200819147441152, 39.029895353892151 ], [ -94.200394926959703, 39.030080702980896 ], [ -94.199958848899058, 39.030248479465968 ], [ -94.199512108760459, 39.030398223355071 ], [ -94.199055931302283, 39.030529524092209 ], [ -94.198591567179918, 39.030642021684223 ], [ -94.19812028951452, 39.030735407688717 ], [ -94.197643390399833, 39.0308094260605 ], [ -94.197162177356773, 39.030863873854301 ], [ -94.196677969745537, 39.030898601781722 ], [ -94.196192095144937, 39.030913514620977 ], [ -94.19570588570943, 39.030908571478271 ], [ -94.195220674513124, 39.030883785900173 ], [ -94.194737791891612, 39.030839225836345 ], [ -94.194258561791003, 39.030775013453336 ], [ -94.193784298134858, 39.030691324799243 ], [ -94.193316301218488, 39.030588389320748 ], [ -94.192855854140902, 39.030466489233511 ], [ -94.192404219284001, 39.030325958747824 ], [ -94.191962634848991, 39.030167183151526 ], [ -94.191532311459113, 39.029990597752843 ], [ -94.191114428838574, 39.029796686685984 ], [ -94.190710132576299, 39.029585981582784 ], [ -94.190320530983797, 39.029359060114047 ], [ -94.189946692055557, 39.02911654440458 ], [ -94.189589640540362, 39.028859099326475 ], [ -94.189250355131676, 39.028587430674946 ], [ -94.188929765784621, 39.028302283232101 ], [ -94.18862875116713, 39.028004438723919 ], [ -94.188348136252031, 39.027694713675722 ], [ -94.188088690056773, 39.027373957172593 ], [ -94.187851123537129, 39.027043048530338 ], [ -94.187636087640257, 39.02670289488384 ], [ -94.187444171522813, 39.026354428699086 ], [ -94.187275900938729, 39.025998605215996 ], [ -94.18713173680122, 39.025636399828848 ], [ -94.187012073922773, 39.025268805411613 ], [ -94.186917239936562, 39.024896829595576 ], [ -94.186847494402429, 39.024521492006556 ], [ -94.186803028099476, 39.024143821469458 ], [ -94.186783962507405, 39.023764853187821 ] ] ] } },
{ "type": "Feature", "properties": { }, "geometry": { "type": "Polygon", "coordinates": [ [ [ -94.573775662464911, 39.098715857380846 ], [ -94.573779971697022, 39.098336654336904 ], [ -94.573809744080123, 39.097958146688718 ], [ -94.573864897602817, 39.097581371888523 ], [ -94.573945280692101, 39.097207362622576 ], [ -94.574050672633263, 39.096837143980878 ], [ -94.574180784179049, 39.096471730648005 ], [ -94.57433525834665, 39.09611212412252 ], [ -94.574513671400013, 39.095759309972841 ], [ -94.574715534014942, 39.095414255136674 ], [ -94.574940292623637, 39.095077905271978 ], [ -94.575187330935066, 39.094751182166142 ], [ -94.575455971626781, 39.09443498121076 ], [ -94.575745478203686, 39.094130168949029 ], [ -94.576055057018607, 39.093837580701965 ], [ -94.576383859449024, 39.093558018280639 ], [ -94.576730984224056, 39.093292247790075 ], [ -94.577095479895306, 39.093040997531112 ], [ -94.577476347444701, 39.092804956005921 ], [ -94.577872543022337, 39.092584770032602 ], [ -94.578282980806719, 39.092381042973955 ], [ -94.578706535979578, 39.092194333085473 ], [ -94.579142047807025, 39.092025151986654 ], [ -94.579588322818978, 39.091873963260362 ], [ -94.58004413807771, 39.091741181183444 ], [ -94.580508244526882, 39.091627169592741 ], [ -94.580979370411796, 39.091532240888874 ], [ -94.581456224761581, 39.09145665518114 ], [ -94.581937500923829, 39.091400619575452 ], [ -94.582421880141979, 39.091364287607398 ], [ -94.582908035165602, 39.091347758822096 ], [ -94.583394633884012, 39.091351078501617 ], [ -94.583880342973004, 39.091374237541331 ], [ -94.584363831544948, 39.091417172474699 ], [ -94.584843774792134, 39.091479765647243 ], [ -94.5853188576137, 39.091561845538727 ], [ -94.58578777821586, 39.09166318723274 ], [ -94.586249251675937, 39.091783513032595 ], [ -94.586702013460425, 39.091922493221631 ], [ -94.587144822887225, 39.09207974696605 ], [ -94.587576466523018, 39.092254843357473 ], [ -94.587995761506065, 39.092447302593079 ], [ -94.588401558785804, 39.092656597289036 ], [ -94.588792746269931, 39.092882153924755 ], [ -94.58916825187076, 39.093123354413329 ], [ -94.589527046442313, 39.093379537793908 ], [ -94.589868146600153, 39.093650002041812 ], [ -94.590190617416283, 39.093934005990917 ], [ -94.590493574981622, 39.094230771363478 ], [ -94.590776188829224, 39.094539484901631 ], [ -94.591037684211386, 39.094859300594642 ], [ -94.591277344224551, 39.095189341996303 ], [ -94.591494511776006, 39.09552870462543 ], [ -94.591688591387197, 39.095876458443541 ], [ -94.591859050828475, 39.096231650402615 ], [ -94.59200542258084, 39.096593307055898 ], [ -94.592127305120727, 39.096960437224979 ], [ -94.592224364024105, 39.097332034715386 ], [ -94.592296332886988, 39.097707081073622 ], [ -94.59234301405975, 39.098084548377855 ], [ -94.592364279193021, 39.098463402054882 ], [ -94.592360069593965, 39.098842603715312 ], [ -94.592330396391532, 39.099221113999533 ], [ -94.592275340510469, 39.099597895426392 ], [ -94.592195052454002, 39.099971915237063 ], [ -94.592089751895628, 39.100342148225984 ], [ -94.591959727081402, 39.100707579551425 ], [ -94.591805334043897, 39.101067207517666 ], [ -94.591626995630264, 39.101420046321394 ], [ -94.591425200346947, 39.101765128754771 ], [ -94.591200501024034, 39.102101508857501 ], [ -94.59095351330302, 39.102428264510877 ], [ -94.590684913952089, 39.102744499966704 ], [ -94.590395439013363, 39.103049348303827 ], [ -94.590085881787417, 39.103341973805954 ], [ -94.5897570906602, 39.103621574253822 ], [ -94.589409966778774, 39.103887383125823 ], [ -94.589045461581762, 39.104138671700568 ], [ -94.588664574191583, 39.104374751056106 ], [ -94.588268348675498, 39.104594973959877 ], [ -94.587857871183047, 39.104798736644412 ], [ -94.587434266967563, 39.104985480463945 ], [ -94.586998697300217, 39.105154693427188 ], [ -94.586552356284813, 39.105305911602201 ], [ -94.586096467582223, 39.105438720389436 ], [ -94.585632281053464, 39.105552755659481 ], [ -94.58516106933061, 39.105647704752194 ], [ -94.584684124324966, 39.105723307334955 ], [ -94.584202753682163, 39.105779356116962 ], [ -94.583718277193981, 39.105815697418244 ], [ -94.583232023176492, 39.105832231591442 ], [ -94.582745324825027, 39.105828913295404 ], [ -94.582259516555354, 39.105805751619684 ], [ -94.581775930341792, 39.10576281005963 ], [ -94.581295892061789, 39.105700206342355 ], [ -94.580820717857435, 39.105618112103656 ], [ -94.580351710523715, 39.10551675241706 ], [ -94.579890155933526, 39.105396405176457 ], [ -94.579437319509324, 39.105257400333365 ], [ -94.578994442750897, 39.10510011899175 ], [ -94.578562739829323, 39.104924992362285 ], [ -94.578143394255846, 39.104732500579154 ], [ -94.577737555635352, 39.104523171382738 ], [ -94.577346336513031, 39.104297578671627 ], [ -94.576970809323257, 39.104056340928004 ], [ -94.576612003448489, 39.103800119520869 ], [ -94.576270902397042, 39.103529616891542 ], [ -94.575948441106704, 39.103245574626648 ], [ -94.575645503382148, 39.102948771423726 ], [ -94.575362919472994, 39.102640020955143 ], [ -94.575101463798873, 39.102320169636215 ], [ -94.574861852828363, 39.101990094303517 ], [ -94.574644743116821, 39.101650699809952 ], [ -94.574450729509067, 39.10130291654314 ], [ -94.574280343511646, 39.100947697873728 ], [ -94.574134051838868, 39.100586017541133 ], [ -94.574012255136921, 39.100218866983184 ], [ -94.573915286889402, 39.099847252617749 ], [ -94.573843412507046, 39.099472193083216 ], [ -94.57379682860433, 39.099094716445762 ], [ -94.573775662464911, 39.098715857380846 ] ] ] } },
{ "type": "Feature", "properties": { }, "geometry": { "type": "Polygon", "coordinates": [ [ [ -94.566836545106696, 39.091755285602716 ], [ -94.566840892361299, 39.091376081627082 ], [ -94.566870700242447, 39.090997574616679 ], [ -94.56692588664157, 39.090620802021945 ], [ -94.567006299895752, 39.090246796523012 ], [ -94.567111719207745, 39.089876583199548 ], [ -94.567241855255475, 39.089511176721494 ], [ -94.567396350989114, 39.089151578568597 ], [ -94.56757478261369, 39.088798774286289 ], [ -94.567776660754305, 39.08845373078524 ], [ -94.568001431800781, 39.088117393692279 ], [ -94.568248479428149, 39.087790684759824 ], [ -94.568517126288583, 39.08747449934063 ], [ -94.568806635870246, 39.087169703935317 ], [ -94.569116214517877, 39.086877133818696 ], [ -94.569445013609567, 39.086597590752199 ], [ -94.569792131883702, 39.086331840787807 ], [ -94.570156617909774, 39.086080612170136 ], [ -94.570537472696302, 39.085844593342117 ], [ -94.570933652428423, 39.085624431059649 ], [ -94.571344071328113, 39.085420728620711 ], [ -94.571767604628903, 39.085234044213315 ], [ -94.572203091656917, 39.085064889387226 ], [ -94.572649339010013, 39.084913727653309 ], [ -94.573105123826309, 39.084780973214571 ], [ -94.573569197132798, 39.084666989832101 ], [ -94.574040287265632, 39.084572089829337 ], [ -94.574517103351852, 39.08449653323693 ], [ -94.574998338843869, 39.084440527081071 ], [ -94.575482675096438, 39.08440422481673 ], [ -94.575968784976823, 39.084387725907625 ], [ -94.576455336497929, 39.084391075554045 ], [ -94.576940996464771, 39.084414264569261 ], [ -94.577424434124197, 39.084457229404649 ], [ -94.577904324807932, 39.084519852323801 ], [ -94.578379353558972, 39.084601961725006 ], [ -94.578848218731551, 39.084703332610999 ], [ -94.579309635554793, 39.08482368720513 ], [ -94.579762339650202, 39.084962695711816 ], [ -94.580205090493649, 39.085119977219676 ], [ -94.580636674812197, 39.085295100744233 ], [ -94.581055909906553, 39.085487586408306 ], [ -94.581461646890105, 39.085696906755622 ], [ -94.581852773835649, 39.085922488195287 ], [ -94.582228218821314, 39.086163712572358 ], [ -94.582586952867118, 39.086419918860507 ], [ -94.582927992754392, 39.086690404972202 ], [ -94.583250403720214, 39.086974429681383 ], [ -94.583553302019482, 39.087271214653363 ], [ -94.583835857347623, 39.087579946576476 ], [ -94.584097295117232, 39.087899779389559 ], [ -94.584336898582634, 39.08822983659941 ], [ -94.584554010806102, 39.088569213681446 ], [ -94.584748036460709, 39.088916980557535 ], [ -94.58491844346473, 39.089272184143752 ], [ -94.585064764442933, 39.089633850961427 ], [ -94.585186598010921, 39.090000989804217 ], [ -94.585283609878999, 39.090372594453797 ], [ -94.585355533772201, 39.090747646436981 ], [ -94.585402172164208, 39.091125117816453 ], [ -94.58542339682306, 39.091503974007765 ], [ -94.585419149166981, 39.091883176614573 ], [ -94.585389440429395, 39.09226168627459 ], [ -94.585334351632568, 39.092638465508365 ], [ -94.585254033370106, 39.093012481563001 ], [ -94.58514870539851, 39.093382709243201 ], [ -94.585018656039111, 39.093748133721704 ], [ -94.584864241391941, 39.094107753321573 ], [ -94.584685884363566, 39.0944605822624 ], [ -94.584484073511646, 39.094805653363323 ], [ -94.584259361709073, 39.095142020695128 ], [ -94.584012364631761, 39.095468762174114 ], [ -94.58374375907367, 39.095784982090919 ], [ -94.583454281094149, 39.096089813566991 ], [ -94.583144724002196, 39.096382420932294 ], [ -94.582815936183579, 39.096662002017283 ], [ -94.582468818776377, 39.096927790353469 ], [ -94.582104323201591, 39.097179057275795 ], [ -94.581723448555351, 39.09741511392167 ], [ -94.581327238870117, 39.097635313120875 ], [ -94.580916780252011, 39.097839051170943 ], [ -94.580493197902754, 39.098025769493681 ], [ -94.580057653033549, 39.098194956167781 ], [ -94.57961133968027, 39.098346147333395 ], [ -94.579155481427961, 39.09847892846512 ], [ -94.578691328054106, 39.098592935509345 ], [ -94.578220152099888, 39.098687855883455 ], [ -94.5777432453785, 39.098763429333545 ], [ -94.577261915430554, 39.098819448648761 ], [ -94.576777481936148, 39.098855760229966 ], [ -94.57629127309346, 39.098872264511343 ], [ -94.57580462197383, 39.098868916233741 ], [ -94.57531886286344, 39.098845724568889 ], [ -94.57483532760169, 39.098802753094482 ], [ -94.574355341926235, 39.098740119619599 ], [ -94.573880221834798, 39.098657995861679 ], [ -94.573411269973903, 39.098556606975215 ], [ -94.572949772064177, 39.098436230934126 ], [ -94.572496993372553, 39.098297197768936 ], [ -94.572054175240424, 39.098139888661208 ], [ -94.57162253167796, 39.097964734897772 ], [ -94.571203246033576, 39.097772216687183 ], [ -94.570797467747681, 39.097562861842235 ], [ -94.570406309199981, 39.097337244331818 ], [ -94.570030842658653, 39.097095982706072 ], [ -94.56967209733979, 39.096839738399424 ], [ -94.569331056585582, 39.096569213915942 ], [ -94.56900865516846, 39.096285150902091 ], [ -94.568705776728905, 39.095988328112263 ], [ -94.56842325135392, 39.095679559272426 ], [ -94.568161853302698, 39.095359690848213 ], [ -94.567922298885776, 39.095029599723006 ], [ -94.567705244503486, 39.094690190792967 ], [ -94.567511284849047, 39.094342394485167 ], [ -94.567340951281082, 39.093987164205984 ], [ -94.567194710370231, 39.093625473726526 ], [ -94.567072962623627, 39.093258314512418 ], [ -94.566976041390703, 39.092886693005141 ], [ -94.566904211953457, 39.092511627862606 ], [ -94.566857670803259, 39.092134147166298 ], [ -94.566836545106696, 39.091755285602716 ] ] ] } },
{ "type": "Feature", "properties": { }, "geometry": { "type": "Polygon", "coordinates": [ [ [ -94.449215560241669, 39.095405919483902 ], [ -94.449220537455744, 39.095026708047072 ], [ -94.449250976251307, 39.094648219267313 ], [ -94.449306792790665, 39.094271490544024 ], [ -94.449387833684014, 39.093897554436097 ], [ -94.449493876414323, 39.093527435832016 ], [ -94.449624629951458, 39.093162149141136 ], [ -94.449779735553989, 39.09280269551401 ], [ -94.449958767756371, 39.092450060099033 ], [ -94.450161235538758, 39.092105209343281 ], [ -94.450386583676135, 39.091769088344613 ], [ -94.450634194263259, 39.091442618262477 ], [ -94.450903388410836, 39.091126693794465 ], [ -94.451193428108652, 39.090822180725461 ], [ -94.451503518250178, 39.090529913556161 ], [ -94.451832808813322, 39.090250693217349 ], [ -94.452180397191256, 39.089985284876349 ], [ -94.452545330666808, 39.089734415841399 ], [ -94.452926609023905, 39.089498773569908 ], [ -94.453323187288561, 39.089279003785883 ], [ -94.453733978592211, 39.089075708711817 ], [ -94.454157857149369, 39.088889445419547 ], [ -94.454593661341448, 39.088720724305098 ], [ -94.45504019689858, 39.088570007691189 ], [ -94.455496240170334, 39.08843770856145 ], [ -94.4559605414766, 39.088324189429748 ], [ -94.45643182852973, 39.088229761347904 ], [ -94.456908809918048, 39.088154683053929 ], [ -94.457390178641646, 39.088099160264001 ], [ -94.45787461569077, 39.088063345109141 ], [ -94.458360793656865, 39.088047335719011 ], [ -94.458847380366478, 39.088051175953169 ], [ -94.459333042528243, 39.088074855281242 ], [ -94.459816449382842, 39.088118308811723 ], [ -94.460296276346099, 39.088181417469762 ], [ -94.46077120863518, 39.088264008323208 ], [ -94.461239944868012, 39.088365855056168 ], [ -94.461701200626251, 39.088486678588602 ], [ -94.462153711971851, 39.088626147840486 ], [ -94.462596238907778, 39.088783880638267 ], [ -94.46302756877347, 39.088959444761315 ], [ -94.463446519565593, 39.089152359125329 ], [ -94.463851943175214, 39.089362095099581 ], [ -94.464242728532398, 39.08958807795436 ], [ -94.464617804649805, 39.089829688434833 ], [ -94.464976143556655, 39.090086264456609 ], [ -94.46531676311551, 39.090357102918865 ], [ -94.465638729713675, 39.090641461629801 ], [ -94.46594116082214, 39.090938561339101 ], [ -94.466223227415028, 39.091247587872253 ], [ -94.466484156242799, 39.091567694360315 ], [ -94.46672323195294, 39.091898003559507 ], [ -94.466939799052653, 39.092237610254067 ], [ -94.467133263707638, 39.092585583735904 ], [ -94.467303095372358, 39.092940970354121 ], [ -94.467448828247242, 39.093302796127624 ], [ -94.46757006255875, 39.093670069413541 ], [ -94.467666465658667, 39.094041783624142 ], [ -94.467737772939827, 39.094416919985015 ], [ -94.467783788565342, 39.094794450326596 ], [ -94.467804386009789, 39.095173339901812 ], [ -94.467799508410238, 39.09555255022179 ], [ -94.46776916872669, 39.09593104190207 ], [ -94.467713449710956, 39.096307777511427 ], [ -94.467632503684314, 39.096681724415532 ], [ -94.467526552124468, 39.097051857607653 ], [ -94.467395885062601, 39.09741716251856 ], [ -94.467240860292748, 39.097776637798127 ], [ -94.467061902394818, 39.09812929806067 ], [ -94.466859501574575, 39.098474176586926 ], [ -94.466634212323356, 39.098810327974761 ], [ -94.466386651901274, 39.099136830731766 ], [ -94.466117498647961, 39.099452789802378 ], [ -94.465827490125633, 39.099757339022581 ], [ -94.465517421099221, 39.100049643495609 ], [ -94.465188141359462, 39.100328901881959 ], [ -94.464840553394666, 39.100594348597468 ], [ -94.464475609917386, 39.100845255913448 ], [ -94.464094311253348, 39.101080935953071 ], [ -94.463697702598992, 39.101300742578537 ], [ -94.463286871155859, 39.101504073163724 ], [ -94.462862943149204, 39.101690370247724 ], [ -94.46242708073936, 39.101859123064251 ], [ -94.461980478834093, 39.102009868943291 ], [ -94.461524361810731, 39.102142194580566 ], [ -94.461059980157415, 39.102255737171774 ], [ -94.460588607042112, 39.102350185408092 ], [ -94.460111534819418, 39.102425280330664 ], [ -94.459630071484412, 39.102480816041151 ], [ -94.459145537083444, 39.102516640266948 ], [ -94.458659260091679, 39.102532654779033 ], [ -94.458172573767541, 39.102528815661714 ], [ -94.457686812493748, 39.102505133433127 ], [ -94.457203308115538, 39.102461673016585 ], [ -94.456723386285546, 39.102398553562367 ], [ -94.456248362826031, 39.102315948120882 ], [ -94.455779540117902, 39.102214083167873 ], [ -94.455318203526986, 39.102093237983013 ], [ -94.454865617876948, 39.101953743883556 ], [ -94.454423023978876, 39.10179598331527 ], [ -94.453991635227027, 39.101620388803049 ], [ -94.453572634269875, 39.101427441764166 ], [ -94.453167169765962, 39.101217671187328 ], [ -94.452776353233304, 39.100991652181335 ], [ -94.452401256000798, 39.100750004397135 ], [ -94.452042906270549, 39.10049339032782 ], [ -94.451702286298584, 39.100222513491062 ], [ -94.451380329702133, 39.099938116499104 ], [ -94.451077918900623, 39.099640979021657 ], [ -94.45079588269742, 39.099331915647063 ], [ -94.450534994009161, 39.099011773647888 ], [ -94.450295967748517, 39.098681430656981 ], [ -94.45007945886654, 39.098341792260321 ], [ -94.44988606055972, 39.097993789513367 ], [ -94.449716302646607, 39.097638376387607 ], [ -94.449570650118758, 39.097276527154598 ], [ -94.449449501869424, 39.096909233714221 ], [ -94.449353189603883, 39.096537502875016 ], [ -94.449281976934131, 39.096162353593591 ], [ -94.449236058660446, 39.095784814181059 ], [ -94.449215560241669, 39.095405919483902 ] ] ] } },
{ "type": "Feature", "properties": { }, "geometry": { "type": "Polygon", "coordinates": [ [ [ -94.535794516202458, 39.10616284917996 ], [ -94.53579902818143, 39.105783643907614 ], [ -94.535829005891671, 39.105405142282464 ], [ -94.535884366758921, 39.105028381739913 ], [ -94.535964958641856, 39.104654394926776 ], [ -94.536070560253478, 39.104284206871192 ], [ -94.536200881771975, 39.103918832173591 ], [ -94.536355565639198, 39.103559272226313 ], [ -94.536534187544532, 39.103206512469825 ], [ -94.536736257591642, 39.102861519692475 ], [ -94.536961221644532, 39.102525239381841 ], [ -94.537208462849421, 39.102198593134474 ], [ -94.537477303328203, 39.101882476131102 ], [ -94.537767006038692, 39.101577754684619 ], [ -94.538076776796629, 39.101285263866991 ], [ -94.538405766453977, 39.101005805222165 ], [ -94.538753073227227, 39.100740144570594 ], [ -94.539117745169762, 39.100489009912053 ], [ -94.539498782780967, 39.100253089431831 ], [ -94.539895141745461, 39.100033029616299 ], [ -94.54030573579449, 39.099829433482554 ], [ -94.540729439682096, 39.099642858927297 ], [ -94.541165092267391, 39.099473817199247 ], [ -94.541611499695051, 39.099322771499388 ], [ -94.542067438664972, 39.099190135712789 ], [ -94.542531659782213, 39.099076273275521 ], [ -94.543002890978229, 39.098981496179618 ], [ -94.543479840993996, 39.098906064119113 ], [ -94.54396120291527, 39.098850183779078 ], [ -94.5444456577507, 39.098814008269812 ], [ -94.544931878042902, 39.098797636707907 ], [ -94.54541853150252, 39.098801113944887 ], [ -94.545904284655435, 39.09882443044453 ], [ -94.546387806493314, 39.098867522309092 ], [ -94.546867772117324, 39.098930271454286 ], [ -94.547342866365184, 39.09901250593267 ], [ -94.547811787411717, 39.099114000404455 ], [ -94.548273250332855, 39.099234476754539 ], [ -94.548725990623737, 39.099373604853874 ], [ -94.549168767660888, 39.099531003463525 ], [ -94.549600368099391, 39.099706241278348 ], [ -94.550019609195544, 39.099898838108032 ], [ -94.550425342046026, 39.100108266191889 ], [ -94.55081645473463, 39.100333951643869 ], [ -94.55119187537818, 39.100575276024124 ], [ -94.551550575062976, 39.100831578032341 ], [ -94.551891570664097, 39.101102155318742 ], [ -94.552213927539498, 39.101386266407445 ], [ -94.552516762091798, 39.101683132727032 ], [ -94.552799244190624, 39.101991940742899 ], [ -94.553060599448756, 39.102311844185344 ], [ -94.553300111346076, 39.1026419663675 ], [ -94.553517123195263, 39.102981402586636 ], [ -94.553711039943963, 39.103329222602419 ], [ -94.553881329808362, 39.103684473185162 ], [ -94.554027525733758, 39.104046180727238 ], [ -94.554149226678035, 39.104413353910481 ], [ -94.554246098714472, 39.104784986422267 ], [ -94.5543178759509, 39.105160059712809 ], [ -94.554364361262557, 39.105537545786156 ], [ -94.554385426836689, 39.105916410017336 ], [ -94.554381014527195, 39.106295613987704 ], [ -94.554351136018525, 39.106674118330957 ], [ -94.554295872798036, 39.107050885581927 ], [ -94.554215375937247, 39.107424883020286 ], [ -94.554109865682051, 39.107795085501486 ], [ -94.553979630853306, 39.108160478267045 ], [ -94.55382502805945, 39.108520059726658 ], [ -94.553646480722776, 39.108872844204207 ], [ -94.553444477922653, 39.109217864640442 ], [ -94.5532195730583, 39.109554175244767 ], [ -94.552972382335014, 39.109880854088736 ], [ -94.552703583077815, 39.110197005634461 ], [ -94.552413911877281, 39.110501763190626 ], [ -94.552104162572391, 39.110794291289636 ], [ -94.551775184076192, 39.111073787979059 ], [ -94.55142787804985, 39.111339487021645 ], [ -94.551063196431869, 39.11159065999697 ], [ -94.550682138828819, 39.111826618299951 ], [ -94.550285749775142, 39.112046715029834 ], [ -94.549875115869227, 39.112250346765066 ], [ -94.549451362793732, 39.112436955218882 ], [ -94.549015652228462, 39.112606028771197 ], [ -94.548569178663953, 39.112757103872333 ], [ -94.548113166124963, 39.112889766315071 ], [ -94.547648864812459, 39.113003652371354 ], [ -94.547177547673584, 39.113098449790286 ], [ -94.546700506908991, 39.113173898655234 ], [ -94.546219050427226, 39.113229792097002 ], [ -94.545734498255612, 39.113265976861733 ], [ -94.545248178917987, 39.113282353731414 ], [ -94.544761425788892, 39.113278877796418 ], [ -94.54427557343439, 39.113255558578651 ], [ -94.54379195394975, 39.113212460005677 ], [ -94.543311893303596, 39.113149700235269 ], [ -94.542836707699308, 39.113067451331268 ], [ -94.542367699962995, 39.112965938791504 ], [ -94.541906155968519, 39.112845440929078 ], [ -94.541453341108976, 39.112706288108697 ], [ -94.541010496824853, 39.112548861840175 ], [ -94.540578837197813, 39.112373593731654 ], [ -94.540159545620043, 39.112180964305374 ], [ -94.539753771547979, 39.11197150167915 ], [ -94.539362627349433, 39.111745780117481 ], [ -94.538987185252836, 39.111504418455858 ], [ -94.538628474406892, 39.11124807840303 ], [ -94.538287478058862, 39.110977462725636 ], [ -94.537965130858908, 39.110693313320141 ], [ -94.537662316298452, 39.110396409177774 ], [ -94.537379864288823, 39.110087564247557 ], [ -94.537118548887577, 39.109767625203631 ], [ -94.53687908617816, 39.109437469122916 ], [ -94.536662132308948, 39.109098001079523 ], [ -94.536468281697083, 39.10875015166247 ], [ -94.536298065401752, 39.108394874423574 ], [ -94.536151949671634, 39.108033143262517 ], [ -94.536030334670201, 39.107665949756218 ], [ -94.535933553382577, 39.107294300439996 ], [ -94.535861870706654, 39.106919214047728 ], [ -94.535815482731181, 39.10654171871893 ], [ -94.535794516202458, 39.10616284917996 ] ] ] } },
{ "type": "Feature", "properties": { }, "geometry": { "type": "Polygon", "coordinates": [ [ [ -94.456775153316883, 39.022436340446184 ], [ -94.45678009715779, 39.022057124947729 ], [ -94.456810476379658, 39.02167863096107 ], [ -94.45686620730956, 39.021301895900038 ], [ -94.456947136793772, 39.020927952341047 ], [ -94.457053042621993, 39.020557825193166 ], [ -94.45718363414062, 39.020192528889467 ], [ -94.457338553053518, 39.019833064607049 ], [ -94.457517374407999, 39.019480417523887 ], [ -94.457719607763082, 39.019135554119316 ], [ -94.457944698537275, 39.018799419526232 ], [ -94.45819202953146, 39.018472934941748 ], [ -94.458460922623331, 39.018156995103539 ], [ -94.458750640628338, 39.01785246583907 ], [ -94.459060389322005, 39.017560181693817 ], [ -94.459389319618325, 39.017280943645531 ], [ -94.459736529897924, 39.017015516910476 ], [ -94.460101068479915, 39.01676462884771 ], [ -94.460481936230266, 39.016528966967222 ], [ -94.460878089299996, 39.016309177047134 ], [ -94.461288441985403, 39.016105861365467 ], [ -94.461711869702498, 39.015919577050944 ], [ -94.462147212067592, 39.015750834557494 ], [ -94.462593276075651, 39.015600096266716 ], [ -94.463048839367616, 39.015467775221921 ], [ -94.463512653577851, 39.015354233997272 ], [ -94.463983447752483, 39.015259783705289 ], [ -94.464459931829438, 39.015184683145044 ], [ -94.46494080017051, 39.015129138093812 ], [ -94.465424735136011, 39.015093300743708 ], [ -94.465910410692089, 39.015077269285207 ], [ -94.466396496040858, 39.015081087638357 ], [ -94.466881659263692, 39.015104745332664 ], [ -94.467364570967376, 39.015148177535806 ], [ -94.467843907923481, 39.015211265231244 ], [ -94.468318356690858, 39.015293835544092 ], [ -94.468786617211464, 39.015395662214488 ], [ -94.469247406369632, 39.015516466217129 ], [ -94.469699461505087, 39.015655916525212 ], [ -94.470141543870227, 39.015813631016812 ], [ -94.470572442022146, 39.015989177521078 ], [ -94.470990975140055, 39.016182075001637 ], [ -94.471395996259176, 39.016391794873677 ], [ -94.471786395412323, 39.016617762451183 ], [ -94.472161102670356, 39.016859358520804 ], [ -94.472519091073323, 39.017115921037217 ], [ -94.4728593794445, 39.017386746936204 ], [ -94.473181035079037, 39.01767109405997 ], [ -94.473483176300562, 39.017968183189609 ], [ -94.473764974878208, 39.018277200179199 ], [ -94.474025658297577, 39.018597298185554 ], [ -94.474264511879582, 39.018927599987869 ], [ -94.474480880741083, 39.019267200390289 ], [ -94.474674171592099, 39.019615168701669 ], [ -94.474843854364565, 39.019970551285091 ], [ -94.474989463668223, 39.020332374170245 ], [ -94.475110600069499, 39.020699645722019 ], [ -94.475206931189874, 39.0210713593573 ], [ -94.475278192620891, 39.021446496303149 ], [ -94.475324188652763, 39.021824028388323 ], [ -94.475344792815264, 39.022202920860991 ], [ -94.475339948228537, 39.022582135224354 ], [ -94.475309667763582, 39.022960632082942 ], [ -94.475254034011343, 39.023337373991446 ], [ -94.475173199060819, 39.023711328298475 ], [ -94.4750673840866, 39.024081469977148 ], [ -94.47493687874686, 39.024446784435241 ], [ -94.474782040393549, 39.024806270296708 ], [ -94.47460329309672, 39.025158942147186 ], [ -94.474401126485958, 39.025503833235959 ], [ -94.474176094411533, 39.025839998126827 ], [ -94.473928813429396, 39.026166515290754 ], [ -94.473659961113881, 39.026482489633047 ], [ -94.473370274202864, 39.026787054948265 ], [ -94.473060546580086, 39.027079376295944 ], [ -94.472731627100714, 39.027358652290722 ], [ -94.472384417265602, 39.027624117300597 ], [ -94.472019868750792, 39.027875043547148 ], [ -94.471638980799142, 39.028110743102062 ], [ -94.471242797480912, 39.028330569774425 ], [ -94.470832404831256, 39.028533920883575 ], [ -94.470408927872015, 39.028720238912612 ], [ -94.469973527526392, 39.028889013038238 ], [ -94.469527397434646, 39.029039780532258 ], [ -94.469071760679853, 39.029172128031455 ], [ -94.468607866432578, 39.029285692671785 ], [ -94.468136986523561, 39.029380163084198 ], [ -94.467660411954199, 39.029455280249188 ], [ -94.467179449354134, 39.029510838207536 ], [ -94.466695417395812, 39.029546684625714 ], [ -94.466209643175731, 39.029562721213907 ], [ -94.465723458572782, 39.029558903995849 ], [ -94.46523819659302, 39.029535243429613 ], [ -94.464755187711688, 39.029491804378971 ], [ -94.464275756221895, 39.029428705935509 ], [ -94.463801216600515, 39.029346121091869 ], [ -94.463332869901009, 39.029244276267072 ], [ -94.462872000183268, 39.029123450685368 ], [ -94.462419870990161, 39.028983975609975 ], [ -94.461977721880672, 39.028826233434167 ], [ -94.461546765028999, 39.028650656632109 ], [ -94.46112818189907, 39.028457726572121 ], [ -94.460723120003564, 39.028247972195999 ], [ -94.460332689756441, 39.028021968567735 ], [ -94.459957961427534, 39.027780335295702 ], [ -94.459599962207619, 39.027523734832798 ], [ -94.459259673391955, 39.027252870659005 ], [ -94.458938027690238, 39.026968485351439 ], [ -94.45863590667004, 39.026671358547368 ], [ -94.45835413834088, 39.026362304805509 ], [ -94.458093494885759, 39.026042171371664 ], [ -94.457854690545901, 39.02571183585485 ], [ -94.457638379664942, 39.025372203820261 ], [ -94.457445154897613, 39.025024206305609 ], [ -94.457275545587947, 39.0246687972678 ], [ -94.457130016321344, 39.024306950966967 ], [ -94.457008965654452, 39.023939659294761 ], [ -94.456912725026484, 39.023567929054735 ], [ -94.45684155785446, 39.023192779201807 ], [ -94.456795658815395, 39.022815238048537 ], [ -94.456775153316883, 39.022436340446184 ] ] ] } },
{ "type": "Feature", "properties": { }, "geometry": { "type": "Polygon", "coordinates": [ [ [ -94.517494730166334, 38.874180788108553 ], [ -94.517499365663468, 38.873801567313627 ], [ -94.517529383738719, 38.873423055849351 ], [ -94.517584701711883, 38.873046291178113 ], [ -94.517665167563862, 38.87267230595819 ], [ -94.517770560357647, 38.872302125213629 ], [ -94.517900590848171, 38.871936763525206 ], [ -94.518054902279161, 38.871577222250181 ], [ -94.51823307136479, 38.871224486778424 ], [ -94.518434609453521, 38.870879523832556 ], [ -94.518658963870763, 38.87054327881927 ], [ -94.5189055194367, 38.870216673239298 ], [ -94.519173600155057, 38.869900602163007 ], [ -94.519462471068266, 38.869595931778491 ], [ -94.519771340273692, 38.869303497019025 ], [ -94.520099361095575, 38.869024099276082 ], [ -94.520445634406727, 38.868758504204521 ], [ -94.520809211093422, 38.868507439625624 ], [ -94.521189094656833, 38.86827159353394 ], [ -94.521584243944048, 38.868051612213236 ], [ -94.521993576000767, 38.867848098466744 ], [ -94.522415969038377, 38.867661609966589 ], [ -94.522850265506847, 38.867492657726821 ], [ -94.52329527526534, 38.867341704704259 ], [ -94.523749778841704, 38.867209164531026 ], [ -94.524212530772004, 38.86709540038207 ], [ -94.524682263011059, 38.867000723980944 ], [ -94.525157688404391, 38.866925394746417 ], [ -94.525637504212469, 38.866869619082372 ], [ -94.526120395677381, 38.86683354981276 ], [ -94.526605039622311, 38.866817285763375 ], [ -94.527090108073878, 38.866820871491299 ], [ -94.52757427189772, 38.866844297163098 ], [ -94.528056204437036, 38.866887498581782 ], [ -94.528534585144499, 38.866950357362668 ], [ -94.529008103197441, 38.867032701257521 ], [ -94.529475461086506, 38.867134304626262 ], [ -94.529935378167977, 38.867254889054735 ], [ -94.530386594170025, 38.867394124117048 ], [ -94.530827872643528, 38.867551628280282 ], [ -94.531258004347677, 38.867726969949125 ], [ -94.531675810561495, 38.86791966864763 ], [ -94.532080146311984, 38.86812919633482 ], [ -94.532469903510133, 38.868354978850519 ], [ -94.532844013986363, 38.868596397487629 ], [ -94.533201452416833, 38.868852790686255 ], [ -94.53354123913283, 38.869123455845369 ], [ -94.533862442805571, 38.869407651246959 ], [ -94.534164182998694, 38.869704598087196 ], [ -94.534445632582106, 38.870013482609451 ], [ -94.534706019999831, 38.870333458333057 ], [ -94.534944631386196, 38.870663648371767 ], [ -94.535160812524239, 38.871003147835701 ], [ -94.535353970641054, 38.871351026310009 ], [ -94.535523576035104, 38.87170633040374 ], [ -94.535669163531111, 38.872068086361594 ], [ -94.535790333758243, 38.87243530273188 ], [ -94.535886754248352, 38.872806973082753 ], [ -94.5359581603511, 38.873182078760109 ], [ -94.536004355963385, 38.873559591678678 ], [ -94.536025214071003, 38.873938477139525 ], [ -94.536020677101149, 38.874317696665521 ], [ -94.535990757084633, 38.874696210847603 ], [ -94.535935535627317, 38.875072982193643 ], [ -94.535855163690854, 38.875446977972189 ], [ -94.535749861183291, 38.875817173043551 ], [ -94.535619916360488, 38.876182552669945 ], [ -94.535465685040137, 38.876542115297639 ], [ -94.535287589630357, 38.876894875302746 ], [ -94.535086117975467, 38.877239865693902 ], [ -94.534861822022208, 38.877576140763708 ], [ -94.534615316309853, 38.87790277868212 ], [ -94.534347276288443, 38.87821888402447 ], [ -94.534058436469707, 38.878523590227232 ], [ -94.533749588415574, 38.878816061964706 ], [ -94.533421578570056, 38.879095497440275 ], [ -94.533075305940102, 38.879361130585679 ], [ -94.53271171963199, 38.879612233162483 ], [ -94.532331816249908, 38.87984811675981 ], [ -94.531936637163952, 38.880068134683015 ], [ -94.531527265654887, 38.880271683727813 ], [ -94.531104823943565, 38.880458205835346 ], [ -94.530670470113307, 38.880627189623375 ], [ -94.530225394933424, 38.880778171789395 ], [ -94.529770818592851, 38.880910738381992 ], [ -94.529307987352681, 38.88102452593678 ], [ -94.528838170127102, 38.881119222473757 ], [ -94.5283626550017, 38.881194568353536 ], [ -94.527882745699102, 38.881250356989874 ], [ -94.527399758001593, 38.88128643541669 ], [ -94.526915016140336, 38.881302704707871 ], [ -94.526429849161488, 38.881299120248883 ], [ -94.525945587278912, 38.881275691859265 ], [ -94.525463558223748, 38.881232483765785 ], [ -94.524985083600768, 38.881169614426277 ], [ -94.52451147526159, 38.881087256204623 ], [ -94.524044031704804, 38.880985634897897 ], [ -94.523584034512709, 38.880865029116769 ], [ -94.523132744834797, 38.880725769521106 ], [ -94.522691399927453, 38.88056823791257 ], [ -94.522261209759321, 38.880392866187215 ], [ -94.521843353691921, 38.880200135150268 ], [ -94.521438977244486, 38.879990573197013 ], [ -94.521049188951864, 38.879764754863068 ], [ -94.520675057324354, 38.87952329924795 ], [ -94.520317607917519, 38.879266868316698 ], [ -94.519977820520324, 38.878996165083741 ], [ -94.519656626469029, 38.878711931684258 ], [ -94.519354906094577, 38.878414947338371 ], [ -94.519073486309907, 38.878106026213615 ], [ -94.518813138344541, 38.877786015191717 ], [ -94.518574575631874, 38.877455791545607 ], [ -94.518358451855619, 38.877116260533434 ], [ -94.518165359160207, 38.876768352915668 ], [ -94.517995826530367, 38.876413022402559 ], [ -94.517850318344188, 38.876051243038873 ], [ -94.517729233103594, 38.875684006532758 ], [ -94.517632902345568, 38.875312319536611 ], [ -94.517561589737312, 38.874937200886976 ], [ -94.517515490357624, 38.874559678811181 ], [ -94.517494730166334, 38.874180788108553 ] ] ] } },
{ "type": "Feature", "properties": { }, "geometry": { "type": "Polygon", "coordinates": [ [ [ -94.528084498367988, 39.106042234144944 ], [ -94.528089051698572, 39.10566302834021 ], [ -94.528119070694785, 39.10528452786987 ], [ -94.528174472669249, 39.104907770166058 ], [ -94.528255105367961, 39.104533787867751 ], [ -94.528360747392142, 39.104163605990685 ], [ -94.528491108809249, 39.103798239118255 ], [ -94.528645831951792, 39.103438688621324 ], [ -94.528824492401625, 39.103085939914358 ], [ -94.529026600156826, 39.102740959755415 ], [ -94.529251600978156, 39.102404693597443 ], [ -94.529498877911152, 39.102078062998118 ], [ -94.529767752979879, 39.101761963095292 ], [ -94.530057489047451, 39.101457260154923 ], [ -94.530367291838303, 39.101164789198265 ], [ -94.530696312116717, 39.100885351714787 ], [ -94.531043648015398, 39.100619713466962 ], [ -94.531408347507963, 39.100368602393132 ], [ -94.531789411018465, 39.100132706613991 ], [ -94.532185794160611, 39.099912672548172 ], [ -94.532596410599538, 39.099709103142246 ], [ -94.533020135027982, 39.099522556219675 ], [ -94.533455806248909, 39.09935354295348 ], [ -94.533902230355949, 39.099202526466648 ], [ -94.534358184003409, 39.099069920564268 ], [ -94.534822417756189, 39.098956088600495 ], [ -94.535293659511211, 39.098861342483957 ], [ -94.535770617980546, 39.098785941823799 ], [ -94.536251986226787, 39.098730093219075 ], [ -94.536736445241331, 39.0986939496932 ], [ -94.537222667555355, 39.098677610275153 ], [ -94.537709320873944, 39.098681119728411 ], [ -94.538195071723393, 39.098704468428537 ], [ -94.53867858910165, 39.098747592389564 ], [ -94.539158548122103, 39.098810373439321 ], [ -94.539633633640506, 39.098892639542981 ], [ -94.540102543855554, 39.098994165274156 ], [ -94.540563993872809, 39.099114672432052 ], [ -94.541016719222696, 39.099253830803306 ], [ -94.541459479322626, 39.099411259066009 ], [ -94.541891060874008, 39.099586525833814 ], [ -94.542310281184825, 39.099779150837094 ], [ -94.542715991408571, 39.09998860623795 ], [ -94.543107079690998, 39.100214318075494 ], [ -94.543482474215665, 39.100455667837586 ], [ -94.543841146140366, 39.100711994154338 ], [ -94.544182112416138, 39.10098259460937 ], [ -94.544504438481198, 39.101266727663287 ], [ -94.544807240822507, 39.101563614684466 ], [ -94.545089689397841, 39.101872442081522 ], [ -94.545351009911741, 39.102192363531607 ], [ -94.545590485939229, 39.102522502298498 ], [ -94.545807460891197, 39.102861953633955 ], [ -94.546001339816314, 39.103209787256162 ], [ -94.546171591034366, 39.10356504989813 ], [ -94.54631774759649, 39.103926767919077 ], [ -94.546439408568375, 39.104293949972089 ], [ -94.546536240132824, 39.104665589720163 ], [ -94.54660797650854, 39.10504066859361 ], [ -94.546654420682742, 39.105418158581124 ], [ -94.546675444955397, 39.105797025046925 ], [ -94.546670991293595, 39.106176229566202 ], [ -94.546641071495117, 39.106554732771052 ], [ -94.546585767160551, 39.106931497199362 ], [ -94.546505229474093, 39.107305490138494 ], [ -94.546399678793577, 39.107675686456133 ], [ -94.546269404050761, 39.108041071410668 ], [ -94.546114761963494, 39.108400643433129 ], [ -94.545936176061872, 39.108753416873192 ], [ -94.545734135531077, 39.109098424701848 ], [ -94.545509193873798, 39.109434721162977 ], [ -94.545261967396286, 39.109761384366884 ], [ -94.544993133521672, 39.110077518818535 ], [ -94.54470342893552, 39.110382257873383 ], [ -94.544393647568484, 39.110674766114556 ], [ -94.544064638421546, 39.110954241644045 ], [ -94.543717303240044, 39.111219918282579 ], [ -94.543352594042489, 39.111471067671168 ], [ -94.542971510511194, 39.111707001269352 ], [ -94.54257509725177, 39.111927072244129 ], [ -94.542164440929071, 39.112130677244558 ], [ -94.541740667287314, 39.112317258057175 ], [ -94.54130493806278, 39.112486303137693 ], [ -94.540858447797248, 39.112637349014491 ], [ -94.540402420561335, 39.112769981560561 ], [ -94.539938106596367, 39.112883837129772 ], [ -94.539466778884218, 39.112978603554915 ], [ -94.538989729654631, 39.113054021004309 ], [ -94.538508266839372, 39.113109882694971 ], [ -94.538023710483145, 39.11314603546009 ], [ -94.537537389121297, 39.113162380169477 ], [ -94.537050636133927, 39.113158872001677 ], [ -94.536564786086714, 39.11313552056707 ], [ -94.53608117106856, 39.11309238988153 ], [ -94.535601117035853, 39.113029598190941 ], [ -94.535125940173785, 39.112947317646693 ], [ -94.534656943284446, 39.112845773833442 ], [ -94.534195412211901, 39.11272524515001 ], [ -94.533742612313802, 39.112586062045644 ], [ -94.533299784989467, 39.112428606113234 ], [ -94.532868144274047, 39.112253309042281 ], [ -94.532448873507747, 39.112060651434405 ], [ -94.532043122089874, 39.111851161484729 ], [ -94.531652002326041, 39.111625413532686 ], [ -94.531276586377572, 39.111384026486085 ], [ -94.530917903321395, 39.111127662123309 ], [ -94.530576936328458, 39.110857023277582 ], [ -94.530254619968375, 39.110572851908898 ], [ -94.529951837647872, 39.110275927068706 ], [ -94.529669419189815, 39.109967062762685 ], [ -94.529408138559688, 39.109647105718089 ], [ -94.529168711745513, 39.109316933061159 ], [ -94.52895179479718, 39.108977449911393 ], [ -94.528757982030527, 39.108629586899191 ], [ -94.528587804400928, 39.108274297613555 ], [ -94.528441728051007, 39.107912555987149 ], [ -94.528320153036233, 39.107545353625532 ], [ -94.528223412232038, 39.107173697088221 ], [ -94.528151770425339, 39.106798605128859 ], [ -94.528105423592805, 39.106421105902093 ], [ -94.528084498367988, 39.106042234144944 ] ] ] } },
{ "type": "Feature", "properties": { }, "geometry": { "type": "Polygon", "coordinates": [ [ [ -94.541984463176789, 39.106773344310383 ], [ -94.541988941897927, 39.106394139502079 ], [ -94.542018886587769, 39.106015636982647 ], [ -94.542074214762536, 39.105638874189971 ], [ -94.542154774370445, 39.105264883777089 ], [ -94.542260344212963, 39.104894690782089 ], [ -94.542390634555289, 39.10452930981895 ], [ -94.542545287924668, 39.104169742297259 ], [ -94.542723880094002, 39.103816973678249 ], [ -94.542925921248383, 39.103471970774635 ], [ -94.543150857330929, 39.103135679101783 ], [ -94.543398071564454, 39.102809020287388 ], [ -94.543666886144678, 39.102492889546674 ], [ -94.54395656410027, 39.10218815323018 ], [ -94.544266311314786, 39.101895646450672 ], [ -94.544595278704577, 39.101616170795829 ], [ -94.5449425645471, 39.101350492132738 ], [ -94.545307216952978, 39.101099338510537 ], [ -94.545688236475073, 39.100863398166517 ], [ -94.54608457884747, 39.100643317641428 ], [ -94.546495157846834, 39.10043970000914 ], [ -94.546918848268348, 39.100253103225242 ], [ -94.547354489007972, 39.100084038599348 ], [ -94.547800886242754, 39.099932969395184 ], [ -94.548256816700473, 39.099800309562191 ], [ -94.548721031009478, 39.099686422602296 ], [ -94.549192257119856, 39.099591620574728 ], [ -94.549669203786422, 39.099516163241795 ], [ -94.550150564104115, 39.099460257357762 ], [ -94.550635019085973, 39.099424056102926 ], [ -94.551121241274203, 39.099407658664397 ], [ -94.551607898374229, 39.099411109964542 ], [ -94.552093656902002, 39.0994344005382 ], [ -94.552577185834451, 39.099477466558596 ], [ -94.553057160253346, 39.09954019001227 ], [ -94.553532264972347, 39.099622399022117 ], [ -94.554001198137598, 39.099723868318144 ], [ -94.554462674791907, 39.099844319854164 ], [ -94.554915430392796, 39.099983423569128 ], [ -94.555358224274954, 39.100140798290894 ], [ -94.555789843047364, 39.100316012779764 ], [ -94.556209103916146, 39.100508586909328 ], [ -94.556614857923861, 39.100717992981075 ], [ -94.557005993096425, 39.100943657169317 ], [ -94.557381437489127, 39.101184961092436 ], [ -94.557740162123281, 39.101441243506194 ], [ -94.558081183805655, 39.101711802114522 ], [ -94.558403567822836, 39.101995895492742 ], [ -94.558706430503165, 39.102292745117978 ], [ -94.558988941639228, 39.1026015375014 ], [ -94.5592503267643, 39.102921426416174 ], [ -94.559489869276518, 39.103251535215271 ], [ -94.559706912404721, 39.10359095923269 ], [ -94.55990086101086, 39.103938768261571 ], [ -94.560071183223911, 39.104294009102368 ], [ -94.560217411900553, 39.104655708174221 ], [ -94.560339145908898, 39.105022874182218 ], [ -94.560436051231704, 39.105394500833441 ], [ -94.560507861885554, 39.105769569594216 ], [ -94.560554380654125, 39.106147052481063 ], [ -94.560575479632973, 39.106525914877828 ], [ -94.560571100584426, 39.106905118370918 ], [ -94.560541255101739, 39.107283623595386 ], [ -94.560486024581749, 39.107660393083727 ], [ -94.560405560006316, 39.108034394109538 ], [ -94.560300081532759, 39.10840460151843 ], [ -94.560169877894836, 39.108770000538534 ], [ -94.560015305615366, 39.109129589562414 ], [ -94.559836788032982, 39.109482382893255 ], [ -94.559634814145411, 39.109827413447597 ], [ -94.559409937272562, 39.110163735407127 ], [ -94.559162773542866, 39.110490426812305 ], [ -94.558894000207317, 39.110806592090881 ], [ -94.558604353785327, 39.11111136451386 ], [ -94.558294628047875, 39.11140390857291 ], [ -94.557965671843306, 39.111683422271909 ], [ -94.557618386771594, 39.111949139326946 ], [ -94.557253724713689, 39.112200331268248 ], [ -94.556872685222444, 39.112436309438721 ], [ -94.556476312782607, 39.112656426883142 ], [ -94.55606569394692, 39.112860080123184 ], [ -94.555641954356645, 39.113046710813087 ], [ -94.555206255654539, 39.113215807271793 ], [ -94.554759792298569, 39.113366905886778 ], [ -94.554303788285452, 39.113499592386411 ], [ -94.553839493792694, 39.113613502976548 ], [ -94.553368181748723, 39.113708325339104 ], [ -94.552891144340222, 39.113783799488964 ], [ -94.552409689466444, 39.113839718487604 ], [ -94.55192513715032, 39.113875929011044 ], [ -94.551438815916072, 39.113892331770636 ], [ -94.550952059143441, 39.113888881785698 ], [ -94.550466201408511, 39.113865588507018 ], [ -94.549982574821286, 39.11382251579095 ], [ -94.549502505369915, 39.113759781724369 ], [ -94.549027309281939, 39.113677558300608 ], [ -94.548558289412284, 39.11357607094763 ], [ -94.548096731668068, 39.113455597909407 ], [ -94.547643901480214, 39.113316469482612 ], [ -94.547201040331245, 39.113159067110118 ], [ -94.546769362349167, 39.112983822334577 ], [ -94.546350050976542, 39.112791215614209 ], [ -94.545944255724166, 39.112581775004614 ], [ -94.545553089017986, 39.112356074709879 ], [ -94.54517762314822, 39.112114733507212 ], [ -94.544818887328873, 39.111858413049305 ], [ -94.544477864875674, 39.111587816049024 ], [ -94.544155490510519, 39.111303684351704 ], [ -94.543852647799341, 39.111006796900014 ], [ -94.543570166730731, 39.11069796759724 ], [ -94.543308821441983, 39.110378043074761 ], [ -94.543069328098539, 39.110047900369644 ], [ -94.542852342932832, 39.10970844451942 ], [ -94.542658460447839, 39.109360606079726 ], [ -94.5424882117902, 39.109005338572281 ], [ -94.54234206329734, 39.108643615870186 ], [ -94.542220415222573, 39.108276429527209 ], [ -94.542123600641716, 39.107904786059066 ], [ -94.542051884543937, 39.107529704183683 ], [ -94.542005463109632, 39.107152212028204 ], [ -94.541984463176789, 39.106773344310383 ] ] ] } },
{ "type": "Feature", "properties": { }, "geometry": { "type": "Polygon", "coordinates": [ [ [ -94.515660382256442, 38.907580729275743 ], [ -94.515665023859384, 38.907201510413636 ], [ -94.515695059940413, 38.906823001039342 ], [ -94.515750407769275, 38.906446238609426 ], [ -94.515830915244379, 38.906072255775996 ], [ -94.515936361314019, 38.905702077556455 ], [ -94.516066456586515, 38.905336718524602 ], [ -94.516220844127446, 38.904977180030265 ], [ -94.516399100441845, 38.90462444745561 ], [ -94.516600736638622, 38.90427948751514 ], [ -94.516825199773862, 38.903943245607174 ], [ -94.517071874369364, 38.903616643223756 ], [ -94.517340084102315, 38.903300575426336 ], [ -94.51762909366127, 38.902995908393848 ], [ -94.517938110763396, 38.902703477050167 ], [ -94.518266288327467, 38.902424082777245 ], [ -94.518612726796647, 38.902158491220227 ], [ -94.518976476604507, 38.901907430190583 ], [ -94.519356540777878, 38.901671587672958 ], [ -94.519751877668909, 38.901451609941134 ], [ -94.520161403809382, 38.901248099788312 ], [ -94.520583996878983, 38.901061614876639 ], [ -94.521018498779782, 38.900892666210154 ], [ -94.521463718808292, 38.90074171673578 ], [ -94.521918436916479, 38.900609180075747 ], [ -94.522381407052947, 38.90049541939527 ], [ -94.522851360574961, 38.900400746408337 ], [ -94.523327009722109, 38.900325420524247 ], [ -94.523807051142228, 38.900269648137652 ], [ -94.524290169459633, 38.900233582063464 ], [ -94.524775040876406, 38.900217321118724 ], [ -94.525260336796364, 38.900220909852003 ], [ -94.525744727462296, 38.900244338421651 ], [ -94.526226885596344, 38.900287542622749 ], [ -94.526705490033478, 38.900350404063069 ], [ -94.527179229338444, 38.900432750487141 ], [ -94.527646805396031, 38.90053435624808 ], [ -94.528106936965116, 38.900654942925257 ], [ -94.528558363186505, 38.900794180086763 ], [ -94.528999847035351, 38.900951686194048 ], [ -94.529430178708324, 38.901127029646617 ], [ -94.52984817893676, 38.901319729963838 ], [ -94.530252702216131, 38.901529259100407 ], [ -94.530642639943736, 38.901755042892411 ], [ -94.531016923455326, 38.901996462629398 ], [ -94.53137452695286, 38.90225285674866 ], [ -94.531714470315279, 38.902523522646831 ], [ -94.532035821784362, 38.902807718604059 ], [ -94.532337700518582, 38.903104665815185 ], [ -94.532619279007932, 38.903413550522735 ], [ -94.532879785342871, 38.903733526245695 ], [ -94.533118505331487, 38.904063716098008 ], [ -94.533334784458788, 38.904403215190428 ], [ -94.533528029682842, 38.90475109310929 ], [ -94.533697711062942, 38.905106396465264 ], [ -94.533843363214956, 38.905468151505211 ], [ -94.533964586590287, 38.905835366780011 ], [ -94.534061048574515, 38.906207035860952 ], [ -94.534132484402974, 38.906582140097406 ], [ -94.534178697890397, 38.906959651408151 ], [ -94.53419956197294, 38.907338535098638 ], [ -94.534195019060761, 38.907717752696598 ], [ -94.534165081200271, 38.90809626479826 ], [ -94.534109830045566, 38.908473033917097 ], [ -94.534029416639072, 38.908847027327781 ], [ -94.533924061001841, 38.909217219896995 ], [ -94.533794051534812, 38.909582596893728 ], [ -94.533639744232246, 38.909942156771315 ], [ -94.533461561710013, 38.910294913913326 ], [ -94.533259992050745, 38.910639901336076 ], [ -94.533035587469328, 38.91097617334016 ], [ -94.532788962802456, 38.911302808103777 ], [ -94.532520793825896, 38.911618910210741 ], [ -94.532231815404572, 38.911923613106183 ], [ -94.531922819480158, 38.912216081473318 ], [ -94.531594652901845, 38.91249551352459 ], [ -94.531248215106146, 38.912761143200882 ], [ -94.530884455652057, 38.91301224227314 ], [ -94.530504371618491, 38.913248122339873 ], [ -94.530109004870837, 38.913468136715963 ], [ -94.52969943920445, 38.91367168220664 ], [ -94.529276797372702, 38.913858200762654 ], [ -94.528842238007769, 38.914027181011335 ], [ -94.528396952442719, 38.914178159659741 ], [ -94.527942161443633, 38.914310722765983 ], [ -94.527479111860501, 38.914424506875108 ], [ -94.527009073206528, 38.914519200016471 ], [ -94.526533334174772, 38.914594542559911 ], [ -94.526053199102265, 38.914650327928278 ], [ -94.525569984390728, 38.914686403164403 ], [ -94.525085014894216, 38.914702669350916 ], [ -94.524599620283496, 38.914699081881764 ], [ -94.524115131397025, 38.914675650584769 ], [ -94.52363287658882, 38.914632439694735 ], [ -94.523154178083061, 38.914569567677169 ], [ -94.522680348345673, 38.914487206903409 ], [ -94.522212686482618, 38.914385583177619 ], [ -94.521752474675168, 38.914264975117177 ], [ -94.521300974661614, 38.914125713388316 ], [ -94.520859424275287, 38.913968179798751 ], [ -94.520429034048476, 38.913792806250065 ], [ -94.520010983891424, 38.913600073552644 ], [ -94.519606419855648, 38.913390510106531 ], [ -94.519216450990413, 38.913164690451566 ], [ -94.518842146301125, 38.912923233691103 ], [ -94.518484531817805, 38.912666801793527 ], [ -94.518144587781933, 38.912396097776046 ], [ -94.517823245959079, 38.912111863776218 ], [ -94.517521387085068, 38.911814879015985 ], [ -94.517239838452355, 38.911505957664197 ], [ -94.516979371643316, 38.911185946603361 ], [ -94.516740700416847, 38.910855723106707 ], [ -94.516524478753681, 38.910516192432098 ], [ -94.516331299066167, 38.910168285339211 ], [ -94.516161690576965, 38.909812955537028 ], [ -94.516016117871615, 38.909451177068419 ], [ -94.515894979628271, 38.90908394163921 ], [ -94.515798607528609, 38.908712255898912 ], [ -94.515727265352552, 38.908337138680672 ], [ -94.515681148259247, 38.907959618207983 ], [ -94.515660382256442, 38.907580729275743 ] ] ] } },
{ "type": "Feature", "properties": { }, "geometry": { "type": "Polygon", "coordinates": [ [ [ -94.523913533115874, 39.11325192034986 ], [ -94.523918108011841, 39.112872714708423 ], [ -94.523948151159331, 39.112494215261215 ], [ -94.524003579804585, 39.11211745943757 ], [ -94.5240842416204, 39.111743479871286 ], [ -94.524189915128048, 39.111373301570524 ], [ -94.524320310308596, 39.111007939108852 ], [ -94.52447506940193, 39.110648393844968 ], [ -94.524653767891266, 39.110295651178973 ], [ -94.524855915670372, 39.109950677852275 ], [ -94.525080958390234, 39.109614419299056 ], [ -94.525328278981533, 39.109287797056091 ], [ -94.525597199348667, 39.108971706238286 ], [ -94.52588698223056, 39.108667013086631 ], [ -94.526196833223381, 39.108374552595521 ], [ -94.526525902959293, 39.10809512622567 ], [ -94.526873289435514, 39.107829499709048 ], [ -94.52723804048712, 39.107578400951809 ], [ -94.527619156396895, 39.107342518040845 ], [ -94.528015592635015, 39.107122497359519 ], [ -94.528426262721226, 39.106918941817639 ], [ -94.528850041201324, 39.106732409200667 ], [ -94.529285766730212, 39.106563410642394 ], [ -94.529732245252887, 39.10641240922552 ], [ -94.530188253274602, 39.106279818713759 ], [ -94.530652541211367, 39.10616600241913 ], [ -94.531123836811801, 39.106071272207302 ], [ -94.531600848640466, 39.105995887643829 ], [ -94.532082269613923, 39.105940055283689 ], [ -94.532566780579202, 39.105903928105775 ], [ -94.533053053925229, 39.10588760509431 ], [ -94.533539757217383, 39.105891130967791 ], [ -94.534025556845108, 39.105914496056847 ], [ -94.534509121672812, 39.105957636330608 ], [ -94.534989126683939, 39.106020433572269 ], [ -94.535464256608321, 39.106102715702647 ], [ -94.535933209523037, 39.106204257251463 ], [ -94.536394700416707, 39.106324779974656 ], [ -94.53684746470779, 39.106463953616235 ], [ -94.537290261707042, 39.106621396812493 ], [ -94.537721878014764, 39.106796678136199 ], [ -94.538141130843727, 39.106989317277872 ], [ -94.538546871258305, 39.107198786360939 ], [ -94.538937987321461, 39.10742451138708 ], [ -94.539313407140639, 39.107665873808003 ], [ -94.539672101804257, 39.107922212219215 ], [ -94.540013088200965, 39.108192824171205 ], [ -94.540335431713771, 39.108476968093107 ], [ -94.540638248781718, 39.108773865323549 ], [ -94.540920709322123, 39.109082702243207 ], [ -94.541182039006642, 39.109402632503162 ], [ -94.541421521385033, 39.109732779343034 ], [ -94.541638499850635, 39.11007223799249 ], [ -94.541832379442369, 39.110420078149687 ], [ -94.542002628478016, 39.110775346529707 ], [ -94.542148780014571, 39.111137069476058 ], [ -94.542270433131321, 39.111504255628333 ], [ -94.542367254032456, 39.111875898638246 ], [ -94.542438976965741, 39.112250979927154 ], [ -94.542485404955073, 39.112628471477137 ], [ -94.542506410344615, 39.113007338648075 ], [ -94.542501935153069, 39.113386543013192 ], [ -94.542471991237107, 39.113765045205007 ], [ -94.542416660263243, 39.114141807764099 ], [ -94.542336093488572, 39.114515797982911 ], [ -94.542230511350553, 39.114885990736575 ], [ -94.542100202867061, 39.115251371293155 ], [ -94.541945524848316, 39.115610938095713 ], [ -94.541766900922838, 39.115963705508165 ], [ -94.541564820379904, 39.116308706517955 ], [ -94.541339836831909, 39.116644995387638 ], [ -94.541092566699859, 39.116971650248225 ], [ -94.540823687526512, 39.11728777562751 ], [ -94.540533936121619, 39.117592504905787 ], [ -94.54022410654413, 39.117885002692901 ], [ -94.53989504792726, 39.118164467119477 ], [ -94.539547662151975, 39.1184301320366 ], [ -94.539182901375497, 39.118681269117403 ], [ -94.538801765421638, 39.11891718985509 ], [ -94.538405299039766, 39.119137247451896 ], [ -94.537994589040451, 39.119340838593516 ], [ -94.537570761315152, 39.119527405104463 ], [ -94.537134977748536, 39.119696435479618 ], [ -94.536688433031458, 39.119847466287666 ], [ -94.53623235138393, 39.11998008344289 ], [ -94.53576798319655, 39.120093923341337 ], [ -94.535296601600024, 39.120188673858763 ], [ -94.534819498971913, 39.120264075207125 ], [ -94.534337983390486, 39.120319920647546 ], [ -94.533853375045268, 39.120356057057819 ], [ -94.53336700261427, 39.120372385352596 ], [ -94.532880199617665, 39.120368860755455 ], [ -94.532394300758426, 39.120345492921807 ], [ -94.531910638259333, 39.12030234591257 ], [ -94.531430538207047, 39.120239538018375 ], [ -94.530955316913023, 39.120157241435095 ], [ -94.530486277301264, 39.120055681791378 ], [ -94.530024705333005, 39.119935137529502 ], [ -94.529571866478079, 39.11979593914149 ], [ -94.529129002242641, 39.119638468262131 ], [ -94.528697326763037, 39.119463156621983 ], [ -94.52827802347484, 39.119270484862639 ], [ -94.52787224186649, 39.119060981218105 ], [ -94.527481094326333, 39.118835220065336 ], [ -94.527105653091823, 39.118593820348408 ], [ -94.526746947309164, 39.118337443880471 ], [ -94.52640596021152, 39.118066793527973 ], [ -94.526083626423585, 39.117782611282514 ], [ -94.52578082939975, 39.117485676225343 ], [ -94.525498399003084, 39.117176802390212 ], [ -94.525237109231682, 39.11685683653053 ], [ -94.524997676098494, 39.116526655796676 ], [ -94.524780755670619, 39.116187165330338 ], [ -94.524586942273288, 39.115839295781974 ], [ -94.524416766863467, 39.115484000758485 ], [ -94.524270695577499, 39.115122254208302 ], [ -94.524149128456841, 39.114755047750457 ], [ -94.524052398355167, 39.114383387955641 ], [ -94.523980770029837, 39.114008293586458 ], [ -94.523934439420429, 39.113630792804109 ], [ -94.523913533115874, 39.11325192034986 ] ] ] } },
{ "type": "Feature", "properties": { }, "geometry": { "type": "Polygon", "coordinates": [ [ [ -94.58366715537629, 39.011326409485207 ], [ -94.583671422253445, 39.010947201796931 ], [ -94.583701120898823, 39.010568688000809 ], [ -94.583756169504881, 39.010191905566103 ], [ -94.583836416787918, 39.009817887200128 ], [ -94.583941642407083, 39.009447658018125 ], [ -94.584071557572543, 39.00908223273381 ], [ -94.5842258058412, 39.00872261287887 ], [ -94.584403964097518, 39.008369784058573 ], [ -94.584605543716904, 39.008024713251281 ], [ -94.584829991908293, 39.007688346159135 ], [ -94.585076693232409, 39.007361604617202 ], [ -94.58534497129115, 39.007045384068086 ], [ -94.585634090584009, 39.006740551109168 ], [ -94.585943258525703, 39.006447941118701 ], [ -94.586271627620107, 39.006168355967851 ], [ -94.586618297784099, 39.005902561824414 ], [ -94.58698231881516, 39.005651287054583 ], [ -94.587362692995839, 39.005415220228159 ], [ -94.587758377828024, 39.005195008233081 ], [ -94.58816828888942, 39.004991254503899 ], [ -94.588591302804559, 39.004804517369614 ], [ -94.589026260322157, 39.004635308524797 ], [ -94.589471969490219, 39.00448409162864 ], [ -94.589927208920685, 39.004351281035582 ], [ -94.590390731134079, 39.004237240660835 ], [ -94.590861265975519, 39.004142282984141 ], [ -94.591337524092538, 39.004066668194369 ], [ -94.591818200465312, 39.004010603477248 ], [ -94.59230197797946, 39.003974242448223 ], [ -94.592787531032059, 39.003957684732065 ], [ -94.593273529160598, 39.003960975690156 ], [ -94.593758640685266, 39.003984106296393 ], [ -94.594241536354559, 39.004027013162116 ], [ -94.594720892984228, 39.004089578709539 ], [ -94.595195397079578, 39.004171631493904 ], [ -94.595663748431562, 39.004272946672813 ], [ -94.596124663676335, 39.004393246621937 ], [ -94.596576879809035, 39.004532201695113 ], [ -94.597019157641981, 39.004689431126934 ], [ -94.597450285197837, 39.004864504075307 ], [ -94.59786908102852, 39.005056940801147 ], [ -94.598274397450808, 39.005266213981869 ], [ -94.598665123689841, 39.0054917501554 ], [ -94.599040188921805, 39.005732931290389 ], [ -94.599398565207522, 39.005989096478537 ], [ -94.599739270309001, 39.006259543744527 ], [ -94.600061370381226, 39.006543531968312 ], [ -94.600363982531661, 39.006840282914759 ], [ -94.600646277240642, 39.007148983365063 ], [ -94.600907480635897, 39.007468787343967 ], [ -94.601146876615033, 39.007798818436932 ], [ -94.601363808810092, 39.008138172190662 ], [ -94.601557682388787, 39.008485918590665 ], [ -94.601727965687459, 39.008841104608955 ], [ -94.601874191671371, 39.00920275681478 ], [ -94.601995959217987, 39.009569884041738 ], [ -94.602092934220096, 39.009941480103237 ], [ -94.602164850505403, 39.010316526549587 ], [ -94.602211510570044, 39.010693995458681 ], [ -94.602232786124347, 39.01107285225288 ], [ -94.602228618448649, 39.011452058534317 ], [ -94.602199018558792, 39.011830574930769 ], [ -94.602144067180305, 39.012207363944512 ], [ -94.602063914531684, 39.012581392796108 ], [ -94.601958779916941, 39.012951636255465 ], [ -94.601828951128823, 39.01331707945242 ], [ -94.60167478366408, 39.013676720659063 ], [ -94.601496699752914, 39.014029574036158 ], [ -94.601295187205395, 39.014374672336309 ], [ -94.601070798077743, 39.014711069556157 ], [ -94.600824147162129, 39.015037843530543 ], [ -94.600555910304323, 39.015354098461508 ], [ -94.600266822553465, 39.015658967375046 ], [ -94.599957676149245, 39.015951614498903 ], [ -94.59962931835183, 39.016231237555111 ], [ -94.599282649120568, 39.01649706996055 ], [ -94.598918618647744, 39.016748382929862 ], [ -94.598538224754236, 39.016984487474666 ], [ -94.59814251015419, 39.01720473629382 ], [ -94.597732559596011, 39.017408525549293 ], [ -94.597309496887888, 39.01759529652287 ], [ -94.596874481815746, 39.01776453714924 ], [ -94.596428706962087, 39.017915783420953 ], [ -94.595973394434665, 39.018048620661794 ], [ -94.595509792513852, 39.018162684664546 ], [ -94.5950391722278, 39.018257662690608 ], [ -94.59456282386509, 39.018333294328144 ], [ -94.594082053434349, 39.018389372206862 ], [ -94.593598179080459, 39.018425742567096 ], [ -94.593112527467326, 39.018442305681852 ], [ -94.592626430137315, 39.018439016130614 ], [ -94.592141219857126, 39.018415882924018 ], [ -94.591658226960234, 39.018372969479287 ], [ -94.591178775696164, 39.018310393446228 ], [ -94.59070418059639, 39.018228326384516 ], [ -94.590235742867065, 39.018126993292952 ], [ -94.589774746818406, 39.018006671992133 ], [ -94.58932245634054, 39.017867692362174 ], [ -94.588880111435714, 39.017710435437479 ], [ -94.58844892481612, 39.017535332361405 ], [ -94.588030078576963, 39.017342863203119 ], [ -94.587624720953727, 39.01713355564052 ], [ -94.587233963172679, 39.016907983512382 ], [ -94.586858876403241, 39.016666765244011 ], [ -94.586500488820548, 39.016410562150497 ], [ -94.586159782786353, 39.016140076622499 ], [ -94.585837692155906, 39.015856050199254 ], [ -94.585535099718271, 39.015559261534406 ], [ -94.585252834777165, 39.015250524260026 ], [ -94.584991670878708, 39.014930684754837 ], [ -94.584752323692541, 39.014600619822573 ], [ -94.584535449052055, 39.014261234287297 ], [ -94.584341641158957, 39.01391345851173 ], [ -94.584171430957213, 39.01355824584568 ], [ -94.584025284680749, 39.013196570011843 ], [ -94.583903602578744, 39.012829422435537 ], [ -94.583806717822299, 39.012457809526261 ], [ -94.583734895594972, 39.012082749918299 ], [ -94.583688332370073, 39.011705271678011 ], [ -94.58366715537629, 39.011326409485207 ] ] ] } },
{ "type": "Feature", "properties": { }, "geometry": { "type": "Polygon", "coordinates": [ [ [ -94.418503945124641, 39.030473313887683 ], [ -94.418509092816848, 39.030094096690775 ], [ -94.418539678636989, 39.029715609305981 ], [ -94.418595618345776, 39.029338889128674 ], [ -94.418676758217188, 39.028964968694162 ], [ -94.418782875464316, 39.02859487284779 ], [ -94.418913678854167, 39.028229615936489 ], [ -94.419068809510051, 39.02787019902911 ], [ -94.419247841899136, 39.027517607173451 ], [ -94.419450285002327, 39.027172806697209 ], [ -94.419675583663505, 39.026836742560533 ], [ -94.419923120114206, 39.026510335767178 ], [ -94.420192215669402, 39.02619448084144 ], [ -94.420482132590081, 39.025890043377807 ], [ -94.420792076107105, 39.025597857670029 ], [ -94.421121196601021, 39.025318724425951 ], [ -94.421468591931742, 39.02505340857445 ], [ -94.421833309911719, 39.024802637170666 ], [ -94.422214350915866, 39.024567097404805 ], [ -94.422610670620955, 39.024347434720312 ], [ -94.42302118286716, 39.024144251046543 ], [ -94.42344476263375, 39.023958103150463 ], [ -94.423880249120899, 39.023789501112262 ], [ -94.424326448929151, 39.023638906928696 ], [ -94.424782139327746, 39.02350673324829 ], [ -94.425246071603169, 39.023393342241533 ], [ -94.425716974478462, 39.023299044609431 ], [ -94.426193557594033, 39.023224098732904 ], [ -94.426674515040617, 39.023168709965539 ], [ -94.427158528934626, 39.023133030071406 ], [ -94.427644273026161, 39.023117156809732 ], [ -94.42813041632968, 39.02312113366726 ], [ -94.428615626767893, 39.023144949739418 ], [ -94.429098574818255, 39.023188539760106 ], [ -94.429577937152729, 39.023251784280525 ], [ -94.430052400260593, 39.023334509996324 ], [ -94.430520664044394, 39.023436490222018 ], [ -94.430981445379331, 39.023557445511692 ], [ -94.431433481626385, 39.023697044424203 ], [ -94.4318755340894, 39.023854904430578 ], [ -94.43230639140711, 39.024030592961388 ], [ -94.432724872870224, 39.024223628591201 ], [ -94.433129831655151, 39.024433482356706 ], [ -94.43352015796502, 39.024659579205164 ], [ -94.433894782069842, 39.024901299568967 ], [ -94.434252677237041, 39.025157981062272 ], [ -94.434592862544818, 39.025428920294786 ], [ -94.43491440557024, 39.025713374798144 ], [ -94.435216424944983, 39.026010565059124 ], [ -94.435498092771482, 39.026319676654566 ], [ -94.435758636893141, 39.026639862481943 ], [ -94.435997343012019, 39.026970245079596 ], [ -94.436213556648582, 39.027309919030088 ], [ -94.436406684937708, 39.027657953440588 ], [ -94.436576198256375, 39.028013394492703 ], [ -94.436721631678267, 39.028375268055733 ], [ -94.436842586251345, 39.028742582355356 ], [ -94.436938730095108, 39.029114330691037 ], [ -94.437009799313927, 39.029489494194436 ], [ -94.437055598724626, 39.029867044621227 ], [ -94.437076002395528, 39.03024594716895 ], [ -94.437070953996155, 39.030625163312891 ], [ -94.437040466955921, 39.031003653652334 ], [ -94.436984624431929, 39.031380380759543 ], [ -94.436903579085367, 39.031754312023295 ], [ -94.436797552667542, 39.032124422479598 ], [ -94.436666835416304, 39.032489697621415 ], [ -94.436511785264528, 39.032849136180218 ], [ -94.436332826863122, 39.033201752870959 ], [ -94.436130450420521, 39.033546581093823 ], [ -94.435905210362463, 39.033882675584714 ], [ -94.435657723815382, 39.034209115007279 ], [ -94.435388668917525, 39.034525004479725 ], [ -94.435098782962456, 39.034829478029039 ], [ -94.434788860380067, 39.035121700966187 ], [ -94.43445975056045, 39.035400872175366 ], [ -94.434112355526722, 39.035666226311754 ], [ -94.433747627463177, 39.035917035900773 ], [ -94.433366566105391, 39.036152613333861 ], [ -94.432970215999589, 39.036372312754843 ], [ -94.432559663638671, 39.036575531831893 ], [ -94.432136034482866, 39.036761713410158 ], [ -94.431700489873123, 39.036930347040425 ], [ -94.431254223845741, 39.037080970379776 ], [ -94.430798459856916, 39.037213170460305 ], [ -94.430334447426461, 39.037326584822239 ], [ -94.429863458709548, 39.037420902508707 ], [ -94.429386785006287, 39.037495864919052 ], [ -94.428905733218386, 39.037551266518541 ], [ -94.428421622263073, 39.037586955402524 ], [ -94.427935779453705, 39.037602833713279 ], [ -94.427449536857338, 39.037598857908712 ], [ -94.426964227639218, 39.037575038881918 ], [ -94.426481182404075, 39.037531441931336 ], [ -94.426001725544737, 39.037468186581663 ], [ -94.425527171607555, 39.037385446255954 ], [ -94.425058821685155, 39.03728344779973 ], [ -94.424597959846068, 39.037162470858618 ], [ -94.424145849611364, 39.037022847111039 ], [ -94.423703730487759, 39.03686495935802 ], [ -94.423272814566928, 39.036689240473017 ], [ -94.422854283200195, 39.036496172213994 ], [ -94.422449283757942, 39.036286283901767 ], [ -94.422058926482435, 39.0360601509676 ], [ -94.421684281442992, 39.035818393374448 ], [ -94.42132637560151, 39.035561673916057 ], [ -94.420986189996739, 39.03529069639864 ], [ -94.420664657054886, 39.03500620371004 ], [ -94.420362658033781, 39.034708975781861 ], [ -94.420081020608009, 39.034399827449924 ], [ -94.419820516601078, 39.034079606219265 ], [ -94.419581859871414, 39.033749189939442 ], [ -94.419365704357432, 39.033409484396863 ], [ -94.419172642287464, 39.033061420830585 ], [ -94.419003202559011, 39.032705953378333 ], [ -94.418857849292152, 39.032344056460154 ], [ -94.418736980560681, 39.031976722106158 ], [ -94.418640927304637, 39.031604957236645 ], [ -94.41856995242712, 39.031229780901135 ], [ -94.418524250077709, 39.030852221484487 ], [ -94.418503945124641, 39.030473313887683 ] ] ] } },
{ "type": "Feature", "properties": { }, "geometry": { "type": "Polygon", "coordinates": [ [ [ -94.573724291198346, 39.10915588133139 ], [ -94.573728599451627, 39.108776678925949 ], [ -94.573758374617, 39.108398171849224 ], [ -94.573813534675239, 39.108021397551887 ], [ -94.573893928035233, 39.107647388718803 ], [ -94.573999333953878, 39.10727717043877 ], [ -94.574129463145468, 39.106911757395359 ], [ -94.57428395857859, 39.106552151086305 ], [ -94.574462396458784, 39.106199337079367 ], [ -94.574664287393603, 39.10585428231186 ], [ -94.574889077737524, 39.105517932441472 ], [ -94.575136151112403, 39.105191209255587 ], [ -94.575404830099529, 39.104875008145989 ], [ -94.575694378098817, 39.104570195656187 ], [ -94.57600400134946, 39.104277607107768 ], [ -94.576332851107111, 39.103998044312654 ], [ -94.576680025971143, 39.103732273376735 ], [ -94.577044574355867, 39.103481022602061 ], [ -94.577425497098773, 39.103244980492157 ], [ -94.577821750198694, 39.103024793866638 ], [ -94.578232247676567, 39.102821066090094 ], [ -94.578655864550527, 39.102634355419902 ], [ -94.579091439917747, 39.102465173477633 ], [ -94.579537780134089, 39.102313983848411 ], [ -94.579993662083268, 39.102181200811565 ], [ -94.58045783652625, 39.102067188206483 ], [ -94.580929031522189, 39.101972258436568 ], [ -94.581405955910967, 39.101896671614 ], [ -94.581887302848415, 39.101840634847704 ], [ -94.582371753384123, 39.101804301676445 ], [ -94.582857980072461, 39.101787771648617 ], [ -94.583344650606492, 39.101791090049744 ], [ -94.583830431465401, 39.101814247778648 ], [ -94.584313991565026, 39.101857181372381 ], [ -94.584794005901827, 39.101919773180214 ], [ -94.585269159180285, 39.102001851685614 ], [ -94.5857381494137, 39.102103191976013 ], [ -94.58619969148873, 39.102223516358606 ], [ -94.58665252068397, 39.102362495120644 ], [ -94.587095396132668, 39.102519747432275 ], [ -94.587527104220726, 39.102694842389134 ], [ -94.587946461909894, 39.102887300192307 ], [ -94.588352319977787, 39.103096593461999 ], [ -94.58874356616559, 39.103322148681578 ], [ -94.58911912822478, 39.103563347768045 ], [ -94.589477976854681, 39.103819529764486 ], [ -94.589819128522691, 39.104089992650032 ], [ -94.59014164815963, 39.104373995262399 ], [ -94.590444651722592, 39.104670759327547 ], [ -94.590727308618511, 39.104979471591221 ], [ -94.59098884398162, 39.105299286046289 ], [ -94.591228540798653, 39.105629326249954 ], [ -94.591445741875958, 39.105968687724364 ], [ -94.591639851642967, 39.10631644043427 ], [ -94.591810337787194, 39.106671631334713 ], [ -94.591956732716326, 39.107033286981881 ], [ -94.592078634843077, 39.107400416200171 ], [ -94.592175709689556, 39.107772012797732 ], [ -94.592247690807895, 39.108147058323524 ], [ -94.59229438051463, 39.108524524858034 ], [ -94.592315650436845, 39.108903377830174 ], [ -94.592311441868318, 39.109282578852493 ], [ -94.592281765934999, 39.109661088567108 ], [ -94.592226703568898, 39.110037869494448 ], [ -94.592146405290819, 39.11041188887701 ], [ -94.592041090802041, 39.110782121510432 ], [ -94.591911048386649, 39.111147552553874 ], [ -94.591756634125247, 39.111507180312394 ], [ -94.591578270923009, 39.111860018983222 ], [ -94.591376447354151, 39.112205101358818 ], [ -94.591151716326138, 39.112541481479013 ], [ -94.590904693567268, 39.112868237225022 ], [ -94.59063605594163, 39.113184472848289 ], [ -94.590346539596212, 39.113489321427203 ], [ -94.590036937944959, 39.113781947244718 ], [ -94.589708099495596, 39.114061548080684 ], [ -94.589360925524844, 39.114327357412321 ], [ -94.588996367608615, 39.114578646516968 ], [ -94.58861542501387, 39.114814726471138 ], [ -94.588219141959229, 39.115034950040574 ], [ -94.58780860475197, 39.115238713455945 ], [ -94.587384938809222, 39.115425458069396 ], [ -94.586949305571437, 39.115594671887465 ], [ -94.586502899316798, 39.115745890975766 ], [ -94.586046943885137, 39.115878700732246 ], [ -94.585582689320546, 39.115992737024747 ], [ -94.585111408441705, 39.116087687190351 ], [ -94.584634393349688, 39.116163290893439 ], [ -94.58415295188243, 39.116219340840118 ], [ -94.583668404026028, 39.116255683347205 ], [ -94.583182078292381, 39.116272218764038 ], [ -94.582695308073568, 39.116268901746054 ], [ -94.582209427982605, 39.116245741379281 ], [ -94.581725770190843, 39.116202801155517 ], [ -94.58124566077214, 39.116140198798192 ], [ -94.580770416063757, 39.116058105939416 ], [ -94.580301339054159, 39.115956747648973 ], [ -94.57983971580741, 39.115836401816914 ], [ -94.579386811934242, 39.115697398390978 ], [ -94.578943869119541, 39.115540118471273 ], [ -94.57851210171556, 39.115364993264592 ], [ -94.578092693410426, 39.115172502901302 ], [ -94.57768679398103, 39.114963175117943 ], [ -94.577295516139387, 39.114737583809266 ], [ -94.576919932480791, 39.11449634745366 ], [ -94.576561072542617, 39.114240127416409 ], [ -94.576219919981313, 39.113969626135116 ], [ -94.575897409875893, 39.113685585192776 ], [ -94.575594426164784, 39.113388783283369 ], [ -94.575311799223599, 39.113080034075779 ], [ -94.57505030358989, 39.112760183981884 ], [ -94.574810655841631, 39.112430109834968 ], [ -94.574593512634877, 39.112090716484765 ], [ -94.574399468906165, 39.111742934315778 ], [ -94.574229056244434, 39.111387716695702 ], [ -94.574082741436911, 39.111026037361114 ], [ -94.573960925193063, 39.110658887747128 ], [ -94.573863941049808, 39.110287274269048 ], [ -94.573792054461293, 39.109912215562893 ], [ -94.573745462075237, 39.109534739692549 ], [ -94.573724291198346, 39.10915588133139 ] ] ] } },
{ "type": "Feature", "properties": { }, "geometry": { "type": "Polygon", "coordinates": [ [ [ -94.190805716764828, 39.010455146192406 ], [ -94.190812082867495, 39.010075918195106 ], [ -94.190843878868549, 39.00969746983386 ], [ -94.190901017212454, 39.009320838395119 ], [ -94.190983340889019, 39.008947056168999 ], [ -94.191090623868135, 39.00857714762023 ], [ -94.1912225717235, 39.008212126580553 ], [ -94.19137882244371, 39.007852993470664 ], [ -94.191558947428334, 39.007500732558974 ], [ -94.191762452666339, 39.007156309264687 ], [ -94.19198878009334, 39.006820667512883 ], [ -94.192237309124238, 39.006494727148549 ], [ -94.19250735835675, 39.006179381416629 ], [ -94.192798187441383, 39.005875494515315 ], [ -94.193108999112354, 39.005583899228782 ], [ -94.193438941374282, 39.005305394646278 ], [ -94.193787109838254, 39.005040743973566 ], [ -94.194152550201267, 39.004790672442645 ], [ -94.194534260861715, 39.004555865325784 ], [ -94.19493119566431, 39.004336966058887 ], [ -94.195342266766588, 39.004134574479536 ], [ -94.195766347619127, 39.003949245184614 ], [ -94.196202276051523, 39.003781486011647 ], [ -94.196648857455614, 39.003631756648502 ], [ -94.197104868057139, 39.003500467374693 ], [ -94.197569058266978, 39.00338797793821 ], [ -94.198040156102905, 39.003294596570598 ], [ -94.198516870672407, 39.003220579143189 ], [ -94.198997895706952, 39.003166128466624 ], [ -94.199481913138413, 39.003131393735671 ], [ -94.199967596707424, 39.003116470120936 ], [ -94.20045361559437, 39.003121398508227 ], [ -94.200938638062468, 39.003146165386873 ], [ -94.201421335103561, 39.003190702886684 ], [ -94.201900384076481, 39.003254888963824 ], [ -94.202374472327847, 39.003338547735012 ], [ -94.202842300785775, 39.003441449959112 ], [ -94.203302587516518, 39.003563313664742 ], [ -94.203754071234229, 39.003703804922381 ], [ -94.204195514754502, 39.00386253875859 ], [ -94.204625708382139, 39.004039080210049 ], [ -94.205043473223853, 39.004232945514609 ], [ -94.205447664416866, 39.004443603435774 ], [ -94.205837174264829, 39.004670476717294 ], [ -94.206210935272026, 39.004912943663939 ], [ -94.206567923067965, 39.005170339843787 ], [ -94.206907159214282, 39.005441959907721 ], [ -94.207227713886041, 39.005727059521135 ], [ -94.207528708420384, 39.006024857402231 ], [ -94.207809317725363, 39.006334537461889 ], [ -94.208068772542418, 39.006655251038644 ], [ -94.208306361556239, 39.006986119223413 ], [ -94.208521433346291, 39.007326235266696 ], [ -94.208713398174524, 39.007674667062567 ], [ -94.208881729604514, 39.008030459702063 ], [ -94.209025965947333, 39.008392638089148 ], [ -94.209145711530326, 39.00876020961234 ], [ -94.209240637785328, 39.009132166864298 ], [ -94.209310484152979, 39.009507490402129 ], [ -94.209355058801137, 39.009885151540921 ], [ -94.209374239154855, 39.010264115172809 ], [ -94.209367972236677, 39.010643342603601 ], [ -94.209336274816408, 39.011021794399703 ], [ -94.209279233369486, 39.011398433236998 ], [ -94.209197003844466, 39.01177222674432 ], [ -94.20908981123992, 39.012142150333375 ], [ -94.208957948991994, 39.012507190007561 ], [ -94.208801778174177, 39.012866345142086 ], [ -94.208621726511424, 39.013218631227218 ], [ -94.208418287211458, 39.013563082567941 ], [ -94.208192017616255, 39.013898754931866 ], [ -94.207943537677295, 39.014224728138657 ], [ -94.207673528258965, 39.014540108583525 ], [ -94.207382729274585, 39.01484403168795 ], [ -94.207071937660118, 39.015135664271114 ], [ -94.206742005191231, 39.015414206835125 ], [ -94.206393836149516, 39.015678895758114 ], [ -94.206028384844345, 39.015929005388976 ], [ -94.205646652997174, 39.016163850038019 ], [ -94.205249686995401, 39.016382785858156 ], [ -94.204838575023373, 39.016585212611275 ], [ -94.204414444078253, 39.016770575315157 ], [ -94.203978456879256, 39.016938365766222 ], [ -94.203531808678434, 39.017088123933917 ], [ -94.203075723981883, 39.017219439223148 ], [ -94.202611453190499, 39.01733195160088 ], [ -94.202140269169377, 39.017425352584226 ], [ -94.201663463755338, 39.017499386086946 ], [ -94.201182344212171, 39.017553849122265 ], [ -94.200698229643507, 39.017588592360013 ], [ -94.20021244737292, 39.017603520536397 ], [ -94.19972632930147, 39.017598592715615 ], [ -94.199241208252602, 39.017573822402099 ], [ -94.198758414314511, 39.017529277503733 ], [ -94.198279271190046, 39.017465080145385 ], [ -94.197805092564096, 39.017381406333939 ], [ -94.197337178498714, 39.017278485475302 ], [ -94.196876811865607, 39.017156599745029 ], [ -94.196425254826025, 39.017016083313962 ], [ -94.195983745367684, 39.016857321431331 ], [ -94.19555349390825, 39.01668074936773 ], [ -94.195135679974626, 39.016486851220705 ], [ -94.194731448967417, 39.016276158586599 ], [ -94.194341909019215, 39.016049249101968 ], [ -94.193968127955515, 39.0158067448587 ], [ -94.193611130366548, 39.015549310697345 ], [ -94.193271894797959, 39.015277652383119 ], [ -94.192951351068373, 39.014992514669757 ], [ -94.192650377720753, 39.014694679256479 ], [ -94.192369799614937, 39.014384962643611 ], [ -94.192110385667647, 39.014064213893064 ], [ -94.191872846746421, 39.013733312299351 ], [ -94.191657833722971, 39.013393164977963 ], [ -94.191465935691468, 39.013044704377542 ], [ -94.191297678356506, 39.012688885722632 ], [ -94.191153522595229, 39.012326684394296 ], [ -94.191033863197404, 39.011959093255363 ], [ -94.190939027786968, 39.011587119928095 ], [ -94.190869275927923, 39.011211784031524 ], [ -94.190824798416969, 39.010834114385929 ], [ -94.190805716764828, 39.010455146192406 ] ] ] } },
{ "type": "Feature", "properties": { }, "geometry": { "type": "Polygon", "coordinates": [ [ [ -94.490155992598417, 39.093419177957252 ], [ -94.49016075060031, 39.093039968891276 ], [ -94.490190969605678, 39.092661473544752 ], [ -94.490246566379241, 39.092284729335475 ], [ -94.490327388133437, 39.091910768865148 ], [ -94.490433212951743, 39.091540617089336 ], [ -94.490563750401051, 39.091175288508673 ], [ -94.490718642331956, 39.090815784388816 ], [ -94.490897463864172, 39.090463090016911 ], [ -94.4910997245549, 39.090118172001851 ], [ -94.491324869746308, 39.08978197562611 ], [ -94.491572282088882, 39.089455422255973 ], [ -94.491841283236184, 39.089139406817473 ], [ -94.492131135706401, 39.088834795345015 ], [ -94.49244104490559, 39.088542422609123 ], [ -94.492770161306964, 39.088263089830029 ], [ -94.493117582780428, 39.08799756248326 ], [ -94.493482357065645, 39.087746568203272 ], [ -94.493863484382231, 39.087510794790738 ], [ -94.494259920169512, 39.087290888329036 ], [ -94.494670577948867, 39.087087451415151 ], [ -94.495094332300113, 39.086901041509613 ], [ -94.495530021944589, 39.086732169410077 ], [ -94.495976452925831, 39.086581297852923 ], [ -94.496432401879503, 39.086448840246227 ], [ -94.496896619383605, 39.086335159537981 ], [ -94.497367833379741, 39.086240567222546 ], [ -94.497844752656121, 39.08616532248783 ], [ -94.498326070382788, 39.086109631505863 ], [ -94.498810467689552, 39.086073646868329 ], [ -94.499296617276599, 39.086057467169077 ], [ -94.499783187048152, 39.086061136734124 ], [ -94.50026884375923, 39.086084645500513 ], [ -94.500752256665521, 39.086127929043869 ], [ -94.501232101166337, 39.086190868754933 ], [ -94.501707062430953, 39.0862732921643 ], [ -94.502175838998085, 39.086374973414664 ], [ -94.50263714633914, 39.086495633879245 ], [ -94.50308972037503, 39.086634942924682 ], [ -94.503532320937296, 39.086792518816296 ], [ -94.503963735164049, 39.086967929763226 ], [ -94.504382780821217, 39.087160695100849 ], [ -94.504788309540416, 39.087370286606664 ], [ -94.505179209964155, 39.08759612994686 ], [ -94.50555441079031, 39.087837606248826 ], [ -94.505912883706941, 39.088094053795878 ], [ -94.506253646209927, 39.088364769839295 ], [ -94.506575764295405, 39.088649012522794 ], [ -94.506878355019808, 39.088946002914149 ], [ -94.507160588920428, 39.089254927138512 ], [ -94.507421692289711, 39.089574938607477 ], [ -94.507660949297431, 39.089905160337857 ], [ -94.507877703954392, 39.090244687353788 ], [ -94.508071361912769, 39.090592589165794 ], [ -94.508241392097702, 39.090947912319656 ], [ -94.508387328165952, 39.091309683008475 ], [ -94.508508769787454, 39.09167690974067 ], [ -94.508605383746144, 39.092048586056421 ], [ -94.50867690485714, 39.09242369328549 ], [ -94.508723136697782, 39.09280120333851 ], [ -94.508743952150127, 39.093180081524366 ], [ -94.508739293753848, 39.09355928938578 ], [ -94.508709173868127, 39.093937787545364 ], [ -94.508653674642304, 39.094314538554499 ], [ -94.508572947795145, 39.094688509737026 ], [ -94.508467214203378, 39.095058676019995 ], [ -94.508336763300619, 39.095424022743785 ], [ -94.508181952288055, 39.095783548444004 ], [ -94.508003205159355, 39.096136267597082 ], [ -94.507801011542213, 39.096481213322569 ], [ -94.507575925359546, 39.096817440034435 ], [ -94.507328563314374, 39.097144026034002 ], [ -94.507059603202052, 39.097460076037741 ], [ -94.506769782054818, 39.097764723632537 ], [ -94.506459894123438, 39.098057133652127 ], [ -94.506130788701654, 39.098336504467781 ], [ -94.505783367799296, 39.098602070187219 ], [ -94.505418583670433, 39.098853102755577 ], [ -94.50503743620331, 39.099088913952706 ], [ -94.504640970179338, 39.099308857281201 ], [ -94.504230272408492, 39.099512329740222 ], [ -94.503806468749019, 39.099698773479773 ], [ -94.503370721019849, 39.099867677331467 ], [ -94.502924223813864, 39.100018578211085 ], [ -94.50246820122095, 39.100151062389301 ], [ -94.502003903469898, 39.100264766626957 ], [ -94.501532603498319, 39.100359379171913 ], [ -94.501055593459981, 39.100434640614623 ], [ -94.500574181179203, 39.10049034460004 ], [ -94.500089686562191, 39.100526338393941 ], [ -94.499603437974883, 39.100542523302209 ], [ -94.499116768597702, 39.100538854941746 ], [ -94.49863101276695, 39.100515343362282 ], [ -94.498147502312946, 39.10047205301904 ], [ -94.497667562905065, 39.100409102595776 ], [ -94.49719251041391, 39.100326664679272 ], [ -94.496723647300229, 39.100224965285769 ], [ -94.496262259040847, 39.10010428324081 ], [ -94.495809610601427, 39.099964949414215 ], [ -94.495366942965575, 39.099807345812174 ], [ -94.494935469730081, 39.099631904529112 ], [ -94.494516373775511, 39.09943910656208 ], [ -94.494110804021346, 39.099229480491026 ], [ -94.49371987227461, 39.099003601028478 ], [ -94.49334465018066, 39.098762087442807 ], [ -94.492986166284439, 39.098505601859209 ], [ -94.492645403210361, 39.098234847443116 ], [ -94.492323294968529, 39.097950566471241 ], [ -94.492020724394678, 39.097653538295305 ], [ -94.491738520730735, 39.097344577204119 ], [ -94.491477457352957, 39.097024530190026 ], [ -94.491238249653463, 39.096694274625669 ], [ -94.491021553081168, 39.096354715857537 ], [ -94.490827961347563, 39.09600678472308 ], [ -94.490658004801887, 39.095651434997706 ], [ -94.490512148980571, 39.095289640779491 ], [ -94.490390793334512, 39.094922393817768 ], [ -94.490294270137795, 39.094550700794002 ], [ -94.490222843580867, 39.094175580561526 ], [ -94.490176709050488, 39.093798061352125 ], [ -94.490155992598417, 39.093419177957252 ] ] ] } },
{ "type": "Feature", "properties": { }, "geometry": { "type": "Polygon", "coordinates": [ [ [ -94.485484638685634, 38.950708443187743 ], [ -94.485489436475618, 38.950329225024525 ], [ -94.485519644053326, 38.949950722614545 ], [ -94.485575178217601, 38.949573973395033 ], [ -94.485655886355403, 38.949200009981539 ], [ -94.485761546864339, 38.948829857337948 ], [ -94.485891869764345, 38.94846452996758 ], [ -94.486046497496588, 38.948105029133139 ], [ -94.486225005907372, 38.947752340113205 ], [ -94.486426905414262, 38.947407429502555 ], [ -94.486651642351404, 38.947071242563915 ], [ -94.486898600490036, 38.946744700638334 ], [ -94.487167102730126, 38.946428698621204 ], [ -94.487456412958593, 38.946124102510822 ], [ -94.487765738068674, 38.94583174703638 ], [ -94.488094230135204, 38.945552433371553 ], [ -94.488440988739654, 38.945286926940312 ], [ -94.488805063438704, 38.945035955320542 ], [ -94.489185456369142, 38.944800206251649 ], [ -94.489581124982763, 38.944580325751041 ], [ -94.489990984902775, 38.944376916345341 ], [ -94.490413912894823, 38.94419053542039 ], [ -94.490848749943822, 38.944021693695149 ], [ -94.491294304428536, 38.943870853823398 ], [ -94.491749355385181, 38.943738429126959 ], [ -94.492212655850992, 38.943624782464198 ], [ -94.492682936278797, 38.943530225236643 ], [ -94.493158908013186, 38.943455016536447 ], [ -94.493639266818761, 38.943399362437226 ], [ -94.494122696450887, 38.943363415429829 ], [ -94.49460787225928, 38.943347274005177 ], [ -94.495093464814389, 38.943350982384473 ], [ -94.49557814354678, 38.943374530398401 ], [ -94.49606058038988, 38.943417853514951 ], [ -94.496539453415437, 38.943480833016288 ], [ -94.497013450452712, 38.943563296323632 ], [ -94.497481272680673, 38.943665017470096 ], [ -94.497941638183946, 38.943785717719152 ], [ -94.498393285462583, 38.943925066327928 ], [ -94.498834976886144, 38.944082681452791 ], [ -94.499265502082594, 38.944258131194779 ], [ -94.499683681252918, 38.944450934782274 ], [ -94.500088368402217, 38.944660563887297 ], [ -94.500478454478454, 38.944886444072196 ], [ -94.500852870410625, 38.945127956362676 ], [ -94.501210590037473, 38.945384438942604 ], [ -94.501550632919191, 38.945655188966441 ], [ -94.501872067024351, 38.94593946448397 ], [ -94.502174011284339, 38.946236486472166 ], [ -94.502455638008882, 38.946545440968805 ], [ -94.502716175155555, 38.946865481301707 ], [ -94.502954908447165, 38.947195730407827 ], [ -94.503171183331403, 38.947535283235602 ], [ -94.503364406777109, 38.947883209224109 ], [ -94.503534048902296, 38.948238554852239 ], [ -94.503679644429468, 38.948600346250977 ], [ -94.503800793964274, 38.948967591871458 ], [ -94.503897165093676, 38.949339285201674 ], [ -94.503968493301045, 38.949714407524404 ], [ -94.504014582695149, 38.950091930708638 ], [ -94.504035306551302, 38.950470820027093 ], [ -94.504030607663097, 38.950850036991831 ], [ -94.504000498503601, 38.951228542200518 ], [ -94.503945061195637, 38.951605298185292 ], [ -94.503864447291107, 38.95197927225643 ], [ -94.503758877359942, 38.952349439333318 ], [ -94.503628640389792, 38.952714784754519 ], [ -94.503474092998061, 38.953074307059524 ], [ -94.503295658458228, 38.95342702073453 ], [ -94.503093825543345, 38.953771958914643 ], [ -94.502869147189685, 38.954108176035056 ], [ -94.502622238984173, 38.954434750424049 ], [ -94.502353777479712, 38.95475078683058 ], [ -94.502064498343131, 38.95505541887956 ], [ -94.501755194340532, 38.95534781144805 ], [ -94.501426713165813, 38.955627162955935 ], [ -94.501079955118158, 38.955892707564665 ], [ -94.500715870634806, 38.956143717278046 ], [ -94.500335457686162, 38.956379503939353 ], [ -94.499939759039762, 38.956599421119257 ], [ -94.49952985940142, 38.956802865889308 ], [ -94.499106882440671, 38.956989280476165 ], [ -94.49867198770913, 38.957158153792101 ], [ -94.498226367459978, 38.957309022837194 ], [ -94.497771243377542, 38.957441473970029 ], [ -94.497307863225757, 38.957555144042537 ], [ -94.496837497424877, 38.957649721396763 ], [ -94.49636143556566, 38.957724946720006 ], [ -94.495880982870958, 38.957780613756569 ], [ -94.495397456614029, 38.957816569873792 ], [ -94.494912182503825, 38.957832716481015 ], [ -94.494426491046909, 38.957829009300198 ], [ -94.493941713896291, 38.957805458487563 ], [ -94.493459180196893, 38.957762128605751 ], [ -94.492980212938065, 38.957699138446777 ], [ -94.492506125323018, 38.957616660706115 ], [ -94.492038217165174, 38.957514921508832 ], [ -94.491577771321374, 38.957394199789206 ], [ -94.491126050171815, 38.957254826525364 ], [ -94.49068429215626, 38.957097183831046 ], [ -94.490253708376315, 38.956921703907263 ], [ -94.489835479272884, 38.956728867856334 ], [ -94.489430751387957, 38.956519204361939 ], [ -94.489040634219819, 38.956293288238427 ], [ -94.488666197180166, 38.956051738853915 ], [ -94.488308466661536, 38.955795218430914 ], [ -94.487968423223009, 38.955524430229595 ], [ -94.487646998902164, 38.955240116618455 ], [ -94.487345074660396, 38.954943057037859 ], [ -94.487063477968618, 38.954634065861917 ], [ -94.48680298054029, 38.954313990164685 ], [ -94.486564296217381, 38.953983707396645 ], [ -94.486348079015684, 38.953644122978176 ], [ -94.486154921334432, 38.95329616781634 ], [ -94.485985352335049, 38.9529407957518 ], [ -94.485839836493824, 38.952578980943315 ], [ -94.485718772332092, 38.952211715196185 ], [ -94.485622491327504, 38.951840005242893 ], [ -94.485551257009263, 38.95146486998285 ], [ -94.485505264239976, 38.951087337688755 ], [ -94.485484638685634, 38.950708443187743 ] ] ] } },
{ "type": "Feature", "properties": { }, "geometry": { "type": "Polygon", "coordinates": [ [ [ -94.527139295681778, 39.069452063361872 ], [ -94.527143858151163, 39.069072855238602 ], [ -94.527173873112318, 39.068694352922876 ], [ -94.527229257889616, 39.068317593851908 ], [ -94.527309860276929, 39.067943610668479 ], [ -94.527415458959268, 39.067573428390766 ], [ -94.527545764123587, 39.067208061603374 ], [ -94.52770041825724, 39.066848511677023 ], [ -94.527878997131808, 39.066495764024751 ], [ -94.528081010969544, 39.066150785401803 ], [ -94.528305905789125, 39.065814521257124 ], [ -94.528553064927081, 39.065487893143029 ], [ -94.528821810730733, 39.065171796190732 ], [ -94.529111406417798, 39.064867096658261 ], [ -94.529421058097753, 39.064574629557761 ], [ -94.5297499169492, 39.064295196368306 ], [ -94.53009708154741, 39.064029562840823 ], [ -94.530461600335542, 39.063778456900906 ], [ -94.530842474232855, 39.063542566655379 ], [ -94.531238659372661, 39.063322538507926 ], [ -94.531649069962583, 39.063118975389088 ], [ -94.532072581259257, 39.062932435105282 ], [ -94.53250803264946, 39.062763428811508 ], [ -94.532954230829006, 39.062612419611852 ], [ -94.533409953070915, 39.062479821291511 ], [ -94.533873950573792, 39.062365997184052 ], [ -94.53434495188155, 39.06227125917669 ], [ -94.534821666364607, 39.062195866856428 ], [ -94.535302787753707, 39.062140026799561 ], [ -94.53578699771613, 39.062103892006149 ], [ -94.53627296946496, 39.06208756148127 ], [ -94.536759371391327, 39.062091079964063 ], [ -94.537244870709841, 39.062114437805334 ], [ -94.537728137107123, 39.062157570994074 ], [ -94.538207846383756, 39.062220361332741 ], [ -94.538682684079319, 39.062302636760997 ], [ -94.539151349071091, 39.06240417182682 ], [ -94.539612557136124, 39.06252468830376 ], [ -94.540065044467383, 39.062663855952756 ], [ -94.540507571134157, 39.06282129342636 ], [ -94.540938924477132, 39.062996569312801 ], [ -94.541357922429356, 39.063189203317322 ], [ -94.541763416753426, 39.063398667577154 ], [ -94.542154296186538, 39.063624388106966 ], [ -94.542529489484451, 39.06386574637056 ], [ -94.542887968356339, 39.064122080974599 ], [ -94.543228750282296, 39.064392689479739 ], [ -94.543550901205805, 39.064676830324316 ], [ -94.54385353809397, 39.064973724855179 ], [ -94.544135831358162, 39.065282559460137 ], [ -94.544397007128893, 39.065602487796397 ], [ -94.544636349378166, 39.065932633108652 ], [ -94.54485320188391, 39.066272090630576 ], [ -94.545046970030867, 39.066619930063204 ], [ -94.545217122442921, 39.066975198123444 ], [ -94.545363192442579, 39.067336921155551 ], [ -94.545484779333407, 39.067704107798775 ], [ -94.545581549501861, 39.068075751703368 ], [ -94.545653237335628, 39.068450834288193 ], [ -94.545699645955679, 39.068828327531698 ], [ -94.545720647760135, 39.069207196789144 ], [ -94.545716184778428, 39.069586403628001 ], [ -94.545686268834629, 39.069964908674066 ], [ -94.54563098151948, 39.070341674460145 ], [ -94.545550473971289, 39.070715668269926 ], [ -94.545444966465979, 39.071085864968808 ], [ -94.545314747817656, 39.07145124981416 ], [ -94.545160174591061, 39.071810821237428 ], [ -94.54498167012818, 39.072163593590069 ], [ -94.544779723391471, 39.072508599846159 ], [ -94.544554887627143, 39.072844894254068 ], [ -94.544307778851575, 39.073171554929871 ], [ -94.544039074165696, 39.073487686385626 ], [ -94.543749509901303, 39.073792421985232 ], [ -94.543439879604648, 39.074084926321426 ], [ -94.543111031862821, 39.074364397507168 ], [ -94.542763867978863, 39.074630069375232 ], [ -94.542399339501756, 39.074881213579943 ], [ -94.542018445618424, 39.075117141595236 ], [ -94.541622230414504, 39.075337206603642 ], [ -94.541211780011807, 39.075540805270741 ], [ -94.540788219589814, 39.075727379400661 ], [ -94.540352710300041, 39.075896417467568 ], [ -94.539906446081019, 39.076047456019268 ], [ -94.539450650383273, 39.076180080948937 ], [ -94.538986572812988, 39.076293928631515 ], [ -94.538515485703471, 39.07638868692149 ], [ -94.538038680624396, 39.076464096009644 ], [ -94.537557464837576, 39.076519949135928 ], [ -94.537073157710012, 39.076556093157116 ], [ -94.536587087093139, 39.076572428967033 ], [ -94.53610058567908, 39.076568911768646 ], [ -94.535614987343223, 39.07654555119705 ], [ -94.535131623483778, 39.076502411293212 ], [ -94.534651819368008, 39.076439610328173 ], [ -94.534176890495417, 39.076357320478763 ], [ -94.533708138987649, 39.076255767354965 ], [ -94.533246850015573, 39.076135229381116 ], [ -94.532794288272612, 39.075996037031757 ], [ -94.532351694504825, 39.075838571924997 ], [ -94.531920282106611, 39.075663265775326 ], [ -94.531501233791985, 39.075470599209098 ], [ -94.531095698350128, 39.075261100445815 ], [ -94.530704787494358, 39.07503534384886 ], [ -94.530329572813173, 39.074793948349559 ], [ -94.529971082831651, 39.074537575749254 ], [ -94.529630300191457, 39.074266928903533 ], [ -94.529308158956908, 39.073982749794148 ], [ -94.529005542054776, 39.073685817493519 ], [ -94.528723278854685, 39.073376946027608 ], [ -94.528462142896757, 39.073056982143072 ], [ -94.528222849772789, 39.072726802984704 ], [ -94.528006055166614, 39.072387313689674 ], [ -94.527812353059133, 39.072039444905016 ], [ -94.527642274102931, 39.071684150235441 ], [ -94.527496284170667, 39.071322403628194 ], [ -94.527374783081598, 39.070955196702371 ], [ -94.527278103509161, 39.070583536029901 ], [ -94.5272065100731, 39.070208440375659 ], [ -94.527160198618219, 39.069830937904356 ], [ -94.527139295681778, 39.069452063361872 ] ] ] } },
{ "type": "Feature", "properties": { }, "geometry": { "type": "Polygon", "coordinates": [ [ [ -94.52666933035016, 39.06917202519044 ], [ -94.526673895367168, 39.068792817018156 ], [ -94.526703912773868, 39.068414314758158 ], [ -94.526759299887914, 39.068037555847503 ], [ -94.526839904496839, 39.067663572928538 ], [ -94.526945505279542, 39.067293391018708 ], [ -94.527075812417209, 39.066928024701618 ], [ -94.527230468391821, 39.066568475346664 ], [ -94.527409048969915, 39.066215728365336 ], [ -94.527611064369069, 39.065870750511067 ], [ -94.527835960603696, 39.06553448723065 ], [ -94.528083121006475, 39.065207860074047 ], [ -94.528351867921259, 39.064891764169829 ], [ -94.528641464562725, 39.064587065773182 ], [ -94.528951117037735, 39.064294599893124 ], [ -94.52927997652273, 39.064015168005362 ], [ -94.529627141591263, 39.063749535857305 ], [ -94.529991660685198, 39.063498431370718 ], [ -94.530372534722957, 39.063262542648488 ], [ -94.530768719837496, 39.0630425160901 ], [ -94.531179130236467, 39.062838954621739 ], [ -94.531602641177102, 39.062652416045317 ], [ -94.532038092047102, 39.062483411511131 ], [ -94.532484289543731, 39.062332404118472 ], [ -94.532940010941857, 39.062199807647595 ], [ -94.533404007442442, 39.062085985426982 ], [ -94.533875007592115, 39.061991249338682 ], [ -94.534351720764491, 39.061915858964461 ], [ -94.53483284069388, 39.061860020875265 ], [ -94.535317049051557, 39.061823888065774 ], [ -94.535803019055038, 39.061807559535637 ], [ -94.5362894191002, 39.061811080018508 ], [ -94.536774916406785, 39.061834439859737 ], [ -94.537258180666981, 39.061877575042814 ], [ -94.537737887687172, 39.061940367364784 ], [ -94.538212723013132, 39.062022644759821 ], [ -94.538681385528619, 39.062124181770542 ], [ -94.539142591017466, 39.062244700165166 ], [ -94.539595075679713, 39.062383869699374 ], [ -94.540037599591898, 39.062541309020546 ], [ -94.540468950102323, 39.062716586711872 ], [ -94.540887945151738, 39.062909222473628 ], [ -94.541293436510699, 39.06311868843823 ], [ -94.541684312924531, 39.063344410615692 ], [ -94.542059503157247, 39.063585770465288 ], [ -94.542417978926423, 39.063842106589313 ], [ -94.542758757720634, 39.064112716544287 ], [ -94.543080905491991, 39.064396858764567 ], [ -94.543383539216137, 39.064693754593215 ], [ -94.543665829313198, 39.065002590414487 ], [ -94.543927001922299, 39.065322519882272 ], [ -94.544166341024152, 39.065652666238115 ], [ -94.544383190405298, 39.065992124712849 ], [ -94.544576955459021, 39.0663399650049 ], [ -94.544747104817688, 39.066695233828824 ], [ -94.544893171812177, 39.067056957526766 ], [ -94.545014755754295, 39.06742414473613 ], [ -94.545111523038599, 39.067795789105645 ], [ -94.545183208060649, 39.068170872052875 ], [ -94.545229613949118, 39.068548365555273 ], [ -94.545250613109673, 39.068927234967383 ], [ -94.545246147578965, 39.06930644185627 ], [ -94.545216229188043, 39.069684946847545 ], [ -94.545160939534398, 39.070061712474214 ], [ -94.54508042976272, 39.070435706020369 ], [ -94.544974920155056, 39.070805902352099 ], [ -94.544844699531254, 39.071171286727825 ], [ -94.544690124461525, 39.071530857580278 ], [ -94.544511618292873, 39.071883629262437 ], [ -94.544309669992487, 39.072228634750246 ], [ -94.544084832810796, 39.072564928294156 ], [ -94.543837722768174, 39.072891588012624 ], [ -94.543569016968945, 39.073207718420342 ], [ -94.543279451748006, 39.073512452884074 ], [ -94.542969820654221, 39.073804955999655 ], [ -94.542640972276899, 39.074084425883392 ], [ -94.542293807920814, 39.074350096371646 ], [ -94.541929279136269, 39.074601239122536 ], [ -94.541548385111, 39.074837165613957 ], [ -94.541152169931081, 39.075057229032602 ], [ -94.540741719718213, 39.075260826048478 ], [ -94.540318159651434, 39.075447398470175 ], [ -94.539882650881211, 39.075616434776578 ], [ -94.539436387344693, 39.075767471520301 ], [ -94.53898059249056, 39.075900094599525 ], [ -94.538516515922623, 39.076013940394212 ], [ -94.53804542997149, 39.076108696764059 ], [ -94.537568626203637, 39.076184103905085 ], [ -94.537087411877309, 39.076239955062647 ], [ -94.536603106355443, 39.076276097098855 ], [ -94.536117037485141, 39.076292430913014 ], [ -94.535630537953679, 39.076288911713526 ], [ -94.535144941631316, 39.076265549141034 ], [ -94.534661579910704, 39.076222407241936 ], [ -94.534181778053266, 39.076159604292798 ], [ -94.533706851552267, 39.076077312475846 ], [ -94.533238102522901, 39.075975757406489 ], [ -94.532776816129186, 39.075855217514366 ], [ -94.532324257057496, 39.075716023279327 ], [ -94.531881666046544, 39.075558556324602 ], [ -94.531450256483168, 39.075383248369789 ], [ -94.531031211073611, 39.075190580046154 ], [ -94.53062567859908, 39.074981079578059 ], [ -94.530234770764736, 39.074755321333527 ], [ -94.529859559150793, 39.0745139242484 ], [ -94.529501072273931, 39.074257550128365 ], [ -94.529160292767287, 39.073986901833209 ], [ -94.528838154686568, 39.073702721348631 ], [ -94.528535540949918, 39.073405787750801 ], [ -94.52825328091825, 39.073096915069257 ], [ -94.527992148123019, 39.072776950053985 ], [ -94.527752858147338, 39.07244676985286 ], [ -94.527536066666414, 39.072107279605902 ], [ -94.527342367652579, 39.07175940996278 ], [ -94.52717229174992, 39.071404114530523 ], [ -94.527026304822783, 39.071042367258492 ], [ -94.526904806682126, 39.070675159767596 ], [ -94.526808129993313, 39.070303498631276 ], [ -94.526736539368187, 39.069928402615695 ], [ -94.526690230643865, 39.069550899886558 ], [ -94.52666933035016, 39.06917202519044 ] ] ] } },
{ "type": "Feature", "properties": { }, "geometry": { "type": "Polygon", "coordinates": [ [ [ -94.538564541447911, 39.106063069771672 ], [ -94.538569038586374, 39.105683864683471 ], [ -94.538599001428011, 39.105305362637345 ], [ -94.538654347439291, 39.104928601069858 ], [ -94.538734924519602, 39.104554612630686 ], [ -94.538840511422563, 39.104184422352439 ], [ -94.538970818366607, 39.103819044841664 ], [ -94.53912548783353, 39.10345948149844 ], [ -94.539304095552154, 39.103106717772526 ], [ -94.539506151665009, 39.102761720463214 ], [ -94.539731102074256, 39.102425435070508 ], [ -94.539978329963489, 39.102098783204873 ], [ -94.540247157491066, 39.10178266006249 ], [ -94.540536847650216, 39.101477931973065 ], [ -94.540846606291097, 39.101185434026796 ], [ -94.541175584298799, 39.100905967787142 ], [ -94.541522879921729, 39.100640299095424 ], [ -94.541887541243767, 39.100389155973403 ], [ -94.542268568793389, 39.100153226629622 ], [ -94.542664918282711, 39.099933157574675 ], [ -94.543075503468955, 39.099729551851034 ], [ -94.543499199130366, 39.099542967381652 ], [ -94.543934844148609, 39.099373915442406 ], [ -94.544381244689035, 39.099222859262255 ], [ -94.544837177470384, 39.099090212755002 ], [ -94.545301393114642, 39.098976339386034 ], [ -94.545772619568297, 39.098881551177385 ], [ -94.546249565585214, 39.098806107853484 ], [ -94.546730924262135, 39.098750216130263 ], [ -94.547215376616577, 39.098714029149221 ], [ -94.547701595197964, 39.098697646058362 ], [ -94.548188247721598, 39.098701111740759 ], [ -94.54867400071592, 39.098724416691866 ], [ -94.549157523173079, 39.098767497045543 ], [ -94.549637490192509, 39.098830234749052 ], [ -94.550112586608122, 39.098912457886271 ], [ -94.550581510588827, 39.099013941148506 ], [ -94.551042977202513, 39.099134406451306 ], [ -94.551495721934245, 39.099273523695935 ], [ -94.551938504148382, 39.099430911673153 ], [ -94.552370110485882, 39.09960613910696 ], [ -94.552789358186885, 39.099798725835484 ], [ -94.553195098330008, 39.100008144125717 ], [ -94.553586218979092, 39.100233820118433 ], [ -94.55396164822919, 39.100475135399684 ], [ -94.554320357143041, 39.100731428694132 ], [ -94.554661362570471, 39.101001997675851 ], [ -94.55498372984259, 39.101286100891741 ], [ -94.555286575333511, 39.101582959791955 ], [ -94.555569068882946, 39.10189176086223 ], [ -94.555830436072313, 39.102211657851889 ], [ -94.556069960348836, 39.102541774091776 ], [ -94.556286984991345, 39.102881204895475 ], [ -94.556480914912399, 39.103229020037503 ], [ -94.556651218292146, 39.103584266301546 ], [ -94.556797428038891, 39.103945970091807 ], [ -94.556919143072591, 39.10431314010048 ], [ -94.557016029427999, 39.104684770023603 ], [ -94.557087821173681, 39.105059841318528 ], [ -94.557134321145128, 39.105437325994814 ], [ -94.557155401489439, 39.105816189431323 ], [ -94.557151004020014, 39.106195393211614 ], [ -94.557121140380616, 39.106573897969938 ], [ -94.557065892017874, 39.106950666240017 ], [ -94.556985409962564, 39.107324665298741 ], [ -94.556879914419966, 39.107694869997147 ], [ -94.556749694170634, 39.108060265570678 ], [ -94.556595105782975, 39.108419850421406 ], [ -94.556416572639819, 39.108772638863883 ], [ -94.556214583781596, 39.109117663828059 ], [ -94.55598969256927, 39.109453979510903 ], [ -94.555742515170678, 39.109780663970085 ], [ -94.555473728874276, 39.110096821652327 ], [ -94.5551840702351, 39.11040158584953 ], [ -94.55487433305764, 39.110694121075859 ], [ -94.55454536622166, 39.110973625359392 ], [ -94.554198071356367, 39.11123933244204 ], [ -94.553833400369527, 39.111490513881364 ], [ -94.553452352838633, 39.111726481049068 ], [ -94.553055973270432, 39.1119465870201 ], [ -94.552645348237263, 39.112150228347573 ], [ -94.552221603397442, 39.112336846718421 ], [ -94.551785900408134, 39.112505930485348 ], [ -94.55133943373913, 39.112657016070671 ], [ -94.550883427396215, 39.112789689238433 ], [ -94.550419131563316, 39.112903586231141 ], [ -94.549947819172559, 39.112998394767935 ], [ -94.549470782411589, 39.11307385490165 ], [ -94.548989329177914, 39.11312975973221 ], [ -94.548504779489946, 39.113165955974509 ], [ -94.548018461864714, 39.113182344379062 ], [ -94.547531709672043, 39.113178880004561 ], [ -94.547045857475467, 39.113155572341256 ], [ -94.54656223736977, 39.113112485284994 ], [ -94.546082175325338, 39.113049736961933 ], [ -94.545606987549363, 39.112967499404554 ], [ -94.545137976873946, 39.112865998079542 ], [ -94.544676429180981, 39.112745511269246 ], [ -94.544223609873782, 39.11260636930804 ], [ -94.543780760405014, 39.112448953675987 ], [ -94.543349094870592, 39.112273695952041 ], [ -94.542929796678948, 39.112081076629941 ], [ -94.542524015304664, 39.111871623799843 ], [ -94.542132863135606, 39.111645911699362 ], [ -94.541757412422101, 39.111404559138052 ], [ -94.541398692336514, 39.111148227799724 ], [ -94.541057686151461, 39.110877620427075 ], [ -94.540735328544145, 39.11059347889389 ], [ -94.540432503034509, 39.110296582169752 ], [ -94.540150039563969, 39.109987744183385 ], [ -94.539888712221526, 39.109667811589887 ], [ -94.539649237123385, 39.109337661448542 ], [ -94.539432270451954, 39.108998198817162 ], [ -94.539238406659479, 39.108650354269969 ], [ -94.539068176841312, 39.108295081345425 ], [ -94.538922047283208, 39.107933353931429 ], [ -94.538800418186597, 39.107566163594619 ], [ -94.538703622575241, 39.107194516861668 ], [ -94.538631925386326, 39.106819432459403 ], [ -94.538585522748377, 39.106441938521876 ], [ -94.538564541447911, 39.106063069771672 ] ] ] } },
{ "type": "Feature", "properties": { }, "geometry": { "type": "Polygon", "coordinates": [ [ [ -94.544544507250507, 39.106523547765839 ], [ -94.544548972273958, 39.106144343119816 ], [ -94.544578903183236, 39.105765840204555 ], [ -94.544634217532334, 39.105389076459055 ], [ -94.544714763307368, 39.105015084539012 ], [ -94.544820319347721, 39.104644889486629 ], [ -94.544950595956422, 39.104279505921575 ], [ -94.545105235698287, 39.103919935260585 ], [ -94.545283814383609, 39.103567162973512 ], [ -94.545485842234385, 39.103222155883138 ], [ -94.545710765230183, 39.102885859516299 ], [ -94.545957966629658, 39.102559195513614 ], [ -94.546226768663658, 39.102243059104509 ], [ -94.546516434395215, 39.101938316655087 ], [ -94.546826169741365, 39.101645803294922 ], [ -94.547155125650931, 39.101366320629744 ], [ -94.547502400432819, 39.101100634545858 ], [ -94.547867042227907, 39.100849473112724 ], [ -94.548248051618103, 39.100613524589058 ], [ -94.548644384365232, 39.100393435538024 ], [ -94.549054954272307, 39.100189809056857 ], [ -94.54947863615935, 39.100003203125389 ], [ -94.549914268945713, 39.09983412907831 ], [ -94.550360658830229, 39.099683050205122 ], [ -94.550816582560742, 39.099550380481794 ], [ -94.551280790784034, 39.099436483437323 ], [ -94.551752011466832, 39.099341671158555 ], [ -94.55222895337883, 39.09926620343591 ], [ -94.55271030962794, 39.099210287052088 ], [ -94.553194761238373, 39.099174075216141 ], [ -94.553680980761527, 39.099157667144169 ], [ -94.554167635910161, 39.099161107787637 ], [ -94.554653393205527, 39.099184387710586 ], [ -94.555136921627962, 39.099227443115431 ], [ -94.555616896260631, 39.099290156017766 ], [ -94.55609200191661, 39.099372354569411 ], [ -94.556560936739487, 39.099473813528967 ], [ -94.557022415767548, 39.099594254878589 ], [ -94.557475174451838, 39.099733348585154 ], [ -94.557917972118574, 39.099890713503882 ], [ -94.558349595366437, 39.100065918421954 ], [ -94.558768861389296, 39.100258483239195 ], [ -94.559174621215632, 39.100467880282594 ], [ -94.559565762855442, 39.100693535751198 ], [ -94.559941214346296, 39.100934831287248 ], [ -94.560299946690122, 39.101191105669542 ], [ -94.560640976672587, 39.101461656623989 ], [ -94.560963369557584, 39.1017457427469 ], [ -94.56126624164915, 39.102042585535273 ], [ -94.561548762714153, 39.102351371519049 ], [ -94.56181015825868, 39.102671254488897 ], [ -94.56204971165235, 39.103001357814136 ], [ -94.562266766094197, 39.103340776843758 ], [ -94.562460726415239, 39.103688581384574 ], [ -94.562631060712334, 39.104043818249394 ], [ -94.562777301809078, 39.104405513868222 ], [ -94.562899048539606, 39.104772676955655 ], [ -94.562995966851787, 39.105144301226822 ], [ -94.563067790726635, 39.105519368154539 ], [ -94.563114322911616, 39.10589684976042 ], [ -94.563135435465512, 39.106275711431792 ], [ -94.563131070113457, 39.106654914757108 ], [ -94.563101238411164, 39.107033420371927 ], [ -94.563046021717724, 39.107410190807634 ], [ -94.562965570977056, 39.107784193335299 ], [ -94.562860106308591, 39.108154402796437 ], [ -94.562729916408216, 39.108519804413554 ], [ -94.562575357761077, 39.108879396572114 ], [ -94.562396853668432, 39.10923219356674 ], [ -94.562194893091004, 39.109577228303969 ], [ -94.561970029312178, 39.109913554953984 ], [ -94.561722878424519, 39.110240251544468 ], [ -94.56145411764372, 39.110556422488912 ], [ -94.561164483454789, 39.110861201042852 ], [ -94.560854769595124, 39.111153751681123 ], [ -94.560525824880486, 39.111433272389597 ], [ -94.5601785508793, 39.11169899686513 ], [ -94.559813899442133, 39.111950196617649 ], [ -94.559432870092721, 39.112186182968607 ], [ -94.559036507287928, 39.112406308940386 ], [ -94.558625897554052, 39.112609971031262 ], [ -94.5582021665074, 39.112796610871222 ], [ -94.557766475767252, 39.112965716754104 ], [ -94.557320019769733, 39.113116825041558 ], [ -94.556864022491311, 39.113249521435399 ], [ -94.556399734091045, 39.113363442114398 ], [ -94.555928427480637, 39.113458274732743 ], [ -94.55545139483182, 39.11353375927721 ], [ -94.554969944030802, 39.11358968878077 ], [ -94.554485395089344, 39.113625909890636 ], [ -94.553999076522416, 39.113642323289106 ], [ -94.553512321702385, 39.113638883966345 ], [ -94.55302646520002, 39.113615601343831 ], [ -94.552542839121926, 39.113572539248757 ], [ -94.552062769454878, 39.113509815738823 ], [ -94.55158757242701, 39.113427602778415 ], [ -94.551118550895808, 39.113326125766797 ], [ -94.550656990773021, 39.113205662919583 ], [ -94.550204157496069, 39.113066544505479 ], [ -94.549761292555957, 39.112909151939917 ], [ -94.549329610091121, 39.112733916738634 ], [ -94.548910293556474, 39.112541319333602 ], [ -94.548504492476937, 39.112331887754856 ], [ -94.548113319294487, 39.112106196181756 ], [ -94.547737846317148, 39.111864863367586 ], [ -94.547379102778422, 39.111608550942009 ], [ -94.547038072015255, 39.111337961595908 ], [ -94.546715688772338, 39.111053837153612 ], [ -94.546412836639988, 39.110756956537948 ], [ -94.546130345632676, 39.110448133633426 ], [ -94.545868989914936, 39.110128215053869 ], [ -94.545629485680877, 39.109798077820138 ], [ -94.545412489192813, 39.109458626954719 ], [ -94.545218594984789, 39.109110792999616 ], [ -94.545048334235588, 39.10875552946429 ], [ -94.544902173315819, 39.108393810210941 ], [ -94.544780512512901, 39.108026626783918 ], [ -94.544683684937539, 39.107654985690957 ], [ -94.544611955614585, 39.107279905643502 ], [ -94.544565520760628, 39.106902414763702 ], [ -94.544544507250507, 39.106523547765839 ] ] ] } },
{ "type": "Feature", "properties": { }, "geometry": { "type": "Polygon", "coordinates": [ [ [ -94.497695962940284, 39.093889780170699 ], [ -94.497700680484769, 39.093510571614175 ], [ -94.497730859226053, 39.093132075125133 ], [ -94.497786416039162, 39.092755328124575 ], [ -94.49786719824607, 39.092381363221918 ], [ -94.497972984038583, 39.092011205384935 ], [ -94.498103483090517, 39.091645869130936 ], [ -94.498258337357584, 39.091286355746654 ], [ -94.498437122062754, 39.090933650544684 ], [ -94.49863934686401, 39.090588720163666 ], [ -94.498864457201805, 39.090252509919999 ], [ -94.499111835822063, 39.089925941218006 ], [ -94.499380804470675, 39.089609909025796 ], [ -94.499670625754788, 39.089305279423691 ], [ -94.499980505165794, 39.089012887231945 ], [ -94.500309593258478, 39.088733533724124 ], [ -94.500656987980193, 39.088467984432569 ], [ -94.501021737143802, 39.088216967051892 ], [ -94.50140284103766, 39.087981169446067 ], [ -94.50179925516521, 39.087761237764759 ], [ -94.502209893107036, 39.087557774674067 ], [ -94.502633629497282, 39.087371337706237 ], [ -94.503069303106372, 39.087202437733062 ], [ -94.503515720021724, 39.087051537567277 ], [ -94.503971656917471, 39.086919050695315 ], [ -94.504435864404584, 39.086805340145389 ], [ -94.504907070452077, 39.086710717493503 ], [ -94.505383983869862, 39.086635442010731 ], [ -94.505865297844039, 39.086579719953278 ], [ -94.506349693514679, 39.086543703997982 ], [ -94.506835843586401, 39.086527492824423 ], [ -94.507322415962122, 39.086531130844847 ], [ -94.507808077389726, 39.086554608082693 ], [ -94.508291497111998, 39.086597860199916 ], [ -94.508771350509591, 39.086660768673362 ], [ -94.509246322727449, 39.086743161119145 ], [ -94.50971511227435, 39.086844811764792 ], [ -94.510176434586157, 39.086965442067346 ], [ -94.510629025542841, 39.087104721476088 ], [ -94.511071644929658, 39.087262268337483 ], [ -94.51150307983319, 39.087437650940245 ], [ -94.511922147962835, 39.087630388697356 ], [ -94.512327700888662, 39.087839953461923 ], [ -94.512718627187027, 39.088065770973373 ], [ -94.513093855484939, 39.088307222429911 ], [ -94.513452357395295, 39.088563646182905 ], [ -94.513793150334621, 39.088834339548868 ], [ -94.514115300215764, 39.089118560733674 ], [ -94.514417924008129, 39.089415530864024 ], [ -94.514700192158443, 39.08972443612064 ], [ -94.514961330865461, 39.090044429967094 ], [ -94.515200624202109, 39.090374635468571 ], [ -94.515417416079799, 39.090714147693717 ], [ -94.515611112048731, 39.091062036193613 ], [ -94.515781180929949, 39.09141734755061 ], [ -94.51592715627423, 39.09177910799017 ], [ -94.516048637643905, 39.092146326048841 ], [ -94.516145291714039, 39.092517995290684 ], [ -94.516216853189832, 39.092893097064888 ], [ -94.516263125538018, 39.093270603297121 ], [ -94.516283981529625, 39.093649479306762 ], [ -94.516279363593227, 39.094028686642588 ], [ -94.516249283977118, 39.094407185928723 ], [ -94.51619382472019, 39.09478393971353 ], [ -94.51611313743166, 39.095157915313294 ], [ -94.516007442879797, 39.095528087643011 ], [ -94.515877030391081, 39.095893442026579 ], [ -94.515722257061412, 39.09625297697864 ], [ -94.515543546781089, 39.096605706950314 ], [ -94.515341389076681, 39.096950665031564 ], [ -94.515116337772596, 39.097286905602516 ], [ -94.514869009476143, 39.097613506926557 ], [ -94.514600081890094, 39.097929573678172 ], [ -94.514310291957401, 39.098234239398394 ], [ -94.514000433843137, 39.098526668871273 ], [ -94.513671356759218, 39.098806060414745 ], [ -94.513323962637699, 39.099071648079757 ], [ -94.512959203659094, 39.099322703751284 ], [ -94.512578079642623, 39.099558539145846 ], [ -94.512181635305268, 39.099778507699703 ], [ -94.511770957397474, 39.09998200634282 ], [ -94.511347171722974, 39.10016847715341 ], [ -94.51091144005126, 39.100337408888876 ], [ -94.510464956931116, 39.100488338388516 ], [ -94.510008946413734, 39.100620851844504 ], [ -94.50954465869475, 39.100734585937403 ], [ -94.50907336668422, 39.100829228833149 ], [ -94.508596362514012, 39.100904521038991 ], [ -94.508114953992376, 39.100960256115457 ], [ -94.507630461015125, 39.100996281243091 ], [ -94.507144211943711, 39.101012497641783 ], [ -94.506657539959903, 39.101008860842065 ], [ -94.506171779407126, 39.100985380807131 ], [ -94.505688262128658, 39.100942121905625 ], [ -94.505208313812673, 39.100879202735094 ], [ -94.504733250354178, 39.10079679579659 ], [ -94.504264374244059, 39.100695127021361 ], [ -94.503802970994826, 39.100574475151006 ], [ -94.503350305613324, 39.100435170972581 ], [ -94.502907619129672, 39.10027759641094 ], [ -94.502476125192402, 39.100102183480907 ], [ -94.502057006738951, 39.099909413101749 ], [ -94.501651412750576, 39.099699813777768 ], [ -94.501260455100805, 39.099473960148188 ], [ -94.500885205506151, 39.099232471410538 ], [ -94.500526692587016, 39.098976009621893 ], [ -94.500185899047509, 39.098705277882452 ], [ -94.499863758981363, 39.098421018406803 ], [ -94.499561155311625, 39.09812401048773 ], [ -94.4992789173711, 39.097815068358564 ], [ -94.499017818630065, 39.097495038959664 ], [ -94.49877857457767, 39.097164799615456 ], [ -94.498561840762605, 39.096825255627991 ], [ -94.498368210998478, 39.096477337794241 ], [ -94.49819821573891, 39.096121999853231 ], [ -94.498052320626471, 39.09576021587074 ], [ -94.497930925219833, 39.09539297756816 ], [ -94.497834361902108, 39.095021291603253 ], [ -94.497762894973761, 39.094646176810038 ], [ -94.497716719932214, 39.094268661405494 ], [ -94.497695962940284, 39.093889780170699 ] ] ] } },
{ "type": "Feature", "properties": { }, "geometry": { "type": "Polygon", "coordinates": [ [ [ -94.532984510505727, 39.106112625006794 ], [ -94.532989037556533, 39.105733419539227 ], [ -94.533019030312488, 39.105354918333838 ], [ -94.533074406158093, 39.104978158824807 ], [ -94.533155012910967, 39.104604173656121 ], [ -94.533260629243401, 39.104233987851394 ], [ -94.533390965293265, 39.103868616004874 ], [ -94.533545663462547, 39.103509059501043 ], [ -94.533724299401499, 39.103156303770888 ], [ -94.533926383175327, 39.102811315591737 ], [ -94.534151360610466, 39.102475040438556 ], [ -94.534398614816496, 39.102148399893721 ], [ -94.534667467879714, 39.101832289122342 ], [ -94.534957182723446, 39.101527574420189 ], [ -94.535266965130262, 39.101235090840781 ], [ -94.535595965920223, 39.100955639908165 ], [ -94.535943283279352, 39.100689987421696 ], [ -94.536307965232069, 39.100438861358739 ], [ -94.536689012250349, 39.10020294988108 ], [ -94.537085379993073, 39.09998289945036 ], [ -94.537495982167499, 39.099779313057979 ], [ -94.537919693505401, 39.099592748573961 ], [ -94.538355352845514, 39.099423717219416 ], [ -94.538801766314052, 39.099272682166941 ], [ -94.539257710594356, 39.099140057272393 ], [ -94.539721936276976, 39.099026205942025 ], [ -94.540193171280919, 39.098931440137477 ], [ -94.540670124336685, 39.09885601952184 ], [ -94.541151488521734, 39.098800150748794 ], [ -94.541635944838518, 39.098763986897019 ], [ -94.542122165825631, 39.098747627051154 ], [ -94.54260881919177, 39.098751116030641 ], [ -94.543094571463101, 39.098774444267086 ], [ -94.543578091633705, 39.098817547830592 ], [ -94.544058054809284, 39.098880308604855 ], [ -94.544533145834308, 39.098962554610551 ], [ -94.545002062892337, 39.099064060476373 ], [ -94.545463521070246, 39.099184548055938 ], [ -94.545916255876136, 39.099323687189504 ], [ -94.546359026701566, 39.099481096607846 ], [ -94.546790620218601, 39.099656344976268 ], [ -94.547209853702469, 39.099848952075526 ], [ -94.547615578270666, 39.100058390116779 ], [ -94.548006682029666, 39.100284085186722 ], [ -94.548382093120679, 39.100525418819124 ], [ -94.548740782656196, 39.100781729688336 ], [ -94.54908176753905, 39.10105231542029 ], [ -94.549404113156527, 39.10133643451595 ], [ -94.549706935942069, 39.101633308381977 ], [ -94.549989405797504, 39.101942123463026 ], [ -94.550250748369123, 39.102262033470048 ], [ -94.550490247171538, 39.102592161698183 ], [ -94.550707245553312, 39.102931603428104 ], [ -94.550901148498937, 39.103279428404356 ], [ -94.551071424262418, 39.103634683383646 ], [ -94.551217605827659, 39.103996394746275 ], [ -94.551339292191884, 39.104363571163582 ], [ -94.551436149468316, 39.104735206314068 ], [ -94.551507911805203, 39.105110281640677 ], [ -94.551554382118667, 39.105487769141853 ], [ -94.551575432637009, 39.105866634188686 ], [ -94.551571005255411, 39.106245838360287 ], [ -94.551541111699606, 39.106624342289777 ], [ -94.551485833498219, 39.107001108513082 ], [ -94.551405321763866, 39.107375104312673 ], [ -94.551299796783169, 39.107745304548459 ], [ -94.551169547417416, 39.108110694468117 ], [ -94.551014930314878, 39.108470272489086 ], [ -94.550836368937112, 39.108823052944679 ], [ -94.550634352402014, 39.109168068786644 ], [ -94.550409434146459, 39.109504374236963 ], [ -94.550162230412496, 39.109831047381284 ], [ -94.549893418560856, 39.110147192697376 ], [ -94.54960373521665, 39.110451943510952 ], [ -94.549293974252237, 39.110744464372885 ], [ -94.548964984612596, 39.11102395335061 ], [ -94.548617667989546, 39.111289644227966 ], [ -94.548252976350625, 39.111540808606954 ], [ -94.547871909329942, 39.111776757906021 ], [ -94.547475511487804, 39.111996845249109 ], [ -94.547064869446714, 39.112200467240413 ], [ -94.546641108911686, 39.112387065619899 ], [ -94.546205391582987, 39.112556128795063 ], [ -94.545758911969742, 39.112707193244709 ], [ -94.545302894113334, 39.112839844790841 ], [ -94.544838588229283, 39.112953719735259 ], [ -94.544367267277309, 39.113048505857584 ], [ -94.543890223468594, 39.113123943272129 ], [ -94.54340876471997, 39.113179825141131 ], [ -94.542924211065014, 39.113215998242445 ], [ -94.542437891031639, 39.113232363390104 ], [ -94.541951137996293, 39.113228875706589 ], [ -94.541465286524812, 39.113205544746059 ], [ -94.540981668709975, 39.113162434468286 ], [ -94.540501610515875, 39.113099663063124 ], [ -94.540026428139129, 39.113017402626348 ], [ -94.539557424397003, 39.112915878687403 ], [ -94.539095885152349, 39.112795369590707 ], [ -94.538643075785245, 39.112656205731696 ], [ -94.538200237721099, 39.112498768650525 ], [ -94.53776858502448, 39.112323489984981 ], [ -94.537349301068531, 39.112130850286206 ], [ -94.536943535288771, 39.11192137770027 ], [ -94.536552400030246, 39.111695646518889 ], [ -94.536176967496843, 39.111454275603968 ], [ -94.535818266810992, 39.111197926689655 ], [ -94.535477281192058, 39.110927302566814 ], [ -94.535154945260814, 39.110643145155102 ], [ -94.534852142477646, 39.110346233467695 ], [ -94.53456970272164, 39.110037381474257 ], [ -94.534308400016698, 39.109717435868298 ], [ -94.534068950411424, 39.109387273744723 ], [ -94.533852010018236, 39.109047800194176 ], [ -94.533658173217319, 39.108699945820774 ], [ -94.533487971029956, 39.108344664189865 ], [ -94.533341869666131, 39.1079829292132 ], [ -94.533220269249924, 39.107615732478102 ], [ -94.53312350272644, 39.107244080528737 ], [ -94.533051834953127, 39.106868992106172 ], [ -94.533005461977822, 39.106491495355428 ], [ -94.532984510505727, 39.106112625006794 ] ] ] } },
{ "type": "Feature", "properties": { }, "geometry": { "type": "Polygon", "coordinates": [ [ [ -94.571544150083398, 39.110155710182816 ], [ -94.571548469907441, 39.109776507680174 ], [ -94.571578256998293, 39.109398000975666 ], [ -94.571633429304043, 39.109021227518909 ], [ -94.571713835200001, 39.10864721999242 ], [ -94.571819253908686, 39.108277003481447 ], [ -94.571949396109318, 39.107911592664621 ], [ -94.57210390473486, 39.107551989033588 ], [ -94.572282355954655, 39.107199178148782 ], [ -94.572484260339749, 39.106854126938892 ], [ -94.572709064207729, 39.10651778105187 ], [ -94.572956151143401, 39.106191062264159 ], [ -94.573224843690909, 39.105874865955457 ], [ -94.573514405213032, 39.105570058656099 ], [ -94.573824041911919, 39.105277475673503 ], [ -94.5741529050064, 39.104997918804216 ], [ -94.574500093059328, 39.104732154137956 ], [ -94.574864654448874, 39.104480909959562 ], [ -94.575245589976916, 39.104244874754464 ], [ -94.575641855607316, 39.104024695323375 ], [ -94.576052365326689, 39.103820975011139 ], [ -94.576475994119662, 39.103634272054684 ], [ -94.576911581050751, 39.103465098054457 ], [ -94.577357932444215, 39.103313916573825 ], [ -94.5778138251531, 39.103181141869769 ], [ -94.578278009909013, 39.10306713775887 ], [ -94.578749214742786, 39.102972216621225 ], [ -94.579226148467413, 39.102896638545388 ], [ -94.579707504213175, 39.102840610616354 ], [ -94.580191963005547, 39.102804286348636 ], [ -94.580678197376272, 39.102787765266278 ], [ -94.581164874997398, 39.10279109263027 ], [ -94.581650662328698, 39.102814259314911 ], [ -94.582134228268302, 39.102857201832727 ], [ -94.58261424779667, 39.102919802508531 ], [ -94.583089405604042, 39.103001889801519 ], [ -94.583558399691327, 39.103103238775034 ], [ -94.584019944934624, 39.10322357171254 ], [ -94.584472776603803, 39.103362558877812 ], [ -94.584915653825405, 39.10351981941799 ], [ -94.585347362980372, 39.103694922406177 ], [ -94.585766721027539, 39.103887388021491 ], [ -94.586172578743543, 39.104096688862683 ], [ -94.586563823870506, 39.104322251392411 ], [ -94.586939384162761, 39.104563457507673 ], [ -94.587298230324464, 39.104819646232265 ], [ -94.587639378829778, 39.105090115526878 ], [ -94.58796189461809, 39.1053741242117 ], [ -94.58826489365704, 39.10567089399602 ], [ -94.588547545365927, 39.105979611609939 ], [ -94.588809074893149, 39.10629943103163 ], [ -94.589048765241429, 39.106629475804695 ], [ -94.589265959234766, 39.106968841438764 ], [ -94.589460061321972, 39.107316597887134 ], [ -94.589630539211598, 39.107671792094649 ], [ -94.589776925333894, 39.108033450608389 ], [ -94.58989881812569, 39.108400582244876 ], [ -94.589995883134662, 39.10877218080563 ], [ -94.590067853939829, 39.109147227834221 ], [ -94.590114532885991, 39.109524695407003 ], [ -94.590135791629706, 39.109903548950008 ], [ -94.590131571495363, 39.110282750074205 ], [ -94.5901018836406, 39.11066125942142 ], [ -94.590046809030042, 39.111038039513048 ], [ -94.589966498218075, 39.111412057593903 ], [ -94.589861170940367, 39.111782288463111 ], [ -94.589731115515974, 39.112147717284692 ], [ -94.5895766880612, 39.112507342369774 ], [ -94.589398311517371, 39.112860177922848 ], [ -94.589196474495296, 39.113205256744955 ], [ -94.588971729939303, 39.113541632885628 ], [ -94.588724693614807, 39.113868384236959 ], [ -94.58845604242309, 39.114184615062477 ], [ -94.588166512548341, 39.11448945845364 ], [ -94.587856897441625, 39.114782078707655 ], [ -94.587528045647559, 39.115061673619586 ], [ -94.587180858479513, 39.115327476682907 ], [ -94.586816287549553, 39.115578759192125 ], [ -94.586435332160377, 39.115814832241817 ], [ -94.586039036565722, 39.116035048616638 ], [ -94.585628487107257, 39.116238804566997 ], [ -94.585204809235734, 39.116425541465524 ], [ -94.584769164424372, 39.116594747339846 ], [ -94.584322746983062, 39.116745958277441 ], [ -94.583866780782358, 39.116878759698523 ], [ -94.583402515895912, 39.116992787493849 ], [ -94.582931225170753, 39.117087729023787 ], [ -94.582454200734929, 39.117163323976392 ], [ -94.581972750452067, 39.117219365081773 ], [ -94.581488194332422, 39.117255698680992 ], [ -94.581001860910604, 39.117272225147836 ], [ -94.580515083599764, 39.117268899162276 ], [ -94.580029197032374, 39.117245729834949 ], [ -94.579545533397578, 39.117202780682248 ], [ -94.57906541878522, 39.117140169452078 ], [ -94.578590169546857, 39.117058067800876 ], [ -94.578121088683332, 39.116956700822563 ], [ -94.577659462269267, 39.116836346431036 ], [ -94.577206555924121, 39.116697334597468 ], [ -94.576763611339516, 39.116540046445074 ], [ -94.576331842872534, 39.116364913203221 ], [ -94.575912434214217, 39.116172415024316 ], [ -94.575506535142409, 39.115963079666315 ], [ -94.575115258368086, 39.115737481044754 ], [ -94.574739676483659, 39.115496237658085 ], [ -94.574380819021528, 39.115240010890858 ], [ -94.574039669631389, 39.114969503199163 ], [ -94.573717163383463, 39.114685456183537 ], [ -94.573414184205646, 39.114388648554623 ], [ -94.573131562461029, 39.114079893996966 ], [ -94.572870072672913, 39.113760038937137 ], [ -94.572630431403169, 39.113429960222021 ], [ -94.572413295290104, 39.113090562713843 ], [ -94.572219259250758, 39.112742776808517 ], [ -94.572048854852923, 39.112387555883977 ], [ -94.571902548861175, 39.112025873685809 ], [ -94.571780741960779, 39.11165872165703 ], [ -94.571683767662989, 39.111287106219507 ], [ -94.571611891394923, 39.110912046014597 ], [ -94.57156530977602, 39.1105345691103 ], [ -94.571544150083398, 39.110155710182816 ] ] ] } },
{ "type": "Feature", "properties": { }, "geometry": { "type": "Polygon", "coordinates": [ [ [ -94.56899415445794, 39.110035506535944 ], [ -94.568998487970489, 39.109656303840993 ], [ -94.569028288699954, 39.109277797502855 ], [ -94.569083474557047, 39.108901024970145 ], [ -94.569163893879931, 39.108527018922814 ], [ -94.569269325854378, 39.108156804442018 ], [ -94.569399481123241, 39.107791396200845 ], [ -94.569554002583686, 39.10743179568383 ], [ -94.569732466369885, 39.107078988442844 ], [ -94.569934383018506, 39.106733941396612 ], [ -94.570159198813528, 39.106397600181623 ], [ -94.570406297307088, 39.106070886561497 ], [ -94.570675001011736, 39.105754695901794 ], [ -94.570964573259673, 39.10544989471736 ], [ -94.571274220223685, 39.10515731829878 ], [ -94.57160309309451, 39.104877768424679 ], [ -94.571950290408253, 39.104612011165578 ], [ -94.572314860517736, 39.104360774785988 ], [ -94.572695804200976, 39.104124747749999 ], [ -94.573092077399551, 39.103904576835923 ], [ -94.573502594079315, 39.103700865365276 ], [ -94.573926229205881, 39.103514171550735 ], [ -94.574361821826457, 39.103345006967764 ], [ -94.574808178249711, 39.103193835153846 ], [ -94.575264075314948, 39.10306107033955 ], [ -94.575728263741837, 39.102947076314344 ], [ -94.576199471551192, 39.102852165430697 ], [ -94.576676407547879, 39.10277659774907 ], [ -94.577157764855912, 39.102720580325979 ], [ -94.577642224496557, 39.102684266647231 ], [ -94.578128458999203, 39.102667756207779 ], [ -94.578615136035552, 39.102671094239533 ], [ -94.579100922066985, 39.102694271587517 ], [ -94.579584485995142, 39.102737224735108 ], [ -94.580064502806053, 39.102799835977955 ], [ -94.580539657197335, 39.102881933746353 ], [ -94.58100864717926, 39.102983293074928 ], [ -94.581470187639169, 39.103103636218769 ], [ -94.581923013860006, 39.103242633413721 ], [ -94.582365884983219, 39.10339990377944 ], [ -94.582797587406432, 39.103575016362129 ], [ -94.583216938106915, 39.103767491314585 ], [ -94.583622787881367, 39.10397680121001 ], [ -94.584014024493669, 39.104202372486235 ], [ -94.58438957572146, 39.104443587016284 ], [ -94.584748412293678, 39.104699783800896 ], [ -94.58508955071072, 39.104970260778707 ], [ -94.585412055939614, 39.105254276748802 ], [ -94.585715043976904, 39.105551053400511 ], [ -94.585997684271973, 39.105859777445104 ], [ -94.586259202004499, 39.106179602843135 ], [ -94.586498880209462, 39.106509653121797 ], [ -94.586716061744141, 39.106849023775617 ], [ -94.586910151091459, 39.107196784744161 ], [ -94.58708061599485, 39.107551982959812 ], [ -94.587226988920165, 39.107913644958671 ], [ -94.587348868340342, 39.108280779547698 ], [ -94.587445919839681, 39.10865238052029 ], [ -94.587517877034244, 39.109027429413366 ], [ -94.587564542306154, 39.10940489829818 ], [ -94.587585787349383, 39.109783752597131 ], [ -94.587581553525922, 39.110162953919108 ], [ -94.587551852030884, 39.110541462905331 ], [ -94.587496763866341, 39.110918242078228 ], [ -94.587416439623809, 39.111292258685047 ], [ -94.587311099075762, 39.111662487528974 ], [ -94.587181030577696, 39.112027913779549 ], [ -94.587026590281724, 39.112387535754898 ], [ -94.586848201164443, 39.112740367668081 ], [ -94.58664635187111, 39.113085442330039 ], [ -94.586421595379761, 39.113421813801729 ], [ -94.586174547488525, 39.113748559988004 ], [ -94.585905885130444, 39.114064785166548 ], [ -94.585616344520332, 39.114369622444308 ], [ -94.585306719138728, 39.114662236135217 ], [ -94.584977857558471, 39.114941824052345 ], [ -94.584630661119746, 39.115207619708308 ], [ -94.584266081460143, 39.115458894417927 ], [ -94.583885117906263, 39.115694959297166 ], [ -94.583488814734267, 39.115915167153119 ], [ -94.583078258306671, 39.116118914259488 ], [ -94.58265457409334, 39.116305642013174 ], [ -94.582218923584904, 39.116474838466893 ], [ -94.581772501106897, 39.11662603973393 ], [ -94.581316530543731, 39.116758831261073 ], [ -94.580852261981008, 39.116872848966189 ], [ -94.580380968275875, 39.116967780237289 ], [ -94.579903941564595, 39.117043364790604 ], [ -94.57942248971699, 39.117099395384763 ], [ -94.578937932747635, 39.117135718389662 ], [ -94.578451599193471, 39.117152234208142 ], [ -94.577964822468047, 39.117148897549377 ], [ -94.577478937202173, 39.117125717553279 ], [ -94.576995275581439, 39.117082757765523 ], [ -94.576515163690203, 39.117020135963159 ], [ -94.576039917872507, 39.116938023831658 ], [ -94.575570841119784, 39.116836646493674 ], [ -94.575109219495403, 39.116716281891492 ], [ -94.574656318605633, 39.116577260024329 ], [ -94.574213380127148, 39.11641996204289 ], [ -94.573781618400261, 39.116244819203509 ], [ -94.573362217097454, 39.116052311684896 ], [ -94.572956325976421, 39.115842967270623 ], [ -94.572565057726322, 39.115617359901087 ], [ -94.572189484916123, 39.115376108098694 ], [ -94.571830637053338, 39.11511987327107 ], [ -94.571489497761291, 39.114849357896396 ], [ -94.571167002082518, 39.114565303596265 ], [ -94.570864033915868, 39.114268489101292 ], [ -94.570581423594234, 39.113959728114843 ], [ -94.570319945609555, 39.113639867081083 ], [ -94.570080316491342, 39.113309782863261 ], [ -94.569863192844522, 39.112970380338716 ], [ -94.569669169551958, 39.112622589917031 ], [ -94.569498778146482, 39.112267364988547 ], [ -94.56935248535703, 39.1119056793098 ], [ -94.569230691832615, 39.111538524333312 ], [ -94.569133731047884, 39.111166906489025 ], [ -94.569061868392865, 39.110791844424867 ], [ -94.569015300449649, 39.110414366213924 ], [ -94.56899415445794, 39.110035506535944 ] ] ] } },
{ "type": "Feature", "properties": { }, "geometry": { "type": "Polygon", "coordinates": [ [ [ -94.407915594587905, 39.093862623523137 ], [ -94.407920793282102, 39.093483409672089 ], [ -94.407951452850355, 39.093104927518418 ], [ -94.408007488849961, 39.092728214443035 ], [ -94.408088747289753, 39.092354302961589 ], [ -94.408195005056655, 39.091984217894691 ], [ -94.40832597053145, 39.091618973559491 ], [ -94.408481284392153, 39.09125957099009 ], [ -94.408660520602822, 39.090906995194715 ], [ -94.408863187584871, 39.090562212456724 ], [ -94.409088729567827, 39.090226167687291 ], [ -94.409336528115688, 39.089899781836777 ], [ -94.409605903824541, 39.089583949371679 ], [ -94.409896118187149, 39.089279535824609 ], [ -94.410206375618856, 39.088987375423365 ], [ -94.410535825639684, 39.088708268806023 ], [ -94.410883565206419, 39.088442980828191 ], [ -94.411248641188152, 39.088192238468196 ], [ -94.411630052978822, 39.087956728836303 ], [ -94.412026755239367, 39.087737097293058 ], [ -94.412437660761952, 39.087533945682118 ], [ -94.412861643448608, 39.087347830682347 ], [ -94.41329754139592, 39.087179262283428 ], [ -94.413744160077528, 39.087028702389752 ], [ -94.414200275615599, 39.086896563555626 ], [ -94.414664638132393, 39.086783207855881 ], [ -94.415135975172831, 39.086688945894615 ], [ -94.415612995188511, 39.086614035954881 ], [ -94.416094391073898, 39.086558683291734 ], [ -94.416578843744958, 39.086523039570253 ], [ -94.417065025750404, 39.086507202450541 ], [ -94.417551604905739, 39.086511215320371 ], [ -94.418037247940291, 39.086535067176513 ], [ -94.41852062414705, 39.086578692654953 ], [ -94.419000409025685, 39.086641972209904 ], [ -94.419475287908455, 39.086724732441127 ], [ -94.419943959559404, 39.086826746568832 ], [ -94.420405139736815, 39.086947735054409 ], [ -94.42085756470938, 39.087087366366049 ], [ -94.421299994716364, 39.087245257886259 ], [ -94.421731217362378, 39.087420976959564 ], [ -94.422150050937404, 39.087614042077192 ], [ -94.42255534765323, 39.087823924195348 ], [ -94.422945996787107, 39.088050048183916 ], [ -94.423320927724404, 39.088291794401307 ], [ -94.423679112891676, 39.088548500391163 ], [ -94.424019570572185, 39.088819462696449 ], [ -94.424341367596284, 39.089103938785883 ], [ -94.424643621899136, 39.089401149087408 ], [ -94.424925504938827, 39.089710279123281 ], [ -94.425186243968284, 39.090030481740733 ], [ -94.425425124154671, 39.090360879432367 ], [ -94.425641490540556, 39.090700566739656 ], [ -94.425834749841243, 39.091048612733324 ], [ -94.426004372073621, 39.091404063563509 ], [ -94.42614989201175, 39.091765945072794 ], [ -94.426270910465362, 39.09213326546525 ], [ -94.426367095377614, 39.092505018023736 ], [ -94.426438182739119, 39.092880183868367 ], [ -94.426483977315641, 39.093257734748434 ], [ -94.426504353187497, 39.093636635860186 ], [ -94.426499254099085, 39.094015848682794 ], [ -94.42646869361748, 39.09439433382456 ], [ -94.426412755099832, 39.094771053871838 ], [ -94.426331591469193, 39.095144976232582 ], [ -94.426225424799938, 39.095515075967 ], [ -94.426094545713184, 39.09588033859724 ], [ -94.425939312584461, 39.096239762888743 ], [ -94.425760150565168, 39.096592363595313 ], [ -94.425557550421019, 39.096937174160651 ], [ -94.425332067190212, 39.097273249368676 ], [ -94.425084318665085, 39.097599667935583 ], [ -94.424814983701438, 39.097915535036364 ], [ -94.424524800360118, 39.098219984758991 ], [ -94.424214563885911, 39.098512182479304 ], [ -94.42388512452915, 39.098791327150323 ], [ -94.423537385216264, 39.099056653499545 ], [ -94.423172299075347, 39.099307434128228 ], [ -94.422790866823746, 39.099542981506836 ], [ -94.422394134024742, 39.099762649861241 ], [ -94.421983188220722, 39.099965836944492 ], [ -94.421559155950987, 39.100151985689095 ], [ -94.421123199662219, 39.100320585735602 ], [ -94.420676514519982, 39.100471174832954 ], [ -94.420220325130245, 39.100603340106822 ], [ -94.419755882179871, 39.100716719192739 ], [ -94.419284459005212, 39.100811001230355 ], [ -94.418807348098369, 39.100885927716654 ], [ -94.418325857560689, 39.100941293215342 ], [ -94.417841307513243, 39.100976945920642 ], [ -94.417355026474183, 39.100992788074066 ], [ -94.416868347713077, 39.100988776232683 ], [ -94.416382605591863, 39.100964921388425 ], [ -94.415899131903174, 39.100921288938103 ], [ -94.415419252215358, 39.100857998503848 ], [ -94.414944282234941, 39.100775223605083 ], [ -94.41447552419595, 39.100673191182359 ], [ -94.414014263286575, 39.100552180974653 ], [ -94.413561764122633, 39.100412524751832 ], [ -94.413119267277736, 39.100254605404295 ], [ -94.412687985879558, 39.10007885589237 ], [ -94.412269102281812, 39.099885758058385 ], [ -94.411863764820794, 39.099675841304524 ], [ -94.41147308466563, 39.099449681140392 ], [ -94.411098132770832, 39.099207897603932 ], [ -94.410739936939493, 39.098951153560407 ], [ -94.410399479005136, 39.098680152883723 ], [ -94.410077692140234, 39.098395638525616 ], [ -94.409775458298313, 39.098098390477368 ], [ -94.40949360579711, 39.097789223630322 ], [ -94.409232907049088, 39.097468985540559 ], [ -94.408994076445765, 39.09713855410412 ], [ -94.408777768401322, 39.096798835149215 ], [ -94.408584575561278, 39.096450759951885 ], [ -94.408415027180581, 39.096095282681958 ], [ -94.408269587676017, 39.095733377786509 ], [ -94.408148655356626, 39.095366037317696 ], [ -94.408052561335538, 39.094994268212638 ], [ -94.407981568626326, 39.094619089532493 ], [ -94.407935871426176, 39.094241529668608 ], [ -94.407915594587905, 39.093862623523137 ] ] ] } },
{ "type": "Feature", "properties": { }, "geometry": { "type": "Polygon", "coordinates": [ [ [ -94.408705617442877, 39.093712686137891 ], [ -94.408710811916578, 39.093333472320062 ], [ -94.408741467213375, 39.092954990027899 ], [ -94.40879749890226, 39.092578276642698 ], [ -94.408878753003918, 39.092204364680953 ], [ -94.408985006417154, 39.091834278964626 ], [ -94.40911596753466, 39.091469033812622 ], [ -94.409271277046415, 39.091109630261315 ], [ -94.409450508928359, 39.090757053321582 ], [ -94.409653171613812, 39.090412269279966 ], [ -94.409878709344042, 39.090076223051234 ], [ -94.410126503694684, 39.0897498355897 ], [ -94.410395875273352, 39.089434001366335 ], [ -94.410686085584075, 39.089129585918535 ], [ -94.410996339053341, 39.088837423479298 ], [ -94.411325785212014, 39.088558314692357 ], [ -94.411673521027396, 39.088293024419187 ], [ -94.412038593378895, 39.088042279644462 ], [ -94.412420001670398, 39.087806767485041 ], [ -94.412816700572407, 39.087587133308396 ], [ -94.41322760288628, 39.087383978965434 ], [ -94.413651582522817, 39.08719786114245 ], [ -94.414087477586975, 39.087029289836913 ], [ -94.414534093560249, 39.086878726961139 ], [ -94.414990206572242, 39.086746585077641 ], [ -94.41545456675216, 39.086633226269562 ], [ -94.415925901651264, 39.08653896114955 ], [ -94.41640291972702, 39.086464048009312 ], [ -94.416884313879223, 39.08640869211262 ], [ -94.417368765028598, 39.086373045133463 ], [ -94.417854945727981, 39.086357204740843 ], [ -94.418341523796471, 39.086361214331511 ], [ -94.418827165966363, 39.086385062911191 ], [ -94.419310541533051, 39.086428685124879 ], [ -94.419790325997909, 39.086491961435691 ], [ -94.42026520469436, 39.086574718452319 ], [ -94.420733876386961, 39.086676729403706 ], [ -94.421195056833866, 39.086797714760031 ], [ -94.421647482303058, 39.086937342997985 ], [ -94.422089913032423, 39.08709523150852 ], [ -94.422521136624624, 39.087270947644413 ], [ -94.422939971367029, 39.087464009904927 ], [ -94.423345269468257, 39.087673889254098 ], [ -94.423735920201764, 39.087900010569413 ], [ -94.424110852948559, 39.088141754216586 ], [ -94.424469040130234, 39.088398457746294 ], [ -94.424809500024537, 39.088669417708246 ], [ -94.425131299455785, 39.088953891577596 ], [ -94.42543355635253, 39.089251099788385 ], [ -94.425715442165782, 39.089560227868574 ], [ -94.425976184140879, 39.089880428670781 ], [ -94.426215067436928, 39.090210824692541 ], [ -94.426431437087956, 39.09055051047995 ], [ -94.426624699800357, 39.090898555107898 ], [ -94.426794325581682, 39.091254004730253 ], [ -94.426939849196245, 39.091615885192915 ], [ -94.427060871443743, 39.091983204702849 ], [ -94.427157060256931, 39.092354956545314 ], [ -94.427228151615722, 39.092730121842408 ], [ -94.427273950274966, 39.093107672344914 ], [ -94.427294330303781, 39.093486573250168 ], [ -94.427289235435154, 39.093865786037853 ], [ -94.427258679224622, 39.094244271316398 ], [ -94.427202745017581, 39.094620991671803 ], [ -94.427121585725345, 39.094994914511169 ], [ -94.427015423410339, 39.095365014893396 ], [ -94.426884548681784, 39.095730278338877 ], [ -94.426729319903231, 39.096089703610829 ], [ -94.426550162214141, 39.096442305460357 ], [ -94.426347566368392, 39.096787117328034 ], [ -94.426122087392372, 39.097123193994221 ], [ -94.425874343066724, 39.097449614171126 ], [ -94.425605012235778, 39.097765483029335 ], [ -94.425314832949013, 39.098069934651996 ], [ -94.42500460044009, 39.09836213440974 ], [ -94.424675164948468, 39.098641281250018 ], [ -94.424327429389962, 39.098906609894385 ], [ -94.423962346882391, 39.099157392937791 ], [ -94.423580918133098, 39.099392942844091 ], [ -94.423184188695743, 39.09961261383225 ], [ -94.422773246103532, 39.099815803648042 ], [ -94.422349216886929, 39.100001955216541 ], [ -94.421913263484214, 39.100170558170539 ], [ -94.421466581053039, 39.100321150250963 ], [ -94.421010394191953, 39.100453318575354 ], [ -94.420545953580842, 39.100566700770862 ], [ -94.420074532549677, 39.100660985968595 ], [ -94.419597423584648, 39.100735915656898 ], [ -94.419115934781772, 39.100791284390645 ], [ -94.41863138625736, 39.100826940355269 ], [ -94.418145106525415, 39.10084278578325 ], [ -94.417658428851851, 39.100838777222748 ], [ -94.417172687595681, 39.10081492565665 ], [ -94.416689214547148, 39.100771296472779 ], [ -94.416209335272839, 39.100708009284318 ], [ -94.415734365478158, 39.100625237601804 ], [ -94.415265607396606, 39.100523208356925 ], [ -94.414804346216528, 39.100402201279977 ], [ -94.414351846554453, 39.100262548132221 ], [ -94.413909348985385, 39.100104631795617 ], [ -94.413478066638987, 39.099928885222262 ], [ -94.413059181871574, 39.099735790246385 ], [ -94.412653843022639, 39.099525876262362 ], [ -94.412263161265159, 39.099299718772194 ], [ -94.411888207558036, 39.099057937806514 ], [ -94.411530009709324, 39.098801196223476 ], [ -94.411189549558131, 39.098530197890305 ], [ -94.410867760282983, 39.098245685752275 ], [ -94.410565523844028, 39.097948439794614 ], [ -94.410283668566109, 39.09763927490291 ], [ -94.410022966869377, 39.097319038627873 ], [ -94.409784133153394, 39.096988608860606 ], [ -94.409567821840923, 39.096648891424742 ], [ -94.409374625586409, 39.09630081759213 ], [ -94.409205073654192, 39.095945341528903 ], [ -94.409059630470807, 39.095583437678812 ], [ -94.408938694355385, 39.09521609809115 ], [ -94.408842596431455, 39.094844329700628 ], [ -94.408771599723323, 39.094469151566464 ], [ -94.408725898439116, 39.094091592078499 ], [ -94.408705617442877, 39.093712686137891 ] ] ] } },
{ "type": "Feature", "properties": { }, "geometry": { "type": "Polygon", "coordinates": [ [ [ -94.552169573044281, 39.068174054071726 ], [ -94.552174001634143, 39.067794847598606 ], [ -94.552203882326253, 39.06741634147216 ], [ -94.55225913281302, 39.067039573140335 ], [ -94.552339601256392, 39.066665575271465 ], [ -94.552445066708344, 39.066295372924223 ], [ -94.552575239720881, 39.065929980738403 ], [ -94.552729763143404, 39.065570400154527 ], [ -94.552908213105567, 39.065217616669869 ], [ -94.553110100182693, 39.064872597138084 ], [ -94.553334870740613, 39.064536287120319 ], [ -94.553581908456195, 39.064209608294817 ], [ -94.553850536009193, 39.063893455931854 ], [ -94.554140016941105, 39.063588696441471 ], [ -94.554449557675568, 39.063296165000224 ], [ -94.554778309694882, 39.063016663263575 ], [ -94.555125371866765, 39.062750957170351 ], [ -94.555489792914742, 39.062499774845094 ], [ -94.555870574025562, 39.062263804603951 ], [ -94.556266671586428, 39.062043693069818 ], [ -94.556677000044658, 39.06184004340173 ], [ -94.557100434881647, 39.061653413643263 ], [ -94.55753581569337, 39.061484315194534 ], [ -94.557981949368752, 39.061333211412105 ], [ -94.558437613357299, 39.061200516340286 ], [ -94.558901559017031, 39.061086593577677 ], [ -94.559372515033658, 39.060991755281691 ], [ -94.559849190901588, 39.060916261314041 ], [ -94.560330280457165, 39.060860318529457 ], [ -94.560814465454797, 39.060824080209322 ], [ -94.561300419175879, 39.060807645642299 ], [ -94.561786810060909, 39.060811059852455 ], [ -94.562272305354711, 39.060834313476178 ], [ -94.562755574754988, 39.06087734278789 ], [ -94.563235294054095, 39.060940029874587 ], [ -94.563710148764301, 39.061022202958682 ], [ -94.564178837716341, 39.061123636868501 ], [ -94.564640076621785, 39.061244053654633 ], [ -94.565092601589299, 39.061383123351106 ], [ -94.565535172585228, 39.061540464878775 ], [ -94.565966576829055, 39.061715647088704 ], [ -94.566385632114617, 39.061908189942748 ], [ -94.566791190047695, 39.06211756582789 ], [ -94.567182139191473, 39.062343201000893 ], [ -94.567557408111014, 39.062584477159483 ], [ -94.56791596830864, 39.062840733135289 ], [ -94.568256837041858, 39.063111266704475 ], [ -94.568579080016676, 39.063395336510752 ], [ -94.568881813948238, 39.063692164095677 ], [ -94.569164208982357, 39.064000936030638 ], [ -94.569425490970971, 39.064320806144643 ], [ -94.569664943595313, 39.064650897842071 ], [ -94.569881910331162, 39.064990306503638 ], [ -94.57007579625045, 39.06533810196445 ], [ -94.570246069654601, 39.065693331062072 ], [ -94.570392263534785, 39.066055020247731 ], [ -94.570513976855253, 39.066422178253575 ], [ -94.570610875656143, 39.066793798808575 ], [ -94.57068269397277, 39.0671688633958 ], [ -94.570729234568589, 39.067546344043208 ], [ -94.570750369480095, 39.067925206140799 ], [ -94.570746040371958, 39.068304411275918 ], [ -94.570716258701339, 39.068682920079212 ], [ -94.570661105690917, 39.069059695073449 ], [ -94.570580732110813, 39.069433703517262 ], [ -94.570475357869682, 39.069803920236154 ], [ -94.570345271416187, 39.070169330432847 ], [ -94.570190828952605, 39.070528932469486 ], [ -94.57001245346224, 39.070881740613778 ], [ -94.569810633553871, 39.071226787741899 ], [ -94.569585922125711, 39.071563127990288 ], [ -94.569338934853107, 39.071889839349581 ], [ -94.569070348503615, 39.072206026192973 ], [ -94.568780899084274, 39.072510821732685 ], [ -94.568471379826249, 39.072803390397205 ], [ -94.568142639011867, 39.073082930123221 ], [ -94.567795577650699, 39.073348674555696 ], [ -94.567431147010339, 39.07359989515006 ], [ -94.567050346009125, 39.07383590317086 ], [ -94.566654218477751, 39.074056051581252 ], [ -94.566243850297312, 39.074259736818213 ], [ -94.565820366421576, 39.074446400448466 ], [ -94.56538492779184, 39.074615530700768 ], [ -94.564938728152683, 39.074766663870129 ], [ -94.564482990777293, 39.074899385590257 ], [ -94.564018965111686, 39.075013331970602 ], [ -94.563547923346718, 39.075108190594975 ], [ -94.563071156927478, 39.075183701378933 ], [ -94.562589973009679, 39.075239657283532 ], [ -94.562105690872812, 39.075275904883618 ], [ -94.561619638299717, 39.075292344788878 ], [ -94.561133147932964, 39.075288931916738 ], [ -94.56064755361767, 39.075265675616151 ], [ -94.560164186741034, 39.075222639642035 ], [ -94.559684372578658, 39.075159941980395 ], [ -94.559209426657631, 39.075077754524649 ], [ -94.558740651146536, 39.07497630260395 ], [ -94.558279331282165, 39.074855864365041 ], [ -94.557826731842837, 39.074716770008934 ], [ -94.557384093678166, 39.074559400884951 ], [ -94.556952630304565, 39.074384188444377 ], [ -94.556533524576039, 39.074191613056549 ], [ -94.556127925439455, 39.073982202690992 ], [ -94.555736944783106, 39.073756531468639 ], [ -94.555361654387141, 39.073515218086783 ], [ -94.555003082984584, 39.07325892412161 ], [ -94.554662213440636, 39.072988352213173 ], [ -94.554339980058202, 39.072704244137796 ], [ -94.554037266017062, 39.072407378773221 ], [ -94.553754900953422, 39.072098569961994 ], [ -94.553493658687046, 39.071778664279108 ], [ -94.553254255101464, 39.071448538709895 ], [ -94.553037346183629, 39.071109098244747 ], [ -94.552843526228102, 39.070761273397004 ], [ -94.552673326210794, 39.070406017651067 ], [ -94.552527212336472, 39.070044304847691 ], [ -94.552405584764358, 39.069677126513469 ], [ -94.552308776514778, 39.069305489142138 ], [ -94.552237052560358, 39.068930411434934 ], [ -94.552190609103789, 39.068552921507553 ], [ -94.552169573044281, 39.068174054071726 ] ] ] } },
{ "type": "Feature", "properties": { }, "geometry": { "type": "Polygon", "coordinates": [ [ [ -94.553610738008288, 39.059334145422916 ], [ -94.553615159909825, 39.05895493850749 ], [ -94.55364503073919, 39.058576431689296 ], [ -94.553700268215991, 39.058199662418119 ], [ -94.553780720537972, 39.057825663364945 ], [ -94.55388616680149, 39.057455459591715 ], [ -94.5540163176113, 39.057090065742152 ], [ -94.554170815877796, 39.056730483261383 ], [ -94.554349237799698, 39.056377697651897 ], [ -94.554551094029321, 39.056032675773224 ], [ -94.554775831017153, 39.055696363193022 ], [ -94.55502283253216, 39.055369681596581 ], [ -94.55529142135336, 39.055053526261815 ], [ -94.555580861128504, 39.054748763606995 ], [ -94.555890358394038, 39.054456228817344 ], [ -94.556219064751474, 39.054176723557617 ], [ -94.556566079193615, 39.053911013776307 ], [ -94.556930450574825, 39.053659827608108 ], [ -94.557311180217908, 39.053423853379769 ], [ -94.557707224651139, 39.053203737725177 ], [ -94.558117498467325, 39.053000083814673 ], [ -94.558540877297546, 39.052813449703514 ], [ -94.558976200891209, 39.052644346803781 ], [ -94.559422276293901, 39.052493238484281 ], [ -94.55987788111473, 39.05236053880175 ], [ -94.560341766873762, 39.052246611367487 ], [ -94.560812662420716, 39.052151768351706 ], [ -94.561289277415554, 39.052076269629083 ], [ -94.561770305861316, 39.052020322067378 ], [ -94.56225442967974, 39.051984078961105 ], [ -94.562740322319712, 39.051967639611981 ], [ -94.563226652388977, 39.051971049057208 ], [ -94.563712087298882, 39.051994297946216 ], [ -94.564195296912416, 39.052037322566392 ], [ -94.564674957185716, 39.05210000501755 ], [ -94.565149753792596, 39.052182173534831 ], [ -94.565618385722914, 39.052283602958973 ], [ -94.566079568844415, 39.05240401535287 ], [ -94.566532039418519, 39.052543080762533 ], [ -94.566974557560528, 39.05270041812053 ], [ -94.567405910634733, 39.052875596289297 ], [ -94.567824916575077, 39.053068135241745 ], [ -94.568230427122558, 39.053277507375455 ], [ -94.568621330970188, 39.053503138957474 ], [ -94.56899655680715, 39.053744411695291 ], [ -94.569355076253814, 39.054000664429843 ], [ -94.569695906679428, 39.054271194946146 ], [ -94.570018113894989, 39.054555261896247 ], [ -94.570320814713725, 39.05485208682947 ], [ -94.570603179372256, 39.055160856324413 ], [ -94.570864433805824, 39.055480724216729 ], [ -94.57110386177132, 39.055810813916864 ], [ -94.571320806812224, 39.056150220810984 ], [ -94.57151467406004, 39.056498014738949 ], [ -94.571684931867523, 39.056853242542573 ], [ -94.571831113268715, 39.057214930676551 ], [ -94.571952817262229, 39.0575820878759 ], [ -94.572049709913969, 39.057953707871839 ], [ -94.572121525276245, 39.058328772148883 ], [ -94.57216806612081, 39.058706252735902 ], [ -94.572189204483664, 39.059085115023045 ], [ -94.572184882020153, 39.059464320597137 ], [ -94.572155110169447, 39.059842830087639 ], [ -94.572099970127468, 39.060219606015465 ], [ -94.572019612628978, 39.060593615636705 ], [ -94.571914257538694, 39.060963833773663 ], [ -94.571784193252967, 39.061329245625195 ], [ -94.571629775913422, 39.061688849548965 ], [ -94.571451428434671, 39.062041659807541 ], [ -94.571249639348792, 39.062386709271337 ], [ -94.571024961469675, 39.062723052070474 ], [ -94.570778010380735, 39.063049766188584 ], [ -94.570509462750465, 39.063365955991408 ], [ -94.570220054479819, 39.063670754683052 ], [ -94.569910578687171, 39.063963326683464 ], [ -94.569581883535804, 39.064242869920221 ], [ -94.569234869910076, 39.064508618028711 ], [ -94.5688704889467, 39.064759842454343 ], [ -94.568489739427847, 39.064995854451197 ], [ -94.568093665043023, 39.06521600697161 ], [ -94.567683351527577, 39.065419696441296 ], [ -94.56725992368537, 39.065606364415437 ], [ -94.566824542303991, 39.06577549911092 ], [ -94.566378400970962, 39.065926636810602 ], [ -94.565922722799556, 39.066059363135814 ], [ -94.56545875707333, 39.066173314183402 ], [ -94.564987775818707, 39.0662681775244 ], [ -94.564511070314751, 39.066343693061441 ], [ -94.564029947550068, 39.066399653742586 ], [ -94.563545726636306, 39.066435906129549 ], [ -94.563059735188347, 39.066452350818935 ], [ -94.562573305681028, 39.066448942715034 ], [ -94.562087771792491, 39.066425691153711 ], [ -94.561604464744107, 39.066382659876872 ], [ -94.561124709647331, 39.066319966857634 ], [ -94.560649821867202, 39.066237783976661 ], [ -94.560181103412802, 39.066136336550528 ], [ -94.559719839364348, 39.066015902713644 ], [ -94.559267294347094, 39.065876812654871 ], [ -94.558824709061327, 39.065719447711757 ], [ -94.558393296878435, 39.065544239324048 ], [ -94.557974240512024, 39.065351667849946 ], [ -94.5575686887736, 39.065142261248177 ], [ -94.557177753421485, 39.064916593629334 ], [ -94.556802506111609, 39.064675283680756 ], [ -94.556443975458905, 39.064418992969166 ], [ -94.556103144216891, 39.064148424125683 ], [ -94.555780946583482, 39.063864318918149 ], [ -94.555478265640517, 39.063567456216418 ], [ -94.555195930933593, 39.063258649855662 ], [ -94.554934716199284, 39.062938746404136 ], [ -94.554695337245775, 39.062608622841019 ], [ -94.554478449992601, 39.062269184151162 ], [ -94.554284648675107, 39.061921360843016 ], [ -94.554114464218216, 39.061566106396704 ], [ -94.553968362784218, 39.061204394649423 ], [ -94.553846744498358, 39.060837217124856 ], [ -94.553749942355736, 39.060465580314485 ], [ -94.553678221312367, 39.060090502918023 ], [ -94.55363177756314, 39.059713013050313 ], [ -94.553610738008288, 39.059334145422916 ] ] ] } },
{ "type": "Feature", "properties": { }, "geometry": { "type": "Polygon", "coordinates": [ [ [ -94.553400741012041, 39.059304128617057 ], [ -94.553405164041123, 39.058924921684948 ], [ -94.553435035986681, 39.058546414896156 ], [ -94.553490274565263, 39.058169645700431 ], [ -94.553570727971575, 39.057795646768518 ], [ -94.553676175299046, 39.05742544316201 ], [ -94.553806327149488, 39.05706004952421 ], [ -94.553960826430441, 39.056700467299649 ], [ -94.554139249337851, 39.056347681990111 ], [ -94.554341106521349, 39.056002660454297 ], [ -94.554565844428808, 39.055666348258917 ], [ -94.55481284682665, 39.055339667088205 ], [ -94.555081436491506, 39.055023512218945 ], [ -94.555370877068796, 39.054718750068105 ], [ -94.555680375092805, 39.054426215819518 ], [ -94.556009082162916, 39.054146711136454 ], [ -94.556356097270054, 39.053881001965856 ], [ -94.556720469266693, 39.053629816440711 ], [ -94.557101199473991, 39.053393842886031 ], [ -94.55749724441867, 39.053173727933817 ], [ -94.557907518692119, 39.052970074752537 ], [ -94.558330897924222, 39.052783441395412 ], [ -94.558766221863237, 39.052614339272488 ], [ -94.559212297553827, 39.052463231750409 ], [ -94.559667902604303, 39.052330532883772 ], [ -94.560131788534107, 39.052216606281583 ], [ -94.560602684192489, 39.052121764111817 ], [ -94.561079299239111, 39.052046266246847 ], [ -94.561560327676901, 39.05199031955204 ], [ -94.562044451427568, 39.051954077319557 ], [ -94.56253034394021, 39.05193763884872 ], [ -94.563016673822915, 39.051941049174339 ], [ -94.563502108487526, 39.051964298943425 ], [ -94.563985317797759, 39.052007324440929 ], [ -94.5644649777105, 39.052070007764307 ], [ -94.564939773900605, 39.052152177146262 ], [ -94.565408405359079, 39.052253607425214 ], [ -94.565869587954921, 39.052374020661674 ], [ -94.566322057951012, 39.052513086899374 ], [ -94.566764575464219, 39.052670425068591 ], [ -94.567195927860567, 39.052845604029571 ], [ -94.567614933075859, 39.053038143753007 ], [ -94.568020442853069, 39.053247516634407 ], [ -94.568411345887313, 39.053473148938757 ], [ -94.568786570870017, 39.053714422371549 ], [ -94.56914508942387, 39.053970675771851 ], [ -94.569485918920563, 39.054241206922818 ], [ -94.569808125173651, 39.054525274474777 ], [ -94.570110824998991, 39.054822099975389 ], [ -94.570393188635904, 39.055130870001712 ], [ -94.570654442022473, 39.055450738387968 ], [ -94.570893868918404, 39.055780828543199 ], [ -94.571110812870145, 39.056120235852305 ], [ -94.571304679012158, 39.056468030154093 ], [ -94.571474935700252, 39.056823258289256 ], [ -94.57162111597151, 39.057184946711629 ], [ -94.571742818827673, 39.057552104155462 ], [ -94.571839710337713, 39.057923724351248 ], [ -94.571911524557123, 39.058298788782984 ], [ -94.571958064260741, 39.058676269479101 ], [ -94.571979201487707, 39.05905513182946 ], [ -94.571974877896508, 39.059434337420683 ], [ -94.57194510492937, 39.05981284688221 ], [ -94.571889963785296, 39.060189622735031 ], [ -94.571809605202077, 39.060563632235421 ], [ -94.571704249047386, 39.060933850206034 ], [ -94.571574183720486, 39.061299261846187 ], [ -94.571419765365889, 39.061658865514076 ], [ -94.571241416900961, 39.06201167547303 ], [ -94.571039626860525, 39.062356724594238 ], [ -94.570814948061027, 39.062693067008759 ], [ -94.570567996088499, 39.06301978070131 ], [ -94.570299447613749, 39.063335970038779 ], [ -94.570010038540147, 39.063640768226556 ], [ -94.569700561988228, 39.063933339685953 ], [ -94.569371866123333, 39.064212882346034 ], [ -94.569024851831813, 39.064478629843784 ], [ -94.568660470252226, 39.064729853626254 ], [ -94.568279720168405, 39.064965864949336 ], [ -94.567883645271422, 39.065186016767186 ], [ -94.567473331298018, 39.065389705507421 ], [ -94.567049903053302, 39.065576372727264 ], [ -94.566614521326002, 39.065745506645648 ], [ -94.566168379704592, 39.065896643547575 ], [ -94.565712701303099, 39.06602936905653 ], [ -94.565248735405746, 39.066143319271646 ], [ -94.564777754039426, 39.066238181766202 ], [ -94.564301048483472, 39.066313696445185 ], [ -94.563819925726676, 39.066369656258971 ], [ -94.563335704880643, 39.066405907771717 ], [ -94.562849713560084, 39.066422351582347 ], [ -94.562363284239481, 39.066418942597608 ], [ -94.561877750596437, 39.066395690155765 ], [ -94.561394443851711, 39.066352658001179 ], [ -94.560914689115876, 39.066289964109302 ], [ -94.560439801752977, 39.06620778036325 ], [ -94.559971083770961, 39.066106332081965 ], [ -94.559509820248763, 39.065985897402157 ], [ -94.559057275810176, 39.065846806515061 ], [ -94.558614691153906, 39.065689440760451 ], [ -94.558183279649612, 39.065514231580309 ], [ -94.557764224009034, 39.065321659335034 ], [ -94.557358673041691, 39.065112251985418 ], [ -94.556967738503772, 39.064886583644167 ], [ -94.556592492048992, 39.064645273000558 ], [ -94.556233962289909, 39.064388981623225 ], [ -94.555893131977612, 39.064118412145113 ], [ -94.555570935307486, 39.063834306335814 ], [ -94.555268255358669, 39.063537443066814 ], [ -94.55498592167406, 39.063228636174856 ], [ -94.554724707987447, 39.06290873222963 ], [ -94.554485330104114, 39.062578608211695 ], [ -94.554268443940686, 39.06223916910713 ], [ -94.554074643729479, 39.061891345425501 ], [ -94.553904460392417, 39.061536090648012 ], [ -94.553758360088693, 39.061174378612705 ], [ -94.553636742940483, 39.060807200844074 ], [ -94.553539941939718, 39.060435563834289 ], [ -94.553468222039356, 39.060060486283568 ], [ -94.55342177943109, 39.059682996307217 ], [ -94.553400741012041, 39.059304128617057 ] ] ] } },
{ "type": "Feature", "properties": { }, "geometry": { "type": "Polygon", "coordinates": [ [ [ -94.541474525299321, 39.106283302363117 ], [ -94.541479006810491, 39.105904097489343 ], [ -94.541508954112359, 39.10552559501955 ], [ -94.541564284713985, 39.105148832391507 ], [ -94.541644846556991, 39.104774842257818 ], [ -94.54175041843672, 39.104404649655763 ], [ -94.541880710612787, 39.104039269198267 ], [ -94.542035365607404, 39.103679702293526 ], [ -94.54221395918907, 39.103326934401061 ], [ -94.542416001538996, 39.10298193233163 ], [ -94.54264093859706, 39.102645641598279 ], [ -94.542888153583377, 39.102318983826144 ], [ -94.543156968691633, 39.102002854227578 ], [ -94.543446646949093, 39.101698119149987 ], [ -94.543756394238443, 39.101405613702767 ], [ -94.544085361475865, 39.101126139469926 ], [ -94.544432646939242, 39.100860462314692 ], [ -94.544797298740235, 39.100609310282032 ], [ -94.545178317433383, 39.100373371604881 ], [ -94.545574658755044, 39.100153292819442 ], [ -94.545985236484768, 39.099949676994832 ], [ -94.546408925421233, 39.099763082081672 ], [ -94.546844564464436, 39.099594019384448 ], [ -94.547290959796115, 39.099442952161603 ], [ -94.547746888149248, 39.099310294357188 ], [ -94.548211100157928, 39.099196409467538 ], [ -94.548682323778579, 39.099101609546224 ], [ -94.549159267772836, 39.099026154349787 ], [ -94.549640625242944, 39.098970250626643 ], [ -94.550125077209728, 39.09893405155119 ], [ -94.550611296223664, 39.098917656304515 ], [ -94.551097949998862, 39.09892110980303 ], [ -94.551583705060366, 39.098944402575533 ], [ -94.552067230394641, 39.098987470789226 ], [ -94.552547201093262, 39.099050196424649 ], [ -94.553022301980079, 39.099132407598724 ], [ -94.553491231211737, 39.099233879035523 ], [ -94.553952703841816, 39.099354332682992 ], [ -94.554405455338866, 39.099493438474305 ], [ -94.554848245048774, 39.09965081523162 ], [ -94.555279859591963, 39.099826031709647 ], [ -94.555699116186162, 39.100018607776569 ], [ -94.556104865885587, 39.100228015728526 ], [ -94.556495996728003, 39.100453681734692 ], [ -94.556871436780511, 39.100694987408446 ], [ -94.557230157076347, 39.100951271500769 ], [ -94.557571174434131, 39.10122183171098 ], [ -94.557893554152329, 39.101505926610017 ], [ -94.558196412571021, 39.101802777670819 ], [ -94.558478919494476, 39.102111571400634 ], [ -94.558740300467548, 39.102431461568905 ], [ -94.558979838899702, 39.102761571525214 ], [ -94.559196878030974, 39.103100996600318 ], [ -94.559390822734315, 39.103448806584503 ], [ -94.559561141149317, 39.103804048275592 ], [ -94.559707366143115, 39.104165748090367 ], [ -94.559829096593944, 39.104532914731891 ], [ -94.559925998494265, 39.104904541905498 ], [ -94.559997805870083, 39.105279611076085 ], [ -94.560044321514084, 39.105657094259051 ], [ -94.560065417530339, 39.106035956837388 ], [ -94.560061035689344, 39.106415160397042 ], [ -94.560031187592003, 39.106793665572873 ], [ -94.559975954642354, 39.107170434897476 ], [ -94.559895487828896, 39.107544435644897 ], [ -94.559790007315115, 39.107914642661569 ], [ -94.559659801840368, 39.108280041176613 ], [ -94.559505227932533, 39.108639629584019 ], [ -94.559326708934691, 39.108992422188649 ], [ -94.559124733848478, 39.109337451909042 ], [ -94.558899855997097, 39.109673772929149 ], [ -94.55865269151171, 39.110000463292046 ], [ -94.558383917645344, 39.110316627428276 ], [ -94.558094270918872, 39.110621398612025 ], [ -94.55778454510417, 39.110913941338353 ], [ -94.557455589049766, 39.111193453614781 ], [ -94.557108304355239, 39.111459169161293 ], [ -94.556743642900514, 39.11171035951228 ], [ -94.55636260423681, 39.111946336014981 ], [ -94.5559662328466, 39.112166451718771 ], [ -94.555555615279744, 39.112370103150077 ], [ -94.555131877174048, 39.11255673196812 ], [ -94.554696180168207, 39.112725826496941 ], [ -94.554249718715525, 39.112876923129384 ], [ -94.55379371680749, 39.113009607599174 ], [ -94.553329424615868, 39.11312351611781 ], [ -94.552858115062733, 39.113218336372832 ], [ -94.552381080327976, 39.113293808384931 ], [ -94.551899628303488, 39.11334972522144 ], [ -94.551415079004414, 39.113385933564324 ], [ -94.550928760946675, 39.11340233413091 ], [ -94.550442007501317, 39.11339888194653 ], [ -94.549956153235257, 39.113375586467988 ], [ -94.549472530249005, 39.113332511557708 ], [ -94.54899246452085, 39.113269775308559 ], [ -94.548517272268057, 39.113187549719854 ], [ -94.548048256335079, 39.113086060225498 ], [ -94.547586702618219, 39.112965585075372 ], [ -94.547133876537359, 39.112826454571888 ], [ -94.546691019563724, 39.112669050163632 ], [ -94.546259345813866, 39.112493803398827 ], [ -94.545840038718751, 39.112301194741171 ], [ -94.545434247777422, 39.112091752251551 ], [ -94.545043085404018, 39.111866050139206 ], [ -94.544667623876862, 39.111624707186351 ], [ -94.544308892398035, 39.111368385050433 ], [ -94.543967874271388, 39.111097786448944 ], [ -94.543645504206935, 39.110813653231595 ], [ -94.5433426657588, 39.110516764345228 ], [ -94.543060188903894, 39.110207933697076 ], [ -94.542798847767969, 39.109888007922116 ], [ -94.542559358505045, 39.109557864060939 ], [ -94.542342377336411, 39.109218407154202 ], [ -94.542148498754088, 39.10887056776042 ], [ -94.541978253893973, 39.108515299403962 ], [ -94.541832109083117, 39.108153575960216 ], [ -94.541710464564758, 39.107786388984977 ], [ -94.541613653404937, 39.107414744995701 ], [ -94.5415419405835, 39.107039662711756 ], [ -94.541495522271788, 39.106662170261366 ], [ -94.541474525299321, 39.106283302363117 ] ] ] } },
{ "type": "Feature", "properties": { }, "geometry": { "type": "Polygon", "coordinates": [ [ [ -94.54944098444156, 38.980843605433776 ], [ -94.549445437732516, 38.980464393394989 ], [ -94.549475311780739, 38.980085882944728 ], [ -94.549530524298575, 38.979709111542789 ], [ -94.549610923553743, 38.979335111866035 ], [ -94.549716288789625, 38.978964908978199 ], [ -94.549846330834484, 38.97859951752077 ], [ -94.55000069289828, 38.978239938932532 ], [ -94.550178951554386, 38.977887158705478 ], [ -94.550380617903812, 38.977542143684708 ], [ -94.550605138918598, 38.977205839419383 ], [ -94.550851898960659, 38.976879167572307 ], [ -94.551120221471749, 38.976563023395109 ], [ -94.551409370830243, 38.976258273275803 ], [ -94.551718554369145, 38.975965752365695 ], [ -94.552046924550254, 38.975686262291923 ], [ -94.552393581288058, 38.975420568961802 ], [ -94.552757574417384, 38.97516940046534 ], [ -94.553137906297735, 38.974933445081319 ], [ -94.553533534547299, 38.974713349392381 ], [ -94.553943374899234, 38.974509716514625 ], [ -94.55436630417212, 38.974323104446015 ], [ -94.554801163346781, 38.974154024538663 ], [ -94.555246760740914, 38.974002940098664 ], [ -94.55570187527276, 38.973870265117725 ], [ -94.556165259805098, 38.973756363139699 ], [ -94.556635644560245, 38.97366154626534 ], [ -94.557111740596838, 38.973586074297899 ], [ -94.557592243338931, 38.973530154032005 ], [ -94.558075836147694, 38.973493938687525 ], [ -94.558561193925925, 38.973477527490203 ], [ -94.559046986745798, 38.973480965400164 ], [ -94.55953188348964, 38.973504242988838 ], [ -94.560014555493964, 38.973547296464922 ], [ -94.560493680186838, 38.973610007849089 ], [ -94.560967944708551, 38.973692205297041 ], [ -94.561436049505929, 38.973793663570085 ], [ -94.5618967118901, 38.973914104651868 ], [ -94.562348669548498, 38.974053198509495 ], [ -94.562790684001044, 38.974210563997303 ], [ -94.563221543991503, 38.97438576990033 ], [ -94.563640068804361, 38.974578336115108 ], [ -94.564045111498501, 38.974787734964139 ], [ -94.564435562048573, 38.97501339264084 ], [ -94.564810350385656, 38.97525469078078 ], [ -94.565168449328922, 38.975510968154829 ], [ -94.565508877399949, 38.975781522480048 ], [ -94.565830701512482, 38.976065612342794 ], [ -94.566133039529944, 38.976362459229122 ], [ -94.566415062683603, 38.976671249657024 ], [ -94.566675997845195, 38.976991137404397 ], [ -94.566915129647313, 38.977321245826786 ], [ -94.5671318024459, 38.977660670258658 ], [ -94.567325422119595, 38.978008480491489 ], [ -94.56749545770073, 38.978363723321955 ], [ -94.567641442833576, 38.978725425163312 ], [ -94.567762977055992, 38.979092594712753 ], [ -94.567859726900537, 38.979464225667321 ], [ -94.567931426812365, 38.979839299481348 ], [ -94.56797787988117, 38.980216788157378 ], [ -94.567998958385076, 38.980595657063283 ], [ -94.567994604145113, 38.980974867767642 ], [ -94.567964828689071, 38.981353380885864 ], [ -94.567909713224395, 38.981730158928904 ], [ -94.567829408420039, 38.982104169147128 ], [ -94.567724133997785, 38.982474386361325 ], [ -94.567594178134414, 38.982839795773039 ], [ -94.567439896675737, 38.983199395746787 ], [ -94.567261712165262, 38.983552200556225 ], [ -94.567060112689603, 38.983897243086972 ], [ -94.56683565054405, 38.984233577488432 ], [ -94.566588940721715, 38.984560281767642 ], [ -94.566320659230598, 38.984876460317651 ], [ -94.566031541242936, 38.98518124637382 ], [ -94.56572237908199, 38.985473804391106 ], [ -94.56539402005177, 38.985753332335868 ], [ -94.565047364115586, 38.986019063885827 ], [ -94.564683361429843, 38.986270270532209 ], [ -94.564303009739731, 38.986506263578306 ], [ -94.56390735164409, 38.986726396028814 ], [ -94.56349747173681, 38.986930064364884 ], [ -94.563074493632641, 38.987116710200027 ], [ -94.562639576885786, 38.987285821812229 ], [ -94.56219391380931, 38.987436935547983 ], [ -94.561738726204624, 38.987569637094637 ], [ -94.561275262009516, 38.987683562617271 ], [ -94.560804791874503, 38.987778399757183 ], [ -94.560328605676361, 38.987853888489084 ], [ -94.559848008978861, 38.987909821834641 ], [ -94.559364319450268, 38.987946046430736 ], [ -94.558878863247443, 38.9879624629502 ], [ -94.558392971376563, 38.987959026374646 ], [ -94.557907976040539, 38.987935746118012 ], [ -94.557425206983055, 38.987892686000826 ], [ -94.55694598783937, 38.987829964075175 ], [ -94.556471632504014, 38.987747752300884 ], [ -94.556003441525135, 38.987646276073527 ], [ -94.555542698535831, 38.987525813606261 ], [ -94.555090666731829, 38.987386695166236 ], [ -94.554648585405502, 38.987229302168451 ], [ -94.554217666545824, 38.987054066129289 ], [ -94.553799091513241, 38.986861467482392 ], [ -94.553394007799128, 38.986652034260544 ], [ -94.553003525878225, 38.986426340646972 ], [ -94.55262871616317, 38.986185005399868 ], [ -94.552270606069044, 38.985928690154829 ], [ -94.551930177196411, 38.985658097609758 ], [ -94.55160836264028, 38.985373969597092 ], [ -94.551306044432607, 38.985077085048687 ], [ -94.551024051125012, 38.984768257859209 ], [ -94.55076315551878, 38.984448334653528 ], [ -94.550524072547944, 38.984118192464599 ], [ -94.550307457321551, 38.983778736327885 ], [ -94.550113903330185, 38.983430896799312 ], [ -94.549943940821919, 38.98307562740311 ], [ -94.549798035351827, 38.982713902017146 ], [ -94.549676586509278, 38.982346712202173 ], [ -94.549579926826297, 38.981975064483144 ], [ -94.549508320869833, 38.981599977589454 ], [ -94.549461964520873, 38.981222479661824 ], [ -94.54944098444156, 38.980843605433776 ] ] ] } },
{ "type": "Feature", "properties": { }, "geometry": { "type": "Polygon", "coordinates": [ [ [ -94.523831262658263, 38.901081361027146 ], [ -94.523835861480805, 38.900702142313818 ], [ -94.52386585248685, 38.900323631356088 ], [ -94.523921153069821, 38.899946865615 ], [ -94.524001611257745, 38.899572877751773 ], [ -94.524107006134074, 38.899202692797708 ], [ -94.524237048447517, 38.89883732534512 ], [ -94.524391381408847, 38.898477776766988 ], [ -94.524569581672736, 38.898125032473239 ], [ -94.524771160501757, 38.897780059210525 ], [ -94.524995565109165, 38.897443802413783 ], [ -94.525242180177216, 38.897117183615954 ], [ -94.525510329546179, 38.896801097923522 ], [ -94.525799278070025, 38.89649641156452 ], [ -94.526108233633082, 38.896203959515873 ], [ -94.526436349322751, 38.895924543216339 ], [ -94.52678272575163, 38.895658928371461 ], [ -94.527146413523255, 38.895407842856578 ], [ -94.527526415834288, 38.895171974723496 ], [ -94.527921691206359, 38.894951970316185 ], [ -94.528331156339675, 38.894748432501032 ], [ -94.528753689080958, 38.89456191901597 ], [ -94.529188131497463, 38.894392940943334 ], [ -94.529633293048548, 38.894241961310676 ], [ -94.530087953846305, 38.894109393822838 ], [ -94.53055086799624, 38.893995601729529 ], [ -94.531020767008869, 38.893900896830743 ], [ -94.531496363273035, 38.893825538623261 ], [ -94.531976353581328, 38.893769733590247 ], [ -94.532459422698039, 38.893733634636071 ], [ -94.532944246959872, 38.893717340667791 ], [ -94.533429497899817, 38.893720896324446 ], [ -94.533913845883788, 38.893744291854965 ], [ -94.534395963750811, 38.893787463144925 ], [ -94.534874530446118, 38.893850291892228 ], [ -94.535348234637837, 38.893932605930928 ], [ -94.535815778306926, 38.894034179702807 ], [ -94.536275880300948, 38.894154734874874 ], [ -94.536727279841799, 38.894293941101445 ], [ -94.537168739977702, 38.894451416928717 ], [ -94.5375990509704, 38.894626730839107 ], [ -94.538017033607858, 38.894819402432873 ], [ -94.538421542433881, 38.895028903743416 ], [ -94.538811468885399, 38.895254660682966 ], [ -94.539185744329174, 38.895496054614675 ], [ -94.53954334298939, 38.895752424046471 ], [ -94.539883284758318, 38.896023066442645 ], [ -94.540204637882283, 38.896307240147706 ], [ -94.54050652151534, 38.896604166417447 ], [ -94.54078810813418, 38.896913031551797 ], [ -94.541048625807207, 38.897232989123374 ], [ -94.541287360311557, 38.897563162295874 ], [ -94.541503657092633, 38.897902646225766 ], [ -94.541696923060329, 38.89825051054094 ], [ -94.541866628217207, 38.898605801889424 ], [ -94.542012307114177, 38.898967546550956 ], [ -94.542133560129528, 38.899334753104959 ], [ -94.542230054567781, 38.899706415146632 ], [ -94.542301525575468, 38.900081514044714 ], [ -94.542347776871054, 38.900459021732672 ], [ -94.542368681287243, 38.900837903525918 ], [ -94.542364181123773, 38.901217120957497 ], [ -94.542334288309988, 38.901595634624137 ], [ -94.542279084376688, 38.901972407035103 ], [ -94.542198720236939, 38.902346405456129 ], [ -94.542093415776847, 38.902716604740228 ], [ -94.54196345925709, 38.903081990138084 ], [ -94.541809206526935, 38.90344156008009 ], [ -94.541631080052667, 38.903794328922281 ], [ -94.541429567763302, 38.904139329649006 ], [ -94.541205221716481, 38.904475616524458 ], [ -94.540958656588415, 38.904802267686151 ], [ -94.54069054799163, 38.905118387673014 ], [ -94.54040163062551, 38.905423109881248 ], [ -94.540092696264296, 38.905715598941178 ], [ -94.539764591588337, 38.90599505300856 ], [ -94.539418215864345, 38.90626070596403 ], [ -94.539054518481066, 38.906511829514699 ], [ -94.538674496347127, 38.906747735192056 ], [ -94.538279191158111, 38.906967776240776 ], [ -94.537869686540503, 38.907171349393025 ], [ -94.537447105080133, 38.907357896523706 ], [ -94.537012605243547, 38.907526906181836 ], [ -94.536567378200488, 38.907677914993862 ], [ -94.536112644556411, 38.907810508935192 ], [ -94.535649651003936, 38.9079243244663 ], [ -94.535179666902494, 38.908019049530417 ], [ -94.534703980795484, 38.908094424409825 ], [ -94.534223896874664, 38.90815024243868 ], [ -94.533740731401394, 38.908186350570233 ], [ -94.533255809094626, 38.908202649796891 ], [ -94.532770459495637, 38.908199095421985 ], [ -94.532286013319379, 38.908175697182564 ], [ -94.531803798802684, 38.908132519222704 ], [ -94.531325138059202, 38.908069679917617 ], [ -94.530851343451246, 38.907987351548876 ], [ -94.530383713988471, 38.907885759831736 ], [ -94.529923531763259, 38.907765183295794 ], [ -94.529472058432788, 38.907625952520789 ], [ -94.529030531757243, 38.907468449229484 ], [ -94.528600162203958, 38.90729310524037 ], [ -94.528182129626515, 38.90710040128274 ], [ -94.527777580028285, 38.906890865677788 ], [ -94.52738762241907, 38.906665072888998 ], [ -94.527013325773453, 38.906423641946006 ], [ -94.526655716099555, 38.90616723474637 ], [ -94.526315773625726, 38.905896554239604 ], [ -94.525994430113428, 38.905612342498756 ], [ -94.525692566303263, 38.90531537868474 ], [ -94.525411009501354, 38.905006476908966 ], [ -94.525150531312661, 38.904686484000301 ], [ -94.524911845527384, 38.904356277182195 ], [ -94.524695606166389, 38.904016761666796 ], [ -94.524502405690683, 38.903668868172268 ], [ -94.52433277338011, 38.903313550370292 ], [ -94.524187173885679, 38.902951782270947 ], [ -94.524066005959128, 38.902584555551627 ], [ -94.523969601363717, 38.902212876838036 ], [ -94.523898223968558, 38.901837764944119 ], [ -94.523852069029545, 38.901460248078784 ], [ -94.523831262658263, 38.901081361027146 ] ] ] } },
{ "type": "Feature", "properties": { }, "geometry": { "type": "Polygon", "coordinates": [ [ [ -94.552169573044281, 39.068174054071726 ], [ -94.552174001634143, 39.067794847598606 ], [ -94.552203882326253, 39.06741634147216 ], [ -94.55225913281302, 39.067039573140335 ], [ -94.552339601256392, 39.066665575271465 ], [ -94.552445066708344, 39.066295372924223 ], [ -94.552575239720881, 39.065929980738403 ], [ -94.552729763143404, 39.065570400154527 ], [ -94.552908213105567, 39.065217616669869 ], [ -94.553110100182693, 39.064872597138084 ], [ -94.553334870740613, 39.064536287120319 ], [ -94.553581908456195, 39.064209608294817 ], [ -94.553850536009193, 39.063893455931854 ], [ -94.554140016941105, 39.063588696441471 ], [ -94.554449557675568, 39.063296165000224 ], [ -94.554778309694882, 39.063016663263575 ], [ -94.555125371866765, 39.062750957170351 ], [ -94.555489792914742, 39.062499774845094 ], [ -94.555870574025562, 39.062263804603951 ], [ -94.556266671586428, 39.062043693069818 ], [ -94.556677000044658, 39.06184004340173 ], [ -94.557100434881647, 39.061653413643263 ], [ -94.55753581569337, 39.061484315194534 ], [ -94.557981949368752, 39.061333211412105 ], [ -94.558437613357299, 39.061200516340286 ], [ -94.558901559017031, 39.061086593577677 ], [ -94.559372515033658, 39.060991755281691 ], [ -94.559849190901588, 39.060916261314041 ], [ -94.560330280457165, 39.060860318529457 ], [ -94.560814465454797, 39.060824080209322 ], [ -94.561300419175879, 39.060807645642299 ], [ -94.561786810060909, 39.060811059852455 ], [ -94.562272305354711, 39.060834313476178 ], [ -94.562755574754988, 39.06087734278789 ], [ -94.563235294054095, 39.060940029874587 ], [ -94.563710148764301, 39.061022202958682 ], [ -94.564178837716341, 39.061123636868501 ], [ -94.564640076621785, 39.061244053654633 ], [ -94.565092601589299, 39.061383123351106 ], [ -94.565535172585228, 39.061540464878775 ], [ -94.565966576829055, 39.061715647088704 ], [ -94.566385632114617, 39.061908189942748 ], [ -94.566791190047695, 39.06211756582789 ], [ -94.567182139191473, 39.062343201000893 ], [ -94.567557408111014, 39.062584477159483 ], [ -94.56791596830864, 39.062840733135289 ], [ -94.568256837041858, 39.063111266704475 ], [ -94.568579080016676, 39.063395336510752 ], [ -94.568881813948238, 39.063692164095677 ], [ -94.569164208982357, 39.064000936030638 ], [ -94.569425490970971, 39.064320806144643 ], [ -94.569664943595313, 39.064650897842071 ], [ -94.569881910331162, 39.064990306503638 ], [ -94.57007579625045, 39.06533810196445 ], [ -94.570246069654601, 39.065693331062072 ], [ -94.570392263534785, 39.066055020247731 ], [ -94.570513976855253, 39.066422178253575 ], [ -94.570610875656143, 39.066793798808575 ], [ -94.57068269397277, 39.0671688633958 ], [ -94.570729234568589, 39.067546344043208 ], [ -94.570750369480095, 39.067925206140799 ], [ -94.570746040371958, 39.068304411275918 ], [ -94.570716258701339, 39.068682920079212 ], [ -94.570661105690917, 39.069059695073449 ], [ -94.570580732110813, 39.069433703517262 ], [ -94.570475357869682, 39.069803920236154 ], [ -94.570345271416187, 39.070169330432847 ], [ -94.570190828952605, 39.070528932469486 ], [ -94.57001245346224, 39.070881740613778 ], [ -94.569810633553871, 39.071226787741899 ], [ -94.569585922125711, 39.071563127990288 ], [ -94.569338934853107, 39.071889839349581 ], [ -94.569070348503615, 39.072206026192973 ], [ -94.568780899084274, 39.072510821732685 ], [ -94.568471379826249, 39.072803390397205 ], [ -94.568142639011867, 39.073082930123221 ], [ -94.567795577650699, 39.073348674555696 ], [ -94.567431147010339, 39.07359989515006 ], [ -94.567050346009125, 39.07383590317086 ], [ -94.566654218477751, 39.074056051581252 ], [ -94.566243850297312, 39.074259736818213 ], [ -94.565820366421576, 39.074446400448466 ], [ -94.56538492779184, 39.074615530700768 ], [ -94.564938728152683, 39.074766663870129 ], [ -94.564482990777293, 39.074899385590257 ], [ -94.564018965111686, 39.075013331970602 ], [ -94.563547923346718, 39.075108190594975 ], [ -94.563071156927478, 39.075183701378933 ], [ -94.562589973009679, 39.075239657283532 ], [ -94.562105690872812, 39.075275904883618 ], [ -94.561619638299717, 39.075292344788878 ], [ -94.561133147932964, 39.075288931916738 ], [ -94.56064755361767, 39.075265675616151 ], [ -94.560164186741034, 39.075222639642035 ], [ -94.559684372578658, 39.075159941980395 ], [ -94.559209426657631, 39.075077754524649 ], [ -94.558740651146536, 39.07497630260395 ], [ -94.558279331282165, 39.074855864365041 ], [ -94.557826731842837, 39.074716770008934 ], [ -94.557384093678166, 39.074559400884951 ], [ -94.556952630304565, 39.074384188444377 ], [ -94.556533524576039, 39.074191613056549 ], [ -94.556127925439455, 39.073982202690992 ], [ -94.555736944783106, 39.073756531468639 ], [ -94.555361654387141, 39.073515218086783 ], [ -94.555003082984584, 39.07325892412161 ], [ -94.554662213440636, 39.072988352213173 ], [ -94.554339980058202, 39.072704244137796 ], [ -94.554037266017062, 39.072407378773221 ], [ -94.553754900953422, 39.072098569961994 ], [ -94.553493658687046, 39.071778664279108 ], [ -94.553254255101464, 39.071448538709895 ], [ -94.553037346183629, 39.071109098244747 ], [ -94.552843526228102, 39.070761273397004 ], [ -94.552673326210794, 39.070406017651067 ], [ -94.552527212336472, 39.070044304847691 ], [ -94.552405584764358, 39.069677126513469 ], [ -94.552308776514778, 39.069305489142138 ], [ -94.552237052560358, 39.068930411434934 ], [ -94.552190609103789, 39.068552921507553 ], [ -94.552169573044281, 39.068174054071726 ] ] ] } },
{ "type": "Feature", "properties": { }, "geometry": { "type": "Polygon", "coordinates": [ [ [ -94.527624510816537, 39.105932197183144 ], [ -94.527629066625636, 39.105552991340538 ], [ -94.527659088059394, 39.105174490933706 ], [ -94.52771449242374, 39.104797733394655 ], [ -94.52779512745812, 39.104423751361892 ], [ -94.527900771757359, 39.104053569850379 ], [ -94.528031135382676, 39.103688203442559 ], [ -94.528185860660557, 39.103328653507987 ], [ -94.528364523167014, 39.102975905459616 ], [ -94.528566632894467, 39.102630926053649 ], [ -94.528791635598296, 39.102294660741016 ], [ -94.529038914318875, 39.10196803107705 ], [ -94.529307791075382, 39.101651932197036 ], [ -94.529597528726313, 39.101347230364127 ], [ -94.529907332991769, 39.101054760596575 ], [ -94.530236354631995, 39.100775324380521 ], [ -94.530583691775973, 39.100509687475018 ], [ -94.530948392393924, 39.100258577814742 ], [ -94.531329456906818, 39.100022683516464 ], [ -94.531725840925617, 39.099802650994775 ], [ -94.532136458113058, 39.099599083192032 ], [ -94.532560183159845, 39.0994125379273 ], [ -94.53299585486721, 39.099243526369051 ], [ -94.533442279327531, 39.099092511635604 ], [ -94.533898233194094, 39.098959907527238 ], [ -94.534362467031215, 39.098846077393205 ], [ -94.53483370873559, 39.098751333137095 ], [ -94.535310667019402, 39.098675934362966 ], [ -94.535792034945814, 39.098620087664727 ], [ -94.53627649350706, 39.098583946060558 ], [ -94.536762715235554, 39.098567608574186 ], [ -94.537249367838015, 39.098571119963772 ], [ -94.537735117842672, 39.098594470599593 ], [ -94.538218634249802, 39.098637596490384 ], [ -94.538698592175422, 39.098700379458691 ], [ -94.539173676478299, 39.098782647464404 ], [ -94.539642585360468, 39.098884175075945 ], [ -94.540104033931144, 39.09900468408739 ], [ -94.540556757724673, 39.099143844280263 ], [ -94.540999516162742, 39.099301274327686 ], [ -94.541431095951339, 39.099476542838403 ], [ -94.54185031440322, 39.099669169538032 ], [ -94.542256022677023, 39.099878626584022 ], [ -94.542647108923774, 39.100104340010972 ], [ -94.543022501332658, 39.100345691302387 ], [ -94.543381171067239, 39.100602019084178 ], [ -94.54372213508455, 39.100872620935981 ], [ -94.544044458828992, 39.10115675531452 ], [ -94.544347258793863, 39.101453643584577 ], [ -94.544629704943475, 39.101762472151343 ], [ -94.544891022988992, 39.102082394688772 ], [ -94.545130496512201, 39.102412534457606 ], [ -94.545347468930871, 39.10275198670692 ], [ -94.545541345300578, 39.103099821152355 ], [ -94.545711593948127, 39.103455084524654 ], [ -94.545857747931692, 39.103816803181047 ], [ -94.545979406324037, 39.104183985772892 ], [ -94.546076235315013, 39.104555625961673 ], [ -94.546147969130402, 39.104930705176486 ], [ -94.546194410764429, 39.105308195405122 ], [ -94.546215432524008, 39.105687062011114 ], [ -94.546210976383136, 39.106066266569243 ], [ -94.546181054146388, 39.106444769711523 ], [ -94.546125747421044, 39.106821533976024 ], [ -94.546045207397839, 39.107195526650507 ], [ -94.545939654441042, 39.107565722603418 ], [ -94.545809377488638, 39.107931107094117 ], [ -94.545654733264541, 39.108290678554908 ], [ -94.545476145304718, 39.108643451337009 ], [ -94.545274102799965, 39.108988458413215 ], [ -94.54504915925844, 39.109324754029466 ], [ -94.54480193099154, 39.109651416298369 ], [ -94.544533095427298, 39.109967549727443 ], [ -94.544243389255925, 39.110272287674988 ], [ -94.543933606412438, 39.110564794727118 ], [ -94.543604595901854, 39.110844268989119 ], [ -94.543257259473279, 39.111109944285161 ], [ -94.542892549148632, 39.111361092259962 ], [ -94.542511464613327, 39.111597024376906 ], [ -94.542115050475743, 39.11181709380709 ], [ -94.541704393403137, 39.112020697203789 ], [ -94.541280619141787, 39.112207276357957 ], [ -94.540844889429692, 39.112376319729805 ], [ -94.540398398809941, 39.11252736385245 ], [ -94.539942371354144, 39.112659994603675 ], [ -94.539478057304237, 39.112773848342279 ], [ -94.539006729642338, 39.112868612906041 ], [ -94.538529680598032, 39.112944028468441 ], [ -94.538048218102588, 39.112999888251629 ], [ -94.53756366219983, 39.113036039094048 ], [ -94.537077341423867, 39.11305238187078 ], [ -94.536590589153178, 39.11304887176567 ], [ -94.536104739951497, 39.113025518394387 ], [ -94.535621125905394, 39.112982385778174 ], [ -94.535141072968585, 39.112919592168154 ], [ -94.534665897323251, 39.11283730972103 ], [ -94.534196901768169, 39.11273576402661 ], [ -94.53373537214371, 39.112615233488931 ], [ -94.533282573803547, 39.112476048562343 ], [ -94.532839748142763, 39.112318590844666 ], [ -94.532408109191877, 39.112143292030332 ], [ -94.531988840286331, 39.111950632725758 ], [ -94.531583090820263, 39.111741141130715 ], [ -94.531191973093954, 39.111515391589109 ], [ -94.530816559263101, 39.11127400301315 ], [ -94.530457878398892, 39.111017637185363 ], [ -94.530116913666177, 39.110746996943043 ], [ -94.529794599628417, 39.110462824249986 ], [ -94.529491819685958, 39.110165898161256 ], [ -94.529209403655145, 39.109857032685994 ], [ -94.528948125494807, 39.109537074554623 ], [ -94.528708701186147, 39.109206900896353 ], [ -94.528491786772236, 39.108867416833455 ], [ -94.528297976561944, 39.108519552998793 ], [ -94.528127801503629, 39.108164262983649 ], [ -94.52798172773285, 39.107802520722707 ], [ -94.527860155298015, 39.107435317823196 ], [ -94.527763417067533, 39.107063660846151 ], [ -94.52769177782119, 39.106688568546382 ], [ -94.527645433528662, 39.106311069079496 ], [ -94.527624510816537, 39.105932197183144 ] ] ] } },
{ "type": "Feature", "properties": { }, "geometry": { "type": "Polygon", "coordinates": [ [ [ -94.523361186151149, 39.054901724501669 ], [ -94.52336577045952, 39.054522515227248 ], [ -94.523395802017745, 39.054144012691765 ], [ -94.523451198104979, 39.053767254333046 ], [ -94.523531806484456, 39.05339327279188 ], [ -94.523637405825014, 39.053023093081947 ], [ -94.523767706312114, 39.052657729780819 ], [ -94.523922350446199, 39.052298184249679 ], [ -94.524100914026576, 39.051945441889508 ], [ -94.524302907317619, 39.051600469441148 ], [ -94.524527776394606, 39.051264212336591 ], [ -94.524774904664838, 39.05093759210893 ], [ -94.525043614560417, 39.050621503867809 ], [ -94.525333169397683, 39.050316813847466 ], [ -94.525642775398225, 39.050024357034026 ], [ -94.525971583865939, 39.049744934878426 ], [ -94.526318693514312, 39.049479313101436 ], [ -94.526683152937181, 39.049228219596536 ], [ -94.527063963216534, 39.048992342436563 ], [ -94.527460080660035, 39.048772327989404 ], [ -94.527870419660829, 39.048568779148113 ], [ -94.528293855671748, 39.048382253680103 ], [ -94.528729228285769, 39.048213262699818 ], [ -94.52917534441454, 39.048062269269487 ], [ -94.529630981555769, 39.047929687131145 ], [ -94.530094891141204, 39.047815879574088 ], [ -94.530565801955476, 39.047721158440247 ], [ -94.531042423616867, 39.047645783270433 ], [ -94.531523450110242, 39.047589960594017 ], [ -94.532007563362725, 39.047553843363445 ], [ -94.532493436852221, 39.047537530535742 ], [ -94.532979739238897, 39.047541066801529 ], [ -94.533465138009859, 39.047564442462964 ], [ -94.53394830312709, 39.047607593460143 ], [ -94.534427910668398, 39.047670401546796 ], [ -94.534902646451968, 39.047752694613919 ], [ -94.535371209634079, 39.047854247161119 ], [ -94.535832316270572, 39.047974780914046 ], [ -94.536284702832162, 39.048113965586246 ], [ -94.536727129664044, 39.048271419783582 ], [ -94.537158384380348, 39.048446712048417 ], [ -94.537577285184184, 39.04863936204103 ], [ -94.537982684104264, 39.048848841854806 ], [ -94.538373470139092, 39.049074577461695 ], [ -94.538748572300264, 39.049315950284118 ], [ -94.539106962546668, 39.049572298888755 ], [ -94.53944765860119, 39.049842920797815 ], [ -94.539769726642646, 39.050127074412806 ], [ -94.540072283865271, 39.050423981045483 ], [ -94.540354500898815, 39.050732827050403 ], [ -94.540615604082745, 39.051052766053452 ], [ -94.540854877588103, 39.051382921269983 ], [ -94.541071665381352, 39.051722387906423 ], [ -94.541265373024686, 39.05207023563878 ], [ -94.541435469308013, 39.052425511161104 ], [ -94.541581487707873, 39.052787240797137 ], [ -94.541703027669428, 39.053154433167904 ], [ -94.541799755708041, 39.053526081907961 ], [ -94.54187140632709, 39.05390116842279 ], [ -94.541917782749806, 39.054278664680076 ], [ -94.541938757462859, 39.05465753602671 ], [ -94.541934272570217, 39.055036744024427 ], [ -94.54190433995629, 39.055415249295805 ], [ -94.541849041257848, 39.055792014373033 ], [ -94.541768527644649, 39.056166006541709 ], [ -94.541663019409569, 39.056536200671708 ], [ -94.541532805369016, 39.056901582027479 ], [ -94.541378242075368, 39.057261149050035 ], [ -94.541199752843653, 39.057613916102902 ], [ -94.540997826594889, 39.057958916174748 ], [ -94.540773016519296, 39.058295203530868 ], [ -94.540525938563121, 39.058621856306793 ], [ -94.540257269743023, 39.058937979036244 ], [ -94.539967746292604, 39.05924270510711 ], [ -94.539658161646443, 39.059535199138317 ], [ -94.539329364266635, 39.059814659271112 ], [ -94.538982255318246, 39.060080319368687 ], [ -94.538617786199751, 39.060331451117698 ], [ -94.538236955935389, 39.060567366026319 ], [ -94.537840808436442, 39.060787417313044 ], [ -94.537430429639087, 39.060991001681202 ], [ -94.537006944526496, 39.061177560974173 ], [ -94.536571514043658, 39.061346583706879 ], [ -94.53612533191297, 39.061497606469239 ], [ -94.53566962135983, 39.061630215197823 ], [ -94.535205631756796, 39.061744046312029 ], [ -94.534734635195974, 39.061838787711821 ], [ -94.534257922998492, 39.061914179634336 ], [ -94.53377680217146, 39.06197001536669 ], [ -94.533292591821223, 39.062006141813335 ], [ -94.532806619533787, 39.062022459916363 ], [ -94.532320217731368, 39.062018924927244 ], [ -94.531834720016121, 39.061995546529928 ], [ -94.531351457510098, 39.061952388814234 ], [ -94.530871755202512, 39.061889570100078 ], [ -94.530396928313451, 39.061807262612902 ], [ -94.529928278684793, 39.061705692011031 ], [ -94.529467091207863, 39.061585136766709 ], [ -94.52901463029761, 39.061445927401799 ], [ -94.528572136423449, 39.061288445580992 ], [ -94.528140822705751, 39.061113123064565 ], [ -94.527721871587858, 39.060920440523688 ], [ -94.527316431592297, 39.060710926221603 ], [ -94.526925614170622, 39.060485154564176 ], [ -94.526550490655083, 39.060243744524001 ], [ -94.526192089320773, 39.059987357942155 ], [ -94.525851392566281, 39.059716697712524 ], [ -94.525529334220451, 39.059432505853408 ], [ -94.525226796982849, 39.059135561472097 ], [ -94.524944610004752, 39.058826678627604 ], [ -94.524683546617382, 39.058506704097681 ], [ -94.524444322213697, 39.058176515056196 ], [ -94.524227592289279, 39.057837016667321 ], [ -94.524033950647848, 39.057489139602943 ], [ -94.523863927776432, 39.057133837490362 ], [ -94.523717989394171, 39.056772084297201 ], [ -94.523596535179152, 39.056404871660483 ], [ -94.523499897676629, 39.056033206167733 ], [ -94.523428341391252, 39.055658106596979 ], [ -94.523382062066261, 39.055280601123606 ], [ -94.523361186151149, 39.054901724501669 ] ] ] } },
{ "type": "Feature", "properties": { }, "geometry": { "type": "Polygon", "coordinates": [ [ [ -94.546805495521596, 39.099073708362127 ], [ -94.546809949279023, 39.098694503414883 ], [ -94.546839866244795, 39.098315999758782 ], [ -94.546895164011275, 39.097939234834904 ], [ -94.546975690610182, 39.097565241302185 ], [ -94.547081224933564, 39.097195044207254 ], [ -94.547211477344106, 39.096829658175473 ], [ -94.547366090473076, 39.09647008463034 ], [ -94.54754464020381, 39.096117309049646 ], [ -94.547746636837743, 39.09577229826526 ], [ -94.547971526440108, 39.095435997814221 ], [ -94.548218692361104, 39.095109329348325 ], [ -94.548487456928896, 39.094793188109314 ], [ -94.548777083309275, 39.094488440476567 ], [ -94.549086777527052, 39.094195921593915 ], [ -94.549415690643855, 39.093916433082256 ], [ -94.549762921085815, 39.093650740843991 ], [ -94.550127517115342, 39.093399572965495 ], [ -94.550508479439728, 39.093163617723143 ], [ -94.550904763949703, 39.092943521698579 ], [ -94.55131528458044, 39.09273988800819 ], [ -94.551738916286936, 39.092553274651593 ], [ -94.552174498125979, 39.09238419298385 ], [ -94.552620836435878, 39.092233106315391 ], [ -94.553076708105777, 39.092100428643533 ], [ -94.553540863924965, 39.091986523519097 ], [ -94.554012032003698, 39.091891703051111 ], [ -94.554488921255654, 39.091816227052369 ], [ -94.554970224933001, 39.091760302328318 ], [ -94.555454624203847, 39.091724082110844 ], [ -94.555940791762893, 39.091707665638992 ], [ -94.556427395465178, 39.09171109788727 ], [ -94.55691310197281, 39.091734369442705 ], [ -94.557396580405211, 39.091777416530569 ], [ -94.557876505982378, 39.091840121189271 ], [ -94.558351563651755, 39.091922311593166 ], [ -94.55882045168832, 39.092023762523198 ], [ -94.559281885258471, 39.092144195983451 ], [ -94.559734599937755, 39.092283281962388 ], [ -94.560177355172939, 39.092440639336381 ], [ -94.560608937678907, 39.092615836913239 ], [ -94.56102816476114, 39.09280839461286 ], [ -94.561433887554813, 39.093017784781701 ], [ -94.561824994171388, 39.093243433637575 ], [ -94.56220041274446, 39.093484722840863 ], [ -94.562559114366124, 39.09374099118763 ], [ -94.562900115906317, 39.094011536420304 ], [ -94.563222482706919, 39.094295617150813 ], [ -94.563525331143524, 39.094592454890943 ], [ -94.563807831047868, 39.094901236184363 ], [ -94.564069207984161, 39.095221114834636 ], [ -94.564308745373083, 39.095551214222851 ], [ -94.564525786457679, 39.095890629708762 ], [ -94.564719736105673, 39.096238431108908 ], [ -94.564890062443311, 39.096593665244654 ], [ -94.565036298316159, 39.096955358553487 ], [ -94.565158042572776, 39.097322519756332 ], [ -94.56525496116798, 39.097694142573438 ], [ -94.565326788082189, 39.098069208481675 ], [ -94.565373326054655, 39.098446689505415 ], [ -94.565394447128455, 39.098825551033613 ], [ -94.565390093005561, 39.099204754655126 ], [ -94.565360275211034, 39.099583261004703 ], [ -94.565305075065993, 39.09996003261179 ], [ -94.565224643469136, 39.100334036744187 ], [ -94.565119200487558, 39.100704248239118 ], [ -94.564989034757815, 39.101069652313519 ], [ -94.564834502698957, 39.101429247346182 ], [ -94.564656027539414, 39.101782047623885 ], [ -94.564454098160738, 39.102127086044177 ], [ -94.564229267760851, 39.102463416767243 ], [ -94.563982152340884, 39.102790117809612 ], [ -94.563713429019387, 39.103106293572608 ], [ -94.563423834178693, 39.103411077298645 ], [ -94.563114161448368, 39.103703633448404 ], [ -94.562785259531438, 39.103983159992708 ], [ -94.562438029879019, 39.104248890612475 ], [ -94.562073424220074, 39.104500096800784 ], [ -94.5616924419528, 39.104736089861518 ], [ -94.561296127404944, 39.104956222798712 ], [ -94.560885566970484, 39.105159892091564 ], [ -94.560461886130483, 39.105346539350371 ], [ -94.560026246366505, 39.105515652848645 ], [ -94.559579841974823, 39.105666768927186 ], [ -94.559123896790354, 39.105799473266487 ], [ -94.558659660829207, 39.105913402023532 ], [ -94.55818840685923, 39.106008242830399 ], [ -94.557711426907716, 39.106083735651417 ], [ -94.55723002871629, 39.106139673496848 ], [ -94.55674553215232, 39.106175902991041 ], [ -94.556259265587073, 39.106192324793334 ], [ -94.555772562250255, 39.106188893870787 ], [ -94.555286756571377, 39.106165619621891 ], [ -94.554803180517538, 39.106122565850825 ], [ -94.55432315993832, 39.106059850592445 ], [ -94.55384801092714, 39.105977645788514 ], [ -94.553379036209762, 39.105876176815869 ], [ -94.552917521569498, 39.105755721868086 ], [ -94.552464732319024, 39.105616611192147 ], [ -94.552021909828582, 39.105459226182248 ], [ -94.551590268120151, 39.105283998333363 ], [ -94.551170990536875, 39.105091408057262 ], [ -94.550765226496921, 39.104881983364429 ], [ -94.550374088340675, 39.104656298415264 ], [ -94.549998648280152, 39.104414971944848 ], [ -94.549639935458615, 39.104158665565436 ], [ -94.549298933128881, 39.10388808195129 ], [ -94.54897657595771, 39.103603962910974 ], [ -94.548673747464008, 39.103307087352462 ], [ -94.548391277597517, 39.102998269146397 ], [ -94.54812994046496, 39.102678354893669 ], [ -94.547890452209529, 39.102348221603243 ], [ -94.547673469049897, 39.102008774286809 ], [ -94.547479585483671, 39.101660943476574 ], [ -94.547309332660603, 39.101305682673384 ], [ -94.547163176929715, 39.10094396573195 ], [ -94.547041518564356, 39.100576784190238 ], [ -94.546944690668681, 39.100205144550849 ], [ -94.546872958268565, 39.099830065521225 ], [ -94.54682651758921, 39.099452575220759 ], [ -94.546805495521596, 39.099073708362127 ] ] ] } },
{ "type": "Feature", "properties": { }, "geometry": { "type": "Polygon", "coordinates": [ [ [ -94.584521616097078, 39.053686592162052 ], [ -94.584525873230874, 39.053307387140478 ], [ -94.584555577342073, 39.052928875504549 ], [ -94.584610646607274, 39.052552094717569 ], [ -94.584690929685323, 39.052178077482324 ], [ -94.584796206136389, 39.051807848910862 ], [ -94.584926187030604, 39.051442423715166 ], [ -94.585080515743911, 39.05108280342651 ], [ -94.585258768939596, 39.050729973651251 ], [ -94.585460457732196, 39.050384901370215 ], [ -94.585685029030827, 39.050048532289381 ], [ -94.585931867058235, 39.049721788249094 ], [ -94.586200295041266, 39.049405564698624 ], [ -94.586489577068036, 39.04910072824331 ], [ -94.586798920107, 39.048808114270777 ], [ -94.587127476181891, 39.048528524662913 ], [ -94.587474344696986, 39.048262725599464 ], [ -94.587838574906101, 39.048011445459863 ], [ -94.588219168518521, 39.047775372828411 ], [ -94.588615082434842, 39.047555154608709 ], [ -94.589025231605106, 39.047351394252154 ], [ -94.58944849200158, 39.047164650105678 ], [ -94.58988370369778, 39.046995433882884 ], [ -94.590329674045535, 39.046844209262986 ], [ -94.590785180941481, 39.046711390621404 ], [ -94.591248976173645, 39.046597341895264 ], [ -94.591719788839526, 39.046502375587046 ], [ -94.592196328825921, 39.046426751909159 ], [ -94.592677290341129, 39.046370678071582 ], [ -94.593161355490096, 39.046334307714716 ], [ -94.593647197882319, 39.046317740488796 ], [ -94.594133486263075, 39.046321021781282 ], [ -94.594618888157854, 39.046344142592559 ], [ -94.595102073520152, 39.046387039560805 ], [ -94.595581718372472, 39.046449595135442 ], [ -94.596056508431005, 39.046531637899086 ], [ -94.596525142703626, 39.046632943036926 ], [ -94.596986337051817, 39.04675323295227 ], [ -94.597438827706412, 39.046892178026553 ], [ -94.597881374727919, 39.047049397521995 ], [ -94.598312765401744, 39.047224460623873 ], [ -94.598731817559155, 39.047416887620287 ], [ -94.599137382814789, 39.047626151215539 ], [ -94.599528349712116, 39.047851677974023 ], [ -94.599903646767942, 39.048092849890409 ], [ -94.600262245407876, 39.048349006081942 ], [ -94.600603162784608, 39.048619444598152 ], [ -94.60092546447126, 39.048903424343244 ], [ -94.601228267022634, 39.04920016710556 ], [ -94.601510740397003, 39.049508859688942 ], [ -94.601772110232147, 39.049828656139958 ], [ -94.602011659969136, 39.050158680064889 ], [ -94.602228732818133, 39.050498027030294 ], [ -94.602422733560843, 39.050845767040492 ], [ -94.602593130184516, 39.051200947085171 ], [ -94.602739455343126, 39.051562593750148 ], [ -94.60286130764166, 39.051929715884334 ], [ -94.602958352739861, 39.052301307315211 ], [ -94.603030324272495, 39.052676349605903 ], [ -94.603077024583513, 39.05305381484574 ], [ -94.603098325272043, 39.053432668467217 ], [ -94.60309416754869, 39.05381187208117 ], [ -94.603064562401173, 39.054190386322702 ], [ -94.603009590568576, 39.054567173699979 ], [ -94.602929402324605, 39.054941201437991 ], [ -94.602824217070022, 39.055311444309659 ], [ -94.602694322735573, 39.055676887446296 ], [ -94.602540074996924, 39.05603652912005 ], [ -94.602361896303606, 39.056389383490284 ], [ -94.602160274724852, 39.056734483306698 ], [ -94.601935762615099, 39.057070882561639 ], [ -94.601688975103116, 39.057397659084153 ], [ -94.601420588408629, 39.057713917069108 ], [ -94.601131337991134, 39.058018789533882 ], [ -94.600822016535886, 39.058311440696308 ], [ -94.600493471782642, 39.058591068267063 ], [ -94.600146604203104, 39.058856905650465 ], [ -94.599782364533183, 39.059108224047229 ], [ -94.599401751167278, 39.059344334453897 ], [ -94.599005807421193, 39.05956458955302 ], [ -94.598595618671709, 39.059768385489107 ], [ -94.598172309380232, 39.059955163525444 ], [ -94.597737040008909, 39.060124411577107 ], [ -94.59729100383781, 39.060275665616167 ], [ -94.596835423691502, 39.06040851094486 ], [ -94.596371548584486, 39.060522583333707 ], [ -94.595900650294396, 39.060617570020916 ], [ -94.595424019872553, 39.060693210570875 ], [ -94.594942964101477, 39.060749297588679 ], [ -94.594458801908914, 39.060785677289587 ], [ -94.593972860748607, 39.06080224992094 ], [ -94.59348647295738, 39.060798970036096 ], [ -94.59300097209892, 39.060775846619194 ], [ -94.592517689304017, 39.060732943060657 ], [ -94.592037949617634, 39.060670376983239 ], [ -94.591563068362603, 39.060588319919383 ], [ -94.591094347530216, 39.060486996840609 ], [ -94.590633072207368, 39.060366685540167 ], [ -94.590180507050405, 39.060227715870887 ], [ -94.589737892815066, 39.060070468840081 ], [ -94.589306442952363, 39.059895375564082 ], [ -94.588887340279513, 39.059702916085442 ], [ -94.58848173373535, 39.059493618055711 ], [ -94.588090735228732, 39.059268055287781 ], [ -94.587715416589191, 39.059026846181489 ], [ -94.587356806627625, 39.058770652027079 ], [ -94.587015888315349, 39.058500175190908 ], [ -94.586693596089489, 39.05821615718866 ], [ -94.586390813291615, 39.057919376651107 ], [ -94.586108369746995, 39.057610647188312 ], [ -94.585847039491071, 39.057290815157764 ], [ -94.5856075386491, 39.056960757342978 ], [ -94.58539052347524, 39.056621378548705 ], [ -94.58519658855586, 39.056273609119351 ], [ -94.585026265182563, 39.055918402387569 ], [ -94.58488001989879, 39.055556732059884 ], [ -94.584758253224464, 39.0551895895467 ], [ -94.584661298561713, 39.054817981243744 ], [ -94.584589421284946, 39.054442925772825 ], [ -94.584542818017525, 39.054065451188954 ], [ -94.584521616097078, 39.053686592162052 ] ] ] } },
{ "type": "Feature", "properties": { }, "geometry": { "type": "Polygon", "coordinates": [ [ [ -94.596490575828909, 38.985587359555986 ], [ -94.596494777387335, 38.98520815124953 ], [ -94.59652440152, 38.984829634231986 ], [ -94.596579366624113, 38.984452845981565 ], [ -94.596659521645265, 38.984078819221722 ], [ -94.596764646495942, 38.983708579090802 ], [ -94.596894452662909, 38.983343140332728 ], [ -94.597048584002167, 38.98298350451627 ], [ -94.597226617718988, 38.982630657290642 ], [ -94.597428065530366, 38.982285565684819 ], [ -94.597652375006732, 38.981949175458155 ], [ -94.597898931089119, 38.981622408509288 ], [ -94.598167057777658, 38.981306160350663 ], [ -94.598456019986713, 38.981001297655475 ], [ -94.598765025561562, 38.980708655883703 ], [ -94.599093227451007, 38.980429036993748 ], [ -94.59943972603007, 38.980163207246086 ], [ -94.599803571566341, 38.979911895104586 ], [ -94.600183766823136, 38.979675789241661 ], [ -94.600579269792448, 38.979455536652317 ], [ -94.6009889965501, 38.979251740882503 ], [ -94.601411824225409, 38.97906496037654 ], [ -94.60184659407706, 38.97889570694791 ], [ -94.602292114667051, 38.978744444378094 ], [ -94.602747165123645, 38.978611587146723 ], [ -94.603210498484842, 38.978497499296857 ], [ -94.603680845112834, 38.978402493438359 ], [ -94.604156916170481, 38.97832682989214 ], [ -94.604637407150122, 38.978270715977509 ], [ -94.605121001444971, 38.978234305444694 ], [ -94.605606373953734, 38.978217698054074 ], [ -94.606092194708239, 38.978220939303064 ], [ -94.606577132514303, 38.978244020301759 ], [ -94.607059858596116, 38.978286877797252 ], [ -94.607539050233711, 38.978349394346992 ], [ -94.608013394384287, 38.978431398640353 ], [ -94.608481591276728, 38.978532665967684 ], [ -94.60894235797025, 38.97865291883565 ], [ -94.609394431866846, 38.97879182772693 ], [ -94.60983657416844, 38.978949012002545 ], [ -94.61026757326897, 38.979124040943979 ], [ -94.610686248072312, 38.979316434932578 ], [ -94.611091451226883, 38.97952566676274 ], [ -94.611482072268288, 38.979751163085503 ], [ -94.611857040661036, 38.979992305978605 ], [ -94.612215328731466, 38.980248434638419 ], [ -94.612555954483582, 38.980518847189551 ], [ -94.612877984290023, 38.980802802606981 ], [ -94.613180535451093, 38.981099522745389 ], [ -94.613462778614632, 38.981408194470255 ], [ -94.613723940050008, 38.981727971884993 ], [ -94.613963303770205, 38.982057978647767 ], [ -94.614180213496127, 38.982397310371908 ], [ -94.61437407445753, 38.982745037103236 ], [ -94.614544355025885, 38.983100205867665 ], [ -94.614690588174426, 38.983461843281745 ], [ -94.614812372761548, 38.983828958219604 ], [ -94.614909374633854, 38.984200544528356 ], [ -94.614981327545934, 38.984575583785094 ], [ -94.615028033894163, 38.98495304808749 ], [ -94.615049365262507, 38.985331902870598 ], [ -94.615045262778878, 38.985711109742176 ], [ -94.615015737280942, 38.986089629328504 ], [ -94.61496086929084, 38.986466424123236 ], [ -94.614880808798944, 38.986840461331219 ], [ -94.614775774857137, 38.987210715699646 ], [ -94.614646054982586, 38.987576172328566 ], [ -94.614492004373872, 38.98793582945347 ], [ -94.614314044941224, 38.988288701191642 ], [ -94.61411266415378, 38.988633820245575 ], [ -94.613888413706775, 38.988970240555147 ], [ -94.613641908012454, 38.989297039892165 ], [ -94.613373822518582, 38.989613322389296 ], [ -94.613084891859501, 38.989918220997154 ], [ -94.612775907844252, 38.990210899862291 ], [ -94.612447717287822, 38.990490556619868 ], [ -94.612101219690999, 38.990756424594572 ], [ -94.611737364775465, 38.9910077749037 ], [ -94.611357149880632, 38.991243918456632 ], [ -94.610961617229705, 38.991464207845453 ], [ -94.610551851072032, 38.991668039121016 ], [ -94.610128974709994, 38.991854853450029 ], [ -94.609694147418267, 38.992024138648389 ], [ -94.609248561264252, 38.992175430586563 ], [ -94.608793437837974, 38.992308314463145 ], [ -94.608330024900937, 38.992422425943154 ], [ -94.607859592962782, 38.992517452157806 ], [ -94.607383431795299, 38.992593132563215 ], [ -94.606902846893448, 38.992649259655316 ], [ -94.60641915589305, 38.992685679539505 ], [ -94.605933684954891, 38.99270229235298 ], [ -94.605447765125589, 38.992699052538867 ], [ -94.604962728684768, 38.992675968971405 ], [ -94.604479905488972, 38.992633104931599 ], [ -94.604000619322093, 38.992570577933698 ], [ -94.603526184262662, 38.992488559402851 ], [ -94.603057901077804, 38.992387274204646 ], [ -94.602597053653739, 38.992267000028235 ], [ -94.602144905472969, 38.99212806662441 ], [ -94.601702696147441, 38.991970854900693 ], [ -94.601271638017536, 38.991795795876342 ], [ -94.600852912826142, 38.9916033694996 ], [ -94.600447668476875, 38.99139410333094 ], [ -94.600057015885511, 38.991168571095486 ], [ -94.599682025933177, 38.990927391109025 ], [ -94.599323726529747, 38.990671224581583 ], [ -94.59898309979539, 38.990400773803401 ], [ -94.598661079368227, 38.990116780218365 ], [ -94.59835854784518, 38.989820022389942 ], [ -94.598076334363256, 38.989511313865599 ], [ -94.597815212327916, 38.989191500945097 ], [ -94.597575897294476, 38.988861460359303 ], [ -94.597359045008616, 38.988522096865431 ], [ -94.597165249611223, 38.988174340765738 ], [ -94.596995042012537, 38.987819145356092 ], [ -94.596848888439851, 38.987457484311875 ], [ -94.596727189162905, 38.987090349017855 ], [ -94.596630277400422, 38.986718745849927 ], [ -94.596558418410538, 38.986343693415719 ], [ -94.596511808767872, 38.985966219761956 ], [ -94.596490575828909, 38.985587359555986 ] ] ] } },
{ "type": "Feature", "properties": { }, "geometry": { "type": "Polygon", "coordinates": [ [ [ -94.594392082455983, 39.050467369466077 ], [ -94.594396287165566, 39.050088164985759 ], [ -94.594425937719492, 39.049709651758981 ], [ -94.594480952441245, 39.049332867253518 ], [ -94.594561180139166, 39.048958844182451 ], [ -94.594666400525256, 39.048588607673885 ], [ -94.594796324823278, 39.048223172461661 ], [ -94.594950596564331, 39.047863540104593 ], [ -94.595128792567763, 39.047510696242199 ], [ -94.595330424104844, 39.047165607893973 ], [ -94.595554938241548, 39.046829220810032 ], [ -94.59580171935724, 39.046502456880127 ], [ -94.596070090834587, 39.046186211608067 ], [ -94.596359316916534, 39.045881351658807 ], [ -94.596668604724698, 39.045588712484445 ], [ -94.596997106434088, 39.045309096035929 ], [ -94.597343921597812, 39.045043268566602 ], [ -94.597708099615801, 39.044791958533793 ], [ -94.598088642340215, 39.044555854603765 ], [ -94.598484506810934, 39.044335603765866 ], [ -94.598894608113426, 39.044131809560909 ], [ -94.599317822350926, 39.043945030428581 ], [ -94.599752989723314, 39.043775778178308 ], [ -94.600198917703779, 39.043624516588103 ], [ -94.600654384304875, 39.043491660134599 ], [ -94.601118141424976, 39.043377572858539 ], [ -94.601588918265861, 39.04328256736801 ], [ -94.602065424812352, 39.043206903982714 ], [ -94.602546355364382, 39.043150790021457 ], [ -94.603030392111563, 39.043114379234467 ], [ -94.603516208741169, 39.043097771382783 ], [ -94.604002474069034, 39.043101011965071 ], [ -94.604487855683757, 39.043124092093258 ], [ -94.604971023594359, 39.043166948516898 ], [ -94.605450653871145, 39.043229463796514 ], [ -94.605925432270269, 39.043311466625035 ], [ -94.606394057831551, 39.043412732297035 ], [ -94.606855246440361, 39.043532983323907 ], [ -94.607307734343308, 39.043671890193615 ], [ -94.607750281608531, 39.043829072272985 ], [ -94.608181675520797, 39.044004098849804 ], [ -94.608600733902605, 39.044196490312196 ], [ -94.609006308351624, 39.044405719461814 ], [ -94.609397287386273, 39.044631212957427 ], [ -94.609772599490185, 39.044872352884823 ], [ -94.610131216047876, 39.045128478448888 ], [ -94.610472154163062, 39.04539888778308 ], [ -94.610794479352194, 39.04568283987156 ], [ -94.611097308105812, 39.045979556578487 ], [ -94.611379810310524, 39.04628822477909 ], [ -94.611641211525281, 39.046607998586794 ], [ -94.611880795105293, 39.046938001669972 ], [ -94.612097904168138, 39.047277329652324 ], [ -94.612291943396428, 39.047625052590234 ], [ -94.612462380672071, 39.047980217520262 ], [ -94.612608748537795, 39.048341851069679 ], [ -94.612730645481662, 39.048708962123392 ], [ -94.612827737041172, 39.049080544539358 ], [ -94.612899756723877, 39.049455579905434 ], [ -94.612946506741849, 39.049833040330043 ], [ -94.612967858558079, 39.05021189125894 ], [ -94.612963753243122, 39.050591094310462 ], [ -94.612934201641096, 39.050969610121314 ], [ -94.612879284344388, 39.051346401195438 ], [ -94.612799151477248, 39.051720434747807 ], [ -94.612694022288679, 39.052090685535454 ], [ -94.612564184555723, 39.052456138668134 ], [ -94.612409993798892, 39.052815792390646 ], [ -94.612231872311526, 39.0531686608294 ], [ -94.61203030800597, 39.053513776695659 ], [ -94.611805853079602, 39.053850193937791 ], [ -94.611559122504389, 39.054176990335655 ], [ -94.611290792343908, 39.054493270029674 ], [ -94.611001597902529, 39.054798165977751 ], [ -94.610692331712002, 39.055090842333449 ], [ -94.610363841360453, 39.055370496738419 ], [ -94.610017027170301, 39.055636362523401 ], [ -94.609652839731012, 39.055887710811362 ], [ -94.609272277293627, 39.056123852516855 ], [ -94.6088763830342, 39.056344140236675 ], [ -94.608466242193714, 39.05654797002591 ], [ -94.608042979102038, 39.056734783055013 ], [ -94.607607754094602, 39.056904067143151 ], [ -94.60716176032966, 39.057055358163531 ], [ -94.606706220515406, 39.057188241317064 ], [ -94.606242383555639, 39.057302352270469 ], [ -94.605771521123273, 39.057397378156239 ], [ -94.605294924171247, 39.057473058431221 ], [ -94.604813899390166, 39.057529185591591 ], [ -94.604329765622779, 39.057565605742447 ], [ -94.603843850244786, 39.057582219020219 ], [ -94.603357485522281, 39.057578979866769 ], [ -94.602872004955643, 39.057555897154501 ], [ -94.602388739620011, 39.05751303416217 ], [ -94.60190901451243, 39.05745050840126 ], [ -94.6014341449158, 39.057368491293644 ], [ -94.600965432789437, 39.057267207701209 ], [ -94.600504163196419, 39.057146935308893 ], [ -94.600051600777377, 39.057008003862819 ], [ -94.599608986280657, 39.056850794265408 ], [ -94.599177533158027, 39.056675737530405 ], [ -94.598758424235754, 39.056483313600054 ], [ -94.598352808469869, 39.05627405002847 ], [ -94.597961797794653, 39.05604852053402 ], [ -94.597586464073117, 39.055807343425286 ], [ -94.5972278361576, 39.055551179904789 ], [ -94.596886897068828, 39.055280732254921 ], [ -94.59656458130101, 39.054996741911282 ], [ -94.596261772260391, 39.054699987428918 ], [ -94.595979299844345, 39.054391282346394 ], [ -94.595717938167624, 39.054071472954412 ], [ -94.595478403441774, 39.053741435974473 ], [ -94.595261352013978, 39.053402076154235 ], [ -94.595067378570164, 39.053054323786142 ], [ -94.594897014507666, 39.052699132156107 ], [ -94.594750726481621, 39.052337474929352 ], [ -94.594628915129235, 39.051970343480399 ], [ -94.59453191397526, 39.05159874417474 ], [ -94.594459988521621, 39.051223695609572 ], [ -94.594413335523839, 39.050846225821068 ], [ -94.594392082455983, 39.050467369466077 ] ] ] } },
{ "type": "Feature", "properties": { }, "geometry": { "type": "Polygon", "coordinates": [ [ [ -94.576201445107003, 39.05470593229569 ], [ -94.576205746644732, 39.0543267267226 ], [ -94.576235495505571, 39.053948216345297 ], [ -94.576290609743438, 39.053571438623592 ], [ -94.576370937893927, 39.053197426251778 ], [ -94.576476259393715, 39.05282720432848 ], [ -94.576606285189442, 39.052461787547408 ], [ -94.576760658534056, 39.052102177416707 ], [ -94.576938955968586, 39.051749359514858 ], [ -94.577140688486352, 39.051404300790026 ], [ -94.577365302876743, 39.051067946911033 ], [ -94.577612183244455, 39.050741219676475 ], [ -94.577880652700415, 39.05042501448952 ], [ -94.578169975219168, 39.050120197905152 ], [ -94.578479357658281, 39.049827605256539 ], [ -94.578807951933626, 39.049548038367014 ], [ -94.579154857344932, 39.049282263354108 ], [ -94.579519123044989, 39.049031008531301 ], [ -94.57989975064595, 39.048794962413538 ], [ -94.580295696955375, 39.048574771831717 ], [ -94.580705876834656, 39.048371040161541 ], [ -94.581129166172019, 39.048184325671293 ], [ -94.581564404961767, 39.048015139993332 ], [ -94.582010400481607, 39.047863946723226 ], [ -94.582465930559266, 39.047731160150484 ], [ -94.582929746919348, 39.047617144124374 ], [ -94.583400578601555, 39.047522211057839 ], [ -94.583877135440588, 39.047446621072183 ], [ -94.584358111598689, 39.047390581285171 ], [ -94.584842189140701, 39.047354245243874 ], [ -94.5853280416422, 39.0473377125046 ], [ -94.585814337820793, 39.047341028360307 ], [ -94.586299745180625, 39.047364183716752 ], [ -94.586782933660174, 39.047407115117466 ], [ -94.587262579273457, 39.047469704917603 ], [ -94.587737367734519, 39.047551781606039 ], [ -94.588205998055585, 39.047653120275015 ], [ -94.588667186108921, 39.047773443236011 ], [ -94.589119668142558, 39.047912420779987 ], [ -94.589562204240565, 39.048069672080153 ], [ -94.589993581718176, 39.048244766234717 ], [ -94.590412618442755, 39.048437223446683 ], [ -94.590818166071159, 39.048646516337584 ], [ -94.591209113195021, 39.048872071391578 ], [ -94.591584388385257, 39.049113270525794 ], [ -94.591942963127252, 39.049369452782877 ], [ -94.592283854639092, 39.049639916140947 ], [ -94.592606128564654, 39.049923919436083 ], [ -94.592908901534685, 39.05022068439213 ], [ -94.593191343588458, 39.050529397752065 ], [ -94.593452680449403, 39.050849213505479 ], [ -94.59369219564887, 39.051179255205724 ], [ -94.593909232491569, 39.051518618370629 ], [ -94.594103195857784, 39.051866372960049 ], [ -94.594273553837056, 39.052221565923695 ], [ -94.594419839189243, 39.052583223811894 ], [ -94.594541650628287, 39.052950355442754 ], [ -94.59463865392587, 39.053321954617665 ], [ -94.594710582831254, 39.05369700287843 ], [ -94.594757239805162, 39.054074472298005 ], [ -94.594778496565453, 39.054453328297299 ], [ -94.594774294443141, 39.054832532480596 ], [ -94.594744644547561, 39.055211045481364 ], [ -94.594689627740479, 39.055587829811095 ], [ -94.594609394418868, 39.055961852703035 ], [ -94.594504164107065, 39.05633208894335 ], [ -94.594374224859379, 39.056697523681414 ], [ -94.594219932474587, 39.057057155212391 ], [ -94.594041709524674, 39.057409997723319 ], [ -94.593840044200235, 39.057755083996412 ], [ -94.593615488975701, 39.058091468061029 ], [ -94.593368659098147, 39.058418227787833 ], [ -94.593100230903474, 39.058734467417679 ], [ -94.592810939965048, 39.059039320018194 ], [ -94.592501579079311, 39.059331949861694 ], [ -94.592172996094249, 39.059611554717208 ], [ -94.591826091586441, 39.059877368051332 ], [ -94.591461816393192, 39.06012866113069 ], [ -94.591081169006344, 39.060364745021225 ], [ -94.590685192835153, 39.060584972478146 ], [ -94.590274973345345, 39.060788739721801 ], [ -94.589851635082724, 39.060975488094073 ], [ -94.589416338589018, 39.061144705591445 ], [ -94.588970277218692, 39.061295928269715 ], [ -94.588514673865532, 39.061428741517183 ], [ -94.58805077760772, 39.061542781192301 ], [ -94.587579860280997, 39.061637734623048 ], [ -94.587103212988936, 39.061713341464959 ], [ -94.58662214256033, 39.06176939441567 ], [ -94.586137967963211, 39.0618057397838 ], [ -94.585652016685344, 39.06182227791092 ], [ -94.585165621091321, 39.061818963445013 ], [ -94.584680114766229, 39.061795805465096 ], [ -94.58419682885588, 39.061752867456356 ], [ -94.583717088413721, 39.061690267136086 ], [ -94.583242208764659, 39.061608176130662 ], [ -94.582773491895566, 39.061506819504672 ], [ -94.582312222882393, 39.061386475143387 ], [ -94.581859666364167, 39.061247472990352 ], [ -94.581417063072834, 39.061090194141904 ], [ -94.580985626429353, 39.060915069801737 ], [ -94.580566539214601, 39.060722580097504 ], [ -94.580160950324938, 39.060513252763712 ], [ -94.579769971620749, 39.060287661693543 ], [ -94.579394674877136, 39.06004642536449 ], [ -94.579036088844845, 39.059790205141397 ], [ -94.578695196429535, 39.059519703462115 ], [ -94.578372931997166, 39.0592356619104 ], [ -94.578070178813007, 39.058938859181616 ], [ -94.577787766621029, 39.058630108946566 ], [ -94.577526469370596, 39.058310257619716 ], [ -94.577287003096387, 39.057980182037419 ], [ -94.577070023957674, 39.057640787053096 ], [ -94.576876126441945, 39.057293003055513 ], [ -94.576705841738161, 39.056937783417148 ], [ -94.57655963628369, 39.056576101879934 ], [ -94.576437910489176, 39.056208949884883 ], [ -94.576340997644607, 39.055837333853702 ], [ -94.576269163009712, 39.055462272429246 ], [ -94.576222603090912, 39.055084793682823 ], [ -94.576201445107003, 39.05470593229569 ] ] ] } },
{ "type": "Feature", "properties": { }, "geometry": { "type": "Polygon", "coordinates": [ [ [ -94.576201445107003, 39.05470593229569 ], [ -94.576205746644732, 39.0543267267226 ], [ -94.576235495505571, 39.053948216345297 ], [ -94.576290609743438, 39.053571438623592 ], [ -94.576370937893927, 39.053197426251778 ], [ -94.576476259393715, 39.05282720432848 ], [ -94.576606285189442, 39.052461787547408 ], [ -94.576760658534056, 39.052102177416707 ], [ -94.576938955968586, 39.051749359514858 ], [ -94.577140688486352, 39.051404300790026 ], [ -94.577365302876743, 39.051067946911033 ], [ -94.577612183244455, 39.050741219676475 ], [ -94.577880652700415, 39.05042501448952 ], [ -94.578169975219168, 39.050120197905152 ], [ -94.578479357658281, 39.049827605256539 ], [ -94.578807951933626, 39.049548038367014 ], [ -94.579154857344932, 39.049282263354108 ], [ -94.579519123044989, 39.049031008531301 ], [ -94.57989975064595, 39.048794962413538 ], [ -94.580295696955375, 39.048574771831717 ], [ -94.580705876834656, 39.048371040161541 ], [ -94.581129166172019, 39.048184325671293 ], [ -94.581564404961767, 39.048015139993332 ], [ -94.582010400481607, 39.047863946723226 ], [ -94.582465930559266, 39.047731160150484 ], [ -94.582929746919348, 39.047617144124374 ], [ -94.583400578601555, 39.047522211057839 ], [ -94.583877135440588, 39.047446621072183 ], [ -94.584358111598689, 39.047390581285171 ], [ -94.584842189140701, 39.047354245243874 ], [ -94.5853280416422, 39.0473377125046 ], [ -94.585814337820793, 39.047341028360307 ], [ -94.586299745180625, 39.047364183716752 ], [ -94.586782933660174, 39.047407115117466 ], [ -94.587262579273457, 39.047469704917603 ], [ -94.587737367734519, 39.047551781606039 ], [ -94.588205998055585, 39.047653120275015 ], [ -94.588667186108921, 39.047773443236011 ], [ -94.589119668142558, 39.047912420779987 ], [ -94.589562204240565, 39.048069672080153 ], [ -94.589993581718176, 39.048244766234717 ], [ -94.590412618442755, 39.048437223446683 ], [ -94.590818166071159, 39.048646516337584 ], [ -94.591209113195021, 39.048872071391578 ], [ -94.591584388385257, 39.049113270525794 ], [ -94.591942963127252, 39.049369452782877 ], [ -94.592283854639092, 39.049639916140947 ], [ -94.592606128564654, 39.049923919436083 ], [ -94.592908901534685, 39.05022068439213 ], [ -94.593191343588458, 39.050529397752065 ], [ -94.593452680449403, 39.050849213505479 ], [ -94.59369219564887, 39.051179255205724 ], [ -94.593909232491569, 39.051518618370629 ], [ -94.594103195857784, 39.051866372960049 ], [ -94.594273553837056, 39.052221565923695 ], [ -94.594419839189243, 39.052583223811894 ], [ -94.594541650628287, 39.052950355442754 ], [ -94.59463865392587, 39.053321954617665 ], [ -94.594710582831254, 39.05369700287843 ], [ -94.594757239805162, 39.054074472298005 ], [ -94.594778496565453, 39.054453328297299 ], [ -94.594774294443141, 39.054832532480596 ], [ -94.594744644547561, 39.055211045481364 ], [ -94.594689627740479, 39.055587829811095 ], [ -94.594609394418868, 39.055961852703035 ], [ -94.594504164107065, 39.05633208894335 ], [ -94.594374224859379, 39.056697523681414 ], [ -94.594219932474587, 39.057057155212391 ], [ -94.594041709524674, 39.057409997723319 ], [ -94.593840044200235, 39.057755083996412 ], [ -94.593615488975701, 39.058091468061029 ], [ -94.593368659098147, 39.058418227787833 ], [ -94.593100230903474, 39.058734467417679 ], [ -94.592810939965048, 39.059039320018194 ], [ -94.592501579079311, 39.059331949861694 ], [ -94.592172996094249, 39.059611554717208 ], [ -94.591826091586441, 39.059877368051332 ], [ -94.591461816393192, 39.06012866113069 ], [ -94.591081169006344, 39.060364745021225 ], [ -94.590685192835153, 39.060584972478146 ], [ -94.590274973345345, 39.060788739721801 ], [ -94.589851635082724, 39.060975488094073 ], [ -94.589416338589018, 39.061144705591445 ], [ -94.588970277218692, 39.061295928269715 ], [ -94.588514673865532, 39.061428741517183 ], [ -94.58805077760772, 39.061542781192301 ], [ -94.587579860280997, 39.061637734623048 ], [ -94.587103212988936, 39.061713341464959 ], [ -94.58662214256033, 39.06176939441567 ], [ -94.586137967963211, 39.0618057397838 ], [ -94.585652016685344, 39.06182227791092 ], [ -94.585165621091321, 39.061818963445013 ], [ -94.584680114766229, 39.061795805465096 ], [ -94.58419682885588, 39.061752867456356 ], [ -94.583717088413721, 39.061690267136086 ], [ -94.583242208764659, 39.061608176130662 ], [ -94.582773491895566, 39.061506819504672 ], [ -94.582312222882393, 39.061386475143387 ], [ -94.581859666364167, 39.061247472990352 ], [ -94.581417063072834, 39.061090194141904 ], [ -94.580985626429353, 39.060915069801737 ], [ -94.580566539214601, 39.060722580097504 ], [ -94.580160950324938, 39.060513252763712 ], [ -94.579769971620749, 39.060287661693543 ], [ -94.579394674877136, 39.06004642536449 ], [ -94.579036088844845, 39.059790205141397 ], [ -94.578695196429535, 39.059519703462115 ], [ -94.578372931997166, 39.0592356619104 ], [ -94.578070178813007, 39.058938859181616 ], [ -94.577787766621029, 39.058630108946566 ], [ -94.577526469370596, 39.058310257619716 ], [ -94.577287003096387, 39.057980182037419 ], [ -94.577070023957674, 39.057640787053096 ], [ -94.576876126441945, 39.057293003055513 ], [ -94.576705841738161, 39.056937783417148 ], [ -94.57655963628369, 39.056576101879934 ], [ -94.576437910489176, 39.056208949884883 ], [ -94.576340997644607, 39.055837333853702 ], [ -94.576269163009712, 39.055462272429246 ], [ -94.576222603090912, 39.055084793682823 ], [ -94.576201445107003, 39.05470593229569 ] ] ] } },
{ "type": "Feature", "properties": { }, "geometry": { "type": "Polygon", "coordinates": [ [ [ -94.576201445107003, 39.05470593229569 ], [ -94.576205746644732, 39.0543267267226 ], [ -94.576235495505571, 39.053948216345297 ], [ -94.576290609743438, 39.053571438623592 ], [ -94.576370937893927, 39.053197426251778 ], [ -94.576476259393715, 39.05282720432848 ], [ -94.576606285189442, 39.052461787547408 ], [ -94.576760658534056, 39.052102177416707 ], [ -94.576938955968586, 39.051749359514858 ], [ -94.577140688486352, 39.051404300790026 ], [ -94.577365302876743, 39.051067946911033 ], [ -94.577612183244455, 39.050741219676475 ], [ -94.577880652700415, 39.05042501448952 ], [ -94.578169975219168, 39.050120197905152 ], [ -94.578479357658281, 39.049827605256539 ], [ -94.578807951933626, 39.049548038367014 ], [ -94.579154857344932, 39.049282263354108 ], [ -94.579519123044989, 39.049031008531301 ], [ -94.57989975064595, 39.048794962413538 ], [ -94.580295696955375, 39.048574771831717 ], [ -94.580705876834656, 39.048371040161541 ], [ -94.581129166172019, 39.048184325671293 ], [ -94.581564404961767, 39.048015139993332 ], [ -94.582010400481607, 39.047863946723226 ], [ -94.582465930559266, 39.047731160150484 ], [ -94.582929746919348, 39.047617144124374 ], [ -94.583400578601555, 39.047522211057839 ], [ -94.583877135440588, 39.047446621072183 ], [ -94.584358111598689, 39.047390581285171 ], [ -94.584842189140701, 39.047354245243874 ], [ -94.5853280416422, 39.0473377125046 ], [ -94.585814337820793, 39.047341028360307 ], [ -94.586299745180625, 39.047364183716752 ], [ -94.586782933660174, 39.047407115117466 ], [ -94.587262579273457, 39.047469704917603 ], [ -94.587737367734519, 39.047551781606039 ], [ -94.588205998055585, 39.047653120275015 ], [ -94.588667186108921, 39.047773443236011 ], [ -94.589119668142558, 39.047912420779987 ], [ -94.589562204240565, 39.048069672080153 ], [ -94.589993581718176, 39.048244766234717 ], [ -94.590412618442755, 39.048437223446683 ], [ -94.590818166071159, 39.048646516337584 ], [ -94.591209113195021, 39.048872071391578 ], [ -94.591584388385257, 39.049113270525794 ], [ -94.591942963127252, 39.049369452782877 ], [ -94.592283854639092, 39.049639916140947 ], [ -94.592606128564654, 39.049923919436083 ], [ -94.592908901534685, 39.05022068439213 ], [ -94.593191343588458, 39.050529397752065 ], [ -94.593452680449403, 39.050849213505479 ], [ -94.59369219564887, 39.051179255205724 ], [ -94.593909232491569, 39.051518618370629 ], [ -94.594103195857784, 39.051866372960049 ], [ -94.594273553837056, 39.052221565923695 ], [ -94.594419839189243, 39.052583223811894 ], [ -94.594541650628287, 39.052950355442754 ], [ -94.59463865392587, 39.053321954617665 ], [ -94.594710582831254, 39.05369700287843 ], [ -94.594757239805162, 39.054074472298005 ], [ -94.594778496565453, 39.054453328297299 ], [ -94.594774294443141, 39.054832532480596 ], [ -94.594744644547561, 39.055211045481364 ], [ -94.594689627740479, 39.055587829811095 ], [ -94.594609394418868, 39.055961852703035 ], [ -94.594504164107065, 39.05633208894335 ], [ -94.594374224859379, 39.056697523681414 ], [ -94.594219932474587, 39.057057155212391 ], [ -94.594041709524674, 39.057409997723319 ], [ -94.593840044200235, 39.057755083996412 ], [ -94.593615488975701, 39.058091468061029 ], [ -94.593368659098147, 39.058418227787833 ], [ -94.593100230903474, 39.058734467417679 ], [ -94.592810939965048, 39.059039320018194 ], [ -94.592501579079311, 39.059331949861694 ], [ -94.592172996094249, 39.059611554717208 ], [ -94.591826091586441, 39.059877368051332 ], [ -94.591461816393192, 39.06012866113069 ], [ -94.591081169006344, 39.060364745021225 ], [ -94.590685192835153, 39.060584972478146 ], [ -94.590274973345345, 39.060788739721801 ], [ -94.589851635082724, 39.060975488094073 ], [ -94.589416338589018, 39.061144705591445 ], [ -94.588970277218692, 39.061295928269715 ], [ -94.588514673865532, 39.061428741517183 ], [ -94.58805077760772, 39.061542781192301 ], [ -94.587579860280997, 39.061637734623048 ], [ -94.587103212988936, 39.061713341464959 ], [ -94.58662214256033, 39.06176939441567 ], [ -94.586137967963211, 39.0618057397838 ], [ -94.585652016685344, 39.06182227791092 ], [ -94.585165621091321, 39.061818963445013 ], [ -94.584680114766229, 39.061795805465096 ], [ -94.58419682885588, 39.061752867456356 ], [ -94.583717088413721, 39.061690267136086 ], [ -94.583242208764659, 39.061608176130662 ], [ -94.582773491895566, 39.061506819504672 ], [ -94.582312222882393, 39.061386475143387 ], [ -94.581859666364167, 39.061247472990352 ], [ -94.581417063072834, 39.061090194141904 ], [ -94.580985626429353, 39.060915069801737 ], [ -94.580566539214601, 39.060722580097504 ], [ -94.580160950324938, 39.060513252763712 ], [ -94.579769971620749, 39.060287661693543 ], [ -94.579394674877136, 39.06004642536449 ], [ -94.579036088844845, 39.059790205141397 ], [ -94.578695196429535, 39.059519703462115 ], [ -94.578372931997166, 39.0592356619104 ], [ -94.578070178813007, 39.058938859181616 ], [ -94.577787766621029, 39.058630108946566 ], [ -94.577526469370596, 39.058310257619716 ], [ -94.577287003096387, 39.057980182037419 ], [ -94.577070023957674, 39.057640787053096 ], [ -94.576876126441945, 39.057293003055513 ], [ -94.576705841738161, 39.056937783417148 ], [ -94.57655963628369, 39.056576101879934 ], [ -94.576437910489176, 39.056208949884883 ], [ -94.576340997644607, 39.055837333853702 ], [ -94.576269163009712, 39.055462272429246 ], [ -94.576222603090912, 39.055084793682823 ], [ -94.576201445107003, 39.05470593229569 ] ] ] } },
{ "type": "Feature", "properties": { }, "geometry": { "type": "Polygon", "coordinates": [ [ [ -94.544394544681268, 39.106233535044687 ], [ -94.54439901054198, 39.10585433037037 ], [ -94.544428942183629, 39.105475827461753 ], [ -94.544484257158175, 39.105099063757812 ], [ -94.544564803450044, 39.104725071914132 ], [ -94.544670359897225, 39.104354876972707 ], [ -94.544800636801568, 39.103989493552895 ], [ -94.544955276727165, 39.103629923071011 ], [ -94.545133855483769, 39.103277150996462 ], [ -94.545335883293205, 39.102932144151417 ], [ -94.545560806135143, 39.102595848062052 ], [ -94.54580800726869, 39.102269184368225 ], [ -94.546076808925392, 39.101953048298519 ], [ -94.546366474169389, 39.101648306218095 ], [ -94.546676208918953, 39.101355793255522 ], [ -94.547005164124641, 39.101076311015426 ], [ -94.547352438097221, 39.100810625382998 ], [ -94.547717078979844, 39.100559464426432 ], [ -94.548098087356891, 39.100323516403115 ], [ -94.548494418992973, 39.100103427874885 ], [ -94.548904987694144, 39.099899801937504 ], [ -94.549328668283763, 39.099713196569354 ], [ -94.549764299684696, 39.099544123103549 ], [ -94.550210688099583, 39.099393044828041 ], [ -94.550666610280302, 39.099260375717122 ], [ -94.551130816877858, 39.099146479298128 ], [ -94.551602035863468, 39.099051667656205 ], [ -94.552078976011458, 39.098976200579997 ], [ -94.552560330434559, 39.098920284850472 ], [ -94.553044780161983, 39.098884073674881 ], [ -94.5535309977503, 39.098867666267488 ], [ -94.554017650917558, 39.09887110757797 ], [ -94.55450340619042, 39.098894388168553 ], [ -94.554986932554797, 39.098937444239759 ], [ -94.555466905099451, 39.099000157805413 ], [ -94.555942008643186, 39.099082357015497 ], [ -94.556410941335386, 39.099183816626827 ], [ -94.556872418220152, 39.099304258619753 ], [ -94.557325174754411, 39.099443352959376 ], [ -94.557767970270277, 39.099600718499211 ], [ -94.558199591372286, 39.099775924024719 ], [ -94.558618855260221, 39.099968489434062 ], [ -94.559024612968372, 39.10017788705261 ], [ -94.55941575251255, 39.10040354307781 ], [ -94.559791201936093, 39.100644839150426 ], [ -94.560149932246574, 39.100901114047737 ], [ -94.560490960235214, 39.101171665494263 ], [ -94.560813351171376, 39.101455752084952 ], [ -94.561116221364472, 39.101752595315531 ], [ -94.561398740586526, 39.102061381714698 ], [ -94.561660134348699, 39.102381265072026 ], [ -94.561899686025484, 39.102711368755749 ], [ -94.562116738820635, 39.10305078811384 ], [ -94.562310697569686, 39.103398592952274 ], [ -94.562481030373775, 39.103753830082987 ], [ -94.562627270060631, 39.104115525935292 ], [ -94.562749015468228, 39.104482689223119 ], [ -94.562845932548086, 39.104854313661022 ], [ -94.562917755284587, 39.105229380721418 ], [ -94.562964286428354, 39.105606862425525 ], [ -94.562985398040979, 39.105985724160398 ], [ -94.562981031850214, 39.106364927514321 ], [ -94.562951199414073, 39.106743433122759 ], [ -94.56289598209365, 39.107120203517141 ], [ -94.562815530834612, 39.107494205968607 ], [ -94.562710065757784, 39.107864415318929 ], [ -94.562579875560203, 39.108229816790875 ], [ -94.56242531672784, 39.108589408770328 ], [ -94.562246812562464, 39.108942205552403 ], [ -94.562044852024982, 39.10928724004421 ], [ -94.56181998839871, 39.109623566416623 ], [ -94.56157283777577, 39.109950262698064 ], [ -94.561304077371148, 39.110266433302876 ], [ -94.56101444366881, 39.110571211487517 ], [ -94.560704730404865, 39.110863761727884 ], [ -94.560375786393379, 39.111143282010893 ], [ -94.560028513200919, 39.111409006034584 ], [ -94.559663862675805, 39.111660205310102 ], [ -94.559282834339285, 39.111896191160263 ], [ -94.558886472645412, 39.11211631660877 ], [ -94.558475864117511, 39.112319978155348 ], [ -94.558052134368509, 39.112506617431492 ], [ -94.557616445014176, 39.112675722732583 ], [ -94.557169990486813, 39.112826830421859 ], [ -94.55671399475888, 39.112959526202786 ], [ -94.55624970798516, 39.113073446255818 ], [ -94.555778403072893, 39.113168278236842 ], [ -94.555301372189192, 39.11324376213441 ], [ -94.554819923215376, 39.113299690983261 ], [ -94.554335376158207, 39.113335911432387 ], [ -94.553849059527479, 39.113352324165923 ], [ -94.553362306690261, 39.113348884175821 ], [ -94.552876452211891, 39.113325600885425 ], [ -94.552392828193391, 39.113282538123755 ], [ -94.551912760615906, 39.113219813950316 ], [ -94.551437565701818, 39.113137600331356 ], [ -94.55096854630284, 39.113036122667907 ], [ -94.550506988324841, 39.112915659177375 ], [ -94.550054157199369, 39.112776540130241 ], [ -94.549611294411534, 39.112619146943651 ], [ -94.549179614093873, 39.112443911135074 ], [ -94.548760299695346, 39.112251313138117 ], [ -94.548354500735101, 39.112041880984478 ], [ -94.547963329649264, 39.111816188855045 ], [ -94.547587858740101, 39.111574855504642 ], [ -94.547229117235446, 39.111318542564426 ], [ -94.546888088466659, 39.111047952726636 ], [ -94.546565707173002, 39.110763827816996 ], [ -94.546262856939407, 39.110466946759573 ], [ -94.54598036777513, 39.110158123440137 ], [ -94.545719013839701, 39.109838204473597 ], [ -94.545479511322299, 39.109508066881894 ], [ -94.545262516480548, 39.109168615688503 ], [ -94.545068623843974, 39.108820781436307 ], [ -94.544898364587098, 39.10846551763558 ], [ -94.544752205076392, 39.108103798149266 ], [ -94.544630545595439, 39.10773661452231 ], [ -94.544533719251334, 39.107364973263039 ], [ -94.544461991065518, 39.106989893083338 ], [ -94.544415557251483, 39.106612402105704 ], [ -94.544394544681268, 39.106233535044687 ] ] ] } },
{ "type": "Feature", "properties": { }, "geometry": { "type": "Polygon", "coordinates": [ [ [ -94.58951211538664, 39.050046979717294 ], [ -94.589516346261121, 39.049667774844302 ], [ -94.589546022817231, 39.049289262294181 ], [ -94.5896010633072, 39.048912479532781 ], [ -94.58968131646877, 39.048538459268386 ], [ -94.589786561944194, 39.048168226621328 ], [ -94.589916510888472, 39.047802796314855 ], [ -94.590070806765212, 39.047443169894301 ], [ -94.590249026327683, 39.047090332982862 ], [ -94.590450680782638, 39.046745252580962 ], [ -94.590675217133253, 39.046408874416912 ], [ -94.590922019698098, 39.046082120355962 ], [ -94.591190411801136, 39.045765885874886 ], [ -94.591479657628838, 39.045461037609066 ], [ -94.591788964248778, 39.045168410978505 ], [ -94.592117483784477, 39.044888807899781 ], [ -94.592464315740273, 39.044622994589645 ], [ -94.592828509470124, 39.044371699466559 ], [ -94.593209066783217, 39.044135611155944 ], [ -94.593604944679527, 39.043915376604339 ], [ -94.594015058207788, 39.043711599307962 ], [ -94.594438283437768, 39.043524837660144 ], [ -94.594873460539318, 39.043355603422441 ], [ -94.595319396958999, 39.043204360323465 ], [ -94.595774870686284, 39.043071522789276 ], [ -94.596238633600038, 39.042957454808729 ], [ -94.596709414886249, 39.042862468937088 ], [ -94.597185924517561, 39.042786825440324 ], [ -94.597666856785438, 39.042730731582736 ], [ -94.598150893874859, 39.042694341059544 ], [ -94.598636709472174, 39.04267775357625 ], [ -94.599122972395989, 39.042681014575741 ], [ -94.599608350241539, 39.042704115114027 ], [ -94.600091513028104, 39.042746991884769 ], [ -94.60057113684006, 39.042809527392762 ], [ -94.601045907451208, 39.042891550275506 ], [ -94.601514523922717, 39.042992835772672 ], [ -94.601975702164793, 39.04311310634133 ], [ -94.602428178452428, 39.043252032415943 ], [ -94.602870712885505, 39.043409233310697 ], [ -94.603302092783949, 39.043584278261854 ], [ -94.603721136008559, 39.043776687607192 ], [ -94.604126694198527, 39.043985934099382 ], [ -94.60451765591668, 39.044211444349628 ], [ -94.604892949694133, 39.044452600397854 ], [ -94.605251546965505, 39.044708741404733 ], [ -94.605592464887309, 39.04497916546142 ], [ -94.605914769031259, 39.045263131511724 ], [ -94.606217575945493, 39.045559861381477 ], [ -94.606500055576447, 39.045868541909897 ], [ -94.606761433544847, 39.046188327176544 ], [ -94.607000993269537, 39.04651834081838 ], [ -94.607218077933439, 39.04685767843015 ], [ -94.607412092285969, 39.047205410041826 ], [ -94.607582504277204, 39.047560582666129 ], [ -94.60772884651908, 39.047922222909222 ], [ -94.607850717569875, 39.048289339637641 ], [ -94.607947783038043, 39.048660926693735 ], [ -94.608019776502601, 39.049035965652621 ], [ -94.608066500247489, 39.04941342861283 ], [ -94.608087825807686, 39.049792281013112 ], [ -94.608083694325742, 39.050171484467711 ], [ -94.608054116717469, 39.050549999612208 ], [ -94.607999173646576, 39.050926788952346 ], [ -94.607919015307971, 39.051300819707784 ], [ -94.607813861020489, 39.051671066643188 ], [ -94.607683998630051, 39.052036514878814 ], [ -94.607529783724772, 39.052396162672878 ], [ -94.607351638664227, 39.052749024168016 ], [ -94.607150051425435, 39.053094132094451 ], [ -94.606925574268729, 39.053430540422305 ], [ -94.606678822227025, 39.053757326955854 ], [ -94.606410471422834, 39.054073595862533 ], [ -94.606121257217183, 39.05437848012982 ], [ -94.605811972196051, 39.054671143943246 ], [ -94.605483463999292, 39.054950784978821 ], [ -94.605136632998295, 39.05521663660403 ], [ -94.604772429828671, 39.055467969980505 ], [ -94.604391852784644, 39.055704096063785 ], [ -94.603995945082431, 39.055924367493468 ], [ -94.603585791999862, 39.056128180369299 ], [ -94.6031625179005, 39.056314975908116 ], [ -94.602727283149946, 39.056484241977046 ], [ -94.602281280933241, 39.056635514498723 ], [ -94.601825733981798, 39.056768378724769 ], [ -94.601361891219028, 39.056882470373836 ], [ -94.600891024333777, 39.056977476631353 ], [ -94.60041442429123, 39.057053137008005 ], [ -94.59993339779048, 39.057109244054566 ], [ -94.599449263679006, 39.0571456439313 ], [ -94.598963349333459, 39.057162236830244 ], [ -94.598476987017122, 39.057158977249152 ], [ -94.597991510223736, 39.057135874116469 ], [ -94.59750825001808, 39.057092990766968 ], [ -94.597028531383174, 39.057030444767975 ], [ -94.596553669584083, 39.05694840759687 ], [ -94.59608496655872, 39.056847104170537 ], [ -94.595623707345169, 39.056726812228369 ], [ -94.595171156555608, 39.056587861570065 ], [ -94.594728554906382, 39.056430633150782 ], [ -94.59429711581403, 39.056255558035815 ], [ -94.593878022066264, 39.056063116217871 ], [ -94.593472422577477, 39.055853835300077 ], [ -94.593081429237259, 39.055628289048357 ], [ -94.592706113860999, 39.055387095817281 ], [ -94.5923475052507, 39.055130916853507 ], [ -94.592006586374112, 39.054860454481783 ], [ -94.591684291669935, 39.054576450178082 ], [ -94.59138150448662, 39.054279682535665 ], [ -94.591099054661569, 39.053970965129174 ], [ -94.59083771624752, 39.053651144283073 ], [ -94.590598205392197, 39.05332109675026 ], [ -94.590381178377299, 39.052981727307248 ], [ -94.590187229821794, 39.052633966272857 ], [ -94.590016891054717, 39.052278766956725 ], [ -94.589870628661856, 39.051917103045113 ], [ -94.589748843210103, 39.051549965930803 ], [ -94.589651868153169, 39.051178361994808 ], [ -94.58957996892147, 39.050803309846948 ], [ -94.589533342198621, 39.050425837533211 ], [ -94.58951211538664, 39.050046979717294 ] ] ] } },
{ "type": "Feature", "properties": { }, "geometry": { "type": "Polygon", "coordinates": [ [ [ -94.570524282143438, 39.109115626075109 ], [ -94.57052860756076, 39.108736423434422 ], [ -94.570558399867465, 39.108357916822747 ], [ -94.570613576997346, 39.107981143689415 ], [ -94.570693987312495, 39.107607136716091 ], [ -94.570799410023412, 39.107236920986445 ], [ -94.570929555798315, 39.106871511177005 ], [ -94.571084067560406, 39.106511908776639 ], [ -94.571262521470473, 39.106159099342385 ], [ -94.571464428092199, 39.105814049798973 ], [ -94.571689233737075, 39.105477705789788 ], [ -94.571936321985064, 39.105150989086113 ], [ -94.572205015376753, 39.104834795061933 ], [ -94.572494577272579, 39.104529990241339 ], [ -94.572804213873738, 39.104237409924949 ], [ -94.57313307639933, 39.103957855901996 ], [ -94.573480263413785, 39.103692094254434 ], [ -94.573844823298131, 39.103440853258796 ], [ -94.574225756858411, 39.103204821391813 ], [ -94.57462202006387, 39.102984645445055 ], [ -94.575032526907762, 39.10278092875383 ], [ -94.575456152382642, 39.102594229545126 ], [ -94.575891735562124, 39.10242505940915 ], [ -94.57633808278068, 39.102273881898697 ], [ -94.576793970902884, 39.10214111125984 ], [ -94.577258150672861, 39.102027111298042 ], [ -94.577729350135115, 39.10193219438208 ], [ -94.578206278117364, 39.10185662058889 ], [ -94.578687627765575, 39.101800596991744 ], [ -94.579172080121964, 39.101764277093338 ], [ -94.579658307735883, 39.101747760405708 ], [ -94.580144978297881, 39.101751092177828 ], [ -94.580630758287057, 39.101774263271906 ], [ -94.581114316621637, 39.101817210188422 ], [ -94.581594328302899, 39.101879815240096 ], [ -94.582069478042598, 39.101961906874173 ], [ -94.582538463863685, 39.102063260142096 ], [ -94.58300000066491, 39.102183597315523 ], [ -94.583452823739265, 39.102322588646679 ], [ -94.583895692236808, 39.102479853271277 ], [ -94.584327392562386, 39.102654960251201 ], [ -94.584746741698979, 39.102847429754632 ], [ -94.585152590447663, 39.103056734369687 ], [ -94.585543826575062, 39.10328230054867 ], [ -94.585919377860208, 39.103523510178547 ], [ -94.586278215031896, 39.103779702273506 ], [ -94.58661935458889, 39.104050174785002 ], [ -94.586941861495134, 39.104334186524362 ], [ -94.587244851742597, 39.104630959192541 ], [ -94.587527494774633, 39.104939679511688 ], [ -94.58778901576342, 39.105259501452572 ], [ -94.588028697735083, 39.105589548551883 ], [ -94.588245883536587, 39.105928916312855 ], [ -94.588439977639197, 39.106276674682974 ], [ -94.588610447773334, 39.10663187060176 ], [ -94.588756826390522, 39.106993530611632 ], [ -94.588878711948169, 39.107360663524972 ], [ -94.588975770013775, 39.107732263139816 ], [ -94.589047734185428, 39.108107310996814 ], [ -94.589094406826121, 39.108484779170048 ], [ -94.589115659609689, 39.108863633083885 ], [ -94.589111433876894, 39.109242834348294 ], [ -94.589081740800736, 39.109621343604665 ], [ -94.589026661360194, 39.109998123374673 ], [ -94.588946346122896, 39.110372140903984 ], [ -94.58884101483666, 39.110742370993236 ], [ -94.588710955831559, 39.111107798808597 ], [ -94.588556525233741, 39.111467422663907 ], [ -94.58837814599319, 39.111820256767068 ], [ -94.588176306728101, 39.112165333923073 ], [ -94.587951560389016, 39.112501708186024 ], [ -94.587704522746208, 39.112828457453148 ], [ -94.587435870704653, 39.113144685993689 ], [ -94.587146340450843, 39.113449526905391 ], [ -94.586836725436939, 39.113742144492242 ], [ -94.586507874207328, 39.114021736556616 ], [ -94.586160688073818, 39.114287536599811 ], [ -94.585796118645703, 39.114538815924611 ], [ -94.585415165221534, 39.114774885634318 ], [ -94.585018872049687, 39.11499509852279 ], [ -94.584608325465197, 39.115198850849964 ], [ -94.58418465091097, 39.115385583998375 ], [ -94.58374900985109, 39.115554786006037 ], [ -94.583302596585199, 39.115705992970923 ], [ -94.582846634972412, 39.115838790324261 ], [ -94.582382375073749, 39.115952813967859 ], [ -94.581911089722624, 39.116047751273541 ], [ -94.581434071032319, 39.116123341940941 ], [ -94.580952626850703, 39.116179378711912 ], [ -94.580468077171275, 39.116215707939425 ], [ -94.579981750510981, 39.116232230009224 ], [ -94.579494980264442, 39.116228899613397 ], [ -94.579009101044733, 39.116205725874636 ], [ -94.578525445020801, 39.116162772321424 ], [ -94.578045338261674, 39.116100156713777 ], [ -94.577570097097308, 39.116018050720086 ], [ -94.577101024506405, 39.115916679446251 ], [ -94.576639406540892, 39.115796320817864 ], [ -94.576186508797022, 39.115657304817802 ], [ -94.575743572942855, 39.115500012580611 ], [ -94.575311813311487, 39.115324875346928 ], [ -94.5748924135697, 39.115132373280048 ], [ -94.57448652347091, 39.114923034148624 ], [ -94.574095255701479, 39.114697431878518 ], [ -94.573719682829065, 39.114456184978202 ], [ -94.573360834361409, 39.114199954841808 ], [ -94.573019693923484, 39.113929443934687 ], [ -94.572697196560995, 39.113645393866165 ], [ -94.572394226177451, 39.113348583355261 ], [ -94.572111613111815, 39.113039826094386 ], [ -94.571850131863599, 39.112719968517574 ], [ -94.571610498971296, 39.112389887478535 ], [ -94.571393371050206, 39.112050487845885 ], [ -94.57119934299493, 39.111702700021347 ], [ -94.571028946351376, 39.111347477388094 ], [ -94.570882647862859, 39.1109857936964 ], [ -94.570760848194084, 39.110618640393348 ], [ -94.570663880836534, 39.110247023904286 ], [ -94.5705920111983, 39.10987196287347 ], [ -94.570545435880632, 39.109494485371123 ], [ -94.570524282143438, 39.109115626075109 ] ] ] } },
{ "type": "Feature", "properties": { }, "geometry": { "type": "Polygon", "coordinates": [ [ [ -94.536304509236658, 39.106232890025375 ], [ -94.536309018473318, 39.105853684792308 ], [ -94.53633899346795, 39.105475183094384 ], [ -94.536394351653698, 39.105098422367206 ], [ -94.536474940896611, 39.104724435258092 ], [ -94.536580539916912, 39.104354246795999 ], [ -94.536710858899909, 39.103988871582494 ], [ -94.536865540294372, 39.103629311011332 ], [ -94.537044159796466, 39.103276550524662 ], [ -94.53724622751642, 39.102931556912857 ], [ -94.537471189324634, 39.102595275665799 ], [ -94.537718428373466, 39.102268628382582 ], [ -94.537987266790736, 39.10195251024679 ], [ -94.538276967539829, 39.101647787574407 ], [ -94.538586736441928, 39.101355295440797 ], [ -94.538915724354027, 39.101075835393452 ], [ -94.539263029497434, 39.10081017325674 ], [ -94.539627699929966, 39.100559037034451 ], [ -94.54000873615513, 39.100323114916208 ], [ -94.540405093861338, 39.100103053392814 ], [ -94.540815686783318, 39.099899455486089 ], [ -94.541239389678154, 39.099712879097574 ], [ -94.541675041407657, 39.099543835481008 ], [ -94.542121448118891, 39.099392787842568 ], [ -94.542577386513685, 39.09926015007261 ], [ -94.54304160719866, 39.099146285612626 ], [ -94.543512838106494, 39.099051506460242 ], [ -94.543989787978902, 39.098976072315082 ], [ -94.544471149902037, 39.098920189867918 ], [ -94.544955604884578, 39.098884012234876 ], [ -94.5454418254687, 39.098867638538316 ], [ -94.545928479364278, 39.098871113635617 ], [ -94.546414233095973, 39.09889442799642 ], [ -94.546897755653887, 39.098937517728835 ], [ -94.547377722137199, 39.099000264754416 ], [ -94.547852817381312, 39.09908249713154 ], [ -94.548321739558261, 39.099183989526175 ], [ -94.548783203740939, 39.099304463828879 ], [ -94.549235945421003, 39.099443589916248 ], [ -94.549678723971184, 39.099600986554833 ], [ -94.550110326042457, 39.099776222444881 ], [ -94.550529568886603, 39.099968817401397 ], [ -94.550935303595551, 39.100178243668793 ], [ -94.551326418247996, 39.10040392736601 ], [ -94.551701840955374, 39.100645250057987 ], [ -94.552060542798372, 39.100901550449066 ], [ -94.552401540646116, 39.10117212619388 ], [ -94.552723899850449, 39.101456235820784 ], [ -94.55302673680761, 39.10175310076238 ], [ -94.553309221380616, 39.102061907487823 ], [ -94.553570579175485, 39.102381809730929 ], [ -94.553810093665163, 39.102711930808177 ], [ -94.554027108155225, 39.103051366019812 ], [ -94.554221027586095, 39.103399185128296 ], [ -94.554391320166587, 39.103754434906442 ], [ -94.554537518834579, 39.104116141748783 ], [ -94.554659222540437, 39.104483314339141 ], [ -94.554756097349838, 39.104854946366487 ], [ -94.554827877363081, 39.105230019282331 ], [ -94.554874365447759, 39.105607505091811 ], [ -94.554895433783514, 39.105986369170665 ], [ -94.554891024216687, 39.106365573100653 ], [ -94.55486114842418, 39.106744077515614 ], [ -94.554805887885948, 39.107120844950174 ], [ -94.554725393666118, 39.107494842683494 ], [ -94.554619886003351, 39.107865045570236 ], [ -94.554489653711428, 39.108230438850811 ], [ -94.554335053391753, 39.108590020933512 ], [ -94.554156508459897, 39.108942806140497 ], [ -94.553954507988621, 39.109287827410533 ], [ -94.553729605370762, 39.109624138950728 ], [ -94.553482416805394, 39.109950818830086 ], [ -94.553213619611668, 39.11026697150789 ], [ -94.552923950374492, 39.11057173028972 ], [ -94.552614202927444, 39.110864259704591 ], [ -94.552285226178483, 39.111143757796512 ], [ -94.55193792178396, 39.111409458324331 ], [ -94.551573241677914, 39.111660632863632 ], [ -94.551192185462753, 39.111896592804975 ], [ -94.55079579766911, 39.112116691243138 ], [ -94.550385164891907, 39.112320324751899 ], [ -94.549961412810731, 39.112506935039626 ], [ -94.549525703102603, 39.112676010481167 ], [ -94.549079230255771, 39.112827087521694 ], [ -94.54862321829296, 39.112959751948679 ], [ -94.548158917413573, 39.113073640028595 ], [ -94.547687600563563, 39.113168439505024 ], [ -94.547210559942812, 39.113243890455664 ], [ -94.546729103459441, 39.113299786005605 ], [ -94.546244551140788, 39.113335972895229 ], [ -94.545758231511087, 39.113352351900666 ], [ -94.545271477945676, 39.113348878106436 ], [ -94.544785625011855, 39.113325561028574 ], [ -94.544302004806411, 39.113282464588792 ], [ -94.543821943300003, 39.113219706938999 ], [ -94.543346756698369, 39.113137460137203 ], [ -94.542877747830332, 39.113035949675499 ], [ -94.542416202572866, 39.112915453861277 ], [ -94.541963386322578, 39.112776303053607 ], [ -94.541520540523692, 39.112618878756791 ], [ -94.541088879262105, 39.112443612573593 ], [ -94.540669585934452, 39.112250985020935 ], [ -94.540263810001974, 39.11204152421152 ], [ -94.539872663837627, 39.111815804404863 ], [ -94.539497219675198, 39.111574444431625 ], [ -94.539138506669076, 39.11131810599597 ], [ -94.53879750807242, 39.111047491860035 ], [ -94.538475158541644, 39.110763343916126 ], [ -94.53817234157448, 39.110466441151431 ], [ -94.537889887088909, 39.110157597511211 ], [ -94.537628569149263, 39.10983765966607 ], [ -94.537389103845953, 39.109507504689631 ], [ -94.537172147334488, 39.109168037652992 ], [ -94.53697829403923, 39.108820189142442 ], [ -94.536808075026755, 39.108464912707269 ], [ -94.536661956553175, 39.108103182244989 ], [ -94.536540338789493, 39.107735989330592 ], [ -94.536443554728407, 39.107364340497782 ], [ -94.536371869275413, 39.106989254479146 ], [ -94.536325478526848, 39.106611759413106 ], [ -94.536304509236658, 39.106232890025375 ] ] ] } },
{ "type": "Feature", "properties": { }, "geometry": { "type": "Polygon", "coordinates": [ [ [ -94.453897834508254, 39.001836060223063 ], [ -94.453902795736113, 39.00145684328151 ], [ -94.453933184948141, 39.001078348623018 ], [ -94.453988918444423, 39.000701613663281 ], [ -94.454069843064616, 39.000327670978407 ], [ -94.454175736612157, 38.999957545475112 ], [ -94.454306308467508, 38.999592251581959 ], [ -94.454461200388849, 38.999232790469492 ], [ -94.454639987497757, 38.998880147307041 ], [ -94.454842179447539, 38.998535288563275 ], [ -94.455067221770435, 38.99819915935835 ], [ -94.455314497400437, 38.997872680874707 ], [ -94.455583328367268, 38.997556747833414 ], [ -94.455872977656796, 38.997252226043365 ], [ -94.456182651233121, 38.996959950029677 ], [ -94.456511500216209, 38.996680720747904 ], [ -94.456858623209698, 38.9964153033904 ], [ -94.457223068771938, 38.996164425290651 ], [ -94.457603838023871, 38.995928773931439 ], [ -94.457999887386478, 38.995708995062181 ], [ -94.458410131440189, 38.995505690930699 ], [ -94.458833445898648, 38.995319418634196 ], [ -94.459268670688402, 38.995150688593753 ], [ -94.459714613126536, 38.994999963156978 ], [ -94.460170051186907, 38.994867655332008 ], [ -94.460633736846844, 38.994754127656911 ], [ -94.461104399504535, 38.994659691207097 ], [ -94.461580749458051, 38.994584604743828 ], [ -94.462061481436407, 38.994529074005797 ], [ -94.462545278173351, 38.994493251145919 ], [ -94.463030814013436, 38.994477234315035 ], [ -94.463516758541374, 38.994481067393117 ], [ -94.464001780224081, 38.994504739869328 ], [ -94.464484550055857, 38.994548186870837 ], [ -94.464963745196741, 38.994611289340561 ], [ -94.465438052593882, 38.99469387436308 ], [ -94.465906172576325, 38.994795715638219 ], [ -94.466366822413192, 38.994916534100604 ], [ -94.466818739825754, 38.995055998683718 ], [ -94.467260686443552, 38.995213727226464 ], [ -94.467691451195421, 38.995389287519409 ], [ -94.468109853625961, 38.995582198488322 ], [ -94.468514747128339, 38.99579193151127 ], [ -94.468905022084954, 38.996017911866183 ], [ -94.469279608906888, 38.996259520304527 ], [ -94.469637480964209, 38.99651609474698 ], [ -94.469977657398942, 38.996786932096533 ], [ -94.470299205813077, 38.997071290163895 ], [ -94.470601244824067, 38.997368389700036 ], [ -94.470882946481268, 38.997677416530372 ], [ -94.47114353853604, 38.997997523784662 ], [ -94.471382306559804, 38.99832783421661 ], [ -94.47159859590414, 38.99866744260661 ], [ -94.471791813497191, 38.999015418241541 ], [ -94.471961429471989, 38.999370807464267 ], [ -94.472106978621611, 38.999732636286197 ], [ -94.472228061677654, 39.00009991305587 ], [ -94.472324346408186, 39.000471631175792 ], [ -94.472395568532249, 39.000846771860651 ], [ -94.472441532448201, 39.001224306928926 ], [ -94.472462111774206, 39.001603201620526 ], [ -94.472457249698934, 39.001982417432565 ], [ -94.472426959141686, 39.002360914965571 ], [ -94.472371322721514, 39.002737656772375 ], [ -94.472290492535166, 39.003111610201849 ], [ -94.472184689744566, 39.003481750229561 ], [ -94.472054203974892, 39.003847062267816 ], [ -94.471899392524833, 39.004206544947259 ], [ -94.471720679391098, 39.004559212862276 ], [ -94.471518554109906, 39.00490409927302 ], [ -94.471293570418609, 39.00524025875616 ], [ -94.471046344740813, 39.005566769797568 ], [ -94.47077755449952, 39.005882737319453 ], [ -94.470487936262629, 39.006187295135128 ], [ -94.470178283725886, 39.006479608324796 ], [ -94.469849445538742, 39.006758875525577 ], [ -94.469502322979324, 39.007024331129671 ], [ -94.46913786748452, 39.007275247384563 ], [ -94.468757078042188, 39.007510936389451 ], [ -94.468360998452567, 39.007730751982436 ], [ -94.467950714466411, 39.007934091513334 ], [ -94.467527350807586, 39.008120397497137 ], [ -94.467092068088547, 39.008289159143636 ], [ -94.466646059626981, 39.00843991375897 ], [ -94.466190548172321, 39.008572248015312 ], [ -94.465726782551386, 39.008685799085022 ], [ -94.465256034242046, 39.008780255636317 ], [ -94.464779593884714, 39.008855358687754 ], [ -94.464298767740758, 39.008910902318888 ], [ -94.463814874108209, 39.008946734235522 ], [ -94.46332923970408, 39.008962756187621 ], [ -94.462843196023542, 39.00895892423906 ], [ -94.462358075686055, 39.008935248888321 ], [ -94.461875208778153, 39.00889179503973 ], [ -94.461395919203426, 39.008828681825413 ], [ -94.460921521049343, 39.008746082278471 ], [ -94.460453314981208, 39.008644222858223 ], [ -94.459992584673074, 39.008523382828869 ], [ -94.45954059328534, 39.008383893493189 ], [ -94.459098579998937, 39.008226137283486 ], [ -94.458667756615469, 39.008050546712298 ], [ -94.458249304232737, 39.007857603185613 ], [ -94.457844370004835, 39.007647835682093 ], [ -94.45745406399557, 39.007421819301534 ], [ -94.457079456134082, 39.007180173687217 ], [ -94.456721573280802, 39.006923561325749 ], [ -94.456381396411999, 39.006652685729605 ], [ -94.456059857930455, 39.006368289507094 ], [ -94.455757839109864, 39.006071152325305 ], [ -94.455476167679663, 39.005762088771228 ], [ -94.45521561555735, 39.005441946117507 ], [ -94.454976896733967, 39.00511160199828 ], [ -94.454760665318886, 39.004771962002202 ], [ -94.454567513749296, 39.00442395718872 ], [ -94.454397971168788, 39.004068541534636 ], [ -94.454252501980164, 39.003706689318101 ], [ -94.454131504575741, 39.003339392446946 ], [ -94.45403531024904, 39.00296765773885 ], [ -94.453964182290562, 39.002592504160909 ], [ -94.453918315270215, 39.002214960035879 ], [ -94.453897834508254, 39.001836060223063 ] ] ] } },
{ "type": "Feature", "properties": { }, "geometry": { "type": "Polygon", "coordinates": [ [ [ -94.119555277546169, 39.012019479100019 ], [ -94.11956202426849, 39.011640249441633 ], [ -94.11959420103905, 39.011261814956569 ], [ -94.119651719258769, 39.010885212892617 ], [ -94.119734420876483, 39.010511475458785 ], [ -94.119842078826466, 39.010141626996408 ], [ -94.119974397655113, 39.009776681171999 ], [ -94.120131014334774, 39.00941763819953 ], [ -94.120311499262613, 39.009065482099849 ], [ -94.120515357441732, 39.008721178004421 ], [ -94.120742029841168, 39.008385669511199 ], [ -94.120990894931182, 39.00805987609953 ], [ -94.121261270389411, 39.007744690611275 ], [ -94.121552414973138, 39.007440976805178 ], [ -94.121863530552943, 39.007149566990726 ], [ -94.122193764301514, 39.006871259748735 ], [ -94.122542211032155, 39.006606817743958 ], [ -94.122907915680216, 39.006356965636485 ], [ -94.123289875920875, 39.006122388097239 ], [ -94.123687044915869, 39.005903727932967 ], [ -94.124098334181866, 39.005701584326118 ], [ -94.124522616572506, 39.005516511194124 ], [ -94.124958729366, 39.005349015672742 ], [ -94.125405477449775, 39.005199556727504 ], [ -94.125861636593527, 39.005068543897202 ], [ -94.126325956801807, 39.004956336172555 ], [ -94.126797165736704, 39.004863241013453 ], [ -94.127273972201763, 39.00478951350734 ], [ -94.127755069677079, 39.004735355670732 ], [ -94.128239139896266, 39.004700915896358 ], [ -94.128724856455605, 39.004686288546949 ], [ -94.129210888445115, 39.004691513696955 ], [ -94.129695904092145, 39.004716577022876 ], [ -94.130178574407154, 39.004761409842622 ], [ -94.13065757682196, 39.004825889303518 ], [ -94.131131598810484, 39.004909838718724 ], [ -94.131599341482044, 39.005013028051039 ], [ -94.132059523137414, 39.005135174542694 ], [ -94.132510882778149, 39.005275943489558 ], [ -94.132952183559183, 39.005434949157532 ], [ -94.133382216175718, 39.005611755838643 ], [ -94.133799802174877, 39.005805879044154 ], [ -94.134203797183147, 39.006016786830948 ], [ -94.134593094040852, 39.006243901258188 ], [ -94.134966625834991, 39.006486599969875 ], [ -94.13532336882227, 39.006744217898948 ], [ -94.135662345234195, 39.007016049088556 ], [ -94.135982625956615, 39.007301348625433 ], [ -94.136283333076435, 39.007599334679689 ], [ -94.136563642288365, 39.007909190646323 ], [ -94.136822785155331, 39.008230067381554 ], [ -94.137060051215983, 39.008561085528804 ], [ -94.13727478993404, 39.008901337927227 ], [ -94.137466412483448, 39.00924989209679 ], [ -94.137634393365104, 39.009605792792676 ], [ -94.137778271850124, 39.009968064622214 ], [ -94.137897653246071, 39.010335714717336 ], [ -94.137992209982372, 39.01070773545473 ], [ -94.13806168251206, 39.01108310721694 ], [ -94.138105880027297, 39.011460801186317 ], [ -94.138124680986536, 39.011839782164351 ], [ -94.138118033452159, 39.012219011408703 ], [ -94.138085955237131, 39.012597449480175 ], [ -94.138028533860734, 39.012974059091654 ], [ -94.137945926313137, 39.013347807951462 ], [ -94.137838358629381, 39.013717671593071 ], [ -94.137706125274079, 39.014082636183673 ], [ -94.137549588338473, 39.014441701303667 ], [ -94.137369176551658, 39.014793882689567 ], [ -94.137165384109238, 39.015138214932861 ], [ -94.136938769321873, 39.015473754127221 ], [ -94.136689953088123, 39.015799580456907 ], [ -94.136419617195116, 39.0161148007194 ], [ -94.136128502452024, 39.016418550774986 ], [ -94.13581740666136, 39.01670999791699 ], [ -94.135487182433621, 39.01698834315566 ], [ -94.135138734851182, 39.017252823409926 ], [ -94.134773018988014, 39.017502713600621 ], [ -94.134391037291849, 39.017737328639591 ], [ -94.133993836835998, 39.017956025309232 ], [ -94.133582506448477, 39.018158204027124 ], [ -94.133158173726187, 39.018343310491154 ], [ -94.132722001942355, 39.018510837200395 ], [ -94.132275186855892, 39.018660324847566 ], [ -94.131818953431178, 39.018791363579453 ], [ -94.131354552477504, 39.018903594121547 ], [ -94.130883257217434, 39.018996708763922 ], [ -94.130406359793227, 39.01907045220576 ], [ -94.129925167721368, 39.019124622255866 ], [ -94.129441000304638, 39.019159070387744 ], [ -94.128955185011677, 39.01917370214705 ], [ -94.128469053834237, 39.019168477411085 ], [ -94.127983939631676, 39.019143410498742 ], [ -94.12750117247333, 39.019098570131469 ], [ -94.127022075988421, 39.019034079244598 ], [ -94.126547963733657, 39.018950114650153 ], [ -94.126080135588751, 39.018846906551651 ], [ -94.125619874189326, 39.018724737912457 ], [ -94.125168441407553, 39.018583943679381 ], [ -94.124727074889861, 39.018424909863541 ], [ -94.124296984661243, 39.018248072481285 ], [ -94.12387934980579, 39.018053916357765 ], [ -94.123475315232326, 39.017842973796725 ], [ -94.123085988533987, 39.017615823120003 ], [ -94.122712436950707, 39.017373087080763 ], [ -94.122355684442596, 39.017115431155013 ], [ -94.122016708882484, 39.016843561715909 ], [ -94.121696439375157, 39.016558224095817 ], [ -94.121395753710857, 39.016260200541829 ], [ -94.121115475959797, 39.015950308069833 ], [ -94.12085637421437, 39.015629396223559 ], [ -94.120619158485354, 39.015298344744259 ], [ -94.120404478757635, 39.014958061158005 ], [ -94.1202129232109, 39.014609478286495 ], [ -94.12004501661022, 39.014253551689031 ], [ -94.119901218870595, 39.01389125704204 ], [ -94.11978192379982, 39.013523587463638 ], [ -94.119687458022668, 39.013151550790532 ], [ -94.119618080089523, 39.012776166814817 ], [ -94.119573979771829, 39.012398464487958 ], [ -94.119555277546169, 39.012019479100019 ] ] ] } },
{ "type": "Feature", "properties": { }, "geometry": { "type": "Polygon", "coordinates": [ [ [ -94.546013898947038, 39.111203677272115 ], [ -94.546018355554537, 39.110824473016635 ], [ -94.546048279738443, 39.110445970136048 ], [ -94.546103589071052, 39.110069206069284 ], [ -94.546184131552153, 39.109695213472904 ], [ -94.54628968603005, 39.109325017390979 ], [ -94.546419962811939, 39.108959632446016 ], [ -94.546574604462094, 39.1086000600585 ], [ -94.546753186785466, 39.108247285703037 ], [ -94.546955219994032, 39.107902276208037 ], [ -94.547180150052554, 39.107565977106958 ], [ -94.54742736020026, 39.107239310047873 ], [ -94.547696172643967, 39.106923170268573 ], [ -94.547985850418129, 39.106618424144386 ], [ -94.548295599406671, 39.106325906814916 ], [ -94.548624570521014, 39.106046419896778 ], [ -94.548971862028367, 39.105780729287893 ], [ -94.549336522023722, 39.105529563070107 ], [ -94.549717551039095, 39.105293609515201 ], [ -94.550113904782521, 39.105073515200118 ], [ -94.550524496999458, 39.104869883236496 ], [ -94.550948202448822, 39.104683271619166 ], [ -94.551383859985393, 39.104514191698343 ], [ -94.551830275740187, 39.104363106779651 ], [ -94.552286226390223, 39.104230430855552 ], [ -94.552750462508513, 39.10411652747203 ], [ -94.553221711985401, 39.104021708733328 ], [ -94.553698683511755, 39.103946234447449 ], [ -94.554180070114384, 39.103890311415128 ], [ -94.554664552734366, 39.103854092863628 ], [ -94.555150803838217, 39.103837678027396 ], [ -94.555637491052209, 39.103841111876463 ], [ -94.5561232808098, 39.10386438499345 ], [ -94.556606842002466, 39.103907433599446 ], [ -94.55708684962363, 39.103970139728624 ], [ -94.557561988396046, 39.104052331551401 ], [ -94.558030956372662, 39.104153783844843 ], [ -94.55849246850093, 39.104274218609348 ], [ -94.5589452601413, 39.10441330582983 ], [ -94.559388090529765, 39.104570664379331 ], [ -94.55981974617535, 39.104745863062497 ], [ -94.560239044183206, 39.104938421796241 ], [ -94.56064483549423, 39.105147812924244 ], [ -94.561036008032175, 39.105373462661774 ], [ -94.561411489749986, 39.105614752666845 ], [ -94.56177025156677, 39.105871021733414 ], [ -94.562111310187447, 39.106141567601966 ], [ -94.562433730797423, 39.106425648882791 ], [ -94.562736629624766, 39.106722487086216 ], [ -94.563019176363085, 39.107031268754724 ], [ -94.563280596448053, 39.107351147690913 ], [ -94.563520173182042, 39.10768124727511 ], [ -94.563737249700083, 39.108020662866636 ], [ -94.563931230772624, 39.108368464281746 ], [ -94.564101584439598, 39.108723698341826 ], [ -94.564247843471477, 39.109085391484605 ], [ -94.564369606653159, 39.109452552431513 ], [ -94.564466539887334, 39.10982417490353 ], [ -94.564538377114076, 39.110199240378478 ], [ -94.564584921044158, 39.11057672088193 ], [ -94.564606043704075, 39.110955581804276 ], [ -94.56460168679115, 39.11133478473603 ], [ -94.564571861837905, 39.111713290313823 ], [ -94.564516650184814, 39.112090061069189 ], [ -94.564436202761883, 39.112464064272288 ], [ -94.564330739679363, 39.112834274762818 ], [ -94.56420054962868, 39.113199677760448 ], [ -94.56404598909532, 39.113559271646871 ], [ -94.5638674813856, 39.113912070711955 ], [ -94.563665515470078, 39.114257107856545 ], [ -94.56344064464669, 39.114593437244245 ], [ -94.563193485027242, 39.114920136895194 ], [ -94.562924713851288, 39.115236311214481 ], [ -94.562635067632257, 39.115541093448378 ], [ -94.56232534014049, 39.115833648061617 ], [ -94.561996380229047, 39.116113173029127 ], [ -94.561649089507995, 39.116378902036111 ], [ -94.561284419873715, 39.116630106580004 ], [ -94.560903370899766, 39.116866097969123 ], [ -94.560506987096829, 39.117086229212013 ], [ -94.560096355048742, 39.117289896792443 ], [ -94.559672600433018, 39.117476542325377 ], [ -94.559236884933554, 39.117645654088975 ], [ -94.558790403054374, 39.117796768428761 ], [ -94.558334378842957, 39.117929471029917 ], [ -94.557870062532189, 39.118043398054191 ], [ -94.557398727110368, 39.118138237138339 ], [ -94.55692166482828, 39.118213728251412 ], [ -94.556440183653422, 39.118269664408331 ], [ -94.555955603680871, 39.118305892238055 ], [ -94.555469253510736, 39.118322312404466 ], [ -94.554982466602155, 39.118318879879133 ], [ -94.554496577613889, 39.118295604064912 ], [ -94.554012918741719, 39.118252548770343 ], [ -94.553532816062358, 39.118189832034417 ], [ -94.553057585894564, 39.118107625803027 ], [ -94.552588531186771, 39.118006155456932 ], [ -94.552126937941694, 39.117885699193522 ], [ -94.551674071687657, 39.117746587263412 ], [ -94.551231174006162, 39.11758920106432 ], [ -94.550799459125443, 39.117413972094518 ], [ -94.550380110589316, 39.117221380768932 ], [ -94.549974278010552, 39.117011955100928 ], [ -94.549583073917475, 39.116786269253694 ], [ -94.54920757070289, 39.116544941964854 ], [ -94.548848797683206, 39.116288634848914 ], [ -94.548507738276257, 39.116018050582262 ], [ -94.54818532730522, 39.115733930975324 ], [ -94.54788244843644, 39.115437054937679 ], [ -94.547599931757659, 39.115128236341356 ], [ -94.547338551503813, 39.114808321788381 ], [ -94.547099023936184, 39.114478188288579 ], [ -94.54688200538105, 39.114138740854294 ], [ -94.546688090432895, 39.113790910018096 ], [ -94.546517810327316, 39.113435649280945 ], [ -94.546371631487901, 39.113073932497407 ], [ -94.546249954251138, 39.11270675120506 ], [ -94.546153111772696, 39.112335111905843 ], [ -94.54608136911817, 39.111960033306296 ], [ -94.546034922540656, 39.111582543524634 ], [ -94.546013898947038, 39.111203677272115 ] ] ] } },
{ "type": "Feature", "properties": { }, "geometry": { "type": "Polygon", "coordinates": [ [ [ -94.524624533256002, 39.105661957291794 ], [ -94.524629105179599, 39.105282751230284 ], [ -94.524659142621744, 39.104904251262646 ], [ -94.524714562844466, 39.104527494819671 ], [ -94.524795213543811, 39.104153514536812 ], [ -94.524900873271633, 39.103783335424232 ], [ -94.525031252046915, 39.10341797205777 ], [ -94.525185992154661, 39.103058425798615 ], [ -94.525364669130227, 39.102705682049617 ], [ -94.525566792926426, 39.102360707555206 ], [ -94.525791809260127, 39.102024447752797 ], [ -94.526039101134387, 39.101697824182637 ], [ -94.526307990532359, 39.101381731963279 ], [ -94.526597740277964, 39.101077037339621 ], [ -94.526907556058177, 39.100784575310129 ], [ -94.52723658860171, 39.100505147339774 ], [ -94.527583936007744, 39.100239519164973 ], [ -94.52794864621842, 39.099988418696441 ], [ -94.528329719628431, 39.099752534025818 ], [ -94.528726111824426, 39.099532511541305 ], [ -94.529136736446759, 39.099328954157741 ], [ -94.529560468165798, 39.09914241966564 ], [ -94.529996145764528, 39.098973419203972 ], [ -94.530442575319213, 39.09882241586066 ], [ -94.530898533469198, 39.098689823404783 ], [ -94.531362770767103, 39.098576005153667 ], [ -94.531834015100145, 39.09848127297834 ], [ -94.53231097517336, 39.098405886449818 ], [ -94.532792344044964, 39.098350052128438 ], [ -94.53327680270462, 39.098313922998479 ], [ -94.533763023684529, 39.098297598049506 ], [ -94.534249674693399, 39.09830112200536 ], [ -94.534735422263836, 39.098324485201871 ], [ -94.535218935402824, 39.098367623613392 ], [ -94.535698889235249, 39.098430419028169 ], [ -94.536173968631147, 39.098512699372023 ], [ -94.536642871805938, 39.098614239179547 ], [ -94.537104313884441, 39.098734760211414 ], [ -94.53755703041881, 39.09887393221625 ], [ -94.537999780850555, 39.099031373834812 ], [ -94.538431351907576, 39.099206653644117 ], [ -94.538850560926534, 39.099399291338862 ], [ -94.539256259091843, 39.099608759046347 ], [ -94.539647334582256, 39.099834482771982 ], [ -94.540022715616331, 39.100075843971013 ], [ -94.540381373388783, 39.100332181242251 ], [ -94.540722324889373, 39.100602792139256 ], [ -94.541044635596791, 39.100886935094032 ], [ -94.541347422040019, 39.101183831447784 ], [ -94.541629854220346, 39.101492667583585 ], [ -94.541891157887235, 39.101812597154606 ], [ -94.542130616661794, 39.102142743402318 ], [ -94.542347574002193, 39.10248220155799 ], [ -94.542541435005319, 39.102830041321099 ], [ -94.542711668040042, 39.103185309407763 ], [ -94.542857806207323, 39.103547032162311 ], [ -94.542979448623257, 39.103914218224794 ], [ -94.543076261521435, 39.104285861247178 ], [ -94.543147979171763, 39.104660942650796 ], [ -94.543194404612734, 39.105038434417366 ], [ -94.543215410195685, 39.105417301906208 ], [ -94.543210937938909, 39.10579650668965 ], [ -94.543180999691202, 39.106175009399074 ], [ -94.543125677103689, 39.106551772573688 ], [ -94.543045121410657, 39.106925763504229 ], [ -94.542939553019295, 39.107295957063897 ], [ -94.542809260909934, 39.107661338518589 ], [ -94.542654601848071, 39.108020906308909 ], [ -94.542475999410371, 39.10837367479612 ], [ -94.542273942827336, 39.108718676964749 ], [ -94.542048985645749, 39.109054967074201 ], [ -94.541801744214453, 39.109381623252155 ], [ -94.541532895997605, 39.109697750022789 ], [ -94.541243177720148, 39.110002480762667 ], [ -94.540933383350279, 39.110294980077633 ], [ -94.540604361924721, 39.110574446094205 ], [ -94.540257015222522, 39.110840112659133 ], [ -94.539892295293811, 39.111091251441067 ], [ -94.539511201850331, 39.111327173928608 ], [ -94.539114779524994, 39.111547233319236 ], [ -94.538704115007477, 39.111750826293758 ], [ -94.538280334064552, 39.111937394671706 ], [ -94.537844598452523, 39.112106426942859 ], [ -94.537398102730748, 39.112257459670772 ], [ -94.536942070984807, 39.112390078764456 ], [ -94.536477753468432, 39.112503920614699 ], [ -94.536006423173262, 39.112598673091895 ], [ -94.535529372336143, 39.112674076402648 ], [ -94.535047908893233, 39.112729923802739 ], [ -94.534563352890999, 39.112766062164589 ], [ -94.534077032863806, 39.112782392397492 ], [ -94.533590282188086, 39.112778869719712 ], [ -94.533104435423212, 39.112755503781393 ], [ -94.532620824649015, 39.112712358638241 ], [ -94.532140775810291, 39.112649552575789 ], [ -94.531665605077919, 39.112567257784839 ], [ -94.531196615237192, 39.1124656998891 ], [ -94.530735092112806, 39.11234515732604 ], [ -94.5302823010406, 39.11220596058299 ], [ -94.529839483395662, 39.112048491290217 ], [ -94.529407853186541, 39.111873181173856 ], [ -94.528988593724634, 39.111680510871331 ], [ -94.528582854378172, 39.111471008612568 ], [ -94.52819174741964, 39.111245248770707 ], [ -94.527816344975221, 39.111003850286203 ], [ -94.527457676084779, 39.11074747496874 ], [ -94.527116723880354, 39.110476825681623 ], [ -94.526794422891001, 39.110192644413445 ], [ -94.526491656481227, 39.109895710242768 ], [ -94.52620925443027, 39.109586837200851 ], [ -94.52594799065858, 39.10926687203888 ], [ -94.525708581107892, 39.108936691905313 ], [ -94.525491681780792, 39.108597201940157 ], [ -94.525297886944756, 39.108249332792433 ], [ -94.525127727505975, 39.107894038067982 ], [ -94.524981669557164, 39.107532291714328 ], [ -94.524860113103358, 39.107165085349955 ], [ -94.524763390969085, 39.106793425545327 ], [ -94.524691767890076, 39.106418331063004 ], [ -94.524645439791655, 39.106040830064558 ], [ -94.524624533256002, 39.105661957291794 ] ] ] } },
{ "type": "Feature", "properties": { }, "geometry": { "type": "Polygon", "coordinates": [ [ [ -94.438736484541195, 39.088035066030145 ], [ -94.438741518613028, 39.087655853530542 ], [ -94.438772011575566, 39.087277366029852 ], [ -94.438827879442798, 39.086900640923901 ], [ -94.438908968684444, 39.086526710761575 ], [ -94.439015056651115, 39.086156600414967 ], [ -94.439145852188929, 39.08579132427078 ], [ -94.439300996441546, 39.085431883450546 ], [ -94.439480063837678, 39.085079263067556 ], [ -94.439682563261272, 39.084734429527614 ], [ -94.439907939400769, 39.084398327881381 ], [ -94.440155574274428, 39.084071879235232 ], [ -94.440424788926606, 39.083755978227991 ], [ -94.440714845291069, 39.083451490580259 ], [ -94.441024948215841, 39.083159250723035 ], [ -94.441354247643972, 39.082880059512306 ], [ -94.441701840944489, 39.082614682035555 ], [ -94.442066775386948, 39.082363845516475 ], [ -94.442448050752731, 39.082128237323424 ], [ -94.442844622076223, 39.08190850308705 ], [ -94.44325540250793, 39.081705244932444 ], [ -94.443679266292307, 39.081519019830381 ], [ -94.444115051851313, 39.081350338072269 ], [ -94.444561564966193, 39.08119966187305 ], [ -94.445017582048038, 39.081067404105639 ], [ -94.445481853488559, 39.080953927170683 ], [ -94.44595310708192, 39.08085954200439 ], [ -94.446430051508074, 39.080784507227293 ], [ -94.446911379868396, 39.080729028436345 ], [ -94.447395773263679, 39.080693257642103 ], [ -94.447881904404866, 39.080677292852712 ], [ -94.448368441246743, 39.080681177805609 ], [ -94.448854050634466, 39.080704901847916 ], [ -94.449337401953215, 39.08074839996565 ], [ -94.449817170770842, 39.080811552961855 ], [ -94.450292042463701, 39.080894187782931 ], [ -94.450760715815591, 39.080996077992509 ], [ -94.451221906580301, 39.081116944391454 ], [ -94.451674350997706, 39.081256455782288 ], [ -94.452116809254036, 39.08141422987601 ], [ -94.452548068876709, 39.081589834338828 ], [ -94.452966948054708, 39.081782787975889 ], [ -94.45337229887518, 39.081992562048811 ], [ -94.453763010467526, 39.082218581723509 ], [ -94.4541380120463, 39.082460227644169 ], [ -94.454496275844903, 39.082716837629256 ], [ -94.454836819931543, 39.082987708484801 ], [ -94.45515871090025, 39.083272097930184 ], [ -94.455461066429152, 39.083569226630836 ], [ -94.455743057699408, 39.083878280332677 ], [ -94.456003911667793, 39.084198412092242 ], [ -94.456242913186941, 39.084528744596398 ], [ -94.456459406967312, 39.084868372565452 ], [ -94.45665279937549, 39.085216365232881 ], [ -94.456822560063983, 39.085571768895122 ], [ -94.456968223427751, 39.085933609524261 ], [ -94.457089389883805, 39.086300895436615 ], [ -94.457185726969968, 39.086672620009757 ], [ -94.457256970260062, 39.087047764440747 ], [ -94.45730292409273, 39.087425300537831 ], [ -94.457323462111987, 39.087804193538027 ], [ -94.457318527617943, 39.08818340494301 ], [ -94.457288133726692, 39.088561895365231 ], [ -94.457232363338761, 39.088938627376862 ], [ -94.457151368916485, 39.089312568353328 ], [ -94.457045372070311, 39.089682693304056 ], [ -94.456914662955853, 39.090047987682368 ], [ -94.456759599482567, 39.090407450166929 ], [ -94.456580606336686, 39.090760095407113 ], [ -94.456378173820795, 39.09110495672472 ], [ -94.456152856513341, 39.091441088764824 ], [ -94.455905271751547, 39.091767570088003 ], [ -94.455636097942005, 39.092083505697431 ], [ -94.455346072703435, 39.092388029493414 ], [ -94.455035990846838, 39.092680306648859 ], [ -94.454706702198308, 39.092959535899169 ], [ -94.454359109270698, 39.093224951740083 ], [ -94.453994164790416, 39.09347582652758 ], [ -94.453612869086015, 39.093711472474034 ], [ -94.453216267345979, 39.09393124353516 ], [ -94.452805446753018, 39.094134537182384 ], [ -94.452381533502717, 39.094320796056095 ], [ -94.451945689715046, 39.094489509494863 ], [ -94.451499110246758, 39.094640214936668 ], [ -94.451043019413731, 39.094772499188167 ], [ -94.450578667632286, 39.094885999558564 ], [ -94.450107327988491, 39.094980404854901 ], [ -94.449630292745184, 39.095055456236111 ], [ -94.449148869795977, 39.095110947923281 ], [ -94.448664379076448, 39.095146727764558 ], [ -94.448178148941935, 39.095162697652704 ], [ -94.447691512522269, 39.095158813794427 ], [ -94.447205804063273, 39.095135086830581 ], [ -94.446722355265209, 39.095091581807182 ], [ -94.446242491628226, 39.095028417996843 ], [ -94.445767528814855, 39.094945768571641 ], [ -94.445298769039596, 39.094843860127938 ], [ -94.444837497495556, 39.094722972064673 ], [ -94.444384978827884, 39.094583435816652 ], [ -94.44394245366388, 39.094425633945221 ], [ -94.44351113520915, 39.094249999088547 ], [ -94.443092205919285, 39.094057012774456 ], [ -94.442686814256177, 39.093847204099333 ], [ -94.442296071537967, 39.093621148276412 ], [ -94.441921048891018, 39.093379465057517 ], [ -94.441562774312828, 39.093122817032864 ], [ -94.441222229853253, 39.092851907813134 ], [ -94.440900348922398, 39.092567480099341 ], [ -94.4405980137321, 39.09227031364528 ], [ -94.440316052878387, 39.091961223118695 ], [ -94.44005523907127, 39.091641055866511 ], [ -94.439816287018047, 39.091310689590706 ], [ -94.439599851466355, 39.090971029941009 ], [ -94.43940652541157, 39.09062300803101 ], [ -94.439236838474272, 39.090267577884667 ], [ -94.43909125545143, 39.08990571382008 ], [ -94.438970175045796, 39.089538407777681 ], [ -94.438873928776786, 39.089166666600448 ], [ -94.438802780075562, 39.088791509273229 ], [ -94.438756923567155, 39.08841396412911 ], [ -94.438736484541195, 39.088035066030145 ] ] ] } },
{ "type": "Feature", "properties": { }, "geometry": { "type": "Polygon", "coordinates": [ [ [ -94.515440875452228, 38.903780701988154 ], [ -94.515445518638671, 38.903401482877527 ], [ -94.515475554947031, 38.903022973330039 ], [ -94.515530901646542, 38.902646210802764 ], [ -94.515611406638769, 38.902272227948032 ], [ -94.51571684887891, 38.901902049783359 ], [ -94.515846938985803, 38.901536690882374 ], [ -94.516001320039294, 38.901177152594556 ], [ -94.516179568562251, 38.900824420301518 ], [ -94.516381195684986, 38.900479460717015 ], [ -94.516605648488522, 38.90014321923838 ], [ -94.516852311523024, 38.899816617356535 ], [ -94.517120508497413, 38.899500550131542 ], [ -94.51740950413523, 38.899195883740781 ], [ -94.517718506191841, 38.898903453106421 ], [ -94.518046667627274, 38.898624059608473 ], [ -94.518393088928903, 38.89835846888996 ], [ -94.518756820577366, 38.898107408760097 ], [ -94.519136865649244, 38.897871567201086 ], [ -94.519532182549071, 38.897651590484067 ], [ -94.519941687863366, 38.897448081399538 ], [ -94.520364259328886, 38.8972615976067 ], [ -94.520798738906876, 38.897092650106558 ], [ -94.521243935954985, 38.896941701842835 ], [ -94.521698630488132, 38.896809166434487 ], [ -94.522161576519466, 38.896695407043318 ], [ -94.522631505472276, 38.896600735379742 ], [ -94.52310712965344, 38.896525410849506 ], [ -94.523587145779118, 38.896469639843524 ], [ -94.524070238542933, 38.896433575172949 ], [ -94.5245550842169, 38.896417315650972 ], [ -94.525040354275291, 38.896420905822282 ], [ -94.525524719031779, 38.896444335841259 ], [ -94.526006851279405, 38.896487541499049 ], [ -94.526485429924008, 38.896550404399392 ], [ -94.526959143600962, 38.896632752282855 ], [ -94.527426694265245, 38.896734359498488 ], [ -94.527886800745222, 38.896854947621719 ], [ -94.528338202250453, 38.896994186216631 ], [ -94.528779661823748, 38.897151693740732 ], [ -94.529209969728299, 38.897327038589658 ], [ -94.529627946760513, 38.897519740278902 ], [ -94.5300324474794, 38.897729270759413 ], [ -94.530422363344059, 38.897955055863534 ], [ -94.530796625750142, 38.898196476877217 ], [ -94.531154208957446, 38.898452872234266 ], [ -94.531494132900519, 38.898723539327854 ], [ -94.531815465874345, 38.899007736434854 ], [ -94.532117327088116, 38.899304684746916 ], [ -94.532398889079843, 38.899613570503554 ], [ -94.532659379985219, 38.899933547220854 ], [ -94.532898085654679, 38.90026373800999 ], [ -94.533114351612497, 38.900603237979155 ], [ -94.533307584852892, 38.900951116712235 ], [ -94.533477255468028, 38.90130642081769 ], [ -94.53362289810336, 38.901668176540269 ], [ -94.533744113236409, 38.902035392428985 ], [ -94.533840568275465, 38.902407062053442 ], [ -94.533911998474878, 38.902782166761504 ], [ -94.533958207664966, 38.903159678470644 ], [ -94.533979068793698, 38.903538562485231 ], [ -94.533974524279401, 38.90391778033208 ], [ -94.53394458617295, 38.904296292606745 ], [ -94.533889336129235, 38.904673061822244 ], [ -94.533808925187671, 38.905047055252965 ], [ -94.533703573362644, 38.905417247765541 ], [ -94.533573569044677, 38.90578262462914 ], [ -94.533419268214061, 38.906142184297465 ], [ -94.533241093468916, 38.906494941154648 ], [ -94.533039532870646, 38.906839928217835 ], [ -94.532815138609379, 38.907176199788609 ], [ -94.532568525493531, 38.907502834046348 ], [ -94.532300369267276, 38.907818935576302 ], [ -94.532011404760624, 38.908123637825192 ], [ -94.531702423877107, 38.90841610547804 ], [ -94.531374273424746, 38.908695536749207 ], [ -94.53102785279583, 38.908961165581829 ], [ -94.530664111502333, 38.909212263749104 ], [ -94.530284046573371, 38.909448142852092 ], [ -94.529888699821967, 38.909668156208298 ], [ -94.52947915498865, 38.909871700625814 ], [ -94.529056534769623, 38.910058218058317 ], [ -94.528621997737829, 38.910227197136258 ], [ -94.52817673516509, 38.910378174569907 ], [ -94.527721967754374, 38.910510736420719 ], [ -94.527258942290999, 38.910624519237217 ], [ -94.526788928221947, 38.910719211052296 ], [ -94.526313214172916, 38.910794552239444 ], [ -94.525833104412314, 38.910850336225252 ], [ -94.525349915272429, 38.910886410056314 ], [ -94.52486497153717, 38.910902674819148 ], [ -94.524379602806619, 38.910899085911616 ], [ -94.523895139848207, 38.910875653165462 ], [ -94.523412910944813, 38.910832440819462 ], [ -94.522934238249533, 38.910769567343124 ], [ -94.522460434157466, 38.910687205111756 ], [ -94.521992797704243, 38.91058557993351 ], [ -94.521532611001405, 38.910464970429778 ], [ -94.521081135718333, 38.910325707270708 ], [ -94.520639609620574, 38.910168172267923 ], [ -94.520209243173753, 38.909992797326858 ], [ -94.519791216222913, 38.909800063261727 ], [ -94.519386674755879, 38.909590498476256 ], [ -94.518996727760069, 38.909364677513985 ], [ -94.518622444180892, 38.909123219481813 ], [ -94.518264849990501, 38.908866786351574 ], [ -94.517924925374743, 38.908596081143862 ], [ -94.517603602045952, 38.908311845999442 ], [ -94.517301760689264, 38.90801486014341 ], [ -94.517020228549129, 38.907705937747572 ], [ -94.516759777162761, 38.907385925697298 ], [ -94.516521120246807, 38.907055701268483 ], [ -94.516304911742793, 38.906716169721548 ], [ -94.516111744027029, 38.906368261818535 ], [ -94.515942146289461, 38.906012931270617 ], [ -94.515796583086185, 38.905651152122715 ], [ -94.515675453069363, 38.905283916082489 ], [ -94.515579087898203, 38.904912229801127 ], [ -94.515507751333672, 38.904537112113239 ], [ -94.515461638519668, 38.904159591243584 ], [ -94.515440875452228, 38.903780701988154 ] ] ] } },
{ "type": "Feature", "properties": { }, "geometry": { "type": "Polygon", "coordinates": [ [ [ -94.51411445296624, 38.953070724432578 ], [ -94.514119097845338, 38.952691508268209 ], [ -94.514149153444563, 38.952313001599109 ], [ -94.514204536979292, 38.951936241874414 ], [ -94.514285096249154, 38.951562261738758 ], [ -94.514390610059621, 38.951192086202028 ], [ -94.514520788832499, 38.950826729830553 ], [ -94.514675275403746, 38.950467193966738 ], [ -94.514853646006216, 38.950114463985351 ], [ -94.515055411434929, 38.94976950659364 ], [ -94.515280018391095, 38.949433267182698 ], [ -94.51552685100188, 38.949106667237551 ], [ -94.515795232510868, 38.948790601812696 ], [ -94.516084427135496, 38.948485937080335 ], [ -94.516393642085347, 38.948193507957789 ], [ -94.516722029736826, 38.947914115820687 ], [ -94.517068689957128, 38.947648526308036 ], [ -94.517432672572085, 38.947397467225478 ], [ -94.517812979970529, 38.947161626552059 ], [ -94.518208569838194, 38.946941650556234 ], [ -94.51861835801374, 38.946738142026263 ], [ -94.519041221459062, 38.946551658619576 ], [ -94.519476001335619, 38.946382711335893 ], [ -94.519921506178562, 38.946231763118135 ], [ -94.520376515159853, 38.946099227584945 ], [ -94.520839781431548, 38.945985467898275 ], [ -94.52131003553994, 38.945890795769209 ], [ -94.521785988901584, 38.945815470604657 ], [ -94.522266337331288, 38.945759698797183 ], [ -94.522749764612811, 38.94572363316005 ], [ -94.523234946102235, 38.945707372509069 ], [ -94.523720552354419, 38.945710961391974 ], [ -94.524205252762499, 38.945734389966759 ], [ -94.5246877192005, 38.945777594028506 ], [ -94.525166629659282, 38.945840455185483 ], [ -94.525640671865645, 38.945922801183052 ], [ -94.52610854687498, 38.946024406375621 ], [ -94.52656897262753, 38.94614499234428 ], [ -94.527020687458474, 38.946284228659209 ], [ -94.527462453552602, 38.946441733784376 ], [ -94.527893060333568, 38.94661707612218 ], [ -94.528311327779122, 38.946809775195227 ], [ -94.528716109652819, 38.94701930296192 ], [ -94.529106296643434, 38.947245085262281 ], [ -94.529480819403815, 38.947486503390216 ], [ -94.529838651480304, 38.947742895787691 ], [ -94.530178812125385, 38.948013559856314 ], [ -94.530500368985273, 38.948297753881477 ], [ -94.53080244065535, 38.94859469906357 ], [ -94.53108419909654, 38.948903581650946 ], [ -94.531344871905773, 38.949223555168636 ], [ -94.531583744434471, 38.949553742736867 ], [ -94.531800161749018, 38.949893239472821 ], [ -94.531993530428181, 38.950241114969508 ], [ -94.532163320192225, 38.950596415844423 ], [ -94.532309065359257, 38.950958168351377 ], [ -94.532430366124956, 38.951325381048335 ], [ -94.532526889662023, 38.95169704751374 ], [ -94.532598371036158, 38.952072149104261 ], [ -94.532644613936441, 38.952449657745959 ], [ -94.532665491217443, 38.952828538751611 ], [ -94.532660945252303, 38.953207753656372 ], [ -94.532630988094823, 38.953586263063791 ], [ -94.532575701451108, 38.953963029494723 ], [ -94.532495236459965, 38.954337020231101 ], [ -94.532389813283004, 38.954707210146822 ], [ -94.53225972050538, 38.955072584518092 ], [ -94.532105314348996, 38.955432141805247 ], [ -94.531927017699914, 38.955784896398804 ], [ -94.531725318952908, 38.956129881321893 ], [ -94.531500770676132, 38.956466150881759 ], [ -94.531253988099593, 38.956792783263055 ], [ -94.53098564743145, 38.957108883055923 ], [ -94.530696484006867, 38.957413583711592 ], [ -94.530387290274348, 38.957706049919182 ], [ -94.530058913625112, 38.957985479896735 ], [ -94.52971225407137, 38.958251107590677 ], [ -94.529348261780001, 38.95850220477702 ], [ -94.528967934468184, 38.958738083059266 ], [ -94.528572314668381, 38.958958095756891 ], [ -94.528162486869846, 38.959161639679543 ], [ -94.52773957454481, 38.959348156781992 ], [ -94.527304737067354, 38.959517135695371 ], [ -94.526859166533399, 38.959668113130206 ], [ -94.526404084490736, 38.95980067514774 ], [ -94.525940738587792, 38.959914458295856 ], [ -94.525470399150691, 38.960009150606403 ], [ -94.524994355697771, 38.960084492451401 ], [ -94.524513913401307, 38.960140277255526 ], [ -94.524030389505924, 38.960176352063066 ], [ -94.523545109714092, 38.960192617957802 ], [ -94.523059404547965, 38.960189030334512 ], [ -94.522574605698139, 38.960165599021416 ], [ -94.52209204236911, 38.96012238825341 ], [ -94.521613037631596, 38.960059516495747 ], [ -94.521138904791741, 38.959977156119166 ], [ -94.520670943787138, 38.959875532926823 ], [ -94.520210437619752, 38.959754925534803 ], [ -94.519758648835392, 38.959615664607696 ], [ -94.519316816059572, 38.959458131951159 ], [ -94.518886150599201, 38.959282759464436 ], [ -94.518467833119416, 38.95909002795522 ], [ -94.518063010404859, 38.958880465820521 ], [ -94.517672792214213, 38.958654647596845 ], [ -94.5172982482365, 38.958413192383865 ], [ -94.516940405157783, 38.958156762145933 ], [ -94.516600243846128, 38.95788605989604 ], [ -94.516278696662667, 38.957601827767085 ], [ -94.515976644905976, 38.957304844976179 ], [ -94.515694916396924, 38.956995925686975 ], [ -94.515434283210681, 38.956675916776625 ], [ -94.51519545956171, 38.956345695512638 ], [ -94.514979099848063, 38.956006167146995 ], [ -94.514785796859883, 38.955658262433232 ], [ -94.514616080157211, 38.955302935073966 ], [ -94.514470414621442, 38.954941159105566 ], [ -94.514349199184451, 38.954573926227127 ], [ -94.514252765738661, 38.954202243081255 ], [ -94.514181378231271, 38.953827128494105 ], [ -94.514135231944863, 38.953449610681993 ], [ -94.51411445296624, 38.953070724432578 ] ] ] } },
{ "type": "Feature", "properties": { }, "geometry": { "type": "Polygon", "coordinates": [ [ [ -94.585781866564702, 38.975326480144219 ], [ -94.585786126550943, 38.974947270401906 ], [ -94.585815805411954, 38.97456875436243 ], [ -94.585870821395147, 38.974191969501227 ], [ -94.585951023306933, 38.973817948532385 ], [ -94.586056190931473, 38.973447716578306 ], [ -94.586186035638605, 38.973082288360452 ], [ -94.586340201178928, 38.972722665418644 ], [ -94.586518264664235, 38.972369833366749 ], [ -94.58671973773022, 38.972024759192159 ], [ -94.586944067878306, 38.971688388606395 ], [ -94.587190639993182, 38.971361643454259 ], [ -94.587458778031277, 38.971045419188478 ], [ -94.587747746876047, 38.970740582416759 ], [ -94.588056754354824, 38.970447968528042 ], [ -94.588384953411392, 38.970168379404384 ], [ -94.588731444428774, 38.969902581224659 ], [ -94.589095277695392, 38.969651302366316 ], [ -94.589475456008387, 38.969415231410586 ], [ -94.589870937406275, 38.969195015256879 ], [ -94.590280638024112, 38.968991257351384 ], [ -94.59070343506292, 38.96880451603468 ], [ -94.591138169865445, 38.968635303012952 ], [ -94.591583651089735, 38.968484081957058 ], [ -94.592038657971955, 38.968351267232919 ], [ -94.592501943669461, 38.968237222767222 ], [ -94.592972238675046, 38.968142261050986 ], [ -94.59344825429298, 38.968066642284242 ], [ -94.593928686167402, 38.968010573663712 ], [ -94.594412217853403, 38.967974208815548 ], [ -94.594897524421128, 38.96795764737503 ], [ -94.595383276082956, 38.967960934713709 ], [ -94.59586814183389, 38.967984061815457 ], [ -94.59635079309534, 38.968026965301085 ], [ -94.596829907352259, 38.968089527602089 ], [ -94.597304171773615, 38.968171577282455 ], [ -94.597772286806617, 38.968272889508256 ], [ -94.598232969734553, 38.968393186663093 ], [ -94.59868495818877, 38.968532139108333 ], [ -94.599127013605113, 38.968689366085627 ], [ -94.599557924615397, 38.968864436759446 ], [ -94.599976510364698, 38.969056871396759 ], [ -94.600381623745264, 38.969266142680532 ], [ -94.600772154538518, 38.96949167715367 ], [ -94.601147032456126, 38.969732856789307 ], [ -94.601505230072192, 38.969989020683066 ], [ -94.601845765638458, 38.97025946686292 ], [ -94.602167705774619, 38.970543454211658 ], [ -94.602470168026585, 38.970840204496305 ], [ -94.602752323285756, 38.971148904499714 ], [ -94.603013398062359, 38.971468708247627 ], [ -94.603252676606857, 38.971798739326005 ], [ -94.603469502873537, 38.972138093281373 ], [ -94.603663282320923, 38.972485840098599 ], [ -94.603833483543895, 38.97284102674837 ], [ -94.60397963973324, 38.973202679798106 ], [ -94.604101349958327, 38.973569808078999 ], [ -94.604198280269699, 38.973941405401483 ], [ -94.604270164618228, 38.974316453312312 ], [ -94.604316805588326, 38.97469392388539 ], [ -94.604338074943342, 38.97507278253844 ], [ -94.60433391398135, 38.975451990868514 ], [ -94.604304333700497, 38.975830509497804 ], [ -94.604249414773307, 38.976207300922525 ], [ -94.604169307330039, 38.97658133235668 ], [ -94.604064230551458, 38.976951578563181 ], [ -94.603934472072453, 38.977317024664423 ], [ -94.603780387197659, 38.977676668924666 ], [ -94.603602397931496, 38.978029525496453 ], [ -94.60340099182514, 38.978374627123777 ], [ -94.603176720643503, 38.978711027794326 ], [ -94.602930198855873, 38.979037805333647 ], [ -94.602662101954436, 38.979354063934217 ], [ -94.602373164604984, 38.979658936612125 ], [ -94.60206417863516, 38.979951587585035 ], [ -94.601735990865521, 38.980231214564625 ], [ -94.601389500789395, 38.980497050957233 ], [ -94.601025658107972, 38.980748367966726 ], [ -94.600645460127353, 38.98098447659391 ], [ -94.600249949024445, 38.981204729526631 ], [ -94.599840208989676, 38.981408522915736 ], [ -94.599417363253863, 38.981595298031884 ], [ -94.598982571007824, 38.981764542798565 ], [ -94.59853702422285, 38.981915793197139 ], [ -94.598081944381079, 38.982048634540178 ], [ -94.597618579124514, 38.982162702609394 ], [ -94.597148198832045, 38.982257684655096 ], [ -94.59667209313379, 38.982333320254554 ], [ -94.596191567372585, 38.982389402026655 ], [ -94.595707939021935, 38.982425776201097 ], [ -94.595222534070828, 38.982442343040468 ], [ -94.594736683384767, 38.982439057114021 ], [ -94.594251719053673, 38.982415927422451 ], [ -94.593768970736193, 38.982373017373298 ], [ -94.59328976201077, 38.982310444606995 ], [ -94.592815406743441, 38.982228380674201 ], [ -94.592347205482312, 38.982127050564998 ], [ -94.591886441888846, 38.982006732091726 ], [ -94.591434379215457, 38.981867755126586 ], [ -94.590992256839513, 38.981710500696572 ], [ -94.590561286862766, 38.981535399937982 ], [ -94.590142650786234, 38.981342932913471 ], [ -94.589737496269024, 38.981133627294909 ], [ -94.589346933980437, 38.98090805691556 ], [ -94.588972034553876, 38.980666840195738 ], [ -94.588613825650881, 38.98041063844606 ], [ -94.588273289143402, 38.980140154053323 ], [ -94.587951358422032, 38.979856128553443 ], [ -94.587648915837704, 38.979559340597326 ], [ -94.587366790283539, 38.979250603814918 ], [ -94.587105754923869, 38.978930764583382 ], [ -94.586866525076374, 38.978600699705574 ], [ -94.586649756253209, 38.978261314005223 ], [ -94.586456042366521, 38.977913537845325 ], [ -94.586285914103087, 38.977558324576663 ], [ -94.5861398374728, 38.977196647923421 ], [ -94.586018212534611, 38.976829499313055 ], [ -94.585921372303545, 38.976457885157856 ], [ -94.585849581841813, 38.976082824095457 ], [ -94.585803037536337, 38.975705344196115 ], [ -94.585781866564702, 38.975326480144219 ] ] ] } },
{ "type": "Feature", "properties": { }, "geometry": { "type": "Polygon", "coordinates": [ [ [ -94.321520274561209, 38.902385303489481 ], [ -94.321525950078225, 38.902006073543056 ], [ -94.321557017505526, 38.901627595394537 ], [ -94.321613391286533, 38.901250906413239 ], [ -94.321694916508307, 38.900877039048268 ], [ -94.321801369330657, 38.900507017998976 ], [ -94.321932457603822, 38.900141857406787 ], [ -94.322087821673236, 38.899782558076197 ], [ -94.322267035369293, 38.899430104732474 ], [ -94.322469607178888, 38.899085463323559 ], [ -94.322694981595987, 38.898749578373582 ], [ -94.322942540647233, 38.898423370395264 ], [ -94.323211605588241, 38.898107733368143 ], [ -94.323501438766357, 38.897803532289835 ], [ -94.323811245644222, 38.897511600806581 ], [ -94.324140176978872, 38.897232738929944 ], [ -94.324487331150493, 38.896967710845693 ], [ -94.324851756634033, 38.896717242820891 ], [ -94.325232454607331, 38.896482021215029 ], [ -94.325628381688333, 38.896262690600409 ], [ -94.326038452793981, 38.896059851997137 ], [ -94.326461544113016, 38.895874061227367 ], [ -94.326896496184389, 38.895705827393492 ], [ -94.32734211707313, 38.895555611484127 ], [ -94.327797185634665, 38.895423825112054 ], [ -94.328260454858963, 38.895310829387306 ], [ -94.328730655285199, 38.895216933928545 ], [ -94.32920649847766, 38.895142396015459 ], [ -94.329686680553394, 38.895087419884476 ], [ -94.330169885752056, 38.895052156169697 ], [ -94.330654790038068, 38.895036701490575 ], [ -94.331140064725346, 38.895041098187498 ], [ -94.331624380114789, 38.895065334205931 ], [ -94.332106409134369, 38.895109343129498 ], [ -94.332584830972237, 38.895173004361901 ], [ -94.333058334692552, 38.895256143457146 ], [ -94.333525622824453, 38.8953585325972 ], [ -94.333985414914366, 38.895479891215693 ], [ -94.334436451031706, 38.895619886766241 ], [ -94.33487749521872, 38.895778135632824 ], [ -94.335307338874841, 38.8959542041802 ], [ -94.335724804066459, 38.896147609941259 ], [ -94.336128746752863, 38.896357822937944 ], [ -94.33651805991984, 38.896584267132582 ], [ -94.336891676612083, 38.896826322005062 ], [ -94.337248572856282, 38.897083324252122 ], [ -94.33758777046684, 38.897354569603728 ], [ -94.337908339726511, 38.8976393147517 ], [ -94.33820940193479, 38.897936779385347 ], [ -94.338490131816698, 38.89824614832861 ], [ -94.338749759785841, 38.898566573772641 ], [ -94.338987574055082, 38.898897177597966 ], [ -94.339202922589365, 38.899237053779807 ], [ -94.339395214895092, 38.899585270869849 ], [ -94.339563923641194, 38.899940874547973 ], [ -94.339708586107562, 38.90030289023656 ], [ -94.339828805456548, 38.900670325770669 ], [ -94.3399242518243, 38.90104217411637 ], [ -94.339994663228723, 38.901417416130144 ], [ -94.340039846291646, 38.901795023351447 ], [ -94.340059676772995, 38.90217396082118 ], [ -94.340054099915776, 38.902553189917995 ], [ -94.3400231306005, 38.902931671204875 ], [ -94.339966853308866, 38.903308367278093 ], [ -94.339885421896611, 38.90368224561086 ], [ -94.339779059176138, 38.904052281383656 ], [ -94.339648056310068, 38.904417460293729 ], [ -94.339492772017167, 38.904776781335912 ], [ -94.339313631593043, 38.905129259547039 ], [ -94.339111125748019, 38.905473928706741 ], [ -94.338885809265378, 38.905809843986823 ], [ -94.338638299483748, 38.906136084542283 ], [ -94.338369274607686, 38.906451756036631 ], [ -94.338079471850918, 38.906755993094635 ], [ -94.337769685417499, 38.90704796167585 ], [ -94.337440764326374, 38.907326861362272 ], [ -94.337093610085162, 38.907591927553874 ], [ -94.336729174219627, 38.907842433566067 ], [ -94.336348455665728, 38.908077692623195 ], [ -94.335952498030963, 38.90829705974258 ], [ -94.335542386733181, 38.908499933504231 ], [ -94.335119246023964, 38.908685757700717 ], [ -94.334684235905513, 38.908854022863487 ], [ -94.334238548948747, 38.909004267660627 ], [ -94.333783407022125, 38.90913608016286 ], [ -94.333320057939474, 38.909249098973895 ], [ -94.332849772036539, 38.909343014222102 ], [ -94.332373838685569, 38.909417568410994 ], [ -94.331893562757287, 38.909472557125817 ], [ -94.331410261040304, 38.909507829594595 ], [ -94.330925258627701, 38.909523289101969 ], [ -94.330439885280626, 38.909518893254649 ], [ -94.329955471779144, 38.90949465409787 ], [ -94.329473346270177, 38.909450638082383 ], [ -94.328994830622804, 38.909386965882177 ], [ -94.328521236800597, 38.909303812063435 ], [ -94.328053863261601, 38.90920140460549 ], [ -94.327593991395162, 38.90908002427539 ], [ -94.327142882005887, 38.908940003857438 ], [ -94.326701771854317, 38.908781727240076 ], [ -94.326271870263724, 38.908605628362594 ], [ -94.325854355802505, 38.908412190024407 ], [ -94.325450373051154, 38.908201942560481 ], [ -94.32506102946283, 38.907975462386155 ], [ -94.32468739232614, 38.907733370415698 ], [ -94.324330485838431, 38.907476330358847 ], [ -94.323991288297492, 38.907205046899904 ], [ -94.323670729419788, 38.906920263764533 ], [ -94.323369687792137, 38.906622761679621 ], [ -94.323088988463994, 38.906313356231578 ], [ -94.322829400686999, 38.905992895629197 ], [ -94.322591635807925, 38.905662258377134 ], [ -94.32237634532072, 38.905322350866435 ], [ -94.322184119083019, 38.904974104888609 ], [ -94.322015483702003, 38.904618475080319 ], [ -94.321870901093988, 38.904256436305452 ], [ -94.321750767221687, 38.903888980981897 ], [ -94.321655411012443, 38.903517116360383 ], [ -94.32158509346057, 38.903141861762776 ], [ -94.321540006915967, 38.902764245787459 ], [ -94.321520274561209, 38.902385303489481 ] ] ] } },
{ "type": "Feature", "properties": { }, "geometry": { "type": "Polygon", "coordinates": [ [ [ -94.514354452694306, 38.95308074353143 ], [ -94.514359096292523, 38.952701527383603 ], [ -94.514389150615173, 38.952323020678669 ], [ -94.514444532881086, 38.951946260865846 ], [ -94.514525090893414, 38.951572280590007 ], [ -94.514630603461072, 38.951202104861437 ], [ -94.514760781009258, 38.950836748246985 ], [ -94.514915266377272, 38.95047721208973 ], [ -94.515093635801293, 38.950124481765243 ], [ -94.515295400079523, 38.949779523981711 ], [ -94.5155200059164, 38.949443284131306 ], [ -94.515766837442058, 38.949116683700254 ], [ -94.516035217903124, 38.948800617744389 ], [ -94.516324411519861, 38.948495952437362 ], [ -94.516633625504653, 38.948203522698101 ], [ -94.516962012236505, 38.947924129903875 ], [ -94.517308671585155, 38.947658539695539 ], [ -94.517672653378824, 38.947407479880603 ], [ -94.518052960008561, 38.947171638440153 ], [ -94.51844854916223, 38.946951661644732 ], [ -94.518858336680438, 38.946748152284776 ], [ -94.519281199526873, 38.946561668020017 ], [ -94.519715978864639, 38.946392719852504 ], [ -94.520161483230368, 38.946241770727596 ], [ -94.520616491797298, 38.946109234266409 ], [ -94.521079757718638, 38.945995473633431 ], [ -94.521550011541649, 38.945900800542383 ], [ -94.52202596468365, 38.945825474402739 ], [ -94.522506312960076, 38.945769701609777 ], [ -94.522989740155055, 38.945733634979455 ], [ -94.523474921624967, 38.945717373330289 ], [ -94.523960527924672, 38.945720961212778 ], [ -94.524445228447206, 38.945744388787617 ], [ -94.524927695066253, 38.945787591852671 ], [ -94.525406605772218, 38.945850452018881 ], [ -94.525880648291192, 38.945932797034374 ], [ -94.52634852367774, 38.946034401256227 ], [ -94.52680894987104, 38.946154986268184 ], [ -94.527260665205105, 38.946294221643065 ], [ -94.52770243186329, 38.946451725847389 ], [ -94.528133039267757, 38.946627067286087 ], [ -94.528551307394537, 38.946819765484243 ], [ -94.528956090005309, 38.94702929240264 ], [ -94.529346277786857, 38.947255073883618 ], [ -94.529720801389814, 38.947496491223347 ], [ -94.53007863435829, 38.947752882865927 ], [ -94.530418795942282, 38.948023546215062 ], [ -94.530740353785419, 38.948307739558103 ], [ -94.531042426480425, 38.948604684097326 ], [ -94.531324185985412, 38.948913566082851 ], [ -94.531584859894409, 38.949233539041309 ], [ -94.531823733555782, 38.949563726094496 ], [ -94.532040152032849, 38.949903222361009 ], [ -94.532233521901205, 38.950251097435149 ], [ -94.532403312877832, 38.950606397935566 ], [ -94.532549059277528, 38.950968150117099 ], [ -94.532670361292588, 38.951335362538586 ], [ -94.532766886092276, 38.951707028779275 ], [ -94.532838368738879, 38.952082130196395 ], [ -94.53288461291794, 38.952459638716519 ], [ -94.532905491480577, 38.952838519652758 ], [ -94.532900946796346, 38.953217734540459 ], [ -94.532870990915612, 38.953596243983206 ], [ -94.532815705540941, 38.95397301050177 ], [ -94.532735241807671, 38.95434700137784 ], [ -94.532629819873932, 38.95471719148496 ], [ -94.532499728321511, 38.955082566098746 ], [ -94.532345323368929, 38.955442123678949 ], [ -94.532167027898964, 38.955794878615244 ], [ -94.531965330303137, 38.956139863929828 ], [ -94.531740783146475, 38.956476133928867 ], [ -94.531494001655858, 38.956802766795839 ], [ -94.531225662036505, 38.957118867119533 ], [ -94.530936499620694, 38.957423568349704 ], [ -94.530627306854157, 38.957716035173931 ], [ -94.530298931125472, 38.957995465808565 ], [ -94.529952272444305, 38.958261094198207 ], [ -94.529588280975133, 38.958512192116999 ], [ -94.52920795443292, 38.958748071166404 ], [ -94.528812335347965, 38.958968084663809 ], [ -94.528402508207577, 38.959171629416652 ], [ -94.527979596482197, 38.959358147377458 ], [ -94.527544759544256, 38.959527127174972 ], [ -94.527099189488183, 38.959678105517305 ], [ -94.526644107860449, 38.959810668463241 ], [ -94.526180762308343, 38.959924452558084 ], [ -94.525710423157051, 38.96001914583109 ], [ -94.5252343799241, 38.960094488651649 ], [ -94.524753937781142, 38.960150274441745 ], [ -94.524270413972431, 38.960186350242978 ], [ -94.523785134200168, 38.960202617136403 ], [ -94.523299428986462, 38.960199030514048 ], [ -94.52281463002204, 38.960175600201403 ], [ -94.522332066511709, 38.960132390430601 ], [ -94.521853061526684, 38.960069519664174 ], [ -94.521378928373792, 38.959987160270146 ], [ -94.52091096699148, 38.959885538048937 ], [ -94.520450460382747, 38.959764931614032 ], [ -94.519998671094626, 38.959625671627343 ], [ -94.519556837754024, 38.959468139891982 ], [ -94.519126171669356, 38.959292768304628 ], [ -94.518707853507536, 38.959100037670567 ], [ -94.518303030055051, 38.958890476384362 ], [ -94.517912811072591, 38.958664658980197 ], [ -94.51753826625135, 38.958423204555523 ], [ -94.517180422279736, 38.958166775072513 ], [ -94.516840260028275, 38.957896073542088 ], [ -94.516518711860641, 38.957611842095176 ], [ -94.516216659078111, 38.957314859947012 ], [ -94.515934929504425, 38.957005941259524 ], [ -94.515674295217607, 38.956685932908151 ], [ -94.515435470435165, 38.956355712158945 ], [ -94.515219109558288, 38.956016184262403 ], [ -94.515025805380276, 38.955668279970837 ], [ -94.514856087464452, 38.955312952985679 ], [ -94.514710420695522, 38.954951177342295 ], [ -94.514589204008743, 38.95458394473885 ], [ -94.514492769299991, 38.954212261817261 ], [ -94.514421380519934, 38.953837147402986 ], [ -94.514375232954578, 38.953459629711936 ], [ -94.514354452694306, 38.95308074353143 ] ] ] } },
{ "type": "Feature", "properties": { }, "geometry": { "type": "Polygon", "coordinates": [ [ [ -94.453266687023444, 39.010596031782896 ], [ -94.453271650770589, 39.010216815344876 ], [ -94.453302045639973, 39.00983832126682 ], [ -94.453357787916005, 39.009461586962779 ], [ -94.453438724414113, 39.009087645007064 ], [ -94.453544632904993, 39.008717520304373 ], [ -94.453675222728023, 39.008352227281058 ], [ -94.453830135591943, 39.007992767105229 ], [ -94.454008946560847, 39.00764012494362 ], [ -94.454211165222461, 39.007295267262123 ], [ -94.45443623703575, 39.006959139177944 ], [ -94.454683544853751, 39.006632661870398 ], [ -94.454952410617864, 39.006316730057293 ], [ -94.455242097218573, 39.006012209544124 ], [ -94.455551810517619, 39.005719934852415 ], [ -94.455880701526098, 39.005440706934102 ], [ -94.456227868732427, 39.005175290977711 ], [ -94.456592360573779, 39.004924414312853 ], [ -94.456973178044308, 39.004688764418326 ], [ -94.457369277432861, 39.004468987039481 ], [ -94.457779573182805, 39.004265684420027 ], [ -94.458202940866201, 39.004079413652953 ], [ -94.458638220263794, 39.003910685155162 ], [ -94.459084218543069, 39.003759961269928 ], [ -94.459539713525004, 39.003627655001154 ], [ -94.460003457031021, 39.003514128882586 ], [ -94.460474178300942, 39.003419693985393 ], [ -94.460950587472269, 39.003344609066495 ], [ -94.461431379111971, 39.003289079860352 ], [ -94.461915235790343, 39.003253258515713 ], [ -94.462400831687901, 39.003237243179221 ], [ -94.462886836224868, 39.003241077726784 ], [ -94.463371917703881, 39.003264751643535 ], [ -94.463854746955505, 39.003308200052693 ], [ -94.46433400097709, 39.003371303893339 ], [ -94.464808366554564, 39.003453890246305 ], [ -94.465276543857655, 39.003555732807826 ], [ -94.465737249998526, 39.003676552509013 ], [ -94.466189222544244, 39.003816018279984 ], [ -94.46663122297339, 39.003973747956437 ], [ -94.46706204006739, 39.004149309325861 ], [ -94.467480493227484, 39.00434222131112 ], [ -94.467885435707856, 39.004551955287567 ], [ -94.468275757756743, 39.004777936530523 ], [ -94.46865038965619, 39.005019545789068 ], [ -94.469008304652732, 39.005276120981733 ], [ -94.469348521770712, 39.00554695900945 ], [ -94.46967010850058, 39.00583131768115 ], [ -94.469972183354784, 39.006128417746162 ], [ -94.470253918284357, 39.006437445028546 ], [ -94.470514540949367, 39.00675755265685 ], [ -94.470753336837305, 39.007087863383767 ], [ -94.470969651223243, 39.007427471988947 ], [ -94.47116289096661, 39.007775447758711 ], [ -94.471332526139577, 39.008130837035573 ], [ -94.471478091482425, 39.008492665830829 ], [ -94.471599187682287, 39.008859942493132 ], [ -94.47169548247102, 39.009231660425279 ], [ -94.4717667115399, 39.009606800842498 ], [ -94.471812679268112, 39.009984335564006 ], [ -94.471833259263192, 39.010363229830674 ], [ -94.471828394711778, 39.010742445140764 ], [ -94.471798098539793, 39.011120942096177 ], [ -94.471742453381509, 39.011497683251356 ], [ -94.471661611357447, 39.011871635956872 ], [ -94.471555793661821, 39.012241775190311 ], [ -94.471425289960493, 39.012607086366096 ], [ -94.471270457601165, 39.012966568117228 ], [ -94.471091720637702, 39.013319235040584 ], [ -94.470889568671538, 39.013664120399 ], [ -94.470664555513025, 39.014000278772016 ], [ -94.470417297666472, 39.014326788648475 ], [ -94.470148472642961, 39.014642754953734 ], [ -94.469858817105674, 39.014947311504415 ], [ -94.469549124852534, 39.015239623384126 ], [ -94.469220244641832, 39.015518889233498 ], [ -94.468873077866874, 39.015784343448445 ], [ -94.468508576085739, 39.016035258280176 ], [ -94.468127738413216, 39.016270945831735 ], [ -94.467731608781762, 39.016490759945171 ], [ -94.467321273079335, 39.016694097974309 ], [ -94.466897856171684, 39.016880402438225 ], [ -94.466462518817281, 39.017049162550833 ], [ -94.466016454483679, 39.017199915622442 ], [ -94.46556088607359, 39.017332248329389 ], [ -94.465097062570081, 39.017445797848282 ], [ -94.464626255609829, 39.017540252851589 ], [ -94.464149755994143, 39.01761535436205 ], [ -94.463668870147004, 39.01767089646345 ], [ -94.463184916530238, 39.017706726865775 ], [ -94.462699222025449, 39.017722747323113 ], [ -94.462213118292752, 39.017718913903494 ], [ -94.461727938116326, 39.017695237109379 ], [ -94.461245011746954, 39.017651781849104 ], [ -94.460765663251323, 39.017588667258643 ], [ -94.46029120687858, 39.017506066374914 ], [ -94.459822943453787, 39.017404205660931 ], [ -94.459362156808339, 39.017283364384468 ], [ -94.458910110257179, 39.017143873851722 ], [ -94.458468043132569, 39.016986116498359 ], [ -94.458037167383793, 39.016810524840089 ], [ -94.45761866425228, 39.01661758028591 ], [ -94.457213681031277, 39.016407811817317 ], [ -94.456823327918968, 39.016181794536863 ], [ -94.456448674973643, 39.015940148090301 ], [ -94.45609074917931, 39.01568353496657 ], [ -94.455750531629974, 39.015412658680305 ], [ -94.455428954839874, 39.015128261841731 ], [ -94.455126900187693, 39.014831124119688 ], [ -94.454845195501036, 39.014522060102706 ], [ -94.454584612788494, 39.01420191706471 ], [ -94.454345866124825, 39.013871572640952 ], [ -94.454129609695698, 39.013531932420968 ], [ -94.453936436006657, 39.013183927464837 ], [ -94.453766874261859, 39.012828511749802 ], [ -94.45362138891646, 39.0124666595542 ], [ -94.453500378406943, 39.012099362785811 ], [ -94.453404174062555, 39.011727628262101 ], [ -94.453333039201127, 39.011352474949611 ], [ -94.453287168411279, 39.010974931170416 ], [ -94.453266687023444, 39.010596031782896 ] ] ] } },
{ "type": "Feature", "properties": { }, "geometry": { "type": "Polygon", "coordinates": [ [ [ -94.360157717262041, 39.15234895239518 ], [ -94.360163167251017, 39.15196973973714 ], [ -94.360194099008538, 39.151591268837315 ], [ -94.360250427344766, 39.151214577045337 ], [ -94.360331997466247, 39.150840696818001 ], [ -94.360438585404765, 39.150470652889773 ], [ -94.360569898635291, 39.150105459464491 ], [ -94.360725576882061, 39.149746117436216 ], [ -94.360905193109858, 39.149393611646666 ], [ -94.361108254698138, 39.149048908186799 ], [ -94.361334204794616, 39.148712951749985 ], [ -94.361582423844595, 39.148386663043929 ], [ -94.361852231291692, 39.148070936268397 ], [ -94.362142887445486, 39.147766636665814 ], [ -94.3624535955108, 39.147474598151234 ], [ -94.362783503773016, 39.147195621028246 ], [ -94.363131707933491, 39.146930469797162 ], [ -94.363497253588704, 39.146679871061167 ], [ -94.363879138846158, 39.146444511536586 ], [ -94.364276317070036, 39.146225036172289 ], [ -94.364687699749012, 39.146022046383713 ], [ -94.365112159478443, 39.145836098406015 ], [ -94.365548533048639, 39.14566770177106 ], [ -94.36599562463087, 39.145517317912386 ], [ -94.36645220905254, 39.145385358901905 ], [ -94.366917035152099, 39.145272186321606 ], [ -94.367388829205211, 39.145178110273868 ], [ -94.367866298412252, 39.145103388532355 ], [ -94.368348134437895, 39.145048225836554 ], [ -94.368833016993065, 39.145012773331146 ], [ -94.36931961744952, 39.144997128152482 ], [ -94.369806602477041, 39.145001333162625 ], [ -94.370292637693709, 39.145025376832159 ], [ -94.370776391318671, 39.145069193271752 ], [ -94.371256537818084, 39.145132662412685 ], [ -94.371731761533937, 39.145215610335612 ], [ -94.372200760285892, 39.145317809746786 ], [ -94.372662248936294, 39.145438980600318 ], [ -94.373114962908843, 39.145578790865024 ], [ -94.373557661651063, 39.145736857433484 ], [ -94.37398913203117, 39.145912747170961 ], [ -94.374408191660223, 39.146105978101396 ], [ -94.374813692130317, 39.146316020727021 ], [ -94.375204522160047, 39.146542299478249 ], [ -94.375579610638567, 39.146784194289722 ], [ -94.375937929560124, 39.14704104229822 ], [ -94.376278496840712, 39.147312139657792 ], [ -94.376600379009545, 39.147596743467325 ], [ -94.376902693767505, 39.147894073804977 ], [ -94.377184612405955, 39.148203315864194 ], [ -94.3774453620792, 39.148523622185358 ], [ -94.377684227924036, 39.14885411497692 ], [ -94.377900555021057, 39.149193888519797 ], [ -94.378093750191965, 39.149542011648336 ], [ -94.37826328362803, 39.149897530301196 ], [ -94.378408690345339, 39.150259470134976 ], [ -94.378529571462522, 39.150626839193748 ], [ -94.378625595297763, 39.150998630626745 ], [ -94.378696498281784, 39.151373825447273 ], [ -94.378742085684337, 39.151751395324908 ], [ -94.378762232152297, 39.152130305403475 ], [ -94.378756882057559, 39.152509517137169 ], [ -94.37872604965402, 39.152887991136865 ], [ -94.378669819043012, 39.153264690018965 ], [ -94.378588343947243, 39.153638581248991 ], [ -94.37848184729387, 39.154008639971934 ], [ -94.378350620607748, 39.154373851821866 ], [ -94.378195023216435, 39.154733215702834 ], [ -94.378015481269316, 39.155085746533736 ], [ -94.377812486573049, 39.155430477949231 ], [ -94.377586595247067, 39.155766464949664 ], [ -94.377338426202186, 39.156092786492479 ], [ -94.377068659446877, 39.156408548018142 ], [ -94.376778034225751, 39.156712883903488 ], [ -94.376467346995085, 39.157004959835945 ], [ -94.376137449241241, 39.157283975101961 ], [ -94.375789245147686, 39.157549164783362 ], [ -94.375423689117241, 39.157799801855617 ], [ -94.375041783156092, 39.15803519918245 ], [ -94.374644574126862, 39.158254711400787 ], [ -94.374233150878382, 39.158457736691417 ], [ -94.373808641259814, 39.158643718430213 ], [ -94.373372209027423, 39.158812146715427 ], [ -94.372925050652626, 39.158962559766735 ], [ -94.372468392039877, 39.15909454519241 ], [ -94.372003485163532, 39.15920774112103 ], [ -94.371531604632935, 39.159301837194427 ], [ -94.371054044195205, 39.159376575419508 ], [ -94.37057211318519, 39.159431750876209 ], [ -94.370087132932639, 39.159467212280042 ], [ -94.369600433136199, 39.159482862397127 ], [ -94.369113348214427, 39.159478658311315 ], [ -94.368627213643776, 39.159454611541911 ], [ -94.368143362293608, 39.15941078801221 ], [ -94.367663120768455, 39.159347307868572 ], [ -94.367187805767443, 39.159264345150923 ], [ -94.366718720471098, 39.159162127315113 ], [ -94.366257150965225, 39.159040934608882 ], [ -94.365804362711998, 39.158901099302824 ], [ -94.365361597077765, 39.158743004778728 ], [ -94.364930067927162, 39.158567084477632 ], [ -94.364510958293025, 39.158373820710452 ], [ -94.364105417131142, 39.158163743334697 ], [ -94.363714556168745, 39.157937428300706 ], [ -94.363339446855591, 39.157695496071334 ], [ -94.362981117425676, 39.157438609919808 ], [ -94.36264055007814, 39.157167474109933 ], [ -94.362318678284552, 39.156882831964126 ], [ -94.362016384230301, 39.156585463824243 ], [ -94.36173449639719, 39.156276184910979 ], [ -94.361473787293463, 39.15595584308776 ], [ -94.36123497133778, 39.155625316535094 ], [ -94.361018702902953, 39.15528551134198 ], [ -94.360825574524597, 39.154937359020799 ], [ -94.360656115279625, 39.154581813952753 ], [ -94.360510789339102, 39.154219850770637 ], [ -94.360389994699389, 39.15385246168622 ], [ -94.360294062094837, 39.153480653769648 ], [ -94.360223254095189, 39.153105446188221 ], [ -94.360177764390002, 39.152727867412175 ], [ -94.360157717262041, 39.15234895239518 ] ] ] } },
{ "type": "Feature", "properties": { }, "geometry": { "type": "Polygon", "coordinates": [ [ [ -94.537054500693898, 39.106322950058534 ], [ -94.537059005899195, 39.105943744882488 ], [ -94.537088976897039, 39.10556524307691 ], [ -94.537144331131515, 39.105188482077651 ], [ -94.537224916479516, 39.104814494532832 ], [ -94.537330511671939, 39.104444305472612 ], [ -94.537460826904564, 39.104078929500155 ], [ -94.53761550463642, 39.103719368011326 ], [ -94.537794120573736, 39.103366606450805 ], [ -94.537996184836501, 39.103021611611915 ], [ -94.53822114330454, 39.102685328987882 ], [ -94.538468379139402, 39.102358680181602 ], [ -94.538737214477649, 39.102042560380823 ], [ -94.539026912291177, 39.101737835906114 ], [ -94.539336678409143, 39.101445341837739 ], [ -94.539665663696169, 39.101165879728548 ], [ -94.540012966380729, 39.100900215408515 ], [ -94.540377634527403, 39.100649076887443 ], [ -94.540758668645935, 39.100413152361227 ], [ -94.541155024430509, 39.100193088327288 ], [ -94.54156561562111, 39.099989487814319 ], [ -94.541989316979524, 39.099802908731007 ], [ -94.542424967371829, 39.099633862338472 ], [ -94.542871372948682, 39.099482811850486 ], [ -94.543327310415023, 39.09935017116522 ], [ -94.543791530380048, 39.099236303732162 ], [ -94.544262760778381, 39.099141521557044 ], [ -94.544739710353127, 39.099066084347811 ], [ -94.545221072191254, 39.099010198803597 ], [ -94.545705527301678, 39.098974018049027 ], [ -94.546191748226221, 39.098957641215002 ], [ -94.546678402673791, 39.098961113167505 ], [ -94.5471641571676, 39.098984424384795 ], [ -94.547647680695633, 39.099027510983561 ], [ -94.548127648354395, 39.099090254893973 ], [ -94.548602744976108, 39.099172484182915 ], [ -94.549071668729027, 39.099273973524824 ], [ -94.54953313468171, 39.099394444818628 ], [ -94.549985878320996, 39.099533567949145 ], [ -94.550428659014244, 39.099690961691039 ], [ -94.550860263406562, 39.099866194752522 ], [ -94.55127950874342, 39.100058786956289 ], [ -94.551685246109869, 39.100268210554326 ], [ -94.552076363577342, 39.100493891672883 ], [ -94.552451789249616, 39.100735211883979 ], [ -94.552810494199207, 39.100991509898748 ], [ -94.553151495286784, 39.101262083378323 ], [ -94.553473857855266, 39.101546190857299 ], [ -94.553776698291742, 39.101843053774118 ], [ -94.554059186449678, 39.102151858603534 ], [ -94.554320547925272, 39.102471759084551 ], [ -94.554560066181409, 39.102801878538436 ], [ -94.554777084513333, 39.103141312269955 ], [ -94.554971007850938, 39.103489130045595 ], [ -94.555141304392365, 39.103844378641824 ], [ -94.555287507064619, 39.10420608445645 ], [ -94.555409214807099, 39.104573256176074 ], [ -94.555506093674452, 39.104944887492081 ], [ -94.555577877755823, 39.105319959857958 ], [ -94.555624369907662, 39.10569744528032 ], [ -94.55564544229847, 39.106076309135993 ], [ -94.555641036763475, 39.106455513007354 ], [ -94.555611164968511, 39.106834017528399 ], [ -94.555555908382587, 39.107210785233484 ], [ -94.555475418059004, 39.107584783401045 ], [ -94.555369914225722, 39.107954986884508 ], [ -94.555239685686004, 39.10832038092272 ], [ -94.55508508903101, 39.108679963921851 ], [ -94.554906547666207, 39.109032750201571 ], [ -94.554704550654577, 39.109377772697727 ], [ -94.554479651379481, 39.109714085614058 ], [ -94.55423246603084, 39.110040767015803 ], [ -94.55396367191895, 39.110356921358068 ], [ -94.553674005620238, 39.110661681941863 ], [ -94.553364260960265, 39.110954213291286 ], [ -94.55303528683929, 39.111233713445039 ], [ -94.552687984906512, 39.11149941615632 ], [ -94.552323307089139, 39.111750592994717 ], [ -94.551942252983338, 39.11198655534448 ], [ -94.55154586711393, 39.112206656293829 ], [ -94.551135236070579, 39.112410292409599 ], [ -94.550711485528083, 39.112596905393033 ], [ -94.550275777159257, 39.112765983611609 ], [ -94.54982930544864, 39.112917063502849 ], [ -94.549373294415872, 39.113049730846413 ], [ -94.548908994257758, 39.113163621900796 ], [ -94.548437677918315, 39.113258424401415 ], [ -94.547960637595978, 39.113333878417649 ], [ -94.547479181198071, 39.113389777066224 ], [ -94.546994628751705, 39.113425967078946 ], [ -94.546508308781441, 39.113442349223448 ], [ -94.546021554663554, 39.113438878575629 ], [ -94.545535700966866, 39.113415564642885 ], [ -94.545052079790267, 39.113372471338288 ], [ -94.544572017107086, 39.113309716805141 ], [ -94.544096829126246, 39.113227473092941 ], [ -94.543627818680406, 39.113125965685285 ], [ -94.543166271650861, 39.113005472881184 ], [ -94.542713453439063, 39.112866325031455 ], [ -94.542270605494664, 39.112708903632303 ], [ -94.541838941909404, 39.112533640278528 ], [ -94.541419646086339, 39.112341015479281 ], [ -94.541013867493533, 39.112131557339758 ], [ -94.54062271851123, 39.111905840112115 ], [ -94.540247271381006, 39.111664482619972 ], [ -94.539888555265364, 39.111408146560642 ], [ -94.539547553426004, 39.111137534689817 ], [ -94.539225200528222, 39.110853388893531 ], [ -94.538922380079001, 39.110556488153144 ], [ -94.538639922005899, 39.110247646408325 ], [ -94.538378600383055, 39.10992771032452 ], [ -94.538139131311027, 39.109597556970499 ], [ -94.537922170955625, 39.10925809141294 ], [ -94.537728313751785, 39.108910244234053 ], [ -94.537558090776784, 39.108554968979519 ], [ -94.537411968297604, 39.108193239543581 ], [ -94.537290346496235, 39.107826047498456 ], [ -94.537193558376458, 39.107454399375442 ], [ -94.537121868854868, 39.10707931390521 ], [ -94.537075474038986, 39.106701819224696 ], [ -94.537054500693898, 39.106322950058534 ] ] ] } },
{ "type": "Feature", "properties": { }, "geometry": { "type": "Polygon", "coordinates": [ [ [ -94.537344465185342, 39.106602973912359 ], [ -94.537348968804253, 39.106223768773503 ], [ -94.537378938317417, 39.105845266939603 ], [ -94.537434291173014, 39.105468505846652 ], [ -94.537514875251674, 39.105094518143012 ], [ -94.537620469287774, 39.104724328859263 ], [ -94.537750783480263, 39.104358952599199 ], [ -94.537905460291029, 39.103999390759476 ], [ -94.538084075428799, 39.103646628785725 ], [ -94.538286139015725, 39.103301633472412 ], [ -94.538511096933519, 39.102965350314065 ], [ -94.538758332345211, 39.102638700915044 ], [ -94.539027167388539, 39.10232258046473 ], [ -94.539316865036156, 39.102017855285425 ], [ -94.539626631117684, 39.101725360459376 ], [ -94.539955616497863, 39.101445897541488 ], [ -94.540302919404908, 39.101180232363966 ], [ -94.540667587902732, 39.100929092938934 ], [ -94.541048622500185, 39.10069316746479 ], [ -94.54144497889007, 39.100473102441548 ], [ -94.541855570810739, 39.100269500900588 ], [ -94.54227927302199, 39.100082920753437 ], [ -94.542714924387539, 39.099913873264093 ], [ -94.543161331055387, 39.099762821649378 ], [ -94.543617269727491, 39.099630179810518 ], [ -94.544081491009706, 39.099516311200155 ], [ -94.544552722833089, 39.099421527827282 ], [ -94.545029673936824, 39.099346089403085 ], [ -94.545511037403699, 39.099290202630065 ], [ -94.545995494238142, 39.099254020636167 ], [ -94.546481716977297, 39.099237642555714 ], [ -94.5469683733251, 39.099241113258074 ], [ -94.547454129799519, 39.099264423224966 ], [ -94.547937655383137, 39.099307508576494 ], [ -94.548417625166877, 39.099370251246221 ], [ -94.548892723977048, 39.099452479304475 ], [ -94.549361649975992, 39.099553967429031 ], [ -94.549823118226101, 39.099674437522147 ], [ -94.550275864207904, 39.099813559471947 ], [ -94.55071864728238, 39.099970952056339 ], [ -94.551150254088071, 39.100146183986666 ], [ -94.551569501863881, 39.10033877508878 ], [ -94.551975241688154, 39.100548197617655 ], [ -94.55236636162563, 39.100773877702473 ], [ -94.552741789773279, 39.101015196918084 ], [ -94.553100497196851, 39.101271493978352 ], [ -94.553441500750253, 39.101542066547061 ], [ -94.553763865769653, 39.101826173161243 ], [ -94.554066708635403, 39.102123035261776 ], [ -94.554349199194334, 39.10243183932559 ], [ -94.554610563036064, 39.102751739093833 ], [ -94.554850083616955, 39.103081857889727 ], [ -94.555067104225927, 39.103421291019835 ], [ -94.555261029786635, 39.10376910825228 ], [ -94.555431328491096, 39.104124356365062 ], [ -94.555577533260404, 39.104486061757278 ], [ -94.555699243028201, 39.1048532331167 ], [ -94.555796123843606, 39.1052248641357 ], [ -94.555867909790351, 39.105599936268604 ], [ -94.555914403719854, 39.105977421522653 ], [ -94.555935477795671, 39.106356285275126 ], [ -94.555931073848456, 39.106735489108708 ], [ -94.555901203539676, 39.107113993657492 ], [ -94.555845948334238, 39.107490761455736 ], [ -94.555765459281659, 39.107864759781656 ], [ -94.555659956606405, 39.10823496348825 ], [ -94.555529729108585, 39.108600357813721 ], [ -94.555375133376458, 39.108959941163491 ], [ -94.55519659281299, 39.109312727856242 ], [ -94.554994596478963, 39.109657750826692 ], [ -94.554769697755816, 39.109994064277302 ], [ -94.554522512832008, 39.11032074627181 ], [ -94.554253719016643, 39.110636901263739 ], [ -94.55396405288532, 39.1109416625523 ], [ -94.553654308263162, 39.111234194659637 ], [ -94.553325334050285, 39.111513695622406 ], [ -94.552978031896146, 39.111779399191576 ], [ -94.55261335372856, 39.112030576934373 ], [ -94.552232299144677, 39.112266540232582 ], [ -94.551835912670583, 39.112486642171795 ], [ -94.551425280897604, 39.112690279316169 ], [ -94.551001529502528, 39.112876893364096 ], [ -94.550565820160557, 39.113045972680126 ], [ -94.55011934735883, 39.113197053698805 ], [ -94.549663335120016, 39.113329722196703 ], [ -94.549199033644243, 39.11344361442908 ], [ -94.548727715879096, 39.113538418128186 ], [ -94.548250674026974, 39.113613873360094 ], [ -94.547769215999338, 39.1136697732382 ], [ -94.547284661827788, 39.113705964490933 ], [ -94.546798340041647, 39.113722347882536 ], [ -94.546311584022149, 39.113718878485443 ], [ -94.54582572834336, 39.113695565803667 ], [ -94.545342105109569, 39.113652473746825 ], [ -94.544862040299762, 39.113589720454819 ], [ -94.544386850128717, 39.113507477973727 ], [ -94.543917837435103, 39.11340597178377 ], [ -94.543456288106356, 39.113285480180608 ], [ -94.54300346755025, 39.113146333511793 ], [ -94.54256061722289, 39.112988913270257 ], [ -94.542128951222523, 39.112813651047674 ], [ -94.541709652958843, 39.112621027350059 ], [ -94.541303871906621, 39.112411570279598 ], [ -94.540912720452852, 39.112185854085517 ], [ -94.54053727084586, 39.111944497588595 ], [ -94.540178552254972, 39.111688162483446 ], [ -94.539837547948679, 39.111417551523111 ], [ -94.539515192599012, 39.111133406591172 ], [ -94.539212369719735, 39.110836506666566 ], [ -94.538929909244999, 39.110527665686782 ], [ -94.538668585255593, 39.110207730315132 ], [ -94.538429113858513, 39.109877577618462 ], [ -94.538212151225977, 39.109538112661639 ], [ -94.538018291799148, 39.109190266025237 ], [ -94.537848066661397, 39.108834991253453 ], [ -94.537701942085633, 39.108473262239201 ], [ -94.537580318259586, 39.108106070553546 ], [ -94.537483528192595, 39.107734422726821 ], [ -94.537411836806598, 39.107359337488866 ], [ -94.537365440214188, 39.106981842975991 ], [ -94.537344465185342, 39.106602973912359 ] ] ] } },
{ "type": "Feature", "properties": { }, "geometry": { "type": "Polygon", "coordinates": [ [ [ -94.503159299835559, 38.915489757130118 ], [ -94.503164007146893, 38.915110537930609 ], [ -94.503194111721072, 38.914732030884608 ], [ -94.503249530640005, 38.914355273442233 ], [ -94.503330111607099, 38.913981298241751 ], [ -94.503435633369165, 38.913611130279584 ], [ -94.503565806326947, 38.913245784101257 ], [ -94.503720273333073, 38.912886261021256 ], [ -94.503898610674767, 38.9125335463794 ], [ -94.504100329238867, 38.9121886068409 ], [ -94.504324875855701, 38.911852387748063 ], [ -94.504571634818348, 38.911525810530328 ], [ -94.504839929572825, 38.911209770180015 ], [ -94.505129024574785, 38.910905132800792 ], [ -94.505438127307329, 38.910612733235162 ], [ -94.505766390454696, 38.910333372777913 ], [ -94.506112914225611, 38.910067816981439 ], [ -94.506476748820077, 38.909816793559166 ], [ -94.506856897032719, 38.909580990392605 ], [ -94.507252316985586, 38.909361053647693 ], [ -94.50766192498304, 38.909157586005264 ], [ -94.508084598480622, 38.908971145010959 ], [ -94.508519179160203, 38.908802241548443 ], [ -94.508964476102634, 38.908651338440798 ], [ -94.509419269049317, 38.908518849183167 ], [ -94.509882311743979, 38.908405136810941 ], [ -94.510352335345246, 38.908310512905707 ], [ -94.510828051900873, 38.908235236742328 ], [ -94.51130815787414, 38.908179514579288 ], [ -94.511791337712665, 38.908143499093931 ], [ -94.512276267450062, 38.9081272889647 ], [ -94.512761618330472, 38.908130928600983 ], [ -94.513246060446264, 38.908154408021765 ], [ -94.513728266378635, 38.908197662882849 ], [ -94.514206914831689, 38.908260574653241 ], [ -94.514680694249591, 38.908342970939678 ], [ -94.515148306407269, 38.90844462595868 ], [ -94.515608469964661, 38.908565261154763 ], [ -94.51605992397495, 38.908704545963097 ], [ -94.516501431337062, 38.908862098714714 ], [ -94.516931782183235, 38.909037487681303 ], [ -94.517349797192111, 38.909230232257634 ], [ -94.517754330818647, 38.909439804277177 ], [ -94.518144274431592, 38.909665629458544 ], [ -94.518518559350454, 38.909907088977938 ], [ -94.518876159773185, 38.910163521163639 ], [ -94.519216095586955, 38.910434223308059 ], [ -94.519537435054048, 38.910718453591983 ], [ -94.519839297365621, 38.911015433116198 ], [ -94.520120855056433, 38.911324348034725 ], [ -94.520381336273743, 38.911644351783707 ], [ -94.520620026894235, 38.9119745674003 ], [ -94.520836272483137, 38.9123140899246 ], [ -94.521029480090235, 38.912661988878668 ], [ -94.521199119877636, 38.91301731081554 ], [ -94.521344726574981, 38.913379081931033 ], [ -94.521465900758002, 38.913746310731916 ], [ -94.521562309946887, 38.914117990752338 ], [ -94.521633689521465, 38.914493103311621 ], [ -94.521679843450414, 38.914870620305607 ], [ -94.521700644832976, 38.915249507024072 ], [ -94.521696036250944, 38.915628724986369 ], [ -94.5216660299306, 38.916007234787578 ], [ -94.521610707713563, 38.916383998947417 ], [ -94.52153022083688, 38.916757984753993 ], [ -94.521424789522925, 38.917128167094702 ], [ -94.521294702379933, 38.91749353126648 ], [ -94.521140315615114, 38.917853075757712 ], [ -94.520962052062075, 38.918205814993975 ], [ -94.52076040002558, 38.918550782040583 ], [ -94.520535911946354, 38.918887031253874 ], [ -94.520289202889998, 38.919213640874403 ], [ -94.520020948863689, 38.919529715554823 ], [ -94.51973188496558, 38.919834388815339 ], [ -94.519422803371768, 38.920126825420333 ], [ -94.519094551166418, 38.920406223669204 ], [ -94.518748028020923, 38.920671817595505 ], [ -94.518384183728415, 38.920922879068044 ], [ -94.518004015600539, 38.921158719788416 ], [ -94.51760856573344, 38.921378693179278 ], [ -94.517198918150513, 38.921582196158255 ], [ -94.516776195829905, 38.921768670792574 ], [ -94.516341557624642, 38.921937605829982 ], [ -94.515896195084181, 38.92208853810147 ], [ -94.515441329185791, 38.922221053792363 ], [ -94.514978206985035, 38.922334789577661 ], [ -94.514508098194398, 38.922429433619278 ], [ -94.514032291699422, 38.922504726421685 ], [ -94.513552092022266, 38.922560461544158 ], [ -94.513068815741917, 38.922596486167336 ], [ -94.512583787881425, 38.922612701512655 ], [ -94.512098338271684, 38.922609063113576 ], [ -94.511613797902058, 38.922585580937586 ], [ -94.511131495267804, 38.922542319359046 ], [ -94.510652752724326, 38.92247939698256 ], [ -94.510178882858327, 38.92239698631758 ], [ -94.50971118488583, 38.922295313305135 ], [ -94.509250941087132, 38.922174656697834 ], [ -94.508799413288173, 38.922035347295086 ], [ -94.508357839398485, 38.921877767035348 ], [ -94.507927430014703, 38.921702347948283 ], [ -94.507509365099537, 38.921509570969171 ], [ -94.507104790744833, 38.921299964619529 ], [ -94.506714816028037, 38.921074103556862 ], [ -94.506340509970457, 38.920832606998104 ], [ -94.505982898605723, 38.920576137020774 ], [ -94.505642962166533, 38.920305396746535 ], [ -94.505321632397482, 38.920021128412344 ], [ -94.505019790001143, 38.919724111334297 ], [ -94.504738262224564, 38.919415159769848 ], [ -94.504477820592726, 38.919095120684304 ], [ -94.504239178795288, 38.918764871427719 ], [ -94.504022990732039, 38.91842531732852 ], [ -94.503829848722972, 38.918077389210602 ], [ -94.503660281887278, 38.917722040840474 ], [ -94.503514754696027, 38.917360246311908 ], [ -94.50339366570239, 38.916992997374656 ], [ -94.503297346452825, 38.916621300715178 ], [ -94.503226060582151, 38.91624617519647 ], [ -94.503180003095011, 38.915868649064677 ], [ -94.503159299835559, 38.915489757130118 ] ] ] } },
{ "type": "Feature", "properties": { }, "geometry": { "type": "Polygon", "coordinates": [ [ [ -94.362581937585261, 39.120339071406228 ], [ -94.362587377110387, 39.119959856879341 ], [ -94.362618286865882, 39.119581383788478 ], [ -94.362674581722857, 39.119204689489273 ], [ -94.362756106980243, 39.118830806445523 ], [ -94.362862638793388, 39.118460759399426 ], [ -94.362993884791706, 39.118095562563518 ], [ -94.363149484884261, 39.117736216841287 ], [ -94.363329012250503, 39.117383707084727 ], [ -94.363531974513947, 39.117038999395788 ], [ -94.363757815094957, 39.116703038479599 ], [ -94.364005914739309, 39.116376745056279 ], [ -94.364275593218238, 39.116061013338715 ], [ -94.364566111195032, 39.115756708583049 ], [ -94.364876672253388, 39.115464664718615 ], [ -94.365206425081723, 39.115185682063903 ], [ -94.365554465807477, 39.114920525134508 ], [ -94.365919840475016, 39.114669920549439 ], [ -94.366301547660399, 39.114434555041221 ], [ -94.366698541215712, 39.11421507357533 ], [ -94.367109733135564, 39.114012077584043 ], [ -94.367533996537858, 39.113826123319683 ], [ -94.367970168750631, 39.113657720331517 ], [ -94.368417054496717, 39.113507330070611 ], [ -94.368873429167152, 39.113375364626528 ], [ -94.369338042174803, 39.113262185599019 ], [ -94.369809620378888, 39.113168103108187 ], [ -94.370286871570784, 39.113093374945457 ], [ -94.370768488012132, 39.11303820586793 ], [ -94.371253150015079, 39.113002747037839 ], [ -94.371739529555271, 39.112987095608894 ], [ -94.37222629390736, 39.112991294460251 ], [ -94.372712109293587, 39.113015332079378 ], [ -94.373195644535031, 39.113059142593443 ], [ -94.373675574695781, 39.113122605949947 ], [ -94.374150584710208, 39.113205548245304 ], [ -94.374619372983119, 39.11330774220108 ], [ -94.375080654953223, 39.113428907786258 ], [ -94.375533166610225, 39.113568712983948 ], [ -94.375975667955728, 39.113726774700467 ], [ -94.376406946398589, 39.113902659814265 ], [ -94.376825820075609, 39.114095886361746 ], [ -94.377231141088302, 39.114305924857014 ], [ -94.377621798646857, 39.114532199741646 ], [ -94.377996722113053, 39.114774090960687 ], [ -94.378354883933312, 39.115030935660549 ], [ -94.378695302454219, 39.115302030004223 ], [ -94.379017044612766, 39.115586631098651 ], [ -94.379319228493685, 39.115883959029262 ], [ -94.379601025747277, 39.11619319899593 ], [ -94.37986166386078, 39.11651350354461 ], [ -94.380100428277075, 39.116843994888455 ], [ -94.380316664355135, 39.117183767312198 ], [ -94.38050977916653, 39.117531889653137 ], [ -94.380679243123311, 39.117887407851988 ], [ -94.380824591432471, 39.118249347566461 ], [ -94.380945425373298, 39.118616716840876 ], [ -94.381041413393888, 39.118988508823826 ], [ -94.38111229202373, 39.119363704527032 ], [ -94.381157866599949, 39.119741275617642 ], [ -94.381178011805233, 39.120120187236132 ], [ -94.38117267201558, 39.120499400832479 ], [ -94.381141861457323, 39.120877877012475 ], [ -94.381085664172545, 39.121254578386619 ], [ -94.381004233793249, 39.12162847241364 ], [ -94.380897793124618, 39.121998534230961 ], [ -94.380766633538627, 39.122363749464206 ], [ -94.380611114179473, 39.122723117008384 ], [ -94.380431660983163, 39.123075651772353 ], [ -94.380228765513564, 39.1234203873802 ], [ -94.380002983618496, 39.123756378820921 ], [ -94.379754933909211, 39.124082705039932 ], [ -94.379485296067401, 39.124398471465049 ], [ -94.379194808984522, 39.12470281245988 ], [ -94.378884268738375, 39.124994893698023 ], [ -94.378554526412557, 39.125273914451526 ], [ -94.378206485764579, 39.12553910978739 ], [ -94.377841100749166, 39.125789752665774 ], [ -94.377459372903658, 39.126025155934649 ], [ -94.377062348602337, 39.12624467421481 ], [ -94.376651116187446, 39.126447705670621 ], [ -94.376226802984746, 39.126633693661198 ], [ -94.375790572211827, 39.126802128267805 ], [ -94.375343619787472, 39.126952547692902 ], [ -94.374887171051171, 39.127084539527459 ], [ -94.374422477401495, 39.127197741882547 ], [ -94.37395081286283, 39.127291844382455 ], [ -94.373473470589673, 39.127366589016589 ], [ -94.372991759318268, 39.127421770847349 ], [ -94.372506999775453, 39.127457238572788 ], [ -94.372020521054282, 39.127472894941747 ], [ -94.371533656966719, 39.127468697020909 ], [ -94.37104774238324, 39.127444656312669 ], [ -94.370564109569628, 39.127400838723645 ], [ -94.37008408453076, 39.127337364383877 ], [ -94.369608983371805, 39.127254407317295 ], [ -94.36914010868658, 39.127152194964154 ], [ -94.368678745983061, 39.127031007557058 ], [ -94.368226160156127, 39.126891177351951 ], [ -94.367783592016792, 39.126733087716516 ], [ -94.367352254887976, 39.126557172078208 ], [ -94.366933331275888, 39.126363912735023 ], [ -94.366527969626105, 39.126153839532179 ], [ -94.366137281173636, 39.12592752840839 ], [ -94.365762336895216, 39.125685599815647 ], [ -94.365404164572453, 39.125428717016966 ], [ -94.365063745973785, 39.125157584266844 ], [ -94.364742014163113, 39.124872944879094 ], [ -94.364439850942318, 39.124575579187848 ], [ -94.364158084434735, 39.124266302406909 ], [ -94.363897486816285, 39.123945962393705 ], [ -94.363658772200395, 39.123615437323629 ], [ -94.363442594682468, 39.123275633281445 ], [ -94.363249546549355, 39.122927481776308 ], [ -94.363080156658455, 39.122571937187018 ], [ -94.36293488899129, 39.12220997414498 ], [ -94.36281414138503, 39.121842584861469 ], [ -94.362718244445716, 39.121470776407122 ], [ -94.362647460645931, 39.121095567950661 ], [ -94.362601983609565, 39.120717987964731 ], [ -94.362581937585261, 39.120339071406228 ] ] ] } },
{ "type": "Feature", "properties": { }, "geometry": { "type": "Polygon", "coordinates": [ [ [ -94.435785476258118, 39.095624849440959 ], [ -94.435790525429297, 39.095245637242002 ], [ -94.4358210362129, 39.094867150635032 ], [ -94.435876924573904, 39.094490427013412 ], [ -94.435958036925726, 39.09411649892192 ], [ -94.436064150555538, 39.093746391226944 ], [ -94.436194974238958, 39.093381118307839 ], [ -94.436350149042369, 39.0930216812773 ], [ -94.436529249310695, 39.092669065238155 ], [ -94.436731783837658, 39.092324236584261 ], [ -94.436957197215477, 39.091988140352846 ], [ -94.437204871360223, 39.091661697635381 ], [ -94.437474127208617, 39.091345803054388 ], [ -94.437764226581479, 39.091041322312812 ], [ -94.438074374208952, 39.09074908982268 ], [ -94.438403719911577, 39.090469906419727 ], [ -94.43875136093159, 39.090204537170003 ], [ -94.439116344407751, 39.089953709274596 ], [ -94.439497669987162, 39.089718110078195 ], [ -94.439894292566606, 39.089498385186737 ], [ -94.440305125156257, 39.089295136699683 ], [ -94.440729041857637, 39.089108921561291 ], [ -94.441164880947852, 39.088940250035627 ], [ -94.441611448061508, 39.088789584309559 ], [ -94.44206751946183, 39.088657337227289 ], [ -94.442531845391812, 39.088543871160184 ], [ -94.443003153496392, 39.088449497014636 ], [ -94.443480152306307, 39.088374473380973 ], [ -94.443961534774004, 39.088319005825618 ], [ -94.444445981852127, 39.088283246328373 ], [ -94.444932166104664, 39.088267292866398 ], [ -94.445418755340953, 39.088271189146113 ], [ -94.445904416262721, 39.088294924483641 ], [ -94.446387818114033, 39.088338433834046 ], [ -94.446867636324384, 39.088401597969622 ], [ -94.447342556134842, 39.088484243806271 ], [ -94.447811276197498, 39.088586144877503 ], [ -94.448272512138189, 39.088707021954434 ], [ -94.448725000073054, 39.088846543810362 ], [ -94.449167500069123, 39.089004328127665 ], [ -94.449598799539501, 39.089179942544568 ], [ -94.450017716564005, 39.089372905838985 ], [ -94.450423103126056, 39.089582689246122 ], [ -94.450813848257113, 39.089808717906337 ], [ -94.451188881079815, 39.090050372439258 ], [ -94.451547173741915, 39.090306990639782 ], [ -94.451887744232494, 39.090577869291486 ], [ -94.452209659073119, 39.090862266092387 ], [ -94.452512035876453, 39.091159401687833 ], [ -94.452794045765245, 39.091468461804858 ], [ -94.453054915645168, 39.091788599482442 ], [ -94.453293930325117, 39.09211893739127 ], [ -94.453510434479369, 39.092458570236865 ], [ -94.453703834445946, 39.092806567239336 ], [ -94.453873599856507, 39.093161974683284 ], [ -94.45401926509291, 39.093523818530393 ], [ -94.454140430566895, 39.093891107088211 ], [ -94.454236763818784, 39.094262833727022 ], [ -94.454308000432803, 39.094637979638229 ], [ -94.454353944765685, 39.095015516625999 ], [ -94.454374470487352, 39.095394409924943 ], [ -94.454369520931451, 39.095773621035804 ], [ -94.454339109255201, 39.096152110571893 ], [ -94.454283318407747, 39.09652884110772 ], [ -94.454202300907326, 39.096902780022759 ], [ -94.454096278427571, 39.097272902332051 ], [ -94.453965541194165, 39.097638193496095 ], [ -94.453810447193575, 39.097997652202324 ], [ -94.453631421195567, 39.098350293110421 ], [ -94.453428953592734, 39.098695149554047 ], [ -94.453203599059606, 39.099031276191525 ], [ -94.45295597503538, 39.099357751598241 ], [ -94.452686760034226, 39.099673680793508 ], [ -94.452396691787783, 39.099978197695165 ], [ -94.452086565224889, 39.10027046749498 ], [ -94.451757230294206, 39.100549688948476 ], [ -94.451409589635489, 39.100815096572695 ], [ -94.451044596106001, 39.101065962746105 ], [ -94.450663250168816, 39.101301599704655 ], [ -94.450266597150161, 39.101521361428659 ], [ -94.449855724373379, 39.101724645415104 ], [ -94.449431758177226, 39.101910894330821 ], [ -94.448995860826912, 39.102079597541646 ], [ -94.448549227326112, 39.102230292513596 ], [ -94.448093082138953, 39.102362566082 ], [ -94.44762867583087, 39.102476055585342 ], [ -94.447157281637558, 39.102570449860444 ], [ -94.446680191971524, 39.102645490096428 ], [ -94.446198714875692, 39.102700970544952 ], [ -94.445714170434229, 39.102736739085017 ], [ -94.445227887149869, 39.102752697640334 ], [ -94.444741198298289, 39.10274880244868 ], [ -94.444255438269167, 39.10272506418206 ], [ -94.443771938904305, 39.102681547917442 ], [ -94.443292025842553, 39.102618372958304 ], [ -94.442817014882024, 39.102535712507333 ], [ -94.442348208369367, 39.102433793191167 ], [ -94.44188689162587, 39.102312894438555 ], [ -94.441434329420659, 39.102173347713666 ], [ -94.440991762500474, 39.102015535606618 ], [ -94.440560404185419, 39.101839890783658 ], [ -94.440141437040396, 39.101646894799998 ], [ -94.43973600963109, 39.101437076778573 ], [ -94.439345233373615, 39.101211011958284 ], [ -94.438970179486333, 39.100969320115667 ], [ -94.438611876052292, 39.100712663864613 ], [ -94.438271305200445, 39.100441746838406 ], [ -94.437949400413146, 39.100157311759496 ], [ -94.437647043967601, 39.099860138401922 ], [ -94.437365064518019, 39.099551041452344 ], [ -94.437104234825227, 39.09923086827537 ], [ -94.436865269640052, 39.098900496589209 ], [ -94.436648823745912, 39.098560832058467 ], [ -94.436455490166452, 39.098212805810121 ], [ -94.436285798542755, 39.097857371880046 ], [ -94.436140213684425, 39.097495504596687 ], [ -94.436019134299173, 39.097128195909335 ], [ -94.435922891903402, 39.096756452668195 ], [ -94.435851749917532, 39.0963812938638 ], [ -94.435805902947976, 39.096003747833208 ], [ -94.435785476258118, 39.095624849440959 ] ] ] } },
{ "type": "Feature", "properties": { }, "geometry": { "type": "Polygon", "coordinates": [ [ [ -94.463750338221544, 39.059436988175044 ], [ -94.463755241104749, 39.059057775379621 ], [ -94.463785592679685, 39.058679282314564 ], [ -94.463841309348396, 39.058302546391211 ], [ -94.463922237995504, 39.057928600188355 ], [ -94.464028156412255, 39.057558468622275 ], [ -94.464158773909816, 39.057193166138163 ], [ -94.464313732120132, 39.056833693929981 ], [ -94.464492605982144, 39.056481037197337 ], [ -94.464694904910331, 39.056136162445938 ], [ -94.464920074142881, 39.05580001483964 ], [ -94.465167496265096, 39.055473515611098 ], [ -94.465436492904445, 39.055157559538024 ], [ -94.465726326592119, 39.054853012492153 ], [ -94.466036202786285, 39.05456070906753 ], [ -94.466365272051164, 39.054281450294575 ], [ -94.466712632386333, 39.054016001446136 ], [ -94.467077331699471, 39.053765089941685 ], [ -94.467458370415969, 39.053529403355235 ], [ -94.467854704218325, 39.053309587532432 ], [ -94.468265246907592, 39.053106244822068 ], [ -94.468688873379165, 39.05291993242674 ], [ -94.46912442270488, 39.052751160877122 ], [ -94.469570701312804, 39.052600392634282 ], [ -94.470026486256117, 39.052468040823385 ], [ -94.470490528562095, 39.052354468102784 ], [ -94.470961556652242, 39.052259985671157 ], [ -94.471438279823928, 39.052184852415493 ], [ -94.471919391784255, 39.052129274202528 ], [ -94.472403574226476, 39.052093403315197 ], [ -94.472889500439123, 39.052077338035794 ], [ -94.473375838938026, 39.052081122376961 ], [ -94.473861257111409, 39.052104745961401 ], [ -94.47434442486805, 39.052148144050221 ], [ -94.47482401827844, 39.052211197720396 ], [ -94.475298723199259, 39.052293734190286 ], [ -94.4757672388711, 39.052395527292866 ], [ -94.476228281479607, 39.052516298094872 ], [ -94.476680587670515, 39.05265571566057 ], [ -94.477122918008746, 39.052813397957877 ], [ -94.47755406037227, 39.052988912904311 ], [ -94.477972833271451, 39.053181779550137 ], [ -94.478378089084785, 39.053391469395187 ], [ -94.478768717202172, 39.053617407835937 ], [ -94.479143647067232, 39.053858975739068 ], [ -94.479501851110157, 39.054115511136636 ], [ -94.47984234756332, 39.054386311038989 ], [ -94.480164203151659, 39.054670633359791 ], [ -94.480466535650763, 39.05496769894831 ], [ -94.480748516305425, 39.055276693723371 ], [ -94.481009372102065, 39.05559677090293 ], [ -94.481248387888925, 39.055927053323416 ], [ -94.481464908337955, 39.056266635842348 ], [ -94.481658339743362, 39.056614587817798 ], [ -94.481828151651385, 39.056969955657799 ], [ -94.481973878317348, 39.057331765432643 ], [ -94.482095119985416, 39.057699025543336 ], [ -94.482191543987994, 39.058070729438263 ], [ -94.482262885661328, 39.058445858371307 ], [ -94.482308949075104, 39.058823384193346 ], [ -94.482329607573618, 39.05920227216977 ], [ -94.482324804127387, 39.05958148381621 ], [ -94.482294551493865, 39.059959979744683 ], [ -94.482238932186974, 39.060336722512503 ], [ -94.482158098255354, 39.060710679465878 ], [ -94.482052270870099, 39.061080825570713 ], [ -94.481921739722608, 39.061446146222586 ], [ -94.481766862234878, 39.061805640028432 ], [ -94.481588062583597, 39.062158321552047 ], [ -94.481385830541186, 39.062503224016076 ], [ -94.481160720136685, 39.062839401953063 ], [ -94.480913348140191, 39.063165933798047 ], [ -94.480644392375112, 39.063481924415967 ], [ -94.480354589862358, 39.063786507556571 ], [ -94.480044734802291, 39.064078848230388 ], [ -94.479715676399067, 39.06435814499887 ], [ -94.479368316534135, 39.064623632172903 ], [ -94.479003607294686, 39.064874581913081 ], [ -94.478622548364029, 39.065110306226487 ], [ -94.478226184281169, 39.065330158854145 ], [ -94.477815601576836, 39.06553353704399 ], [ -94.477391925794009, 39.065719883204757 ], [ -94.476956318401136, 39.06588868643577 ], [ -94.476509973606326, 39.066039483928897 ], [ -94.476054115081595, 39.066171862238456 ], [ -94.475589992605805, 39.066285458415813 ], [ -94.475118878635811, 39.066379961005289 ], [ -94.474642064815185, 39.066455110899021 ], [ -94.474160858429983, 39.066510702047985 ], [ -94.473676578821468, 39.066546582027534 ], [ -94.473190553765718, 39.066562652455723 ], [ -94.472704115829828, 39.066558869263545 ], [ -94.472218598715017, 39.066535242815668 ], [ -94.47173533359657, 39.066491837882381 ], [ -94.471255645470677, 39.066428773461709 ], [ -94.470780849518377, 39.066346222453035 ], [ -94.470312247496466, 39.066244411182694 ], [ -94.469851124165359, 39.066123618783038 ], [ -94.469398743763705, 39.065984176426362 ], [ -94.468956346539684, 39.065826466416425 ], [ -94.468525145348153, 39.06565092113928 ], [ -94.468106322323237, 39.065458021877028 ], [ -94.467701025635662, 39.065248297487159 ], [ -94.467310366343327, 39.065022322951663 ], [ -94.466935415344196, 39.064780717799358 ], [ -94.466577200439602, 39.064524144406228 ], [ -94.466236703516202, 39.064253306178301 ], [ -94.465914857854202, 39.063968945621767 ], [ -94.465612545569257, 39.06367184230627 ], [ -94.465330595195084, 39.063362810726368 ], [ -94.465069779413525, 39.063042698067314 ], [ -94.464830812937919, 39.062712381881418 ], [ -94.464614350556047, 39.062372767681083 ], [ -94.464420985337526, 39.062024786455353 ], [ -94.464251247010921, 39.06166939211667 ], [ -94.464105600514785, 39.061307558885062 ], [ -94.463984444726549, 39.060940278616556 ], [ -94.46388811137291, 39.060568558083553 ], [ -94.463816864124439, 39.060193416214503 ], [ -94.463770897876941, 39.05981588130026 ], [ -94.463750338221544, 39.059436988175044 ] ] ] } },
{ "type": "Feature", "properties": { }, "geometry": { "type": "Polygon", "coordinates": [ [ [ -94.562560122390209, 39.064334871584435 ], [ -94.562564495797915, 39.063955665614095 ], [ -94.562594319955025, 39.063577157748249 ], [ -94.562649512708958, 39.063200385439664 ], [ -94.56272992237993, 39.062826381367699 ], [ -94.562835328181038, 39.062456170608108 ], [ -94.562965440827796, 39.062090767823832 ], [ -94.563119903335036, 39.061731174484542 ], [ -94.563298291999359, 39.061378376122548 ], [ -94.563500117564018, 39.061033339632345 ], [ -94.56372482656343, 39.060697010621709 ], [ -94.563971802843028, 39.060370310820936 ], [ -94.564240369250896, 39.060054135557905 ], [ -94.564529789496021, 39.05974935130547 ], [ -94.564839270168235, 39.059456793308094 ], [ -94.56516796291433, 39.059177263294082 ], [ -94.565514966764297, 39.05891152727979 ], [ -94.565879330601348, 39.058660313471783 ], [ -94.566260055768922, 39.058424310272521 ], [ -94.566656098807343, 39.058204164395235 ], [ -94.567066374313214, 39.058000479093089 ], [ -94.567489757912867, 39.057813812507312 ], [ -94.567925089342538, 39.057644676138935 ], [ -94.568371175626339, 39.057493533448415 ], [ -94.568826794343479, 39.057360798586657 ], [ -94.569290696975912, 39.057246835261253 ], [ -94.569761612327127, 39.057151955740764 ], [ -94.570238250002831, 39.057076419999831 ], [ -94.570719303943918, 39.057020435007551 ], [ -94.57120345600228, 39.056984154160986 ], [ -94.571689379549497, 39.056967676865227 ], [ -94.572175743108673, 39.056971048261381 ], [ -94.572661213999453, 39.056994259103128 ], [ -94.573144461986359, 39.057037245781999 ], [ -94.573624162920424, 39.057099890501782 ], [ -94.574099002364207, 39.05718202160093 ], [ -94.574567679190281, 39.057283414022749 ], [ -94.575028909143484, 39.057403789931428 ], [ -94.575481428357037, 39.057542819472985 ], [ -94.575923996813131, 39.057700121678224 ], [ -94.576355401738269, 39.057875265505949 ], [ -94.576774460924497, 39.058067771023126 ], [ -94.577180025967024, 39.058277110718983 ], [ -94.577570985409665, 39.058502710949497 ], [ -94.577946267789372, 39.058743953508049 ], [ -94.578304844571704, 39.059000177318325 ], [ -94.578645732968937, 39.059270680244659 ], [ -94.578967998633274, 39.059554721014713 ], [ -94.579270758217888, 39.059851521249634 ], [ -94.579553181798431, 39.060160267595748 ], [ -94.579814495148753, 39.060480113952252 ], [ -94.580053981864353, 39.060810183788604 ], [ -94.580270985327729, 39.061149572545503 ], [ -94.580464910510344, 39.061497350112639 ], [ -94.580635225606173, 39.061852563376675 ], [ -94.580781463492244, 39.062214238832269 ], [ -94.580903223012385, 39.062581385249295 ], [ -94.581000170080245, 39.062952996388539 ], [ -94.581072038598961, 39.063328053758944 ], [ -94.581118631194556, 39.063705529408352 ], [ -94.581139819761077, 39.064084388740568 ], [ -94.581135545816224, 39.064463593350538 ], [ -94.581105820666025, 39.064842103870497 ], [ -94.581050725378361, 39.065218882818563 ], [ -94.580970410565101, 39.065592897442677 ], [ -94.580865095973891, 39.065963122551445 ], [ -94.580735069889911, 39.066328543324708 ], [ -94.580580688349912, 39.066688158095694 ], [ -94.58040237417022, 39.067040981097328 ], [ -94.580200615791469, 39.067386045165108 ], [ -94.579975965943191, 39.067722404389158 ], [ -94.579729040131866, 39.068049136708119 ], [ -94.579460514956423, 39.068365346437865 ], [ -94.579171126256199, 39.068670166727877 ], [ -94.578861667095723, 39.06896276193892 ], [ -94.578532985592489, 39.069242329934923 ], [ -94.57818598259334, 39.069508104283379 ], [ -94.577821609205728, 39.069759356357764 ], [ -94.577440864190919, 39.069995397336349 ], [ -94.577044791225944, 39.070215580091961 ], [ -94.576634476042145, 39.070419300967423 ], [ -94.576211043447884, 39.070606001431749 ], [ -94.575775654243742, 39.070775169612723 ], [ -94.575329502038585, 39.070926341701359 ], [ -94.574873809975443, 39.07105910322462 ], [ -94.574409827375945, 39.071173090182832 ], [ -94.573938826312769, 39.071267990048518 ], [ -94.573462098119293, 39.07134354262412 ], [ -94.572980949846311, 39.071399540756069 ], [ -94.572496700675487, 39.07143583090339 ], [ -94.572010678299208, 39.071452313559064 ], [ -94.571524215277165, 39.071448943523258 ], [ -94.57103864537946, 39.071425730027414 ], [ -94.570555299926298, 39.071382736709047 ], [ -94.570075504134508, 39.071320081437122 ], [ -94.569600573480827, 39.071237935988798 ], [ -94.569131810091974, 39.071136525578019 ], [ -94.568670499171517, 39.071016128237602 ], [ -94.568217905473347, 39.070877074056419 ], [ -94.567775269831344, 39.070719744273582 ], [ -94.567343805755073, 39.070544570232457 ], [ -94.566924696100585, 39.0703520321971 ], [ -94.566519089825604, 39.070142658034513 ], [ -94.566128098838078, 39.069917021766422 ], [ -94.565752794946647, 39.069675741994217 ], [ -94.565394206921454, 39.069419480201951 ], [ -94.565053317673417, 39.069148938941431 ], [ -94.564731061559627, 39.068864859905005 ], [ -94.564428321822291, 39.068568021890769 ], [ -94.564145928168287, 39.0682592386663 ], [ -94.563884654495894, 39.067939356736503 ], [ -94.563645216774887, 39.067609253021594 ], [ -94.563428271085996, 39.067269832452105 ], [ -94.563234411824737, 39.066922025486868 ], [ -94.563064170074924, 39.066566785561328 ], [ -94.56291801215589, 39.066205086472912 ], [ -94.562796338347709, 39.06583791971071 ], [ -94.562699481797637, 39.065466291736797 ], [ -94.562627707610787, 39.065091221226702 ], [ -94.562581212127668, 39.064713736276538 ], [ -94.562560122390209, 39.064334871584435 ] ] ] } },
{ "type": "Feature", "properties": { }, "geometry": { "type": "Polygon", "coordinates": [ [ [ -94.362931957344898, 39.120199098998015 ], [ -94.362937395003669, 39.119819884479405 ], [ -94.362968302843825, 39.119441411321155 ], [ -94.36302459574172, 39.11906471687913 ], [ -94.363106119001685, 39.118690833617464 ], [ -94.363212648784511, 39.118320786278986 ], [ -94.363343892725183, 39.117955589077049 ], [ -94.363499490738377, 39.117596242916115 ], [ -94.3636790160093, 39.117243732649399 ], [ -94.363881976167178, 39.116899024380245 ], [ -94.364107814638132, 39.116563062815402 ], [ -94.36435591217375, 39.116236768676735 ], [ -94.364625588550993, 39.115921036179103 ], [ -94.364916104438961, 39.11561673058079 ], [ -94.365226663427052, 39.115324685813476 ], [ -94.365556414209337, 39.115045702198067 ], [ -94.365904452918869, 39.114780544252817 ], [ -94.366269825605542, 39.114529938599532 ], [ -94.366651530850845, 39.114294571973666 ], [ -94.367048522512164, 39.114075089343721 ], [ -94.36745971258928, 39.113872092145215 ], [ -94.367883974205157, 39.113686136633767 ], [ -94.368320144692731, 39.113517732362027 ], [ -94.368767028779516, 39.11336734078462 ], [ -94.36922340186112, 39.113235373994684 ], [ -94.369688013354804, 39.113122193595679 ], [ -94.370159590123848, 39.113028109711465 ], [ -94.370636839963609, 39.11295338013727 ], [ -94.37111845513941, 39.112898209634061 ], [ -94.371603115966892, 39.112862749367984 ], [ -94.372089494424841, 39.112847096496687 ], [ -94.372576257790968, 39.112851293903276 ], [ -94.373062072290153, 39.112875330079142 ], [ -94.373545606745921, 39.112919139155473 ], [ -94.374025536224536, 39.112982601083637 ], [ -94.374500545662201, 39.113065541963998 ], [ -94.374969333465287, 39.113167734521994 ], [ -94.375430615073867, 39.113288898730417 ], [ -94.375883126478584, 39.113428702576194 ], [ -94.376325627681751, 39.113586762969305 ], [ -94.376756906092595, 39.113762646791812 ], [ -94.377175779848017, 39.113955872083707 ], [ -94.37758110104933, 39.114165909362484 ], [ -94.377971758906213, 39.114392183073072 ], [ -94.378346682779622, 39.114634073163721 ], [ -94.378704845114854, 39.114890916783978 ], [ -94.379045264257115, 39.115162010099745 ], [ -94.379367007141695, 39.115446610220786 ], [ -94.37966919185132, 39.115743937235216 ], [ -94.379950990034061, 39.11605317634541 ], [ -94.380211629174568, 39.116373480099668 ], [ -94.380450394712966, 39.116703970713317 ], [ -94.380666632005102, 39.117043742473129 ], [ -94.380859748119278, 39.117391864218177 ], [ -94.381029213463947, 39.117747381890823 ], [ -94.381174563242325, 39.118109321150222 ], [ -94.381295398729662, 39.118476690041966 ], [ -94.381391388369821, 39.118848481715673 ], [ -94.381462268687855, 39.119223677183925 ], [ -94.381507845016287, 39.119601248114499 ], [ -94.381527992032986, 39.119980159648357 ], [ -94.381522654109006, 39.120359373235672 ], [ -94.381491845465547, 39.120737849482275 ], [ -94.381435650139437, 39.121114550998477 ], [ -94.381354221757348, 39.121488445242633 ], [ -94.381247783118994, 39.121858507351554 ], [ -94.381116625590721, 39.122223722950132 ], [ -94.380961108311169, 39.122583090932267 ], [ -94.380781657210576, 39.122935626205731 ], [ -94.380578763847097, 39.123280362393132 ], [ -94.380352984062796, 39.123616354481918 ], [ -94.380104936463084, 39.123942681415741 ], [ -94.379835300723897, 39.124258448620459 ], [ -94.379544815730924, 39.12456279045751 ], [ -94.37923427755625, 39.124854872598227 ], [ -94.378904537277762, 39.125133894312164 ], [ -94.378556498647328, 39.125399090663684 ], [ -94.378191115614214, 39.125649734610199 ], [ -94.377809389710265, 39.125885138996701 ], [ -94.377412367304458, 39.126104658440944 ], [ -94.37700113673381, 39.126307691104131 ], [ -94.376576825319049, 39.126493680342037 ], [ -94.376140596272833, 39.126662116232495 ], [ -94.375693645509216, 39.126812536974484 ], [ -94.375237198363152, 39.126944530155313 ], [ -94.374772506228837, 39.127057733882388 ], [ -94.374300843126477, 39.127151837776275 ], [ -94.373823502206619, 39.127226583822477 ], [ -94.373341792201842, 39.12728176707958 ], [ -94.372857033835444, 39.127317236241687 ], [ -94.372370556197311, 39.127332894053744 ], [ -94.371883693096393, 39.127328697578442 ], [ -94.37139777940051, 39.127304658314202 ], [ -94.370914147372929, 39.127260842163714 ], [ -94.370434123016437, 39.127197369253054 ], [ -94.36995902243433, 39.127114413602229 ], [ -94.369490148218816, 39.127012202647613 ], [ -94.369028785876594, 39.126891016617968 ], [ -94.368576200301533, 39.126751187765485 ], [ -94.368133632303994, 39.126593099454084 ], [ -94.367702295206513, 39.126417185107655 ], [ -94.367283371515157, 39.126223927020597 ], [ -94.366878009675801, 39.126013855034721 ], [ -94.366487320923937, 39.125787545085387 ], [ -94.366112376237112, 39.125545617621341 ], [ -94.365754203398069, 39.125288735902551 ], [ -94.365413784176695, 39.125017604180513 ], [ -94.365092051638584, 39.124732965766256 ], [ -94.364789887587605, 39.124435600991198 ], [ -94.364508120149381, 39.124126325066676 ], [ -94.364247521502392, 39.123805985847767 ], [ -94.364008805762893, 39.123475461507645 ], [ -94.363792627029397, 39.123135658129129 ], [ -94.363599577592026, 39.122787507219499 ], [ -94.363430186311831, 39.122431963155968 ], [ -94.363284917174099, 39.122070000568478 ], [ -94.363164168020063, 39.121702611667089 ], [ -94.363068269460001, 39.121330803521381 ], [ -94.362997483970943, 39.120955595299222 ], [ -94.362952005181413, 39.120578015472589 ], [ -94.362931957344898, 39.120199098998015 ] ] ] } },
{ "type": "Feature", "properties": { }, "geometry": { "type": "Polygon", "coordinates": [ [ [ -94.52721607547771, 39.094002133510671 ], [ -94.527220634804067, 39.093622926905269 ], [ -94.527250655456896, 39.093244425911834 ], [ -94.527306054744471, 39.092867667963972 ], [ -94.527386680420449, 39.092493685701335 ], [ -94.527492311105476, 39.092123504139543 ], [ -94.527622656898359, 39.091758137861163 ], [ -94.527777360174682, 39.091398588235471 ], [ -94.527955996570881, 39.091045840674553 ], [ -94.528158076151229, 39.090700861933406 ], [ -94.528383044753824, 39.09036459746109 ], [ -94.528630285512691, 39.090037968810762 ], [ -94.528899120551188, 39.089721871114939 ], [ -94.52918881284225, 39.089417170633631 ], [ -94.529498568230409, 39.089124702381397 ], [ -94.52982753760989, 39.088845267840355 ], [ -94.530174819252991, 39.088579632764969 ], [ -94.530539461282046, 39.088328525084989 ], [ -94.53092046427858, 39.088092632911831 ], [ -94.531316784022152, 39.08787260265435 ], [ -94.531727334351586, 39.087669037248723 ], [ -94.532150990140721, 39.087482494507519 ], [ -94.532586590380561, 39.087313485592347 ], [ -94.533032941359181, 39.087162473614363 ], [ -94.533488819931137, 39.087029872366315 ], [ -94.533952976866956, 39.086916045189668 ], [ -94.534424140273913, 39.086821303979967 ], [ -94.534901019078589, 39.086745908332936 ], [ -94.535382306561758, 39.086690064833952 ], [ -94.53586668393595, 39.086653926492438 ], [ -94.536352823955838, 39.086637592323193 ], [ -94.536839394551876, 39.086641107075316 ], [ -94.53732506247681, 39.086664461109862 ], [ -94.537808496955677, 39.086707590426229 ], [ -94.538288373328797, 39.08677037683757 ], [ -94.538763376678247, 39.086852648294347 ], [ -94.539232205427709, 39.086954179355452 ], [ -94.539693574905797, 39.087074691805505 ], [ -94.540146220863505, 39.08721385541655 ], [ -94.540588902935667, 39.08737128885231 ], [ -94.541020408037369, 39.087546560712205 ], [ -94.54143955368599, 39.087739190712597 ], [ -94.541845191239545, 39.08794865100181 ], [ -94.542236209042827, 39.088174367605561 ], [ -94.542611535472517, 39.088415721998516 ], [ -94.542970141872985, 39.088672052798067 ], [ -94.543311045374821, 39.08894265757548 ], [ -94.543633311588295, 39.089226794779421 ], [ -94.543936057164416, 39.089523685766835 ], [ -94.544218452216583, 39.089832516935424 ], [ -94.544479722596137, 39.090152441951901 ], [ -94.54471915201556, 39.090482584070216 ], [ -94.544936084013628, 39.090822038532885 ], [ -94.545129923756889, 39.091169875049459 ], [ -94.545300139672648, 39.091525140344942 ], [ -94.545446264909003, 39.091886860771275 ], [ -94.545567898617691, 39.092254044974865 ], [ -94.545664707056417, 39.092625686612799 ], [ -94.545736424507538, 39.093000767110134 ], [ -94.545782854010341, 39.093378258451146 ], [ -94.545803867905235, 39.093757125996298 ], [ -94.545799408188032, 39.09413633131777 ], [ -94.545769486673308, 39.094514835045509 ], [ -94.545714184966641, 39.094891599715957 ], [ -94.54563365424525, 39.095265592615796 ], [ -94.545528114848139, 39.095635788612867 ], [ -94.545397855676313, 39.096001172966425 ], [ -94.54524323340523, 39.096360744109198 ], [ -94.545064671510829, 39.096713516393308 ], [ -94.544862659112667, 39.097058522792942 ], [ -94.54463774963655, 39.097394817555951 ], [ -94.544390559300638, 39.097721478797347 ], [ -94.544121765429153, 39.0980376110275 ], [ -94.54383210459811, 39.098342347608096 ], [ -94.543522370618319, 39.098634853128999 ], [ -94.543193412360978, 39.098914325699823 ], [ -94.542846131431929, 39.099179999149378 ], [ -94.542481479701024, 39.099431145127561 ], [ -94.542100456693035, 39.09966707510327 ], [ -94.541704106847675, 39.099887142253522 ], [ -94.54129351665587, 39.100090743237935 ], [ -94.540869811680551, 39.100277319854122 ], [ -94.540434153469619, 39.100446360569336 ], [ -94.539987736370108, 39.100597401924006 ], [ -94.53953178425192, 39.100730029803543 ], [ -94.539067547150339, 39.100843880574693 ], [ -94.538596297836364, 39.100938642083399 ], [ -94.538119328324626, 39.101014054511531 ], [ -94.537637946328175, 39.101069911089873 ], [ -94.53715347167001, 39.101106058665685 ], [ -94.536667232661259, 39.10112239812301 ], [ -94.536180562456096, 39.101118884654817 ], [ -94.535694795393013, 39.101095527885967 ], [ -94.535211263333252, 39.101052391847013 ], [ -94.534731292005546, 39.100989594798477 ], [ -94.53425619736818, 39.100907308906436 ], [ -94.533787281997647, 39.10080575977014 ], [ -94.533325831514347, 39.100685225803019 ], [ -94.532873111054812, 39.100546037468746 ], [ -94.532430361800493, 39.10038857637452 ], [ -94.5319987975723, 39.100213274223925 ], [ -94.531579601500738, 39.100020611632473 ], [ -94.531173922780155, 39.099811116808908 ], [ -94.530782873516856, 39.099585364105884 ], [ -94.530407525678797, 39.099343972444252 ], [ -94.530048908156189, 39.099087603614933 ], [ -94.529708003940314, 39.098816960463331 ], [ -94.529385747428691, 39.098532784961208 ], [ -94.529083021864025, 39.098235856171229 ], [ -94.528800656913674, 39.097926988109869 ], [ -94.528539426396492, 39.097607027514613 ], [ -94.528300046163238, 39.097276851521315 ], [ -94.528083172136277, 39.096937365258604 ], [ -94.527889398513892, 39.096589499365344 ], [ -94.527719256144351, 39.096234207438357 ], [ -94.527573211073786, 39.09587246341755 ], [ -94.527451663272132, 39.095505258914947 ], [ -94.527354945540438, 39.09513360049592 ], [ -94.527283322602599, 39.094758506919206 ], [ -94.527236990383784, 39.094381006343887 ], [ -94.52721607547771, 39.094002133510671 ] ] ] } },
{ "type": "Feature", "properties": { }, "geometry": { "type": "Polygon", "coordinates": [ [ [ -94.491082859242837, 38.96453892335083 ], [ -94.491087625737919, 38.964159706394994 ], [ -94.491117806984491, 38.963781203873538 ], [ -94.491173319853331, 38.963404453223994 ], [ -94.491254011789437, 38.963030487065907 ], [ -94.491359661234554, 38.96266033037066 ], [ -94.491489978238647, 38.962294997652712 ], [ -94.491644605258756, 38.961935490189418 ], [ -94.491823118142847, 38.961582793277543 ], [ -94.492025027295981, 38.961237873533456 ], [ -94.492249779025613, 38.960901676244902 ], [ -94.49249675706217, 38.960575122781236 ], [ -94.492765284250922, 38.960259108069465 ], [ -94.493054624410163, 38.959954498142629 ], [ -94.493363984350921, 38.959662127767693 ], [ -94.493692516052462, 38.959382798159155 ], [ -94.49403931898749, 38.959117274784568 ], [ -94.49440344259105, 38.958866285268236 ], [ -94.494783888865882, 38.958630517398475 ], [ -94.495179615117522, 38.958410617244169 ], [ -94.495589536811181, 38.958207187385717 ], [ -94.49601253054324, 38.958020785264942 ], [ -94.496447437118505, 38.957851921658801 ], [ -94.496893064725242, 38.957701059280936 ], [ -94.497348192199382, 38.957568611514809 ], [ -94.497811572368576, 38.957454941281902 ], [ -94.498281935467361, 38.95736036004827 ], [ -94.498757992613918, 38.957285126971769 ], [ -94.499238439338995, 38.957229448192763 ], [ -94.499721959157199, 38.957193476269715 ], [ -94.500207227171302, 38.957177309761725 ], [ -94.500692913699282, 38.957180992958705 ], [ -94.501177687914449, 38.957204515760317 ], [ -94.501660221488734, 38.957247813703631 ], [ -94.502139192229137, 38.957310768139749 ], [ -94.502613287697315, 38.957393206558613 ], [ -94.503081208802755, 38.957494903061502 ], [ -94.503541673359365, 38.95761557897945 ], [ -94.503993419595943, 38.9577549036363 ], [ -94.504435209611103, 38.95791249525405 ], [ -94.504865832762832, 38.958087921998228 ], [ -94.505284108983844, 38.958280703160256 ], [ -94.505688892013438, 38.958490310473685 ], [ -94.50607907253702, 38.958716169560653 ], [ -94.506453581224818, 38.958957661504726 ], [ -94.5068113916615, 38.959214124545625 ], [ -94.507151523158498, 38.959484855891446 ], [ -94.50747304344155, 38.959769113643205 ], [ -94.507775071205913, 38.960066118826703 ], [ -94.508056778532477, 38.960375057525823 ], [ -94.508317393157839, 38.960695083111801 ], [ -94.508556200592437, 38.9610253185621 ], [ -94.508772546080678, 38.961364858862659 ], [ -94.508965836397778, 38.961712773486994 ], [ -94.509135541478358, 38.96206810894526 ], [ -94.509281195872205, 38.962429891396368 ], [ -94.509402400023419, 38.962797129316073 ], [ -94.509498821369078, 38.963168816213546 ], [ -94.509570195254724, 38.963543933389303 ], [ -94.509616325663643, 38.963921452726481 ], [ -94.509637085758513, 38.964300339508405 ], [ -94.509632418233295, 38.964679555254151 ], [ -94.509602335474838, 38.965058060564786 ], [ -94.509546919533292, 38.965434817972181 ], [ -94.509466321901726, 38.965808794782788 ], [ -94.50936076310515, 38.966178965908476 ], [ -94.509230532100446, 38.966544316676696 ], [ -94.509075985488337, 38.966903845612336 ], [ -94.508897546539885, 38.967256567183391 ], [ -94.508695704040008, 38.967601514503293 ], [ -94.50847101095097, 38.967937741982176 ], [ -94.508224082899829, 38.968264327919911 ], [ -94.507955596493716, 38.968580377033724 ], [ -94.507666287467501, 38.968885022913632 ], [ -94.507356948669027, 38.969177430398773 ], [ -94.507028427887434, 38.969456797868041 ], [ -94.506681625530319, 38.969722359439103 ], [ -94.506317492156356, 38.969973387069153 ], [ -94.505937025869812, 38.970209192552296 ], [ -94.505541269584469, 38.970429129407535 ], [ -94.505131308164081, 38.9706325946524 ], [ -94.504708265447576, 38.970819030457328 ], [ -94.504273301166833, 38.970987925676333 ], [ -94.5038276077658, 38.971138817249404 ], [ -94.503372407129419, 38.971271291473229 ], [ -94.502908947231617, 38.971384985136432 ], [ -94.502438498711371, 38.97147958651626 ], [ -94.501962351386382, 38.97155483623412 ], [ -94.501481810713955, 38.971610527967336 ], [ -94.500998194208748, 38.971646509015514 ], [ -94.50051282782735, 38.971662680719575 ], [ -94.500027042329492, 38.971658998732671 ], [ -94.49954216962621, 38.971635473141887 ], [ -94.499059539124616, 38.971592168440701 ], [ -94.498580474079688, 38.971529203352098 ], [ -94.498106287962955, 38.971446750502786 ], [ -94.497638280858112, 38.971345035949597 ], [ -94.497177735893516, 38.971224338559288 ], [ -94.496725915721271, 38.971084989243295 ], [ -94.496284059052883, 38.970927370049729 ], [ -94.495853377260559, 38.970751913115222 ], [ -94.495435051054102, 38.970559099479111 ], [ -94.495030227241884, 38.970349457763639 ], [ -94.494640015585304, 38.9701235627236 ], [ -94.494265485755207, 38.969882033669336 ], [ -94.493907664398606, 38.969625532767687 ], [ -94.493567532323681, 38.969354763225404 ], [ -94.493246021811046, 38.96907046735992 ], [ -94.492944014058367, 38.968773424563039 ], [ -94.492662336765562, 38.968464449162987 ], [ -94.492401761866915, 38.968144388190609 ], [ -94.492163003416763, 38.96781411905615 ], [ -94.491946715634, 38.967474547142714 ], [ -94.491753491111183, 38.967126603323173 ], [ -94.491583859192872, 38.966771241407216 ], [ -94.491438284527632, 38.966409435525819 ], [ -94.491317165797881, 38.966042177459933 ], [ -94.49122083463061, 38.96567047392108 ], [ -94.491149554692328, 38.965295343791126 ], [ -94.491103520970398, 38.964917815328818 ], [ -94.491082859242837, 38.96453892335083 ] ] ] } },
{ "type": "Feature", "properties": { }, "geometry": { "type": "Polygon", "coordinates": [ [ [ -94.463280376888619, 39.059126949965879 ], [ -94.463285282318097, 39.058747737122992 ], [ -94.463315636326243, 39.058369244115319 ], [ -94.463371355308482, 39.057992508354019 ], [ -94.463452286143095, 39.057618562417446 ], [ -94.463558206615318, 39.057248431221183 ], [ -94.463688826030733, 39.056883129209332 ], [ -94.463843786016014, 39.056523657574608 ], [ -94.464022661505254, 39.056171001515061 ], [ -94.464224961908471, 39.055826127534516 ], [ -94.464450132459831, 39.055489980794725 ], [ -94.464697555740997, 39.055163482525977 ], [ -94.464966553376328, 39.054847527503334 ], [ -94.465256387894257, 39.05454298159566 ], [ -94.465566264750692, 39.054250679393874 ], [ -94.465895334508062, 39.05397142192507 ], [ -94.466242695164595, 39.053705974458495 ], [ -94.466607394627061, 39.053455064409853 ], [ -94.466988433320495, 39.053219379349173 ], [ -94.467384766927438, 39.052999565117901 ], [ -94.467795309249496, 39.052796224060494 ], [ -94.468218935183074, 39.052609913374972 ], [ -94.468654483801487, 39.05244114358738 ], [ -94.469100761534747, 39.052290377153952 ], [ -94.469556545438394, 39.052158027194878 ], [ -94.470020586542603, 39.052044456363461 ], [ -94.470491613272159, 39.051949975853155 ], [ -94.470968334928145, 39.05187484454575 ], [ -94.471449445221822, 39.051819268302637 ], [ -94.471933625851008, 39.051783399401323 ], [ -94.472419550109208, 39.051767336118694 ], [ -94.47290588651758, 39.051771122461908 ], [ -94.47339130247012, 39.051794748048174 ], [ -94.473874467881615, 39.051838148133136 ], [ -94.474354058829036, 39.05190120378829 ], [ -94.474828761175772, 39.051983742226582 ], [ -94.475297274169478, 39.052085537275545 ], [ -94.47575831400313, 39.052206309996635 ], [ -94.476210617330054, 39.052345729448824 ], [ -94.476652944723014, 39.052503413594884 ], [ -94.477084084068039, 39.052678930347263 ], [ -94.477502853883763, 39.052871798751269 ], [ -94.477908106557123, 39.053081490301885 ], [ -94.478298731486618, 39.053307430390987 ], [ -94.478673658124578, 39.053548999880668 ], [ -94.479031858910076, 39.053805536798691 ], [ -94.479372352084354, 39.054076338151198 ], [ -94.479694204381346, 39.054360661847873 ], [ -94.479996533585677, 39.054657728734242 ], [ -94.480278510951138, 39.054966724725531 ], [ -94.480539363473184, 39.055286803036381 ], [ -94.480778376008999, 39.055617086500121 ], [ -94.480994893239469, 39.055956669971394 ], [ -94.481188321467599, 39.056304622805669 ], [ -94.481358130248353, 39.05665999140863 ], [ -94.481503853845624, 39.057021801848457 ], [ -94.481625092511962, 39.057389062524308 ], [ -94.481721513588028, 39.057760766883042 ], [ -94.48179285241811, 39.058135896177291 ], [ -94.481838913079642, 39.058513422256894 ], [ -94.48185956892452, 39.05889231038654 ], [ -94.481854762930482, 39.05927152208146 ], [ -94.481824507862029, 39.059650017953508 ], [ -94.481768886239706, 39.060026760560156 ], [ -94.481688050118592, 39.060400717248058 ], [ -94.481582220675691, 39.06077086298383 ], [ -94.481451687608114, 39.061136183164052 ], [ -94.481296808343117, 39.061495676397001 ], [ -94.481118007062278, 39.061848357247975 ], [ -94.480915773542449, 39.062193258941505 ], [ -94.480690661816766, 39.062529436012213 ], [ -94.480443288659004, 39.06285596689753 ], [ -94.480174331895654, 39.063171956465013 ], [ -94.479884528550471, 39.06347653846732 ], [ -94.479574672826018, 39.063768877918072 ], [ -94.47924561392837, 39.064048173382083 ], [ -94.478898253740283, 39.064313659173813 ], [ -94.478533544349858, 39.064564607457633 ], [ -94.47815248544083, 39.064800330244665 ], [ -94.477756121552147, 39.065020181280062 ], [ -94.477345539213999, 39.065223557816168 ], [ -94.476921863968386, 39.065409902266225 ], [ -94.476486257282261, 39.065578703734268 ], [ -94.476039913361817, 39.06572949941701 ], [ -94.475584055876681, 39.065861875873722 ], [ -94.475119934602859, 39.065975470160836 ], [ -94.474648821993895, 39.066069970827876 ], [ -94.474172009689639, 39.066145118772269 ], [ -94.473690804971994, 39.066200707950308 ], [ -94.473206527177638, 39.066236585942761 ], [ -94.472720504077699, 39.066252654373173 ], [ -94.472234068233888, 39.066248869177933 ], [ -94.471748553341655, 39.066225240727292 ], [ -94.471265290570216, 39.066181833796968 ], [ -94.47078560490931, 39.066118767390485 ], [ -94.470310811533238, 39.066036214412705 ], [ -94.469842212191708, 39.065934401195328 ], [ -94.469381091637743, 39.065813606876027 ], [ -94.468928714102432, 39.065674162632419 ], [ -94.46848631982607, 39.065516450773373 ], [ -94.468055121655382, 39.065340903690071 ], [ -94.467636301716269, 39.06514800266951 ], [ -94.467231008170941, 39.064938276574047 ], [ -94.466840352068687, 39.064712300390312 ], [ -94.466465404298717, 39.06447069365165 ], [ -94.466107192653524, 39.06421411873842 ], [ -94.465766699010828, 39.063943279060773 ], [ -94.465444856641795, 39.06365891712889 ], [ -94.465142547653045, 39.063361812516206 ], [ -94.46486060056931, 39.063052779720771 ], [ -94.464599788063367, 39.062732665931243 ], [ -94.464360824839602, 39.062402348702953 ], [ -94.464144365676844, 39.062062733551215 ], [ -94.463951003635913, 39.061714751467655 ], [ -94.463781268436634, 39.061359356367049 ], [ -94.46363562500899, 39.060997522471538 ], [ -94.46351447222203, 39.060630241638933 ], [ -94.463418141794236, 39.060258520643202 ], [ -94.463346897388121, 39.059883378414057 ], [ -94.46330093389173, 39.059505843243308 ], [ -94.463280376888619, 39.059126949965879 ] ] ] } },
{ "type": "Feature", "properties": { }, "geometry": { "type": "Polygon", "coordinates": [ [ [ -94.562400083669758, 39.06462485960995 ], [ -94.562404457900044, 39.064245653645983 ], [ -94.562434282983588, 39.063867145819309 ], [ -94.562489476765251, 39.06349037358261 ], [ -94.562569887562418, 39.063116369615024 ], [ -94.562675294585148, 39.062746158992034 ], [ -94.562805408545543, 39.0623807563762 ], [ -94.562959872454854, 39.062021163236743 ], [ -94.563138262605833, 39.06166836510539 ], [ -94.563340089737665, 39.061323328876043 ], [ -94.563564800380448, 39.06098700015572 ], [ -94.563811778375126, 39.060660300673945 ], [ -94.564080346565092, 39.060344125757709 ], [ -94.56436976865443, 39.06003934187892 ], [ -94.564679251227901, 39.059746784281018 ], [ -94.565007945927107, 39.059467254691199 ], [ -94.565354951776712, 39.05920151912467 ], [ -94.565719317654427, 39.058950305786745 ], [ -94.566100044898079, 39.058714303078609 ], [ -94.566496090042349, 39.058494157712161 ], [ -94.56690636767803, 39.058290472939142 ], [ -94.567329753425639, 39.058103806899332 ], [ -94.567765087015545, 39.057934671092262 ], [ -94.568211175465933, 39.057783528976856 ], [ -94.568666796350072, 39.057650794702447 ], [ -94.56913070114399, 39.057536831975021 ], [ -94.569601618645265, 39.057441953061478 ], [ -94.570078258453677, 39.057366417934816 ], [ -94.570559314504322, 39.057310433562435 ], [ -94.571043468643325, 39.057274153339726 ], [ -94.571529394236535, 39.057257676670041 ], [ -94.572015759801474, 39.057261048692773 ], [ -94.572501232652286, 39.057284260159896 ], [ -94.572984482548136, 39.057327247461238 ], [ -94.573464185334814, 39.057389892798852 ], [ -94.573939026569818, 39.057472024509551 ], [ -94.574407705120819, 39.057573417534904 ], [ -94.574868936727938, 39.057693794037505 ], [ -94.575321457519863, 39.057832824161714 ], [ -94.57576402747442, 39.057990126936751 ], [ -94.576195433814064, 39.058165271319844 ], [ -94.576614494326932, 39.058357777376457 ], [ -94.577020060604596, 39.05856711759435 ], [ -94.577411021187487, 39.058792718328043 ], [ -94.577786304609475, 39.059033961369543 ], [ -94.57814488233322, 39.059290185641245 ], [ -94.57848577156841, 39.059560689006183 ], [ -94.578808037964961, 39.059844730190854 ], [ -94.579110798174028, 39.060141530815244 ], [ -94.579393222269545, 39.060450277524616 ], [ -94.579654536023995, 39.060770124217179 ], [ -94.579894023031699, 39.061100194361458 ], [ -94.580111026674388, 39.061439583397338 ], [ -94.580304951923011, 39.061787361213725 ], [ -94.580475266971348, 39.062142574696587 ], [ -94.58062150469658, 39.062504250339998 ], [ -94.580743263942935, 39.062871396913316 ], [ -94.580840210624856, 39.063243008176904 ], [ -94.580912078646506, 39.063618065639353 ], [ -94.580958670635212, 39.063995541348255 ], [ -94.580979858486756, 39.064374400707237 ], [ -94.580975583720758, 39.064753605311189 ], [ -94.580945857645503, 39.065132115792359 ], [ -94.580890761331361, 39.065508894668987 ], [ -94.58081044539307, 39.065882909189163 ], [ -94.580705129581318, 39.066253134161812 ], [ -94.580575102184625, 39.066618554767132 ], [ -94.580420719243349, 39.066978169338817 ], [ -94.580242403577643, 39.067330992110321 ], [ -94.580040643632216, 39.067676055917794 ], [ -94.579815992140922, 39.068012414852035 ], [ -94.579569064614674, 39.068339146852537 ], [ -94.579300537657176, 39.068655356235979 ], [ -94.579011147112595, 39.068960176152828 ], [ -94.578701686050522, 39.069252770964852 ], [ -94.578373002593707, 39.069532338537087 ], [ -94.57802599759431, 39.069798112438178 ], [ -94.577661622165266, 39.070049364042838 ], [ -94.577280875073455, 39.070285404530594 ], [ -94.576884800001608, 39.070505586775646 ], [ -94.576474482686848, 39.070709307122208 ], [ -94.576051047943395, 39.070896007040744 ], [ -94.575615656577668, 39.071065174660511 ], [ -94.575169502204503, 39.071216346174076 ], [ -94.57471380797287, 39.071349107110002 ], [ -94.574249823210394, 39.071463093470186 ], [ -94.57377881999561, 39.07155799272882 ], [ -94.573302089667834, 39.071633544689981 ], [ -94.572820939283744, 39.071689542201817 ], [ -94.572336688030759, 39.07172583172504 ], [ -94.571850663606995, 39.071742313754342 ], [ -94.571364198577768, 39.071738943091589 ], [ -94.570878626718667, 39.071715728969977 ], [ -94.570395279355282, 39.071672735028727 ], [ -94.5699154817097, 39.071610079138495 ], [ -94.569440549263746, 39.071527933078151 ], [ -94.568971784149042, 39.071426522063312 ], [ -94.568510471573887, 39.071306124128483 ], [ -94.568057876296706, 39.071167069364122 ], [ -94.567615239155714, 39.071009739010968 ], [ -94.56718377366461, 39.070834564413943 ], [ -94.566764662683312, 39.070642025838623 ], [ -94.566359055173166, 39.070432651153517 ], [ -94.565968063045531, 39.070207014381758 ], [ -94.565592758112146, 39.069965734126136 ], [ -94.565234169146009, 39.069709471872031 ], [ -94.564893279060641, 39.069438930172517 ], [ -94.564571022215389, 39.069154850721112 ], [ -94.564268281854496, 39.068858012317108 ], [ -94.563985887686542, 39.068549228729111 ], [ -94.563724613611186, 39.068229346463021 ], [ -94.563485175599325, 39.067899242440014 ], [ -94.563268229732458, 39.067559821591438 ], [ -94.563074370406625, 39.067212014376892 ], [ -94.562904128705767, 39.066856774232527 ], [ -94.562757970949107, 39.06649507495635 ], [ -94.562636297416248, 39.066127908037949 ], [ -94.562539441253676, 39.065756279939855 ], [ -94.562467667565485, 39.065381209337936 ], [ -94.562421172690748, 39.065003724328527 ], [ -94.562400083669758, 39.06462485960995 ] ] ] } },
{ "type": "Feature", "properties": { }, "geometry": { "type": "Polygon", "coordinates": [ [ [ -94.490242808736099, 38.964898857492237 ], [ -94.490247579674971, 38.964519640505124 ], [ -94.490277765491442, 38.964141138132995 ], [ -94.490333283043768, 38.963764387812972 ], [ -94.490413979764114, 38.963390422163691 ], [ -94.49051963408111, 38.963020266155119 ], [ -94.490649956031362, 38.962654934299842 ], [ -94.490804588058367, 38.962295427872839 ], [ -94.490983105996349, 38.961942732168005 ], [ -94.491185020236543, 38.961597813798406 ], [ -94.49140977707242, 38.961261618048034 ], [ -94.491656760220479, 38.960935066282033 ], [ -94.491925292511922, 38.960619053422697 ], [ -94.492214637751118, 38.960314445498014 ], [ -94.492524002735195, 38.960022077269464 ], [ -94.492852539429535, 38.95974274994564 ], [ -94.493199347293228, 38.959477228987865 ], [ -94.49356347574782, 38.95922624201377 ], [ -94.493943926782748, 38.958990476804708 ], [ -94.494339657690503, 38.958770579422314 ], [ -94.494749583923593, 38.958567152439358 ], [ -94.495172582065948, 38.958380753289774 ], [ -94.495607492910281, 38.958211892742391 ], [ -94.496053124633207, 38.958061033502496 ], [ -94.496508256059371, 38.957928588944888 ], [ -94.496971640005597, 38.957814921982312 ], [ -94.497442006696104, 38.957720344071845 ], [ -94.49791806723924, 38.957645114362258 ], [ -94.498398517156417, 38.957589438984677 ], [ -94.498882039953571, 38.957553470488229 ], [ -94.499367310725276, 38.957537307422655 ], [ -94.49985299978195, 38.957540994068445 ], [ -94.500337776289982, 38.957564520315813 ], [ -94.500820311915078, 38.95760782169237 ], [ -94.50129928445854, 38.957670779539811 ], [ -94.50177338147715, 38.95775322133877 ], [ -94.502241303876119, 38.957854921181266 ], [ -94.502701769465801, 38.957975600389169 ], [ -94.503153516472182, 38.958114928277276 ], [ -94.503595306991741, 38.958272523058803 ], [ -94.50402593038109, 38.95844795289058 ], [ -94.504444206572302, 38.958640737055582 ], [ -94.504848989304719, 38.958850347279117 ], [ -94.505239169264556, 38.959076209175372 ], [ -94.505613677123591, 38.959317703820204 ], [ -94.505971486468766, 38.959574169445943 ], [ -94.506311616614454, 38.959844903253583 ], [ -94.506633135290102, 38.960129163337434 ], [ -94.506935161195372, 38.960426170716865 ], [ -94.507216866416201, 38.960735111469759 ], [ -94.507477478694966, 38.961055138961733 ], [ -94.507716283548532, 38.961385376164991 ], [ -94.507932626228353, 38.96172491806071 ], [ -94.508125913517333, 38.962072834117997 ], [ -94.508295615358335, 38.962428170843083 ], [ -94.508441266310072, 38.962789954391404 ], [ -94.508562466826035, 38.963157193235695 ], [ -94.508658884353309, 38.96352888088262 ], [ -94.508730254247794, 38.963903998630578 ], [ -94.508776380503761, 38.964281518361197 ], [ -94.508797136295229, 38.964660405356675 ], [ -94.508792464327982, 38.96503962113551 ], [ -94.508762377001048, 38.965418126298658 ], [ -94.508706956377054, 38.965794883378393 ], [ -94.508626353961901, 38.966168859682064 ], [ -94.508520790293744, 38.966539030122917 ], [ -94.508390554342768, 38.966904380030279 ], [ -94.508236002723294, 38.967263907931375 ], [ -94.508057558720097, 38.967616628297037 ], [ -94.507855711131938, 38.967961574243994 ], [ -94.50763101293505, 38.96829780018615 ], [ -94.507384079770517, 38.968624384427542 ], [ -94.507115588259438, 38.968940431690079 ], [ -94.506826274150725, 38.96924507556885 ], [ -94.506516930306148, 38.969537480908443 ], [ -94.506188404528714, 38.969816846093657 ], [ -94.505841597239709, 38.970082405248405 ], [ -94.505477459011317, 38.970333430336495 ], [ -94.505096987961153, 38.970569233158997 ], [ -94.504701227016056, 38.970789167242231 ], [ -94.504291261052586, 38.970992629611281 ], [ -94.503868213922118, 38.971179062444534 ], [ -94.503433245368655, 38.971347954604092 ], [ -94.502987547847866, 38.971498843038368 ], [ -94.502532343255993, 38.971631314052637 ], [ -94.50206887957782, 38.971745004444323 ], [ -94.501598427462724, 38.971839602499657 ], [ -94.501122276738258, 38.971914848849153 ], [ -94.500641732871031, 38.971970537179381 ], [ -94.500158113384529, 38.972006514799276 ], [ -94.499672744243441, 38.972022683059173 ], [ -94.499186956215141, 38.97201899762166 ], [ -94.498702081217559, 38.971995468583273 ], [ -94.49821944866413, 38.971952160446996 ], [ -94.497740381815461, 38.971889191945181 ], [ -94.497266194148025, 38.971806735713919 ], [ -94.496798185749768, 38.971705017819346 ], [ -94.496337639752568, 38.971584317137378 ], [ -94.495885818811388, 38.971444964588422 ], [ -94.495443961639793, 38.971287342229523 ], [ -94.495013279611456, 38.971111882205967 ], [ -94.494594953436732, 38.970919065565582 ], [ -94.494190129923922, 38.970709420938832 ], [ -94.493799918833602, 38.970483523088504 ], [ -94.493425389835082, 38.970241991332635 ], [ -94.493067569573029, 38.969985487845491 ], [ -94.49272743885264, 38.969714715840901 ], [ -94.492405929950806, 38.969430417643046 ], [ -94.492103924060771, 38.969133372650163 ], [ -94.491822248877298, 38.968824395196428 ], [ -94.491561676328914, 38.968504332318361 ], [ -94.49132292046346, 38.968174061431434 ], [ -94.49110663549277, 38.967834487923525 ], [ -94.490913414001668, 38.967486542671899 ], [ -94.490743785326359, 38.967131179490138 ], [ -94.490598214106555, 38.966769372512715 ], [ -94.49047709901518, 38.96640211352355 ], [ -94.490380771669251, 38.966030409236716 ], [ -94.490309495724787, 38.965655278536111 ], [ -94.490263466158197, 38.965277749682031 ], [ -94.490242808736099, 38.964898857492237 ] ] ] } },
{ "type": "Feature", "properties": { }, "geometry": { "type": "Polygon", "coordinates": [ [ [ -94.387975592747708, 39.093271032623541 ], [ -94.387980898351856, 39.092891817687004 ], [ -94.38801166453905, 39.092513338811202 ], [ -94.388067806574412, 39.092136633367922 ], [ -94.388149170176234, 39.091762733851738 ], [ -94.388255531943301, 39.09139266505025 ], [ -94.388386599971469, 39.091027441235909 ], [ -94.388542014657844, 39.09066806338641 ], [ -94.388721349690314, 39.090315516442061 ], [ -94.388924113219659, 39.089970766607053 ], [ -94.389149749211043, 39.089634758702275 ], [ -94.389397638970991, 39.089308413576887 ], [ -94.389667102845948, 39.088992625585718 ], [ -94.389957402087248, 39.088688260139399 ], [ -94.390267740877931, 39.088396151333846 ], [ -94.390597268515336, 39.088117099665695 ], [ -94.390945081743794, 39.087851869839895 ], [ -94.391310227230804, 39.087601188675421 ], [ -94.391691704180147, 39.08736574311483 ], [ -94.392088467074458, 39.087146178343055 ], [ -94.392499428540006, 39.08694309602086 ], [ -94.39292346232574, 39.086757052637203 ], [ -94.393359406388498, 39.0865885579856 ], [ -94.393806066075726, 39.086438073768413 ], [ -94.39426221739744, 39.086306012332642 ], [ -94.394726610378044, 39.086192735541104 ], [ -94.395197972479096, 39.086098553781774 ], [ -94.395675012083643, 39.086023725118011 ], [ -94.396156422032618, 39.085968454582265 ], [ -94.396640883203503, 39.085932893614697 ], [ -94.397127068121733, 39.085917139648757 ], [ -94.397613644594912, 39.085921235844445 ], [ -94.398099279359627, 39.085945170970341 ], [ -94.398582641731565, 39.08598887943436 ], [ -94.399062407248167, 39.086052241463442 ], [ -94.399537261294697, 39.086135083431444 ], [ -94.400005902703114, 39.08623717833467 ], [ -94.400467047314422, 39.086358246413333 ], [ -94.400919431494614, 39.086497955917515 ], [ -94.401361815594527, 39.086655924015602 ], [ -94.401792987344351, 39.086831717842301 ], [ -94.40221176517332, 39.087024855684042 ], [ -94.402617001445734, 39.087234808297808 ], [ -94.403007585604229, 39.087461000360314 ], [ -94.403382447211968, 39.087702812043425 ], [ -94.403740558885175, 39.087959580711377 ], [ -94.404080939108297, 39.088230602735365 ], [ -94.404402654923629, 39.088515135420401 ], [ -94.404704824488647, 39.088812399039291 ], [ -94.404986619493357, 39.089121578968111 ], [ -94.405247267431719, 39.089441827917284 ], [ -94.405486053720281, 39.089772268252311 ], [ -94.405702323658701, 39.090111994397731 ], [ -94.405895484226392, 39.090460075317694 ], [ -94.406065005710644, 39.090815557066477 ], [ -94.406210423161468, 39.091177465401799 ], [ -94.406331337669329, 39.091544808454053 ], [ -94.40642741746214, 39.091916579443819 ], [ -94.406498398818513, 39.092291759440542 ], [ -94.40654408679471, 39.09266932015457 ], [ -94.406564355763152, 39.093048226755016 ], [ -94.40655914976125, 39.093427440705803 ], [ -94.406528482649136, 39.093805922612013 ], [ -94.40647243807625, 39.094182635068648 ], [ -94.406391169256452, 39.094556545504346 ], [ -94.406284898552528, 39.094926629011788 ], [ -94.406153916870906, 39.095291871157471 ], [ -94.40599858286842, 39.095651270762829 ], [ -94.40581932197324, 39.096003842649189 ], [ -94.405616625222279, 39.096348620339107 ], [ -94.405391047918769, 39.096684658706515 ], [ -94.405143208113159, 39.097011036568468 ], [ -94.404873784911729, 39.097326859211485 ], [ -94.404583516617478, 39.097631260845262 ], [ -94.404273198708324, 39.097923406977451 ], [ -94.403943681658163, 39.098202496702427 ], [ -94.403595868606644, 39.098467764898281 ], [ -94.403230712884323, 39.098718484325659 ], [ -94.402849215399584, 39.098953967622791 ], [ -94.402452421894765, 39.099173569191265 ], [ -94.402041420078973, 39.099376686967211 ], [ -94.401617336645344, 39.099562764073184 ], [ -94.401181334181018, 39.099731290346227 ], [ -94.400734607978364, 39.099881803737532 ], [ -94.400278382756156, 39.100013891580431 ], [ -94.399813909299667, 39.100127191722827 ], [ -94.399342461029008, 39.100221393520883 ], [ -94.398865330505231, 39.100296238691676 ], [ -94.398383825883585, 39.100351522021924 ], [ -94.397899267323808, 39.100387091931296 ], [ -94.397412983367445, 39.100402850888372 ], [ -94.396926307292034, 39.100398755678441 ], [ -94.39644057345221, 39.10037481752213 ], [ -94.395957113617811, 39.100331102044741 ], [ -94.395477253319171, 39.100267729096181 ], [ -94.395002308209499, 39.100184872422197 ], [ -94.394533580454549, 39.100082759187629 ], [ -94.394072355159352, 39.099961669353114 ], [ -94.393619896841884, 39.099821934906899 ], [ -94.393177445963573, 39.09966393895391 ], [ -94.392746215525875, 39.099488114664588 ], [ -94.392327387742554, 39.099294944086274 ], [ -94.391922110796628, 39.099084956820668 ], [ -94.391531495691083, 39.098858728570683 ], [ -94.391156613201815, 39.098616879560929 ], [ -94.390798490941364, 39.098360072836151 ], [ -94.390458110541331, 39.098089012442117 ], [ -94.390136404961282, 39.097804441494183 ], [ -94.389834255931689, 39.097507140138759 ], [ -94.389552491537486, 39.097197923413219 ], [ -94.389291883949383, 39.096877639010337 ], [ -94.389053147308701, 39.09654716495298 ], [ -94.388836935771863, 39.096207407186114 ], [ -94.388643841719585, 39.095859297092041 ], [ -94.388474394135827, 39.095503788936114 ], [ -94.388329057160902, 39.095141857249956 ], [ -94.388208228822648, 39.094774494158983 ], [ -94.388112239949038, 39.094402706662173 ], [ -94.388041353265336, 39.094027513870927 ], [ -94.387995762678045, 39.093649944215116 ], [ -94.387975592747708, 39.093271032623541 ] ] ] } },
{ "type": "Feature", "properties": { }, "geometry": { "type": "Polygon", "coordinates": [ [ [ -94.526446043256058, 39.094222072704959 ], [ -94.52645060668479, 39.093842866061117 ], [ -94.526480631516947, 39.093464365196006 ], [ -94.526536035049375, 39.093087607542891 ], [ -94.526616665024036, 39.092713625740608 ], [ -94.526722300049855, 39.09234344480349 ], [ -94.526852650213684, 39.091978079312391 ], [ -94.527007357879143, 39.09161853063442 ], [ -94.527185998670689, 39.0912657841791 ], [ -94.527388082640485, 39.090920806698328 ], [ -94.527613055614637, 39.09058454363776 ], [ -94.527860300715204, 39.090257916546641 ], [ -94.528129140053636, 39.089941820553236 ], [ -94.528418836591115, 39.089637121912844 ], [ -94.528728596160505, 39.089344655635017 ], [ -94.529057569644621, 39.089065223196449 ], [ -94.529404855304477, 39.088799590345836 ], [ -94.529769501251465, 39.088548485006804 ], [ -94.530150508056337, 39.0883125952844 ], [ -94.530546831488238, 39.088092567580738 ], [ -94.530957385375913, 39.087889004824994 ], [ -94.531381044583469, 39.08770246482247 ], [ -94.531816648092502, 39.087533458727272 ], [ -94.532263002182191, 39.087382449642845 ], [ -94.53271888369855, 39.087249851353981 ], [ -94.533183043404051, 39.087136027194084 ], [ -94.533654209398406, 39.08704128905039 ], [ -94.534131090601079, 39.086965896510257 ], [ -94.534612380286319, 39.086910056150529 ], [ -94.53509675966059, 39.086873920972053 ], [ -94.535582901473134, 39.086857589980937 ], [ -94.536069473649448, 39.086861107917592 ], [ -94.536555142937999, 39.086884465134361 ], [ -94.537038578560043, 39.086927597621894 ], [ -94.537518455852805, 39.086990387184699 ], [ -94.53799345989583, 39.087072661764573 ], [ -94.538462289110882, 39.087174195911878 ], [ -94.53892365882534, 39.08729471140277 ], [ -94.539376304789499, 39.087433878000979 ], [ -94.539818986638181, 39.087591314362029 ], [ -94.540250491287111, 39.087766589077333 ], [ -94.540669636254847, 39.087959221855407 ], [ -94.54107527290131, 39.088168684837029 ], [ -94.541466289573762, 39.088394404040471 ], [ -94.541841614651943, 39.088635760933315 ], [ -94.542200219483959, 39.088892094126102 ], [ -94.542541121204636, 39.089162701183525 ], [ -94.542863385429158, 39.089446840548021 ], [ -94.543166128813951, 39.089743733570607 ], [ -94.543448521478425, 39.090052566643379 ], [ -94.543709789280427, 39.090372493427878 ], [ -94.54394921593952, 39.090702637173173 ], [ -94.544166145002023, 39.091042093117316 ], [ -94.544359981642501, 39.091389930965825 ], [ -94.544530194296769, 39.091745197440027 ], [ -94.544676316121851, 39.092106918888604 ], [ -94.544797946278806, 39.092474103955226 ], [ -94.544894751035102, 39.092845746294522 ], [ -94.544966464683142, 39.093220827329702 ], [ -94.545012890272631, 39.093598319043508 ], [ -94.545033900154735, 39.093977186795385 ], [ -94.545029436336208, 39.094356392156961 ], [ -94.544999510642924, 39.094734895758052 ], [ -94.544944204691859, 39.095111660135423 ], [ -94.544863669671869, 39.095485652576592 ], [ -94.544758125933754, 39.095855847950595 ], [ -94.544627862390442, 39.096221231518449 ], [ -94.544473235729299, 39.096580801714993 ], [ -94.544294669438401, 39.09693357289494 ], [ -94.544092652649283, 39.097278578035507 ], [ -94.543867738799818, 39.097614871387989 ], [ -94.543620544120174, 39.09794153107125 ], [ -94.543351745946467, 39.098257661599938 ], [ -94.543062080866534, 39.09856239634037 ], [ -94.542752342702826, 39.098854899887506 ], [ -94.542423380338008, 39.09913437035631 ], [ -94.54207609538922, 39.099400041581397 ], [ -94.541711439737327, 39.099651185218704 ], [ -94.541330412917873, 39.099887112743609 ], [ -94.540934059381001, 39.100107177339822 ], [ -94.5405234656278, 39.100310775673954 ], [ -94.540099757230962, 39.100497349550892 ], [ -94.539664095747781, 39.100666387445379 ], [ -94.539217675534275, 39.100817425905589 ], [ -94.538761720468898, 39.100950050824906 ], [ -94.538297480594991, 39.101063898578126 ], [ -94.537826228691202, 39.101158657019532 ], [ -94.537349256779279, 39.10123406633938 ], [ -94.536867872578824, 39.101289919776995 ], [ -94.53638339591889, 39.101326064188214 ], [ -94.535897155116118, 39.101342400465789 ], [ -94.535410483329571, 39.101338883811394 ], [ -94.534924714902147, 39.101315523858652 ], [ -94.534441181698753, 39.101272384646855 ], [ -94.533961209451306, 39.101209584445179 ], [ -94.533486114120592, 39.101127295428412 ], [ -94.533017198285009, 39.101025743204353 ], [ -94.532555747566235, 39.100905206194867 ], [ -94.532103027101442, 39.100766014872043 ], [ -94.531660278072081, 39.100608550851192 ], [ -94.53122871429845, 39.100433245844002 ], [ -94.530809518909791, 39.100240580473752 ], [ -94.53040384109859, 39.100031082956853 ], [ -94.53001279296862, 39.099805327653364 ], [ -94.529637446484756, 39.099563933491211 ], [ -94.529278830533471, 39.09930756226818 ], [ -94.528937928101698, 39.099036916836297 ], [ -94.528615673582095, 39.098752739173506 ], [ -94.528312950211898, 39.098455808348433 ], [ -94.528030587652395, 39.09814693838311 ], [ -94.527769359715919, 39.097826976020244 ], [ -94.527529982246122, 39.097496798400549 ], [ -94.527313111157767, 39.097157310657096 ], [ -94.527119340641107, 39.09680944343279 ], [ -94.526949201535842, 39.096454150328135 ], [ -94.526803159879165, 39.096092405286235 ], [ -94.526681615631659, 39.095725199921922 ], [ -94.526584901584599, 39.095353540802897 ], [ -94.526513282451774, 39.094978446689851 ], [ -94.526466954147935, 39.094600945743302 ], [ -94.526446043256058, 39.094222072704959 ] ] ] } },
{ "type": "Feature", "properties": { }, "geometry": { "type": "Polygon", "coordinates": [ [ [ -94.571902073137238, 38.973265371077709 ], [ -94.571906407443777, 38.972886160183982 ], [ -94.571936159853109, 38.972507646035979 ], [ -94.571991248411138, 38.972130866103832 ], [ -94.572071521725405, 38.971756853087996 ], [ -94.572176759384504, 38.971386632088972 ], [ -94.572306672566427, 38.971021217798075 ], [ -94.572460904834216, 38.970661611716849 ], [ -94.572639033116971, 38.970308799412891 ], [ -94.57284056887292, 38.969963747819342 ], [ -94.573064959431889, 38.969627402585779 ], [ -94.573311589513153, 38.969300685487468 ], [ -94.573579782914436, 38.968984491900166 ], [ -94.573868804367763, 38.968679688347457 ], [ -94.574177861556407, 38.968387110127232 ], [ -94.574506107288158, 38.968107559023707 ], [ -94.574852641818296, 38.967841801111618 ], [ -94.575216515316271, 38.967590564658018 ], [ -94.575596730469059, 38.96735453812795 ], [ -94.575992245214493, 38.967134368299085 ], [ -94.576401975596397, 38.966930658490682 ], [ -94.576824798734378, 38.966743966911565 ], [ -94.577259555899843, 38.966574805131657 ], [ -94.577705055689648, 38.966423636681434 ], [ -94.578160077289226, 38.966290875782732 ], [ -94.578623373815745, 38.966176886214775 ], [ -94.579093675732366, 38.9660819803183 ], [ -94.579569694324505, 38.966006418140374 ], [ -94.580050125228198, 38.96595040672274 ], [ -94.58053365200125, 38.965914099534899 ], [ -94.581018949727238, 38.965897596054212 ], [ -94.581504688642767, 38.965900941493487 ], [ -94.58198953777773, 38.965924126677436 ], [ -94.582472168599054, 38.965967088067821 ], [ -94.582951258647583, 38.966029707937537 ], [ -94.583425495158565, 38.966111814692908 ], [ -94.583893578655548, 38.96621318334364 ], [ -94.58435422650814, 38.966333536118782 ], [ -94.584806176443649, 38.966472543227354 ], [ -94.585248190003327, 38.966629823761259 ], [ -94.585679055933525, 38.966804946738257 ], [ -94.586097593502672, 38.966997432281985 ], [ -94.586502655734876, 38.967206752935951 ], [ -94.586893132551509, 38.967432335107787 ], [ -94.587267953811988, 38.967673560639888 ], [ -94.587626092245515, 38.967929768502096 ], [ -94.587966566265763, 38.968200256601911 ], [ -94.588288442660925, 38.968484283707149 ], [ -94.588590839151436, 38.968781071475888 ], [ -94.588872926808705, 38.969089806588158 ], [ -94.589133932328068, 38.969409642973467 ], [ -94.589373140149618, 38.96973970412823 ], [ -94.589589894421366, 38.970079085516481 ], [ -94.589783600798981, 38.970426857047798 ], [ -94.589953728077489, 38.970782065625031 ], [ -94.590099809650226, 38.97114373775544 ], [ -94.590221444791027, 38.971510882217757 ], [ -94.59031829975612, 38.971882492777986 ], [ -94.590390108702863, 38.972257550946502 ], [ -94.590436674422335, 38.972635028768913 ], [ -94.590457868884101, 38.973013891642992 ], [ -94.590453633591537, 38.973393101154102 ], [ -94.590423979746575, 38.973771617921074 ], [ -94.59036898822346, 38.974148404445089 ], [ -94.590288809351478, 38.974522427953474 ], [ -94.5901836625073, 38.97489266323074 ], [ -94.590053835517992, 38.975258095429183 ], [ -94.589899683876112, 38.975617722851034 ], [ -94.589721629769244, 38.975970559694872 ], [ -94.589520160926469, 38.976315638758713 ], [ -94.589295829284836, 38.976652014092025 ], [ -94.589049249479572, 38.976978763589706 ], [ -94.588781097162084, 38.977294991521099 ], [ -94.588492107150273, 38.977599830986264 ], [ -94.588183071416353, 38.977892446293914 ], [ -94.587854836917472, 38.978172035253429 ], [ -94.5875083032753, 38.978437831375366 ], [ -94.587144420310665, 38.978689105974034 ], [ -94.586764185440259, 38.978925170166434 ], [ -94.586368640942339, 38.979145376762283 ], [ -94.585958871099038, 38.979349122039487 ], [ -94.585535999223055, 38.979535847400619 ], [ -94.585101184577027, 38.979705040905635 ], [ -94.584655619193825, 38.979856238676462 ], [ -94.584200524606672, 38.979989026170038 ], [ -94.583737148498102, 38.980103039315722 ], [ -94.583266761276846, 38.980197965514527 ], [ -94.582790652592095, 38.980273544496875 ], [ -94.582310127794912, 38.980329569036968 ], [ -94.581826504356187, 38.980365885521479 ], [ -94.581341108251436, 38.980382394371247 ], [ -94.580855270321933, 38.980379050314582 ], [ -94.580370322622571, 38.980355862511672 ], [ -94.579887594766348, 38.980312894529398 ], [ -94.579408410275548, 38.980250264167161 ], [ -94.57893408294963, 38.980168143133525 ], [ -94.578465913260032, 38.980066756575262 ], [ -94.578005184781517, 38.979946382459488 ], [ -94.577553160670121, 38.979807350811036 ], [ -94.57711108019727, 38.979650042806824 ], [ -94.576680155349734, 38.979474889730099 ], [ -94.576261567504616, 38.979282371786979 ], [ -94.575856464188604, 38.979073016788938 ], [ -94.575465955930454, 38.97884739870463 ], [ -94.575091113215251, 38.978606136085119 ], [ -94.574732963548868, 38.9783498903669 ], [ -94.57439248864064, 38.978079364057237 ], [ -94.574070621712167, 38.977795298806946 ], [ -94.573768244939259, 38.977498473375867 ], [ -94.573486187034476, 38.97718970149662 ], [ -94.573225220976539, 38.976869829642517 ], [ -94.572986061892962, 38.976539734705746 ], [ -94.57276936510182, 38.976200321592373 ], [ -94.572575724317602, 38.975852520740467 ], [ -94.57240567002664, 38.975497285568352 ], [ -94.572259668035969, 38.975135589860201 ], [ -94.572138118199803, 38.974768425095576 ], [ -94.572041353327293, 38.974396797730911 ], [ -94.571969638274041, 38.974021726439958 ], [ -94.571923169220241, 38.973644239320869 ], [ -94.571902073137238, 38.973265371077709 ] ] ] } },
{ "type": "Feature", "properties": { }, "geometry": { "type": "Polygon", "coordinates": [ [ [ -94.558566801516378, 39.013174417237636 ], [ -94.558571202303156, 39.012795207834465 ], [ -94.55860103545723, 39.012416697788701 ], [ -94.558656218802383, 39.012039924559069 ], [ -94.55873660068562, 39.011665920827483 ], [ -94.558841960397288, 39.011295711668829 ], [ -94.558972008780131, 39.010930311741767 ], [ -94.559126389026076, 39.010570722508248 ], [ -94.559304677658062, 39.01021792948945 ], [ -94.559506385694348, 39.009872899565437 ], [ -94.559730959992208, 39.00953657832612 ], [ -94.559977784766971, 39.009209887480765 ], [ -94.56024618328253, 39.008893722332907 ], [ -94.560535419708529, 39.008588949327944 ], [ -94.560844701139004, 39.008296403679765 ], [ -94.561173179767152, 39.008016887083087 ], [ -94.561519955210031, 39.007751165517803 ], [ -94.561884076976938, 39.007499967151155 ], [ -94.562264547074705, 39.007263980343559 ], [ -94.56266032274273, 39.007043851763619 ], [ -94.563070319310128, 39.006840184617353 ], [ -94.563493413167436, 39.006653536996517 ], [ -94.563928444844592, 39.006484420350397 ], [ -94.564374222186729, 39.006333298085657 ], [ -94.56482952361921, 39.006200584297474 ], [ -94.565293101492927, 39.006086642635864 ], [ -94.565763685500656, 39.005991785310215 ], [ -94.56623998615548, 39.005916272234479 ], [ -94.566720698321078, 39.005860310315839 ], [ -94.567204504785195, 39.005824052888151 ], [ -94.567690079865642, 39.005807599292453 ], [ -94.568176093039611, 39.005810994604936 ], [ -94.568661212586122, 39.005834229513745 ], [ -94.569144109231644, 39.005877240344468 ], [ -94.569623459789184, 39.005939909234669 ], [ -94.570097950780664, 39.006022064456481 ], [ -94.570566282032772, 39.006123480886956 ], [ -94.571027170236604, 39.006243880624453 ], [ -94.571479352461225, 39.006382933749443 ], [ -94.571921589611648, 39.006540259227975 ], [ -94.572352669821782, 39.00671542595483 ], [ -94.572771411773005, 39.006907953934018 ], [ -94.573176667929459, 39.007117315593 ], [ -94.573567327681133, 39.007342937227214 ], [ -94.573942320386038, 39.007584200571181 ], [ -94.574300618303425, 39.007840444491329 ], [ -94.574641239409758, 39.008110966796579 ], [ -94.574963250089809, 39.008395026161182 ], [ -94.575265767695655, 39.008691844155052 ], [ -94.575547962966425, 39.009000607375519 ], [ -94.575809062301971, 39.009320469675266 ], [ -94.576048349884729, 39.009650554479791 ], [ -94.576265169643534, 39.009989957188473 ], [ -94.576458927053892, 39.010337747652542 ], [ -94.576629090770268, 39.010692972723049 ], [ -94.576775194085371, 39.011054658862101 ], [ -94.576896836212669, 39.011421814810056 ], [ -94.576993683388451, 39.01179343430146 ], [ -94.577065469790597, 39.012168498822184 ], [ -94.577111998271107, 39.012545980400382 ], [ -94.577133140900813, 39.012924844423459 ], [ -94.577128839324359, 39.013304052473515 ], [ -94.577099104924514, 39.013682565173298 ], [ -94.577044018795547, 39.014059345034966 ], [ -94.576963731525311, 39.014433359303929 ], [ -94.576858462786888, 39.014803582789895 ], [ -94.576728500740799, 39.015169000677204 ], [ -94.576574201249173, 39.01552861130714 ], [ -94.576395986904345, 39.015881428924096 ], [ -94.576194345874114, 39.016226486378514 ], [ -94.57596983056709, 39.016562837778828 ], [ -94.57572305612166, 39.016889561085378 ], [ -94.575454698722453, 39.017205760638895 ], [ -94.575165493749381, 39.017510569617102 ], [ -94.574856233763796, 39.017803152411929 ], [ -94.574527766337553, 39.018082706921696 ], [ -94.57418099173087, 39.018348466751114 ], [ -94.573816860425282, 39.018599703313747 ], [ -94.573436370518422, 39.018835727830648 ], [ -94.573040564987977, 39.019055893220084 ], [ -94.572630528832008, 39.01925959587274 ], [ -94.572207386093694, 39.019446277307857 ], [ -94.571772296778676, 39.019615425705659 ], [ -94.571326453673279, 39.019766577311586 ], [ -94.570871079072674, 39.019899317709047 ], [ -94.570407421427646, 39.020013282956434 ], [ -94.569936751919329, 39.020108160585984 ], [ -94.56946036097149, 39.020183690461252 ], [ -94.568979554709657, 39.020239665491047 ], [ -94.568495651377063, 39.020275932197833 ], [ -94.568009977717182, 39.020292391138916 ], [ -94.567523865332888, 39.020288997179527 ], [ -94.567038647032149, 39.020265759616713 ], [ -94.566555653170454, 39.020222742153955 ], [ -94.566076207999899, 39.020160062726362 ], [ -94.565601626035175, 39.020077893177252 ], [ -94.565133208446312, 39.019976458786516 ], [ -94.564672239488161, 39.019856037652616 ], [ -94.564219982976383, 39.019716959929461 ], [ -94.563777678819889, 39.019559606920517 ], [ -94.563346539618905, 39.019384410032657 ], [ -94.562927747338392, 39.019191849592275 ], [ -94.562522450065572, 39.018982453527641 ], [ -94.562131758860971, 39.018756795920183 ], [ -94.561756744711175, 39.018515495429575 ], [ -94.561398435591883, 39.018259213596323 ], [ -94.56105781364937, 39.01798865302694 ], [ -94.560735812508028, 39.017704555466366 ], [ -94.560433314711233, 39.01740769976319 ], [ -94.560151149302897, 39.017098899733213 ], [ -94.559890089555935, 39.016779001927084 ], [ -94.559650850854169, 39.016448883308293 ], [ -94.559434088733255, 39.016109448847914 ], [ -94.559240397086157, 39.015761629042657 ], [ -94.55907030653789, 39.015406377362879 ], [ -94.558924282994099, 39.015044667638072 ], [ -94.558802726367375, 39.014677491386209 ], [ -94.558705969484606, 39.014305855095259 ], [ -94.558634277178697, 39.013930777463379 ], [ -94.558587845566663, 39.01355328660609 ], [ -94.558566801516378, 39.013174417237636 ] ] ] } },
{ "type": "Feature", "properties": { }, "geometry": { "type": "Polygon", "coordinates": [ [ [ -94.541214501830993, 39.106453282078675 ], [ -94.541218984716949, 39.106074077197377 ], [ -94.541248933454114, 39.105695574775694 ], [ -94.541304265547623, 39.105318812251255 ], [ -94.541384828935008, 39.104944822276359 ], [ -94.541490402407362, 39.104574629887871 ], [ -94.541620696219937, 39.10420924969813 ], [ -94.541775352890454, 39.103849683114554 ], [ -94.541953948182851, 39.103496915595834 ], [ -94.542155992273607, 39.103151913951663 ], [ -94.542380931097824, 39.102815623693957 ], [ -94.542628147870829, 39.102488966446487 ], [ -94.542896964781377, 39.102172837420241 ], [ -94.543186644851787, 39.101868102961035 ], [ -94.543496393959813, 39.101575598176503 ], [ -94.543825363016623, 39.101296124648918 ], [ -94.544172650295138, 39.10103044823952 ], [ -94.544537303902047, 39.100779296991249 ], [ -94.544918324386927, 39.100543359134896 ], [ -94.545314667481236, 39.100323281204403 ], [ -94.545725246959691, 39.100119666266544 ], [ -94.546148937616124, 39.099933072269508 ], [ -94.5465845783459, 39.099764010515294 ], [ -94.547030975326095, 39.099612944259754 ], [ -94.547486905285183, 39.099480287444251 ], [ -94.547951118852865, 39.099366403562435 ], [ -94.548422343981287, 39.099271604665134 ], [ -94.548899289427951, 39.099196150506067 ], [ -94.549380648291134, 39.099140247830803 ], [ -94.549865101587869, 39.099104049810883 ], [ -94.550351321864952, 39.099087655624487 ], [ -94.550837976833066, 39.099091110185128 ], [ -94.551323733013987, 39.099114404018707 ], [ -94.551807259391069, 39.099157473289509 ], [ -94.5522872310531, 39.099220199975179 ], [ -94.552762332821246, 39.099302412189779 ], [ -94.553231262849749, 39.099403884654492 ], [ -94.553692736190001, 39.099524339314506 ], [ -94.55414548830862, 39.099663446100173 ], [ -94.554588278549772, 39.099820823830932 ], [ -94.555019893532432, 39.099996041258876 ], [ -94.55543915047312, 39.100188618249533 ], [ -94.555844900425129, 39.100398027096539 ], [ -94.556236031425485, 39.10062369396659 ], [ -94.556611471540862, 39.100865000470733 ], [ -94.556970191804325, 39.101121285357664 ], [ -94.557311209034609, 39.10139184632451 ], [ -94.557633588530493, 39.101675941940151 ], [ -94.557936446632652, 39.101972793675557 ], [ -94.558218953146252, 39.102281588036128 ], [ -94.558480333617254, 39.10260147878958 ], [ -94.558719871456475, 39.102931589283877 ], [ -94.558936909905583, 39.103271014848346 ], [ -94.559130853839392, 39.103618825271866 ], [ -94.559301171399625, 39.103974067351118 ], [ -94.55944739545572, 39.104335767501752 ], [ -94.559569124888469, 39.10470293442598 ], [ -94.559666025693161, 39.10507456182831 ], [ -94.559737831898758, 39.105449631173038 ], [ -94.559784346301157, 39.105827114475055 ], [ -94.559805441007853, 39.106205977117057 ], [ -94.559801057792896, 39.106585180684775 ], [ -94.559771208260997, 39.106963685813078 ], [ -94.559715973820076, 39.107340455034702 ], [ -94.559635505462722, 39.10771445562392 ], [ -94.559530023356672, 39.108084662427629 ], [ -94.559399816245644, 39.108450060675551 ], [ -94.559245240661994, 39.10880964876236 ], [ -94.559066719953393, 39.109162440993828 ], [ -94.558864743126165, 39.109507470289479 ], [ -94.55863986350829, 39.109843790834475 ], [ -94.55839269723576, 39.110170480673155 ], [ -94.558123921566519, 39.110486644237504 ], [ -94.557834273026401, 39.110791414803302 ], [ -94.557524545392212, 39.111083956867255 ], [ -94.557195587517498, 39.111363468438725 ], [ -94.556848301006838, 39.111629183239621 ], [ -94.556483637745117, 39.111880372806397 ], [ -94.556102597288529, 39.112116348488385 ], [ -94.555706224124435, 39.112336463337293 ], [ -94.555295604807597, 39.112540113881821 ], [ -94.554871864980626, 39.112726741783632 ], [ -94.554436166286905, 39.112895835369322 ], [ -94.553989703184413, 39.113046931034276 ], [ -94.553533699669131, 39.11317961451487 ], [ -94.553069405917228, 39.113293522025344 ], [ -94.552598094855114, 39.113388341255977 ], [ -94.552121058666756, 39.1134638122303 ], [ -94.551639605248084, 39.113519728018467 ], [ -94.551155054618036, 39.113555935305314 ], [ -94.550668735296213, 39.113572334811082 ], [ -94.550181980657086, 39.113568881564021 ], [ -94.549696125270913, 39.113545585023815 ], [ -94.549212501241215, 39.113502509055834 ], [ -94.548732434549166, 39.113439771755814 ], [ -94.548257241414717, 39.113357545126007 ], [ -94.547788224684652, 39.11325605460312 ], [ -94.547326670257533, 39.113135578439874 ], [ -94.546873843555147, 39.112996446941452 ], [ -94.546430986050453, 39.112839041559184 ], [ -94.545999311861436, 39.112663793843971 ], [ -94.545580004420287, 39.112471184262105 ], [ -94.545174213226971, 39.112261740876995 ], [ -94.54478305069631, 39.112036037900381 ], [ -94.544407589107095, 39.111794694116789 ], [ -94.544048857661537, 39.111538371185986 ], [ -94.543707839663426, 39.11126777182762 ], [ -94.543385469822368, 39.110983637893511 ], [ -94.543082631691902, 39.110686748332441 ], [ -94.542800155248074, 39.110377917053469 ], [ -94.542538814615483, 39.110057990693342 ], [ -94.5422993259468, 39.109727846294263 ], [ -94.542082345461623, 39.109388388898324 ], [ -94.541888467650125, 39.109040549065391 ], [ -94.5417182236461, 39.108685280321055 ], [ -94.541572079774213, 39.108323556541748 ], [ -94.54145043627517, 39.107956369284189 ], [ -94.541353626212157, 39.107584725066616 ], [ -94.541281914562049, 39.107209642608993 ], [ -94.541235497492963, 39.106832150040049 ], [ -94.541214501830993, 39.106453282078675 ] ] ] } },
{ "type": "Feature", "properties": { }, "geometry": { "type": "Polygon", "coordinates": [ [ [ -94.54176458436136, 39.105843324331474 ], [ -94.5417690643675, 39.105464119450659 ], [ -94.541799010006628, 39.105085616913648 ], [ -94.541854338792376, 39.104708854158339 ], [ -94.541934898671357, 39.104334863837735 ], [ -94.54204046844427, 39.103964670989598 ], [ -94.542170758376542, 39.10359929022755 ], [ -94.54232541099654, 39.103239722960616 ], [ -94.542504002079241, 39.102886954649321 ], [ -94.54270604181275, 39.102541952105554 ], [ -94.542930976144092, 39.10220566084368 ], [ -94.543178188300885, 39.1018790024903 ], [ -94.543447000484548, 39.101562872259358 ], [ -94.543736675730372, 39.101258136499993 ], [ -94.544046419929288, 39.100965630323465 ], [ -94.544375384005946, 39.100686155315778 ], [ -94.544722666246884, 39.100420477342304 ], [ -94.54508731477263, 39.100169324450235 ], [ -94.545468330146647, 39.099933384874888 ], [ -94.545864668114405, 39.099713305154928 ], [ -94.546275242464631, 39.099509688362005 ], [ -94.54669892800527, 39.099323092449431 ], [ -94.547134563645614, 39.099154028724413 ], [ -94.547580955576706, 39.099002960448232 ], [ -94.548036880540849, 39.098870301567786 ], [ -94.548501089181428, 39.098756415582393 ], [ -94.548972309464048, 39.098661614548611 ], [ -94.549449250159526, 39.098586158226041 ], [ -94.549930604379114, 39.098530253366192 ], [ -94.550415053152548, 39.098494053146531 ], [ -94.550901269039045, 39.098477656751342 ], [ -94.551387919761268, 39.098481109100128 ], [ -94.551873671852647, 39.09850440072487 ], [ -94.552357194307731, 39.098547467795896 ], [ -94.552837162226012, 39.098610192296888 ], [ -94.553312260438972, 39.098692402347865 ], [ -94.553781187110559, 39.098793872675962 ], [ -94.55424265730133, 39.098914325232187 ], [ -94.554695406486559, 39.09905342995269 ], [ -94.555138194018468, 39.099210805662565 ], [ -94.555569806523422, 39.099386021119372 ], [ -94.555989061224736, 39.099578596194092 ], [ -94.556394809181867, 39.099788003185616 ], [ -94.556785938437287, 39.100013668265696 ], [ -94.557161377062471, 39.100254973050291 ], [ -94.557520096094564, 39.100511256292791 ], [ -94.557861112355695, 39.100781815694852 ], [ -94.55818349114729, 39.1010659098296 ], [ -94.558486348811996, 39.101362760172108 ], [ -94.55876885515616, 39.101671553231569 ], [ -94.559030235726226, 39.101991442779244 ], [ -94.559269773932755, 39.102321552166444 ], [ -94.559486813016449, 39.102660976725481 ], [ -94.559680757850344, 39.10300878624804 ], [ -94.559851076573736, 39.103364027533225 ], [ -94.559997302052892, 39.10372572699891 ], [ -94.560119033164753, 39.104092893349147 ], [ -94.560215935899933, 39.104464520290051 ], [ -94.560287744282206, 39.104839589287145 ], [ -94.560334261101488, 39.105217072356332 ], [ -94.560355358458636, 39.105595934880888 ], [ -94.560350978120496, 39.105975138446937 ], [ -94.560321131683835, 39.106353643689303 ], [ -94.560265900548188, 39.106730413140426 ], [ -94.560185435697036, 39.107104414073994 ], [ -94.560079957288536, 39.107474621335918 ], [ -94.559949754056277, 39.107840020154676 ], [ -94.559795182521952, 39.108199608923414 ], [ -94.559616666022208, 39.108552401946014 ], [ -94.559414693551815, 39.108897432139855 ], [ -94.559189818426773, 39.109233753687633 ], [ -94.558942656770796, 39.10956044463093 ], [ -94.558673885829165, 39.109876609398746 ], [ -94.558384242114741, 39.110181381263509 ], [ -94.558074519391113, 39.110473924718427 ], [ -94.557745566498369, 39.110753437769041 ], [ -94.557398285027389, 39.111019154133203 ], [ -94.557033626849275, 39.111270345343044 ], [ -94.556652591506264, 39.111506322743487 ], [ -94.556256223471706, 39.111726439381435 ], [ -94.555845609286237, 39.111930091780749 ], [ -94.555421874578457, 39.112116721598021 ], [ -94.554986180977664, 39.112285817154529 ], [ -94.554539722927842, 39.112436914840295 ], [ -94.554083724411171, 39.11256960038618 ], [ -94.553619435590079, 39.112683510000721 ], [ -94.553148129377419, 39.112778331368446 ], [ -94.552671097943886, 39.112853804507004 ], [ -94.552189649172348, 39.112909722480666 ], [ -94.551705103068969, 39.112945931968213 ], [ -94.551218788140972, 39.112962333683903 ], [ -94.550732037750748, 39.112958882649885 ], [ -94.550246186456889, 39.112935588319793 ], [ -94.549762566351703, 39.112892514552925 ], [ -94.549282503405578, 39.112829779438997 ], [ -94.548807313828206, 39.11274755497422 ], [ -94.548338300456635, 39.112646066589399 ], [ -94.547876749180176, 39.112525592531377 ], [ -94.547423925411977, 39.112386463099568 ], [ -94.546981070616951, 39.112229059739633 ], [ -94.546549398905711, 39.112053813996901 ], [ -94.546130093703567, 39.111861206332271 ], [ -94.545724304504418, 39.111651764803888 ], [ -94.545333143717599, 39.111426063618403 ], [ -94.544957683617127, 39.111184721555425 ], [ -94.544598953401135, 39.110928400269984 ], [ -94.54425793637003, 39.110657802477263 ], [ -94.543935567230818, 39.110373670024707 ], [ -94.543632729535105, 39.110076781857103 ], [ -94.543350253257742, 39.109767951879668 ], [ -94.543088912522919, 39.109448026725588 ], [ -94.542849423483545, 39.109117883433719 ], [ -94.542632442360315, 39.10877842704317 ], [ -94.542438563645121, 39.108430588111027 ], [ -94.542268318474271, 39.108075320160403 ], [ -94.542122173175628, 39.107713597065583 ], [ -94.542000527993793, 39.107346410381389 ], [ -94.541903715996668, 39.106974766624489 ], [ -94.541832002166359, 39.106599684513625 ], [ -94.541785582677008, 39.106222192176517 ], [ -94.54176458436136, 39.105843324331474 ] ] ] } },
{ "type": "Feature", "properties": { }, "geometry": { "type": "Polygon", "coordinates": [ [ [ -94.547405542801769, 39.098733755298277 ], [ -94.547409993381905, 39.098354550372008 ], [ -94.547439907049608, 39.097976046608181 ], [ -94.547495201406264, 39.097599281448161 ], [ -94.547575724492958, 39.097225287551524 ], [ -94.547681255211373, 39.096855089965963 ], [ -94.547811503934042, 39.096489703318099 ], [ -94.547966113302408, 39.096130129033178 ], [ -94.548144659210038, 39.095777352591021 ], [ -94.548346651968927, 39.095432340825859 ], [ -94.548571537654837, 39.095096039277401 ], [ -94.548818699628768, 39.094769369600513 ], [ -94.549087460229671, 39.094453227040198 ], [ -94.549377082634194, 39.094148477979509 ], [ -94.54968677287809, 39.093855957566149 ], [ -94.550015682033802, 39.093576467425258 ], [ -94.550362908538347, 39.093310773463685 ], [ -94.550727500664919, 39.093059603772495 ], [ -94.551108459131484, 39.0928236466331 ], [ -94.551504739839345, 39.092603548632326 ], [ -94.551915256734077, 39.092399912891942 ], [ -94.552338884780923, 39.09221329741721 ], [ -94.552774463046646, 39.092044213568983 ], [ -94.553220797879405, 39.091893124663677 ], [ -94.553676666177807, 39.091760444704747 ], [ -94.554140818740393, 39.091646537249268 ], [ -94.554611983686328, 39.091551714412645 ], [ -94.555088869937904, 39.091476236014181 ], [ -94.555570170755431, 39.091420308865878 ], [ -94.556054567314874, 39.091384086206276 ], [ -94.556540732318396, 39.091367667281098 ], [ -94.557027333627971, 39.09137109707158 ], [ -94.557513037912329, 39.09139436617145 ], [ -94.557996514296903, 39.091437410812766 ], [ -94.558476438007347, 39.091500113040588 ], [ -94.558951493996219, 39.091582301035949 ], [ -94.559420380543074, 39.091683749586359 ], [ -94.559881812818432, 39.091804180702468 ], [ -94.560334526401348, 39.091943264379125 ], [ -94.560777280741618, 39.092100619499021 ], [ -94.561208862556555, 39.092275814876125 ], [ -94.561628089153587, 39.092468370436379 ], [ -94.562033811669181, 39.092677758532091 ], [ -94.562424918215584, 39.092903405386735 ], [ -94.562800336926557, 39.093144692666193 ], [ -94.563159038893886, 39.093400959171802 ], [ -94.56350004098654, 39.093671502651013 ], [ -94.56382240854488, 39.093955581720593 ], [ -94.564125257942436, 39.094252417896826 ], [ -94.564407759008333, 39.094561197727742 ], [ -94.564669137303625, 39.094881075020844 ], [ -94.564908676245253, 39.095211173160976 ], [ -94.565125719072014, 39.095550587511305 ], [ -94.565319670646886, 39.095898387891488 ], [ -94.565489999090843, 39.096253621125669 ], [ -94.565636237243652, 39.096615313653835 ], [ -94.565757983947705, 39.096982474199045 ], [ -94.56585490515107, 39.097354096483357 ], [ -94.56592673482703, 39.097729161985093 ], [ -94.565973275707293, 39.098106642729761 ], [ -94.565994399826991, 39.098485504107074 ], [ -94.565990048879712, 39.098864707706305 ], [ -94.565960234381834, 39.099243214162264 ], [ -94.56590503764545, 39.099619986004122 ], [ -94.56582460955994, 39.099993990499065 ], [ -94.565719170182746, 39.100364202483306 ], [ -94.565589008140577, 39.100729607172433 ], [ -94.565434479842338, 39.101089202943562 ], [ -94.565256008506196, 39.101442004081463 ], [ -94.565054083003176, 39.101787043481316 ], [ -94.564829256520625, 39.102123375300664 ], [ -94.564582145048902, 39.102450077552994 ], [ -94.56431342569573, 39.10276625463635 ], [ -94.564023834832554, 39.103071039789519 ], [ -94.563714166078071, 39.103363597469269 ], [ -94.56338526812435, 39.103643125642215 ], [ -94.563038042411662, 39.103908857984827 ], [ -94.562673440658159, 39.104160065985475 ], [ -94.562292462251321, 39.104396060943088 ], [ -94.561896151508321, 39.10461619585648 ], [ -94.561485594812652, 39.104819867199424 ], [ -94.561061917635158, 39.105006516576616 ], [ -94.560626281447341, 39.105175632255758 ], [ -94.560179880535671, 39.105326750571685 ], [ -94.559723938725483, 39.105459457198712 ], [ -94.559259706023667, 39.105573388287581 ], [ -94.558788455189088, 39.105668231463966 ], [ -94.558311478240455, 39.105743726685716 ], [ -94.557830082911153, 39.105799666956486 ], [ -94.557345589060688, 39.105835898894 ], [ -94.556859325052898, 39.105852323150842 ], [ -94.556372624110452, 39.105848894687405 ], [ -94.555886820656269, 39.105825622895381 ], [ -94.555403246651423, 39.105782571572234 ], [ -94.554923227939781, 39.105719858746113 ], [ -94.554448080609703, 39.10563765635208 ], [ -94.553979107382318, 39.105536189760386 ], [ -94.553517594036848, 39.105415737158076 ], [ -94.553064805882428, 39.105276628785667 ], [ -94.552621984286304, 39.105119246031066 ], [ -94.552190343268009, 39.104944020383059 ], [ -94.551771066168783, 39.104751432247397 ], [ -94.551365302405458, 39.104542009628624 ], [ -94.550974164317708, 39.10431632668152 ], [ -94.550598724117336, 39.104075002135666 ], [ -94.550240010948002, 39.103818697597994 ], [ -94.549899008063505, 39.103548115737766 ], [ -94.54957665013211, 39.103263998358713 ], [ -94.549273820674813, 39.102967124364234 ], [ -94.548991349644055, 39.102658307620729 ], [ -94.548730011149701, 39.102338394725059 ], [ -94.548490521338735, 39.102008262682475 ], [ -94.548273536434053, 39.101668816501217 ], [ -94.548079650938121, 39.101320986710434 ], [ -94.547909396005934, 39.100965726808141 ], [ -94.547763237992356, 39.100604010646585 ], [ -94.547641577176947, 39.100236829761627 ], [ -94.547544746670653, 39.099865190654029 ], [ -94.547473011506469, 39.099490112029812 ], [ -94.547426567917185, 39.099112622007262 ], [ -94.547405542801769, 39.098733755298277 ] ] ] } },
{ "type": "Feature", "properties": { }, "geometry": { "type": "Polygon", "coordinates": [ [ [ -94.351097216069064, 38.926757708024077 ], [ -94.3511027322605, 38.926378480945594 ], [ -94.351133649186238, 38.925999999067514 ], [ -94.351189881701558, 38.925623299769633 ], [ -94.351271275280226, 38.925249415529564 ], [ -94.351377606442213, 38.924879371093084 ], [ -94.351508583370588, 38.92451418066593 ], [ -94.351663846715354, 38.924154845134503 ], [ -94.351842970582268, 38.923802349323438 ], [ -94.352045463703789, 38.923457659297149 ], [ -94.352270770788863, 38.923121719713102 ], [ -94.352518274048052, 38.922795451233789 ], [ -94.352787294889225, 38.922479748004619 ], [ -94.353077095779994, 38.922175475204632 ], [ -94.353386882270897, 38.921883466676562 ], [ -94.353715805174303, 38.921604522643108 ], [ -94.354062962892982, 38.92133940751507 ], [ -94.354427403891734, 38.921088847797982 ], [ -94.354808129305439, 38.920853530102484 ], [ -94.355204095676498, 38.920634099264049 ], [ -94.355614217813851, 38.920431156577301 ], [ -94.356037371766163, 38.920245258149443 ], [ -94.356472397900589, 38.920076913377684 ], [ -94.356918104079028, 38.919926583554457 ], [ -94.357373268923155, 38.919794680604504 ], [ -94.357836645159082, 38.919681565957106 ], [ -94.358306963032803, 38.919587549556574 ], [ -94.358782933786884, 38.919512889013816 ], [ -94.359263253189013, 38.919457788901106 ], [ -94.359746605102771, 38.91942240019204 ], [ -94.360231665090822, 38.919406819848426 ], [ -94.360717104040759, 38.919411090554789 ], [ -94.361201591803749, 38.919435200601704 ], [ -94.361683800835849, 38.919479083917814 ], [ -94.362162409832379, 38.919542620250887 ], [ -94.362636107345111, 38.919625635497077 ], [ -94.363103595372678, 38.919727902177613 ], [ -94.363563592914247, 38.919849140061643 ], [ -94.364014839476781, 38.91998901693357 ], [ -94.364456098526375, 38.920147149502583 ], [ -94.364886160874235, 38.92032310445213 ], [ -94.36530384798796, 38.920516399626408 ], [ -94.365708015219255, 38.920726505350515 ], [ -94.366097554939032, 38.92095284588077 ], [ -94.366471399571637, 38.921194800981283 ], [ -94.366828524519519, 38.921451707622353 ], [ -94.367167950970753, 38.92172286179607 ], [ -94.367488748581309, 38.922007520444339 ], [ -94.367790038025163, 38.922304903493718 ], [ -94.368070993404899, 38.922614195991947 ], [ -94.368330844516308, 38.922934550339917 ], [ -94.368568878960858, 38.923265088613284 ], [ -94.368784444100157, 38.923604904967156 ], [ -94.368976948846992, 38.923953068117505 ], [ -94.369145865288033, 38.924308623892287 ], [ -94.369290730133798, 38.924670597845513 ], [ -94.369411145991819, 38.925037997926886 ], [ -94.369506782459425, 38.925409817199977 ], [ -94.369577377033224, 38.925785036601212 ], [ -94.369622735832621, 38.926162627732339 ], [ -94.369642734135539, 38.926541555678625 ], [ -94.369637316724479, 38.926920781845105 ], [ -94.369606498042486, 38.927299266803018 ], [ -94.369550362157796, 38.927675973138868 ], [ -94.369469062538002, 38.928049868297926 ], [ -94.369362821633672, 38.928419927414772 ], [ -94.369231930272875, 38.928785136122812 ], [ -94.369076746868103, 38.929144493335393 ], [ -94.368897696437756, 38.929497013990314 ], [ -94.368695269444814, 38.929841731750969 ], [ -94.368470020455746, 38.930177701656035 ], [ -94.368222566623558, 38.930504002710819 ], [ -94.367953585998791, 38.930819740412993 ], [ -94.367663815673239, 38.931124049205842 ], [ -94.367354049761502, 38.931416094852253 ], [ -94.367025137225696, 38.931695076722889 ], [ -94.366677979549479, 38.931960229992399 ], [ -94.366313528267611, 38.932210827737308 ], [ -94.365932782357859, 38.932446182930406 ], [ -94.365536785502385, 38.93266565032534 ], [ -94.365126623226203, 38.932868628227006 ], [ -94.364703419920474, 38.933054560142331 ], [ -94.364268335758737, 38.933222936307253 ], [ -94.363822563514873, 38.933373295085353 ], [ -94.363367325291023, 38.933505224234679 ], [ -94.362903869165038, 38.933618362038906 ], [ -94.362433465766216, 38.933712398299981 ], [ -94.36195740478901, 38.933787075189436 ], [ -94.361476991454253, 38.933842187955889 ], [ -94.360993542927503, 38.933877585487096 ], [ -94.360508384704616, 38.933893170724588 ], [ -94.36002284697426, 38.933888900930228 ], [ -94.359538260967568, 38.933864787803465 ], [ -94.359055955304797, 38.933820897449387 ], [ -94.358577252349406, 38.933757350197325 ], [ -94.358103464579003, 38.933674320270775 ], [ -94.357635890983872, 38.933572035309346 ], [ -94.357175813502295, 38.933450775744156 ], [ -94.356724493503208, 38.933310874028379 ], [ -94.356283168325049, 38.933152713725001 ], [ -94.355853047881155, 38.932976728454427 ], [ -94.355435311340457, 38.932783400704679 ], [ -94.355031103892742, 38.932573260507574 ], [ -94.354641533607747, 38.932346883984465 ], [ -94.354267668396005, 38.932104891765611 ], [ -94.353910533080523, 38.931847947287352 ], [ -94.353571106586813, 38.931576754972177 ], [ -94.353250319259388, 38.931292058296073 ], [ -94.35294905031158, 38.930994637749095 ], [ -94.352668125416272, 38.930685308694358 ], [ -94.352408314443679, 38.930364919131478 ], [ -94.352170329352546, 38.930034347370629 ], [ -94.351954822240558, 38.929694499623608 ], [ -94.351762383559148, 38.929346307518401 ], [ -94.351593540497845, 38.928990725544224 ], [ -94.351448755542151, 38.928628728434191 ], [ -94.351328425209232, 38.928261308492246 ], [ -94.351232878964723, 38.927889472872472 ], [ -94.351162378323551, 38.927514240817501 ], [ -94.351117116137132, 38.927136640864248 ], [ -94.351097216069064, 38.926757708024077 ] ] ] } },
{ "type": "Feature", "properties": { }, "geometry": { "type": "Polygon", "coordinates": [ [ [ -94.523913555452083, 39.113081919909391 ], [ -94.523918130366752, 39.112702714257466 ], [ -94.523948173471652, 39.112324214801014 ], [ -94.524003602013167, 39.111947458969397 ], [ -94.524084263664378, 39.111573479396398 ], [ -94.524189936947025, 39.111203301090207 ], [ -94.524320331842773, 39.110837938624421 ], [ -94.52447509059229, 39.110478393357766 ], [ -94.524653788679771, 39.110125650690307 ], [ -94.524855936000066, 39.109780677363496 ], [ -94.525080978205395, 39.109444418811499 ], [ -94.525328298227919, 39.109117796571098 ], [ -94.525597217973512, 39.10880170575718 ], [ -94.525887000182863, 39.108497012610719 ], [ -94.526196850453971, 39.108204552126111 ], [ -94.526525919420962, 39.107925125764055 ], [ -94.5268733050832, 39.107659499256499 ], [ -94.527238055277948, 39.107408400509584 ], [ -94.527619170290336, 39.107172517610145 ], [ -94.528015605593069, 39.106952496941517 ], [ -94.528426274708366, 39.1067489414135 ], [ -94.528850052184737, 39.106562408811513 ], [ -94.529285776679828, 39.106393410269298 ], [ -94.529732254141464, 39.106242408869505 ], [ -94.530188261077782, 39.106109818375813 ], [ -94.530652547907806, 39.105996002100191 ], [ -94.531123842383124, 39.105901271908259 ], [ -94.531600853071438, 39.105825887365519 ], [ -94.532082272892424, 39.105770055026873 ], [ -94.53256678269625, 39.105733927871171 ], [ -94.533053054875026, 39.105717604882557 ], [ -94.533539756997314, 39.1057211307795 ], [ -94.534025555455784, 39.105744495892552 ], [ -94.534509119118042, 39.105787636190776 ], [ -94.5349891229707, 39.105850433457285 ], [ -94.535464251746788, 39.105932715612823 ], [ -94.535933203526511, 39.106034257187083 ], [ -94.536394693301617, 39.106154779935885 ], [ -94.536847456493618, 39.106293953603192 ], [ -94.537290252416284, 39.106451396825236 ], [ -94.537721867672857, 39.106626678174685 ], [ -94.538141119478979, 39.10681931734203 ], [ -94.538546858901825, 39.107028786450584 ], [ -94.538937974007112, 39.107254511501964 ], [ -94.539313392904873, 39.107495873947826 ], [ -94.539672086686068, 39.107752212383588 ], [ -94.540013072241749, 39.108022824359708 ], [ -94.540335414957241, 39.108306968305193 ], [ -94.540638231273761, 39.108603865558656 ], [ -94.540920691110713, 39.108912702500696 ], [ -94.541182020141648, 39.109232632782309 ], [ -94.541421501918137, 39.109562779643078 ], [ -94.541638479835171, 39.109902238312621 ], [ -94.541832358933164, 39.110250078489017 ], [ -94.542002607531273, 39.110605346887297 ], [ -94.542148758687674, 39.110967069850929 ], [ -94.542270411482733, 39.111334256019447 ], [ -94.542367232121464, 39.111705899044516 ], [ -94.5424389548524, 39.112080980347478 ], [ -94.542485382699994, 39.112458471910351 ], [ -94.542506388008789, 39.112837339092991 ], [ -94.542501912797718, 39.113216543468589 ], [ -94.542471968923493, 39.113595045669612 ], [ -94.542416638052529, 39.113971808236649 ], [ -94.542336071441682, 39.114345798462104 ], [ -94.542230489527896, 39.11471599122109 ], [ -94.542100181328465, 39.115081371781649 ], [ -94.54194550365284, 39.11544093858685 ], [ -94.541766880128591, 39.115793706000595 ], [ -94.541564800043943, 39.116138707010336 ], [ -94.54133981700997, 39.116474995878583 ], [ -94.541092547446297, 39.11680165073642 ], [ -94.540823668894149, 39.117117776111606 ], [ -94.540533918161529, 39.117422505384468 ], [ -94.540224089305596, 39.117715003164832 ], [ -94.539895031457547, 39.117994467583387 ], [ -94.539547646496246, 39.118260132491216 ], [ -94.539182886576739, 39.118511269561466 ], [ -94.53880175152041, 39.118747190287408 ], [ -94.538405286074209, 39.118967247871275 ], [ -94.537994577046149, 39.119170838998826 ], [ -94.537570750325003, 39.119357405494597 ], [ -94.537134967792682, 39.119526435853501 ], [ -94.536688424137211, 39.119677466644305 ], [ -94.536232343575705, 39.119810083781296 ], [ -94.535767976495762, 39.119923923660608 ], [ -94.535296596025049, 39.12001867415804 ], [ -94.53481949453807, 39.120094075485582 ], [ -94.534337980109925, 39.120149920904439 ], [ -94.533853372926998, 39.12018605729245 ], [ -94.533367001664075, 39.12020238556434 ], [ -94.532880199838189, 39.120198860943731 ], [ -94.532394302149044, 39.12017549308613 ], [ -94.531910640816221, 39.120132346052486 ], [ -94.531430541923186, 39.120069538133521 ], [ -94.530955321778237, 39.119987241525187 ], [ -94.530486283302196, 39.11988568185614 ], [ -94.530024712453184, 39.119765137568798 ], [ -94.52957187469795, 39.119625939155206 ], [ -94.529129011539666, 39.11946846825024 ], [ -94.528697337111723, 39.119293156584533 ], [ -94.528278034846778, 39.119100484799745 ], [ -94.527872254230488, 39.118890981129923 ], [ -94.527481107648455, 39.118665219952128 ], [ -94.527105667335533, 39.118423820210502 ], [ -94.526746962435396, 39.118167443718242 ], [ -94.526405976178779, 39.11789679334187 ], [ -94.526083643188059, 39.117612611073042 ], [ -94.525780846915453, 39.117315675993076 ], [ -94.525498417221996, 39.117006802135805 ], [ -94.525237128103825, 39.116686836254658 ], [ -94.524997695572111, 39.116356655500113 ], [ -94.524780775692321, 39.116017165013879 ], [ -94.524586962788149, 39.115669295446473 ], [ -94.524416787815241, 39.115314000404886 ], [ -94.524270716908745, 39.114952253837558 ], [ -94.524149150109082, 39.114585047363562 ], [ -94.524052420269001, 39.114213387553697 ], [ -94.523980792145224, 39.11383829317051 ], [ -94.523934461676745, 39.113460792375314 ], [ -94.523913555452083, 39.113081919909391 ] ] ] } },
{ "type": "Feature", "properties": { }, "geometry": { "type": "Polygon", "coordinates": [ [ [ -94.43414457145704, 39.102464735389319 ], [ -94.434149628782947, 39.102085523520046 ], [ -94.434180150178591, 39.101707037554704 ], [ -94.434236051579745, 39.101330314884862 ], [ -94.43431717936393, 39.100956388052687 ], [ -94.434423310775912, 39.100586281921061 ], [ -94.434554154542425, 39.100221010865063 ], [ -94.434709351674741, 39.0998615759922 ], [ -94.434888476456479, 39.099508962399405 ], [ -94.435091037614043, 39.099164136473767 ], [ -94.435316479666639, 39.098828043244971 ], [ -94.43556418445165, 39.098501603796272 ], [ -94.43583347282177, 39.098185712741156 ], [ -94.436123606508673, 39.097881235772867 ], [ -94.436433790148413, 39.097589007293045 ], [ -94.436763173462808, 39.097309828126406 ], [ -94.437110853591037, 39.09704446332735 ], [ -94.437475877564694, 39.096793640084712 ], [ -94.437857244919911, 39.096558045730383 ], [ -94.438253910439016, 39.096338325857047 ], [ -94.438664787014574, 39.096135082550333 ], [ -94.43908874862764, 39.095948872740266 ], [ -94.439524633432256, 39.095780206676309 ], [ -94.439971246937887, 39.095629546530304 ], [ -94.440427365280698, 39.09549730513119 ], [ -94.440891738575118, 39.095383844834693 ], [ -94.441363094336424, 39.095289476531406 ], [ -94.441840140964814, 39.095214458795631 ], [ -94.44232157128188, 39.095158997177627 ], [ -94.442806066109185, 39.095123243640913 ], [ -94.443292297880006, 39.095107296146324 ], [ -94.443778934273595, 39.095111198383954 ], [ -94.444264641862532, 39.095134939653583 ], [ -94.444748089763124, 39.095178454894047 ], [ -94.445227953278788, 39.095241624861536 ], [ -94.445702917526518, 39.095324276455962 ], [ -94.446171681036716, 39.095426183195102 ], [ -94.446632959316261, 39.095547065834545 ], [ -94.447085488365346, 39.095686593132413 ], [ -94.447528028138365, 39.095844382756191 ], [ -94.447959365939482, 39.096020002329581 ], [ -94.448378319743512, 39.096212970616421 ], [ -94.448783741433132, 39.096422758838251 ], [ -94.449174519943526, 39.09664879212233 ], [ -94.449549584305885, 39.096890451075602 ], [ -94.449907906581473, 39.09714707348089 ], [ -94.450248504678214, 39.097417956110313 ], [ -94.45057044504199, 39.097702356651027 ], [ -94.450872845215457, 39.097999495738115 ], [ -94.451154876257277, 39.098308559089119 ], [ -94.451415765015042, 39.098628699734164 ], [ -94.451654796245819, 39.098959040335878 ], [ -94.451871314578455, 39.099298675592351 ], [ -94.452064726312017, 39.099646674717178 ], [ -94.452234501045737, 39.100002083989104 ], [ -94.452380173135879, 39.100363929364875 ], [ -94.452501342975182, 39.100731219147811 ], [ -94.452597678091962, 39.101102946704863 ], [ -94.452668914065129, 39.101478093224912 ], [ -94.452714855253049, 39.101855630510471 ], [ -94.4527353753341, 39.102234523795289 ], [ -94.452730417657321, 39.102613734580189 ], [ -94.452699995401971, 39.102992223479319 ], [ -94.452644191546099, 39.103368953068944 ], [ -94.452563158643471, 39.103742890731091 ], [ -94.452457118409754, 39.104113011484195 ], [ -94.452326361119276, 39.104478300793019 ], [ -94.452171244813272, 39.104837757350062 ], [ -94.451992194322614, 39.10519039582082 ], [ -94.451789700106929, 39.105535249545603 ], [ -94.451564316913604, 39.10587137319019 ], [ -94.451316662260353, 39.106197845338087 ], [ -94.451047414745233, 39.106513771017518 ], [ -94.450757312188955, 39.106818284155906 ], [ -94.450447149614419, 39.107110549955308 ], [ -94.450117777068968, 39.107389767182148 ], [ -94.44977009729547, 39.107655170365042 ], [ -94.449405063258425, 39.107906031894579 ], [ -94.449023675531961, 39.108141664019392 ], [ -94.448626979556948, 39.108361420733011 ], [ -94.448216062774506, 39.108564699546143 ], [ -94.4477920516441, 39.108750943139746 ], [ -94.447356108554189, 39.108919640894257 ], [ -94.446909428633887, 39.109070330290571 ], [ -94.446453236474724, 39.109202598179323 ], [ -94.445988782770968, 39.109316081914535 ], [ -94.445517340888372, 39.109410470348813 ], [ -94.44504020337024, 39.109485504687321 ], [ -94.444558678390877, 39.10954097919786 ], [ -94.44407408616577, 39.109576741775683 ], [ -94.443587755328807, 39.109592694360892 ], [ -94.443101019286104, 39.109588793207621 ], [ -94.442615212556859, 39.10956504900421 ], [ -94.442131667110971, 39.10952152684397 ], [ -94.441651708713763, 39.10945834604653 ], [ -94.441176653287755, 39.109375679830599 ], [ -94.440707803301535, 39.109273754838647 ], [ -94.440246444195665, 39.109152850515009 ], [ -94.439793840855501, 39.109013298339192 ], [ -94.439351234140602, 39.108855480916262 ], [ -94.438919837480228, 39.10867983092708 ], [ -94.438500833544424, 39.10848682994105 ], [ -94.438095370999804, 39.10827700709487 ], [ -94.4377045613588, 39.108050937640712 ], [ -94.437329475931264, 39.107809241367853 ], [ -94.436971142886705, 39.10755258090235 ], [ -94.436630544435246, 39.107281659889104 ], [ -94.436308614134859, 39.106997221061498 ], [ -94.436006234332638, 39.106700044203919 ], [ -94.435724233746726, 39.106390944012638 ], [ -94.43546338519586, 39.106070767861176 ], [ -94.435224403482437, 39.105740393475919 ], [ -94.435007943435096, 39.105400726528906 ], [ -94.434814598116205, 39.10505269815377 ], [ -94.434644897198837, 39.104697262392193 ], [ -94.434499305518017, 39.104335393577713 ], [ -94.434378221800017, 39.103968083663801 ], [ -94.434281977572937, 39.10359633950403 ], [ -94.43421083626211, 39.103221180091424 ], [ -94.434164992471977, 39.102843633764756 ], [ -94.43414457145704, 39.102464735389319 ] ] ] } },
{ "type": "Feature", "properties": { }, "geometry": { "type": "Polygon", "coordinates": [ [ [ -94.434094569939816, 39.102474731427314 ], [ -94.434099627532845, 39.102095519555824 ], [ -94.434130149199021, 39.101717033599122 ], [ -94.434186050873365, 39.101340310948778 ], [ -94.434267178932714, 39.100966384146865 ], [ -94.434373310620984, 39.10059627805623 ], [ -94.434504154664225, 39.100231007051796 ], [ -94.434659352072941, 39.099871572240964 ], [ -94.434838477129958, 39.099518958720466 ], [ -94.435041038560968, 39.099174132877202 ], [ -94.43526648088438, 39.098838039740642 ], [ -94.435514185936896, 39.098511600393778 ], [ -94.435783474570428, 39.098195709449826 ], [ -94.43607360851594, 39.097891232601711 ], [ -94.43638379240879, 39.097599004250753 ], [ -94.436713175970098, 39.097319825221334 ], [ -94.437060856338363, 39.097054460567421 ], [ -94.437425880544538, 39.0968036374775 ], [ -94.437807248124088, 39.096568043283035 ], [ -94.438203913858757, 39.096348323576244 ], [ -94.4386147906405, 39.096145080442348 ], [ -94.43903875244979, 39.095958870810868 ], [ -94.439474637440185, 39.095790204930772 ], [ -94.439921251120609, 39.095639544973423 ], [ -94.440377369626745, 39.095507303767221 ], [ -94.440841743072596, 39.095393843667374 ], [ -94.441313098972984, 39.095299475563927 ], [ -94.441790145727794, 39.095224458030657 ], [ -94.442271576158191, 39.095168996617247 ], [ -94.442756071085498, 39.095133243286632 ], [ -94.443242302942679, 39.095117295999152 ], [ -94.443728939408757, 39.095121198444268 ], [ -94.444214647056114, 39.095144939921234 ], [ -94.444698095000902, 39.095188455368302 ], [ -94.445177958546395, 39.095251625541067 ], [ -94.445652922809558, 39.095334277338935 ], [ -94.446121686320708, 39.095436184279087 ], [ -94.44658296458671, 39.095557067116594 ], [ -94.447035493607828, 39.095696594608981 ], [ -94.447478033338498, 39.095854384423248 ], [ -94.447909371083043, 39.096030004182566 ], [ -94.448328324816401, 39.096222972650246 ], [ -94.448733746421453, 39.096432761047375 ], [ -94.449124524833593, 39.096658794500662 ], [ -94.449499589084311, 39.096900453616634 ], [ -94.449857911235171, 39.097157076177687 ], [ -94.450198509194422, 39.097427958955471 ], [ -94.450520449408344, 39.097712359636731 ], [ -94.450822849419978, 39.098009498856214 ], [ -94.45110488028844, 39.098318562331066 ], [ -94.451365768861791, 39.098638703091076 ], [ -94.451604799897623, 39.098969043798554 ], [ -94.451821318025296, 39.099308679151314 ], [ -94.45201472954443, 39.099656678362656 ], [ -94.452184504054884, 39.100012087711129 ], [ -94.452330175913488, 39.100373933153243 ], [ -94.452451345513637, 39.100741222992106 ], [ -94.452547680384313, 39.101112950594612 ], [ -94.452618916105067, 39.101488097149414 ], [ -94.452664857034975, 39.101865634458974 ], [ -94.452685376853154, 39.102244527756973 ], [ -94.45268041890931, 39.102623738544196 ], [ -94.452649996383457, 39.1030022274348 ], [ -94.452594192254395, 39.103378957005049 ], [ -94.452513159076602, 39.103752894637019 ], [ -94.452407118566555, 39.104123015349266 ], [ -94.452276360999278, 39.104488304606619 ], [ -94.452121244416816, 39.104847761101723 ], [ -94.451942193650794, 39.105200399500262 ], [ -94.45173969916155, 39.105545253142758 ], [ -94.451514315697267, 39.105881376695194 ], [ -94.451266660776369, 39.106207848741299 ], [ -94.450997412997665, 39.106523774309629 ], [ -94.450707310182608, 39.106828287327872 ], [ -94.450397147354792, 39.107120552998452 ], [ -94.450067774562243, 39.107399770088129 ], [ -94.44972009454851, 39.107665173125866 ], [ -94.449355060278762, 39.107916034502693 ], [ -94.448973672327767, 39.108151666467634 ], [ -94.448576976136991, 39.108371423014667 ], [ -94.448166059148178, 39.108574701654952 ], [ -94.447742047821336, 39.108760945069932 ], [ -94.447306104545461, 39.108929642640518 ], [ -94.446859424450196, 39.109080331848133 ], [ -94.446403232127537, 39.109212599543895 ], [ -94.445938778272208, 39.109326083082365 ], [ -94.445467336250374, 39.109420471316739 ], [ -94.444990198605737, 39.109495505452642 ], [ -94.4445086735129, 39.109550979758488 ], [ -94.44402408118772, 39.109586742130098 ], [ -94.443537750264326, 39.109602694508084 ], [ -94.443051014149091, 39.109598793147235 ], [ -94.442565207361397, 39.109575048736389 ], [ -94.442081661871299, 39.109531526369437 ], [ -94.441601703444263, 39.109468345366594 ], [ -94.441126648002879, 39.109385678947127 ], [ -94.440657798015764, 39.109283753754056 ], [ -94.440196438923493, 39.109162849232291 ], [ -94.439743835611395, 39.109023296861842 ], [ -94.439301228938945, 39.108865479248337 ], [ -94.438869832335286, 39.10868982907315 ], [ -94.438450828470309, 39.108496827906215 ], [ -94.438045366010414, 39.10828700488473 ], [ -94.43765455646782, 39.108060935261278 ], [ -94.437279471152081, 39.107819238825677 ], [ -94.436921138232464, 39.107562578204401 ], [ -94.436580539918694, 39.107291657042794 ], [ -94.436258609768359, 39.107007218074621 ], [ -94.43595623012817, 39.106710041084661 ], [ -94.435674229715815, 39.106400940769561 ], [ -94.435413381349562, 39.106080764503162 ], [ -94.435174399831254, 39.105750390012183 ], [ -94.434957939989076, 39.105410722968941 ], [ -94.434764594884783, 39.105062694507339 ], [ -94.434594894190852, 39.104707258669315 ], [ -94.43444930274174, 39.104345389788563 ], [ -94.434328219263008, 39.103978079818773 ], [ -94.434231975282174, 39.103606335613662 ], [ -94.434160834223846, 39.103231176166403 ], [ -94.434114990691796, 39.102853629815833 ], [ -94.434094569939816, 39.102474731427314 ] ] ] } },
{ "type": "Feature", "properties": { }, "geometry": { "type": "Polygon", "coordinates": [ [ [ -94.574358621708654, 38.923095431247198 ], [ -94.574362948943147, 38.922716217451189 ], [ -94.57439267635155, 38.92233770024216 ], [ -94.574447722049271, 38.921960917098701 ], [ -94.57452793476233, 38.921586900730155 ], [ -94.574633094246366, 38.921216676246331 ], [ -94.574762911894538, 38.920851258348229 ], [ -94.57491703153265, 38.920491648547447 ], [ -94.57509503039924, 38.920138832421955 ], [ -94.575296420308007, 38.91979377691559 ], [ -94.575520648989183, 38.919457427688855 ], [ -94.575767101606274, 38.919130706528222 ], [ -94.576035102443953, 38.918814508820851 ], [ -94.576323916762348, 38.91850970110189 ], [ -94.576632752812799, 38.918217118680872 ], [ -94.576960764009371, 38.917937563353881 ], [ -94.577307051250258, 38.917671801207447 ], [ -94.577670665382641, 38.917420560520547 ], [ -94.578050609804322, 38.91718452977009 ], [ -94.578445843194856, 38.916964355745598 ], [ -94.578855282368934, 38.916760641778069 ], [ -94.579277805243919, 38.916573946087972 ], [ -94.579712253913598, 38.916404780256755 ], [ -94.580157437819835, 38.916253607826185 ], [ -94.580612137013148, 38.916120843029212 ], [ -94.581075105493611, 38.916006849655929 ], [ -94.58154507462271, 38.915911940057569 ], [ -94.582020756597089, 38.915836374291565 ], [ -94.582500847974515, 38.915780359409524 ], [ -94.582984033242397, 38.915744048890531 ], [ -94.583468988419412, 38.915727542221063 ], [ -94.583954384679998, 38.915730884622725 ], [ -94.584438891992292, 38.915754066928521 ], [ -94.584921182759075, 38.915797025608022 ], [ -94.585399935452301, 38.915859642941491 ], [ -94.585873838230938, 38.915941747342067 ], [ -94.586341592532364, 38.916043113825779 ], [ -94.586801916627635, 38.916163464627466 ], [ -94.587253549130651, 38.916302469961373 ], [ -94.587695252452008, 38.916459748924034 ], [ -94.588125816187755, 38.916634870537315 ], [ -94.588544060434032, 38.916827354928323 ], [ -94.588948839018485, 38.917036674643512 ], [ -94.589339042639565, 38.917262256092762 ], [ -94.589713601905203, 38.917503481120228 ], [ -94.590071490262545, 38.917759688696812 ], [ -94.590411726810672, 38.918030176730532 ], [ -94.590733378988688, 38.918314203989119 ], [ -94.591035565131733, 38.918610992129921 ], [ -94.591317456888035, 38.918919727831707 ], [ -94.591578281490214, 38.91923956502211 ], [ -94.591817323874693, 38.919569627195067 ], [ -94.592033928643474, 38.919909009811619 ], [ -94.592227501862652, 38.920256782777741 ], [ -94.592397512692912, 38.920611992992185 ], [ -94.592543494847561, 38.920973666957536 ], [ -94.592665047873766, 38.921340813447372 ], [ -94.592761838253764, 38.921712426222001 ], [ -94.59283360032282, 38.922087486785649 ], [ -94.592880137001487, 38.922464967177291 ], [ -94.592901320339934, 38.922843832787642 ], [ -94.592897091873056, 38.923223045194547 ], [ -94.59286746278508, 38.923601565008916 ], [ -94.592812513883374, 38.923978354723651 ], [ -94.592732395381375, 38.924352381557426 ], [ -94.592627326491296, 38.924722620285756 ], [ -94.592497594827378, 38.925088056051557 ], [ -94.592343555621795, 38.925447687147496 ], [ -94.592165630754735, 38.925800527762284 ], [ -94.591964307601756, 38.926145610683768 ], [ -94.591740137701237, 38.926481989951071 ], [ -94.591493735245649, 38.926808743448618 ], [ -94.591225775400758, 38.927124975434928 ], [ -94.590936992457301, 38.927429818999322 ], [ -94.590628177820193, 38.927722438439488 ], [ -94.590300177840732, 38.928002031553774 ], [ -94.589953891497871, 38.928267831841666 ], [ -94.589590267934554, 38.928519110606281 ], [ -94.589210303856333, 38.928755178953523 ], [ -94.588815040798991, 38.928975389681973 ], [ -94.588405562272897, 38.929179139058455 ], [ -94.587982990791815, 38.929365868474584 ], [ -94.587548484794496, 38.929535065979387 ], [ -94.587103235467197, 38.929686267684076 ], [ -94.586648463476124, 38.929819059034983 ], [ -94.586185415618843, 38.929933075951098 ], [ -94.585715361403487, 38.930028005823175 ], [ -94.58523958956566, 38.930103588371743 ], [ -94.584759404532164, 38.930159616361273 ], [ -94.584276122841686, 38.930195936169092 ], [ -94.583791069531969, 38.930212448206937 ], [ -94.583305574503768, 38.930209107194393 ], [ -94.582820968871061, 38.93018592228325 ], [ -94.582338581308264, 38.930142957032444 ], [ -94.581859734403963, 38.930080329233768 ], [ -94.581385741031369, 38.9299982105887 ], [ -94.580917900745661, 38.929896826237275 ], [ -94.580457496217889, 38.929776454140416 ], [ -94.580005789715329, 38.929637424317214 ], [ -94.579564019638198, 38.92948011793942 ], [ -94.579133397121794, 38.929304966285578 ], [ -94.578715102714, 38.929112449557657 ], [ -94.578310283136773, 38.928903095563527 ], [ -94.577920048140768, 38.928677478268852 ], [ -94.577545467461775, 38.928436216222245 ], [ -94.577187567887322, 38.928179970858331 ], [ -94.576847330441183, 38.927909444683173 ], [ -94.576525687694101, 38.927625379346885 ], [ -94.576223521207609, 38.9273285536093 ], [ -94.575941659118101, 38.927019781203562 ], [ -94.575680873867967, 38.926699908604199 ], [ -94.575441880089571, 38.926369812705211 ], [ -94.575225332648429, 38.926030398415072 ], [ -94.575031824850342, 38.925682596174823 ], [ -94.574861886817814, 38.925327359406445 ], [ -94.574715984039997, 38.924965661898291 ], [ -94.574594516100035, 38.924598495134724 ], [ -94.574497815583499, 38.924226865577523 ], [ -94.574426147170513, 38.923851791906394 ], [ -94.574379706914442, 38.923474302225948 ], [ -94.574358621708654, 38.923095431247198 ] ] ] } },
{ "type": "Feature", "properties": { }, "geometry": { "type": "Polygon", "coordinates": [ [ [ -94.535944508977153, 39.106222861296231 ], [ -94.535949020145154, 39.105843656037862 ], [ -94.535978997066465, 39.105465154393457 ], [ -94.536034357168987, 39.105088393798439 ], [ -94.536114948313497, 39.104714406899788 ], [ -94.536220549215031, 39.104344218725899 ], [ -94.53635087005371, 39.103978843877492 ], [ -94.53650555327323, 39.103619283747356 ], [ -94.536684174564783, 39.103266523776419 ], [ -94.536886244033681, 39.102921530753648 ], [ -94.537111207545536, 39.102585250167287 ], [ -94.537358448248028, 39.102258603614636 ], [ -94.53762728826446, 39.101942486277281 ], [ -94.537916990553853, 39.101637764469011 ], [ -94.538226760933156, 39.101345273262787 ], [ -94.538555750255327, 39.101065814203622 ], [ -94.538903056737809, 39.100800153113099 ], [ -94.539267728434737, 39.100549017992215 ], [ -94.539648765846195, 39.100313097027509 ], [ -94.54004512465734, 39.100093036706681 ], [ -94.540455718599858, 39.099889440048209 ], [ -94.540879422428034, 39.09970286495026 ], [ -94.541315075001194, 39.099533822662998 ], [ -94.541761482464011, 39.099382776388971 ], [ -94.54221742151627, 39.09925014001481 ], [ -94.542681642762844, 39.09913627697815 ], [ -94.543152874134833, 39.099041499272765 ], [ -94.543629824372715, 39.098966066594279 ], [ -94.544111186561594, 39.098910185629464 ], [ -94.544595641709478, 39.098874009490366 ], [ -94.545081862358046, 39.098857637295289 ], [ -94.545568516217003, 39.09886111389747 ], [ -94.546054269811137, 39.098884429762435 ], [ -94.546537792130906, 39.098927520994195 ], [ -94.547017758276155, 39.098990269510175 ], [ -94.54749285308317, 39.099072503364646 ], [ -94.547961774725266, 39.099173997219587 ], [ -94.548423238276698, 39.099294472961517 ], [ -94.5488759792309, 39.099433600463094 ], [ -94.549318756962606, 39.099590998487002 ], [ -94.549750358124982, 39.099766235729696 ], [ -94.550169599972364, 39.099958832002486 ], [ -94.55057533359934, 39.100168259546145 ], [ -94.550966447087589, 39.100393944476139 ], [ -94.551341868551759, 39.100635268354019 ], [ -94.551700569075891, 39.100891569880886 ], [ -94.552041565532747, 39.101162146708262 ], [ -94.55236392327798, 39.101446257361538 ], [ -94.552666758711823, 39.101743123270467 ], [ -94.552949241701441, 39.102051930901595 ], [ -94.55321059785723, 39.102371833986247 ], [ -94.55345011065657, 39.102701955838569 ], [ -94.55366712340971, 39.103041391756712 ], [ -94.553861041061779, 39.103389211501174 ], [ -94.554031331826522, 39.103744461843029 ], [ -94.554177528646761, 39.104106169175274 ], [ -94.554299230477909, 39.104473342180391 ], [ -94.554396103390829, 39.104844974546161 ], [ -94.55446788149095, 39.105220047723236 ], [ -94.554514367651137, 39.105597533715986 ], [ -94.554535434056319, 39.10597639789966 ], [ -94.554531022558123, 39.106355601855718 ], [ -94.554501144838724, 39.106734106217935 ], [ -94.554445882383391, 39.107110873521073 ], [ -94.55436538626148, 39.107484871044655 ], [ -94.554259876716856, 39.107855073643911 ], [ -94.554129642568512, 39.108220466560049 ], [ -94.553975040422898, 39.10858004820232 ], [ -94.553796493700631, 39.108932832894119 ], [ -94.553594491479345, 39.109277853575634 ], [ -94.553369587156681, 39.10961416445555 ], [ -94.553122396936416, 39.109940843604711 ], [ -94.552853598142249, 39.110256995484399 ], [ -94.552563927363423, 39.110561753402337 ], [ -94.552254178437806, 39.110854281889942 ], [ -94.551925200277395, 39.111133778993775 ], [ -94.551577894542419, 39.11139947847537 ], [ -94.55121321317057, 39.111650651913173 ], [ -94.550832155767765, 39.111886610700779 ], [ -94.550435766867892, 39.112106707936135 ], [ -94.5500251330689, 39.112310340196288 ], [ -94.54960138005319, 39.112496949193051 ], [ -94.549165669500354, 39.112666023304826 ], [ -94.548719195900929, 39.112817098980408 ], [ -94.548263183279744, 39.112949762011013 ], [ -94.547798881837991, 39.113063648666966 ], [ -94.547327564523172, 39.113158446695721 ], [ -94.546850523536463, 39.113233896178976 ], [ -94.546369066786951, 39.113289790245837 ], [ -94.545884514302728, 39.113325975640734 ], [ -94.545398194608495, 39.113342353143935 ], [ -94.544911441079748, 39.113338877844051 ], [ -94.544425588283673, 39.11331555926126 ], [ -94.54394196831673, 39.113272461321401 ], [ -94.543461907148881, 39.113209702180477 ], [ -94.542986720984928, 39.113127453900631 ], [ -94.542517712652526, 39.113025941977973 ], [ -94.542056168027145, 39.112905444723907 ], [ -94.541603352503671, 39.112766292501469 ], [ -94.541160507524353, 39.112608866818817 ], [ -94.540728847172801, 39.112433599282539 ], [ -94.540309554843162, 39.112240970413254 ], [ -94.539903779993963, 39.112031508327277 ], [ -94.53951263499512, 39.111805787287629 ], [ -94.539137192077277, 39.111564426128346 ], [ -94.538778480391414, 39.111308086556825 ], [ -94.538437483187039, 39.111037471338356 ], [ -94.538115135116726, 39.110753322368183 ], [ -94.537812319674245, 39.110456418636332 ], [ -94.53752986677334, 39.110147574090675 ], [ -94.537268550474053, 39.109827635404322 ], [ -94.537029086862233, 39.109497479653207 ], [ -94.536812132088798, 39.109158011910566 ], [ -94.536618280573308, 39.108810162764541 ], [ -94.536448063377492, 39.10845488576625 ], [ -94.536301946752431, 39.108093154814696 ], [ -94.536180330864099, 39.107725961486231 ], [ -94.536083548700034, 39.107354312315685 ], [ -94.536011865160532, 39.106979226036557 ], [ -94.535965476336685, 39.106601730788014 ], [ -94.535944508977153, 39.106222861296231 ] ] ] } },
{ "type": "Feature", "properties": { }, "geometry": { "type": "Polygon", "coordinates": [ [ [ -94.569504263138811, 39.10922554503972 ], [ -94.569508594012589, 39.108846342331866 ], [ -94.569538391812742, 39.108467835875302 ], [ -94.569593574457983, 39.108091063118962 ], [ -94.569673990295314, 39.107717056743425 ], [ -94.569779418520056, 39.107346841830747 ], [ -94.569909569785366, 39.106981433055203 ], [ -94.570064086999395, 39.106621831902814 ], [ -94.570242546307966, 39.106269023927183 ], [ -94.570444458260013, 39.105923976049041 ], [ -94.570669269152404, 39.105587633907213 ], [ -94.570916362550719, 39.105260919267849 ], [ -94.571185060981477, 39.104944727499266 ], [ -94.571474627791289, 39.104639925119379 ], [ -94.571784269167921, 39.104347347422092 ], [ -94.572113136317355, 39.104067796189497 ], [ -94.572460327791404, 39.103802037495846 ], [ -94.572824891958888, 39.103550799609607 ], [ -94.573205829614096, 39.103314770998999 ], [ -94.573602096715092, 39.103094598446646 ], [ -94.57401260724447, 39.102890885278562 ], [ -94.574436236184681, 39.102704189712078 ], [ -94.57487182259986, 39.102535023327441 ], [ -94.575318172815656, 39.102383849667113 ], [ -94.575774063688399, 39.102251082966689 ], [ -94.576238245954684, 39.102137087020807 ], [ -94.57670944765222, 39.102042174187247 ], [ -94.577186377602587, 39.101966604531761 ], [ -94.577667728946381, 39.101910585116315 ], [ -94.578152182721169, 39.101874269432102 ], [ -94.578638411472411, 39.101857756979648 ], [ -94.579125082887558, 39.101861092996337 ], [ -94.579610863443349, 39.101884268332732 ], [ -94.580094422056476, 39.101927219477687 ], [ -94.580574433727477, 39.101989828732371 ], [ -94.581049583168081, 39.102071924532467 ], [ -94.581518568402089, 39.102173281918084 ], [ -94.58198010432983, 39.102293623149542 ], [ -94.58243292624671, 39.102432618467972 ], [ -94.582875793305917, 39.102589886998139 ], [ -94.583307491916273, 39.102764997791276 ], [ -94.58372683906542, 39.102957471005077 ], [ -94.584132685559851, 39.10316677921751 ], [ -94.584523919172398, 39.103392348871033 ], [ -94.584899467688942, 39.103633561843068 ], [ -94.585258301845855, 39.10388975713866 ], [ -94.585599438150155, 39.104160232700494 ], [ -94.585921941574682, 39.104444247331536 ], [ -94.586224928120927, 39.104741022724809 ], [ -94.586507567242379, 39.105049745594982 ], [ -94.58676908412194, 39.105369569905868 ], [ -94.587008761796938, 39.105699619187611 ], [ -94.587225943126128, 39.106038988937492 ], [ -94.587420032593002, 39.106386749097531 ], [ -94.587590497940695, 39.106741946602313 ], [ -94.587736871633837, 39.107103607989941 ], [ -94.587858752143291, 39.107470742069019 ], [ -94.587955805050399, 39.107842342634328 ], [ -94.588027763967389, 39.108217391223938 ], [ -94.588074431271664, 39.108594859909914 ], [ -94.588095678651655, 39.108973714115209 ], [ -94.588091447462929, 39.109352915448966 ], [ -94.588061748893438, 39.109731424552415 ], [ -94.58800666393725, 39.110108203947618 ], [ -94.58792634317706, 39.110482220881252 ], [ -94.587821006375876, 39.110852450155605 ], [ -94.587690941878861, 39.111217876939016 ], [ -94.587536505827231, 39.111577499548197 ], [ -94.587358121185915, 39.111930332194461 ], [ -94.587156276587947, 39.112275407686745 ], [ -94.586931524998477, 39.112611780083725 ], [ -94.586684482202202, 39.112938527287767 ], [ -94.586415825118195, 39.113254753573713 ], [ -94.586126289946833, 39.113559592045519 ], [ -94.585816670153733, 39.113852207013842 ], [ -94.585487814296414, 39.114131796288227 ], [ -94.58514062369936, 39.114397593377646 ], [ -94.584776049984143, 39.114648869592934 ], [ -94.584395092461065, 39.114884936045975 ], [ -94.583998795389761, 39.115105145539481 ], [ -94.58358824511599, 39.115308894342746 ], [ -94.583164567092751, 39.115495623847998 ], [ -94.582728922793663, 39.115664822103128 ], [ -94.582282506527264, 39.115816025216503 ], [ -94.581826542160897, 39.115948818629867 ], [ -94.581362279763184, 39.116062838255878 ], [ -94.580890992174332, 39.116157771477326 ], [ -94.580413971513821, 39.116233358005076 ], [ -94.579932525634902, 39.116289390592314 ], [ -94.579447974535725, 39.116325715603516 ], [ -94.57896164673717, 39.116342233435986 ], [ -94.578474875636942, 39.116338898793401 ], [ -94.57798899585049, 39.116315720810128 ], [ -94.57750533954831, 39.116272763026302 ], [ -94.577025232800167, 39.116210143213529 ], [ -94.57654999193602, 39.116128033051758 ], [ -94.576080919933702, 39.116026657658274 ], [ -94.575619302843549, 39.115906294970017 ], [ -94.575166406259399, 39.115767274980968 ], [ -94.574723471846127, 39.115609978836638 ], [ -94.574291713932851, 39.115434837788342 ], [ -94.573872316181678, 39.115242332009885 ], [ -94.573466428340495, 39.115032989280067 ], [ -94.573075163089513, 39.114807383534625 ], [ -94.572699592989437, 39.114566133291547 ], [ -94.572340747540409, 39.114309899954165 ], [ -94.571999610359114, 39.11403938599657 ], [ -94.57167711648232, 39.113755333036451 ], [ -94.571374149803944, 39.113458519800787 ], [ -94.571091540652802, 39.113149759989447 ], [ -94.570830063517647, 39.112829900043387 ], [ -94.570590434925691, 39.112499816822883 ], [ -94.570373311480409, 39.11216041520251 ], [ -94.570179288064139, 39.111812625589415 ], [ -94.570008896210055, 39.111457401371688 ], [ -94.569862602648371, 39.111095716303943 ], [ -94.569740808030204, 39.110728561836986 ], [ -94.569643845833241, 39.110356944399413 ], [ -94.569571981451375, 39.10998188263801 ], [ -94.569525411471474, 39.109604404625046 ], [ -94.569504263138811, 39.10922554503972 ] ] ] } },
{ "type": "Feature", "properties": { }, "geometry": { "type": "Polygon", "coordinates": [ [ [ -94.455097747998494, 39.002536157425126 ], [ -94.455102702748519, 39.002156940598027 ], [ -94.455133085737742, 39.001778445787302 ], [ -94.455188813283314, 39.001401710409041 ], [ -94.455269732241177, 39.001027767040526 ], [ -94.45537562043026, 39.000657640590347 ], [ -94.455506187245703, 39.000292345489676 ], [ -94.455661074459471, 38.999932882912368 ], [ -94.45583985720603, 38.99958023803179 ], [ -94.45604204515061, 38.999235377321284 ], [ -94.456267083836408, 38.998899245906458 ], [ -94.456514356207379, 38.998572764975762 ], [ -94.456783184302111, 38.998256829257009 ], [ -94.45707283111436, 38.997952304566418 ], [ -94.45738250261499, 38.99766002543705 ], [ -94.457711349929639, 38.997380792833013 ], [ -94.458058471666462, 38.997115371955751 ], [ -94.458422916387264, 38.996864490148397 ], [ -94.458803685215287, 38.996628834903881 ], [ -94.459199734572636, 38.996409051982269 ], [ -94.45960997903974, 38.996205743642491 ], [ -94.460033294329108, 38.996019466993275 ], [ -94.46046852036504, 38.995850732467638 ], [ -94.460914464461098, 38.995700002425409 ], [ -94.461369904586689, 38.99556768988743 ], [ -94.461833592713432, 38.995454157404609 ], [ -94.462304258232777, 38.995359716065558 ], [ -94.462780611434908, 38.995284624644903 ], [ -94.463261347040017, 38.995229088894909 ], [ -94.463745147771832, 38.995193260982262 ], [ -94.464230687964033, 38.995177239071602 ], [ -94.464716637189397, 38.995181067056834 ], [ -94.465201663901951, 38.995204734441053 ], [ -94.465684439082281, 38.995248176365386 ], [ -94.466163639875745, 38.995311273786648 ], [ -94.466637953214018, 38.995393853803272 ], [ -94.467106079409874, 38.995495690128756 ], [ -94.467566735715465, 38.995616503711297 ], [ -94.4680186598343, 38.995755963497778 ], [ -94.468460613377616, 38.995913687340227 ], [ -94.468891385255247, 38.996089243042078 ], [ -94.469309794992313, 38.996282149541692 ], [ -94.469714695961969, 38.996491878229385 ], [ -94.470104978526166, 38.996717854394959 ], [ -94.470479573075139, 38.996959458801363 ], [ -94.470837452957852, 38.99721602938034 ], [ -94.471177637294858, 38.997486863045474 ], [ -94.471499193666489, 38.997771217617554 ], [ -94.471801240668469, 38.998068313857146 ], [ -94.472082950328215, 38.998377337598754 ], [ -94.472343550375157, 38.998697441980561 ], [ -94.472582326358875, 38.999027749764139 ], [ -94.472798623609094, 38.999367355737199 ], [ -94.472991849032326, 38.999715329193194 ], [ -94.473161472740102, 39.000070716481019 ], [ -94.47330702950434, 39.0004325436174 ], [ -94.473428120035763, 39.000799818955457 ], [ -94.473524412081957, 39.001171535901676 ], [ -94.473595641341873, 39.001546675673971 ], [ -94.473641612194328, 39.001924210093314 ], [ -94.473662198238472, 39.002303104401413 ], [ -94.473657342644501, 39.002682320096426 ], [ -94.47362705831398, 39.003060817779243 ], [ -94.473571427848896, 39.00343756000229 ], [ -94.473490603329594, 39.003811514113295 ], [ -94.473384805902498, 39.004181655085965 ], [ -94.473254325178047, 39.004546968330033 ], [ -94.47309951844106, 39.004906452472831 ], [ -94.472920809675344, 39.005259122104746 ], [ -94.472718688405095, 39.005604010481235 ], [ -94.472493708356652, 39.005940172173588 ], [ -94.4722464859436, 39.006266685661622 ], [ -94.471977698580019, 39.006582655860818 ], [ -94.471688082825835, 39.006887216577205 ], [ -94.471378432370003, 39.007179532882979 ], [ -94.471049595856229, 39.007458803406749 ], [ -94.470702474558067, 39.007724262531582 ], [ -94.470338019908894, 39.007975182495329 ], [ -94.469957230894252, 39.008210875386993 ], [ -94.469561151313187, 39.008430695034058 ], [ -94.46915086691638, 39.008634038775185 ], [ -94.468727502428877, 39.008820349113819 ], [ -94.468292218465365, 39.008989115247829 ], [ -94.467846208346927, 39.009139874471039 ], [ -94.467390694827543, 39.009272213442948 ], [ -94.466926926739688, 39.009385769323011 ], [ -94.466456175567998, 39.009480230766243 ], [ -94.465979731960729, 39.009555338777801 ], [ -94.465498902188145, 39.009610887423612 ], [ -94.465015004558268, 39.009646724395708 ], [ -94.464529365799024, 39.009662751430199 ], [ -94.464043317417605, 39.00965892457706 ], [ -94.463558192046321, 39.009635254320727 ], [ -94.463075319785517, 39.009591805551608 ], [ -94.462596024553505, 39.00952869738785 ], [ -94.462121620453232, 39.009446102848763 ], [ -94.46165340816637, 39.009344248379875 ], [ -94.461192671384026, 39.009223413231837 ], [ -94.460740673284349, 39.009083928694018 ], [ -94.460298653066687, 39.0089261771856 ], [ -94.459867822551686, 39.008750591206208 ], [ -94.459449362856716, 39.008557652149257 ], [ -94.459044421155937, 39.008347888981106 ], [ -94.458654107533647, 39.008121876789751 ], [ -94.458279491939876, 39.007880235206947 ], [ -94.457921601256302, 39.007623626708245 ], [ -94.45758141648065, 39.007352754795527 ], [ -94.45725987003739, 39.007068362067052 ], [ -94.456957843222042, 39.006771228180298 ], [ -94.456676163786028, 39.006462167713259 ], [ -94.456415603668745, 39.006142027930082 ], [ -94.456176876883177, 39.005811686457108 ], [ -94.455960637560565, 39.005472048875689 ], [ -94.4557674781597, 39.00512404623867 ], [ -94.455597927845702, 39.004768632516935 ], [ -94.455452451042575, 39.004406781983342 ], [ -94.455331446163498, 39.004039486541068 ], [ -94.455235244522441, 39.003667753003953 ], [ -94.455164109430001, 39.003292600335861 ], [ -94.455118235475609, 39.002915056857063 ], [ -94.455097747998494, 39.002536157425126 ] ] ] } },
{ "type": "Feature", "properties": { }, "geometry": { "type": "Polygon", "coordinates": [ [ [ -94.501768651129353, 38.92042965940378 ], [ -94.501773365319863, 38.920050440417945 ], [ -94.501803478532139, 38.919671933853053 ], [ -94.501858907824342, 38.919295177157899 ], [ -94.501939500871359, 38.918921202968697 ], [ -94.502045036386775, 38.918551036279048 ], [ -94.502175224733591, 38.918185691630974 ], [ -94.502329708722144, 38.917826170334749 ], [ -94.502508064593073, 38.917473457725265 ], [ -94.502709803182341, 38.917128520462157 ], [ -94.502934371265354, 38.916792303881451 ], [ -94.503181153076326, 38.916465729405651 ], [ -94.503449471998621, 38.91614969201958 ], [ -94.503738592421598, 38.915845057818707 ], [ -94.504047721758695, 38.915552661636809 ], [ -94.504376012621208, 38.915273304759367 ], [ -94.504722565141947, 38.915007752728947 ], [ -94.505086429442102, 38.914756733248602 ], [ -94.50546660823494, 38.914520934189063 ], [ -94.505862059558709, 38.914301001704899 ], [ -94.50627169963181, 38.91409753846532 ], [ -94.506694405821989, 38.913911102003837 ], [ -94.507129019721575, 38.913742203191703 ], [ -94.507574350320382, 38.913591304839194 ], [ -94.508029177267701, 38.913458820428481 ], [ -94.508492254214133, 38.913345112981581 ], [ -94.508962312224497, 38.913250494066631 ], [ -94.509438063252375, 38.913175222944801 ], [ -94.509918203666615, 38.913119505860735 ], [ -94.510401417820589, 38.913083495477885 ], [ -94.510886381653904, 38.913067290460681 ], [ -94.511371766317396, 38.913070935204566 ], [ -94.511856241810889, 38.913094419714469 ], [ -94.512338480624223, 38.913137679632314 ], [ -94.512817161371458, 38.913200596413247 ], [ -94.513290972408328, 38.913282997650285 ], [ -94.513758615423185, 38.913384657546416 ], [ -94.514218808991458, 38.913505297532801 ], [ -94.514670292084148, 38.913644587031513 ], [ -94.515111827520514, 38.913802144360737 ], [ -94.515542205355899, 38.913977537779701 ], [ -94.515960246195036, 38.914170286670931 ], [ -94.516364804422054, 38.914379862856123 ], [ -94.51675477133837, 38.914605692042528 ], [ -94.517129078199545, 38.914847155395364 ], [ -94.517486699143461, 38.91510359123248 ], [ -94.517826654000984, 38.915374296836248 ], [ -94.518148010982188, 38.915658530378032 ], [ -94.518449889230212, 38.915955512949736 ], [ -94.518731461236086, 38.916264430696998 ], [ -94.518991955107751, 38.916584437048307 ], [ -94.519230656687171, 38.916914655033629 ], [ -94.519446911509476, 38.91725417968663 ], [ -94.519640126599043, 38.917602080523537 ], [ -94.519809772097389, 38.917957404092228 ], [ -94.519955382718422, 38.918319176584077 ], [ -94.520076559027032, 38.918686406502083 ], [ -94.520172968537508, 38.919058087377323 ], [ -94.520244346628616, 38.919433200526775 ], [ -94.520290497273081, 38.919810717844669 ], [ -94.520311293578999, 38.920189604619893 ], [ -94.520306678142006, 38.920568822371621 ], [ -94.520276663207056, 38.920947331695508 ], [ -94.520221330639274, 38.921324095112553 ], [ -94.520140831704012, 38.921698079912872 ], [ -94.520035386656588, 38.922068260986642 ], [ -94.519905284142808, 38.922433623634205 ], [ -94.51975088041192, 38.922793166348093 ], [ -94.519572598343998, 38.923145903558783 ], [ -94.519370926294471, 38.923490868337069 ], [ -94.519146416758872, 38.923827115045491 ], [ -94.518899684861566, 38.924153721931425 ], [ -94.518631406672327, 38.924469793654993 ], [ -94.518342317355504, 38.924774463744498 ], [ -94.51803320915684, 38.925066896972965 ], [ -94.51770492923346, 38.925346291649021 ], [ -94.517358377332698, 38.925611881815982 ], [ -94.516994503326558, 38.925862939352925 ], [ -94.516614304608154, 38.926098775972214 ], [ -94.516218823357505, 38.926318745107721 ], [ -94.515809143684081, 38.926522243688716 ], [ -94.515386388654065, 38.926708713794461 ], [ -94.514951717210209, 38.926877644185083 ], [ -94.514506320993107, 38.927028571704341 ], [ -94.51405142107248, 38.927161082550505 ], [ -94.513588264597189, 38.927274813411891 ], [ -94.513118121373751, 38.927369452463893 ], [ -94.512642280382224, 38.927444740224665 ], [ -94.512162046239368, 38.927500470267269 ], [ -94.511678735618787, 38.927536489786313 ], [ -94.511193673637734, 38.927552700017202 ], [ -94.510708190220726, 38.927549056507438 ], [ -94.510223616449906, 38.927525569238519 ], [ -94.509741280912152, 38.927482302598797 ], [ -94.509262506053176, 38.927419375206732 ], [ -94.508788604548315, 38.927336959585588 ], [ -94.508320875700406, 38.927235281689967 ], [ -94.507860601874455, 38.927114620285906 ], [ -94.507409044978758, 38.926975306185987 ], [ -94.506967443002665, 38.926817721341585 ], [ -94.506537006619851, 38.92664229779492 ], [ -94.506118915867049, 38.926449516493548 ], [ -94.505714316906975, 38.926239905970839 ], [ -94.505324318884533, 38.926014040895822 ], [ -94.50494999088491, 38.925772540496418 ], [ -94.504592359001876, 38.925516066860702 ], [ -94.504252403524376, 38.925245323120379 ], [ -94.503931056249158, 38.924961051521983 ], [ -94.503629197926728, 38.924664031390542 ], [ -94.503347655847747, 38.924355076991915 ], [ -94.503087201576378, 38.924035035299212 ], [ -94.502848548836795, 38.923704783669628 ], [ -94.502632351558788, 38.92336522743814 ], [ -94.502439202087501, 38.923017297434477 ], [ -94.502269629562463, 38.922661947430342 ], [ -94.50212409847029, 38.922300151523984 ], [ -94.502003007374739, 38.921932901468956 ], [ -94.501906687827926, 38.921561203954788 ], [ -94.501835403465407, 38.921186077846777 ], [ -94.501789349287549, 38.920808551392703 ], [ -94.501768651129353, 38.92042965940378 ] ] ] } },
{ "type": "Feature", "properties": { }, "geometry": { "type": "Polygon", "coordinates": [ [ [ -94.188728900998711, 39.138615241517357 ], [ -94.188735272202848, 39.138236021459782 ], [ -94.188767119380259, 39.137857580759764 ], [ -94.188824354832533, 39.137480956682651 ], [ -94.188906821280781, 39.13710718149818 ], [ -94.189014292301138, 39.13673727965152 ], [ -94.189146472949531, 39.136372264955732 ], [ -94.189303000574284, 39.13601313781372 ], [ -94.189483445813934, 39.13566088247709 ], [ -94.189687313777725, 39.135316464349224 ], [ -94.189914045405402, 39.134980827340549 ], [ -94.190163019002497, 39.134654891282366 ], [ -94.190433551946995, 39.134339549407237 ], [ -94.19072490256255, 39.134035665902076 ], [ -94.191036272153198, 39.13374407354106 ], [ -94.19136680719383, 39.133465571404706 ], [ -94.191715601670609, 39.133200922691344 ], [ -94.192081699564724, 39.132950852626905 ], [ -94.192464097472637, 39.132716046478919 ], [ -94.192861747356048, 39.132497147679921 ], [ -94.193273559413313, 39.132294756065541 ], [ -94.193698405065234, 39.132109426232127 ], [ -94.194135120046539, 39.131941666018051 ], [ -94.19458250759476, 39.131791935113533 ], [ -94.195039341727849, 39.131660643801716 ], [ -94.195504370601412, 39.131548151835787 ], [ -94.195976319936676, 39.131454767453825 ], [ -94.196453896509482, 39.131380746535072 ], [ -94.196935791691018, 39.131326291899462 ], [ -94.19742068503065, 39.131291552752494 ], [ -94.197907247870802, 39.131276624276701 ], [ -94.19839414698437, 39.131281547371202 ], [ -94.198880048224567, 39.131306308539884 ], [ -94.199363620177181, 39.131350839928309 ], [ -94.199843537805464, 39.131415019509568 ], [ -94.200318486077578, 39.131498671418427 ], [ -94.200787163566744, 39.131601566432934 ], [ -94.201248286014277, 39.13172342260183 ], [ -94.201700589845743, 39.131863906016697 ], [ -94.202142835630767, 39.132022631726123 ], [ -94.202573811476896, 39.132199164789625 ], [ -94.202992336348288, 39.132393021468644 ], [ -94.203397263300246, 39.132603670550942 ], [ -94.203787482620712, 39.132830534805187 ], [ -94.204161924870107, 39.133072992561615 ], [ -94.204519563811189, 39.133330379414168 ], [ -94.204859419221052, 39.133601990040056 ], [ -94.205180559577315, 39.133887080131217 ], [ -94.205482104611463, 39.134184868432691 ], [ -94.205763227722073, 39.134494538882272 ], [ -94.206023158241379, 39.134815242845598 ], [ -94.206261183549103, 39.13514610144049 ], [ -94.206476651027486, 39.135486207944396 ], [ -94.206668969852345, 39.135834630278048 ], [ -94.206837612615203, 39.136190413558964 ], [ -94.206982116771783, 39.136552582717201 ], [ -94.207102085913235, 39.136920145166997 ], [ -94.20719719085632, 39.137292093526142 ], [ -94.207267170549542, 39.137667408376423 ], [ -94.207311832792826, 39.13804506105695 ], [ -94.207331054768531, 39.138424016483114 ], [ -94.20732478338256, 39.138803235983254 ], [ -94.207293035414338, 39.139181680145498 ], [ -94.207235897475286, 39.139558311666526 ], [ -94.20715352577588, 39.13993209819504 ], [ -94.20704614570198, 39.140302015161616 ], [ -94.206914051201181, 39.14066704858751 ], [ -94.206757603981316, 39.141026197864612 ], [ -94.206577232522932, 39.141378478498808 ], [ -94.2063734309084, 39.141722924809528 ], [ -94.206146757471032, 39.142058592577598 ], [ -94.20589783326777, 39.142384561634671 ], [ -94.205627340379451, 39.142699938386698 ], [ -94.205336020043561, 39.143003858264599 ], [ -94.205024670624326, 39.143295488095724 ], [ -94.204694145425833, 39.14357402838899 ], [ -94.204345350354075, 39.143838715528041 ], [ -94.203979241434425, 39.144088823865928 ], [ -94.203596822191159, 39.144323667715803 ], [ -94.203199140896402, 39.144542603232047 ], [ -94.202787287695898, 39.14474503017675 ], [ -94.20236239161963, 39.144930393566497 ], [ -94.20192561748533, 39.145098185195231 ], [ -94.201478162703566, 39.145247945028608 ], [ -94.201021253993019, 39.145379262466442 ], [ -94.200556144015124, 39.145491777469381 ], [ -94.2000841079373, 39.145585181546942 ], [ -94.199606439934058, 39.14565921860406 ], [ -94.199124449635917, 39.145713685643962 ], [ -94.198639458535681, 39.14574843332533 ], [ -94.198152796361967, 39.145763366372059 ], [ -94.197665797430204, 39.145758443834971 ], [ -94.197179796980848, 39.145733679204071 ], [ -94.196696127515011, 39.145689140371751 ], [ -94.196216115137858, 39.145624949446436 ], [ -94.195741075919287, 39.145541282417646 ], [ -94.195272312282526, 39.145438368673048 ], [ -94.194811109430105, 39.145316490369048 ], [ -94.194358731817388, 39.145175981656628 ], [ -94.193916419683092, 39.145017227764335 ], [ -94.193485385646653, 39.144840663941437 ], [ -94.193066811381442, 39.144646774263521 ], [ -94.192661844373291, 39.144436090304339 ], [ -94.192271594773175, 39.144209189677341 ], [ -94.191897132352366, 39.143966694450818 ], [ -94.191539483569159, 39.143709269441345 ], [ -94.191199628754276, 39.143437620389776 ], [ -94.190878499423562, 39.143152492025166 ], [ -94.190576975724738, 39.142854666021805 ], [ -94.190295884025502, 39.142544958854963 ], [ -94.190035994649435, 39.142224219561328 ], [ -94.189798019766059, 39.141893327410102 ], [ -94.189582611440684, 39.141553189491532 ], [ -94.189390359849341, 39.141204738229042 ], [ -94.189221791663968, 39.140848928822088 ], [ -94.18907736861172, 39.140486736626826 ], [ -94.188957486212828, 39.140119154481468 ], [ -94.188862472700166, 39.139747189983964 ], [ -94.188792588123533, 39.139371862729348 ], [ -94.188748023640869, 39.138994201514443 ], [ -94.188728900998711, 39.138615241517357 ] ] ] } },
{ "type": "Feature", "properties": { }, "geometry": { "type": "Polygon", "coordinates": [ [ [ -94.369817589489642, 39.07750954829072 ], [ -94.369822993682064, 39.07713033146198 ], [ -94.369853852711856, 39.076751854766982 ], [ -94.369910081589964, 39.076375155571348 ], [ -94.369991525797047, 39.076001266352371 ], [ -94.370097961711338, 39.075631211869378 ], [ -94.370229097225888, 39.075266006355378 ], [ -94.370384572553249, 39.074906650737901 ], [ -94.37056396121551, 39.074554129896185 ], [ -94.370766771216907, 39.074209409962833 ], [ -94.370992446395618, 39.073873435676738 ], [ -94.371240367951231, 39.073547127794903 ], [ -94.371509856143405, 39.073231380570078 ], [ -94.371800172157236, 39.072927059301165 ], [ -94.372110520130164, 39.072634997963029 ], [ -94.372440049334671, 39.072355996922241 ], [ -94.372787856511167, 39.072090820745117 ], [ -94.373152988343975, 39.071840196103615 ], [ -94.373534444074579, 39.071604809785484 ], [ -94.373931178243964, 39.071385306813418 ], [ -94.374342103557311, 39.071182288678919 ], [ -94.374766093862803, 39.07099631169514 ], [ -94.375201987236508, 39.070827885473804 ], [ -94.375648589164882, 39.070677471529827 ], [ -94.376104675816222, 39.070545482017792 ], [ -94.376568997392155, 39.070432278603541 ], [ -94.377040281549853, 39.070338171474127 ], [ -94.377517236885893, 39.07026341848853 ], [ -94.377998556471951, 39.070208224471955 ], [ -94.378482921433005, 39.070172740654975 ], [ -94.378969004557931, 39.070157064259782 ], [ -94.379455473933035, 39.070161238233929 ], [ -94.379940996588161, 39.070185251132969 ], [ -94.380424242145878, 39.070229037151755 ], [ -94.3809038864635, 39.070292476304822 ], [ -94.381378615258043, 39.070375394754763 ], [ -94.381847127704376, 39.07047756528835 ], [ -94.382308139996567, 39.070598707938586 ], [ -94.382760388862835, 39.070738490751246 ], [ -94.383202635024503, 39.070896530693801 ], [ -94.383633666589404, 39.071072394704117 ], [ -94.384052302370591, 39.071265600876252 ], [ -94.38445739512126, 39.071475619779903 ], [ -94.384847834677089, 39.071701875910101 ], [ -94.38522255099717, 39.071943749263014 ], [ -94.385580517095676, 39.072200577033819 ], [ -94.385920751855679, 39.072471655431634 ], [ -94.386242322717933, 39.072756241606889 ], [ -94.386544348236924, 39.073053555685647 ], [ -94.386826000497322, 39.073362782905541 ], [ -94.387086507384126, 39.073683075847271 ], [ -94.387325154700406, 39.074013556755581 ], [ -94.387541288126613, 39.074353319943675 ], [ -94.387734315016317, 39.074701434273983 ], [ -94.387903706023195, 39.075056945709036 ], [ -94.388048996554943, 39.075418879925003 ], [ -94.388169788049979, 39.075786244981181 ], [ -94.38826574907354, 39.076158034037633 ], [ -94.388336616229978, 39.076533228114123 ], [ -94.388382194888734, 39.076910798882196 ], [ -94.388402359722178, 39.077289711483267 ], [ -94.388397055053389, 39.077668927364648 ], [ -94.388366295013284, 39.078047407125943 ], [ -94.388310163506347, 39.078424113367909 ], [ -94.388228813985123, 39.078798013536073 ], [ -94.388122469033959, 39.079168082751139 ], [ -94.387991419763182, 39.079533306618679 ], [ -94.387836025015375, 39.079892684010119 ], [ -94.387656710385585, 39.080245229807609 ], [ -94.387453967058448, 39.080589977605143 ], [ -94.387228350465293, 39.080925982358572 ], [ -94.38698047876467, 39.081252322977036 ], [ -94.386711031150696, 39.081568104849154 ], [ -94.386420745993675, 39.081872462296403 ], [ -94.38611041881812, 39.082164560947561 ], [ -94.385780900123635, 39.082443600027204 ], [ -94.385433093054743, 39.082708814552326 ], [ -94.385067950925858, 39.082959477430755 ], [ -94.384686474608358, 39.08319490145584 ], [ -94.384289709786799, 39.083414441191728 ], [ -94.383878744091817, 39.083617494744196 ], [ -94.383454704117668, 39.083803505411964 ], [ -94.383018752332475, 39.08397196321431 ], [ -94.382572083889741, 39.084122406290284 ], [ -94.3821159233499, 39.084254422166154 ], [ -94.381651521320876, 39.084367648887195 ], [ -94.381180151026967, 39.084461776011047 ], [ -94.380703104815311, 39.084536545459613 ], [ -94.380221690609886, 39.084591752227368 ], [ -94.379737228322384, 39.084627244943981 ], [ -94.379251046230252, 39.084642926289803 ], [ -94.378764477331515, 39.084638753263015 ], [ -94.378278855686702, 39.084614737297692 ], [ -94.3777955127578, 39.084570944232553 ], [ -94.377315773754319, 39.084507494130307 ], [ -94.376840953996648, 39.084424560948293 ], [ -94.376372355306515, 39.084322372061152 ], [ -94.375911262434784, 39.084201207636973 ], [ -94.375458939536045, 39.084061399868538 ], [ -94.375016626700102, 39.083903332061787 ], [ -94.374585536549645, 39.083727437584145 ], [ -94.374166850913483, 39.083534198675359 ], [ -94.373761717584614, 39.083324145124422 ], [ -94.373371247171988, 39.083097852815889 ], [ -94.372996510054534, 39.082855942149955 ], [ -94.372638533445993, 39.082599076340259 ], [ -94.372298298578428, 39.082327959594473 ], [ -94.371976738012222, 39.082043335182306 ], [ -94.371674733080141, 39.081745983396601 ], [ -94.371393111471917, 39.081436719412856 ], [ -94.37113264496675, 39.081116391053193 ], [ -94.37089404731914, 39.080785876460887 ], [ -94.370677972304421, 39.08044608169179 ], [ -94.370485011929091, 39.080097938229471 ], [ -94.370315694810714, 39.07974240043059 ], [ -94.370170484732043, 39.079380442907826 ], [ -94.370049779373218, 39.079013057857232 ], [ -94.369953909225273, 39.078641252337789 ], [ -94.369883136688202, 39.078266045510141 ], [ -94.36983765535588, 39.077888465842413 ], [ -94.369817589489642, 39.07750954829072 ] ] ] } },
{ "type": "Feature", "properties": { }, "geometry": { "type": "Polygon", "coordinates": [ [ [ -94.596392317657163, 38.972237315299424 ], [ -94.596396521402298, 38.971858106165868 ], [ -94.596426142941581, 38.971479588444318 ], [ -94.596481100679568, 38.971102799614954 ], [ -94.596561243582343, 38.970728772402772 ], [ -94.596666351595829, 38.970358531947426 ], [ -94.596796136253232, 38.969993092993775 ], [ -94.596950241469699, 38.969633457111108 ], [ -94.597128244522366, 38.969280609948896 ], [ -94.597329657212427, 38.968935518536 ], [ -94.597553927206789, 38.968599128631261 ], [ -94.59780043955486, 38.968272362132531 ], [ -94.598068518376763, 38.967956114551086 ], [ -94.598357428718202, 38.967651252558625 ], [ -94.598666378566662, 38.9673586116132 ], [ -94.598994521023783, 38.967078993671102 ], [ -94.599340956627501, 38.966813164990221 ], [ -94.599704735818023, 38.966561854031625 ], [ -94.600084861540481, 38.966325749464538 ], [ -94.600480291977391, 38.96610549828047 ], [ -94.600889943403331, 38.965901704021633 ], [ -94.601312693153943, 38.965714925128211 ], [ -94.601747382701419, 38.965545673409387 ], [ -94.602192820827668, 38.96539441264202 ], [ -94.602647786886806, 38.965261557300806 ], [ -94.603111034147972, 38.96514747142372 ], [ -94.603581293209118, 38.965052467615244 ], [ -94.604057275472911, 38.964976806190698 ], [ -94.604537676674795, 38.964920694463601 ], [ -94.605021180453818, 38.96488428617824 ], [ -94.605506461956537, 38.964867681088805 ], [ -94.605992191463912, 38.964870924686458 ], [ -94.606477038031628, 38.964894008074815 ], [ -94.606959673133645, 38.964936867994425 ], [ -94.607438774299155, 38.964999386996105 ], [ -94.607913028733023, 38.965081393762439 ], [ -94.608381136909856, 38.965182663577011 ], [ -94.608841816131729, 38.965302918939592 ], [ -94.60929380404022, 38.965441830325993 ], [ -94.609735862072725, 38.965599017090355 ], [ -94.61016677885398, 38.965774048507271 ], [ -94.610585373513317, 38.965966444951256 ], [ -94.61099049891871, 38.966175679209883 ], [ -94.611381044818728, 38.966401177927523 ], [ -94.611755940883768, 38.966642323175215 ], [ -94.612114159638381, 38.966898454142836 ], [ -94.612454719276499, 38.967168868948583 ], [ -94.612776686351992, 38.967452826561207 ], [ -94.613079178337131, 38.967749548829246 ], [ -94.613361366041985, 38.968058222612328 ], [ -94.613622475888022, 38.968378002008109 ], [ -94.613861792029766, 38.968708010669289 ], [ -94.614078658318633, 38.969047344203894 ], [ -94.614272480103622, 38.969395072652752 ], [ -94.614442725863739, 38.969750243037005 ], [ -94.614588928667828, 38.970111881968705 ], [ -94.614710687457659, 38.97047899831778 ], [ -94.614807668150817, 38.970850585927458 ], [ -94.614879604560173, 38.971225626371215 ], [ -94.614926299127575, 38.971603091743454 ], [ -94.614947623469547, 38.97198194747628 ], [ -94.61494351873354, 38.972361155174823 ], [ -94.614913995763644, 38.972739675463117 ], [ -94.614859135075363, 38.973116470832913 ], [ -94.614779086639331, 38.973490508487487 ], [ -94.614674069474574, 38.973860763172816 ], [ -94.614544371052602, 38.97422621998814 ], [ -94.614390346513389, 38.974585877168437 ], [ -94.614212417695924, 38.974938748830915 ], [ -94.614011071985672, 38.975283867678279 ], [ -94.613786860981861, 38.975620287651125 ], [ -94.613540398988789, 38.97594708652214 ], [ -94.613272361334609, 38.976263368425407 ], [ -94.612983482522608, 38.976568266313187 ], [ -94.612674554219822, 38.976860944334106 ], [ -94.612346423088596, 38.977140600125701 ], [ -94.611999988466877, 38.977406467015392 ], [ -94.611636199903685, 38.977657816123489 ], [ -94.611256054556605, 38.977893958362799 ], [ -94.610860594458103, 38.978114246329035 ], [ -94.610450903658645, 38.978318076077024 ], [ -94.610028105253889, 38.978504888777742 ], [ -94.609593358304764, 38.978674172251623 ], [ -94.609147854658232, 38.978825462373884 ], [ -94.60869281567804, 38.978958344348179 ], [ -94.608229488894011, 38.9790724538448 ], [ -94.607759144579447, 38.979167478000427 ], [ -94.607283072265716, 38.979243156276858 ], [ -94.606802577204007, 38.979299281175891 ], [ -94.606318976783598, 38.979335698808967 ], [ -94.605833596916781, 38.979352309319445 ], [ -94.605347768400279, 38.979349067156804 ], [ -94.604862823263161, 38.979325981201669 ], [ -94.604380091111437, 38.979283114741641 ], [ -94.6039008954792, 38.979220585297561 ], [ -94.603426550196559, 38.979138564301245 ], [ -94.602958355784324, 38.979037276625014 ], [ -94.602497595885183, 38.97891699996481 ], [ -94.602045533741489, 38.978778064078114 ], [ -94.601603408729204, 38.978620849879277 ], [ -94.601172432957398, 38.978445788394268 ], [ -94.600753787943063, 38.978253359577991 ], [ -94.600348621369932, 38.978044090997528 ], [ -94.599958043940489, 38.977818556384605 ], [ -94.599583126329762, 38.977577374061404 ], [ -94.599224896249254, 38.977321205244287 ], [ -94.598884335629165, 38.977050752229722 ], [ -94.598562377926356, 38.976766756467605 ], [ -94.598259905565826, 38.976469996527349 ], [ -94.597977747522549, 38.976161285962085 ], [ -94.597716677050059, 38.975841471077146 ], [ -94.597477409562458, 38.975511428608684 ], [ -94.597260600675241, 38.975172063319036 ], [ -94.597066844410534, 38.97482430551527 ], [ -94.596896671571457, 38.974469108497921 ], [ -94.596750548290245, 38.9741074459467 ], [ -94.596628874753833, 38.973740309250466 ], [ -94.596531984110612, 38.973368704788925 ], [ -94.596460141561067, 38.972993651173233 ], [ -94.596413543635052, 38.9726161764533 ], [ -94.596392317657163, 38.972237315299424 ] ] ] } },
{ "type": "Feature", "properties": { }, "geometry": { "type": "Polygon", "coordinates": [ [ [ -94.558404237177214, 39.032774456506182 ], [ -94.558408636534452, 39.032395248297028 ], [ -94.558438475291354, 39.032016739335056 ], [ -94.55849367125596, 39.031639967076011 ], [ -94.558574072740271, 39.031265964199136 ], [ -94.558679458980521, 39.030895755776939 ], [ -94.558809540746395, 39.030530356465995 ], [ -94.558963961138019, 39.03017076772651 ], [ -94.559142296567913, 39.029817975078267 ], [ -94.559344057925827, 39.029472945400208 ], [ -94.559568691922578, 39.029136624281499 ], [ -94.559815582609644, 39.028809933430985 ], [ -94.560084053070099, 39.028493768152124 ], [ -94.560373367276171, 39.028188994890563 ], [ -94.56068273210866, 39.027896448860773 ], [ -94.561011299532012, 39.027616931758438 ], [ -94.561358168919909, 39.027351209564721 ], [ -94.561722389524149, 39.02710001044845 ], [ -94.562102963080704, 39.026864022772024 ], [ -94.562498846545481, 39.026643893206284 ], [ -94.562908954952249, 39.026440224959885 ], [ -94.563332164385187, 39.026253576127459 ], [ -94.563767315057632, 39.026084458161556 ], [ -94.564213214488817, 39.025933334472349 ], [ -94.564668640769696, 39.025800619158844 ], [ -94.565132345909277, 39.025686675875178 ], [ -94.56560305925187, 39.025591816835103 ], [ -94.566079490956341, 39.025516301957246 ], [ -94.566560335527598, 39.025460338153657 ], [ -94.567044275390799, 39.025424078763336 ], [ -94.567529984498535, 39.025407623132693 ], [ -94.568016131961016, 39.025411016343483 ], [ -94.568501385689586, 39.025434249089621 ], [ -94.568984416043349, 39.025477257702633 ], [ -94.569463899469199, 39.025539924326161 ], [ -94.569938522125227, 39.025622077238623 ], [ -94.570406983477625, 39.025723491323461 ], [ -94.57086799986125, 39.025843888685472 ], [ -94.571320307994128, 39.025982939411755 ], [ -94.571762668436463, 39.026140262474968 ], [ -94.572193868984485, 39.026315426776627 ], [ -94.572612727989963, 39.026507952327464 ], [ -94.573018097596417, 39.02671731156169 ], [ -94.573408866883042, 39.026942930781516 ], [ -94.573783964907719, 39.027184191728146 ], [ -94.574142363641101, 39.027440433274734 ], [ -94.574483080783367, 39.027710953236777 ], [ -94.57480518245606, 39.027995010295086 ], [ -94.575107785761816, 39.028291826025985 ], [ -94.575390061204743, 39.028600587033132 ], [ -94.57565123496488, 39.028920447175373 ], [ -94.575890591020482, 39.029250529884187 ], [ -94.576107473112458, 39.029589930564853 ], [ -94.576301286545274, 39.029937719074191 ], [ -94.57647149981959, 39.030292942268723 ], [ -94.576617646091933, 39.03065462661575 ], [ -94.576739324457733, 39.031021780860634 ], [ -94.576836201053595, 39.031393398742608 ], [ -94.576908009976407, 39.031768461751987 ], [ -94.576954554016055, 39.032145941921137 ], [ -94.576975705200354, 39.032524804641319 ], [ -94.576971405150076, 39.032904011498232 ], [ -94.576941665243424, 39.033282523117855 ], [ -94.57688656658938, 39.033659302015302 ], [ -94.5768062598097, 39.034033315438656 ], [ -94.576700964630618, 39.034403538199847 ], [ -94.576570969284717, 39.034768955485163 ], [ -94.576416629725088, 39.035128565637478 ], [ -94.576238368653563, 39.035481382902447 ], [ -94.576036674365696, 39.035826440131373 ], [ -94.575812099415856, 39.036162791433249 ], [ -94.575565259105645, 39.036489514768569 ], [ -94.575296829800038, 39.036805714477921 ], [ -94.57500754707587, 39.037110523738455 ], [ -94.574698203707499, 39.037403106941277 ], [ -94.574369647495246, 39.037682661983425 ], [ -94.57402277894262, 39.037948422468077 ], [ -94.573658548788671, 39.038199659806878 ], [ -94.573277955402034, 39.038435685218658 ], [ -94.572882042044128, 39.038655851619112 ], [ -94.572471894008629, 39.038859555396037 ], [ -94.572048635645572, 39.039046238065509 ], [ -94.571613427277711, 39.039215387804262 ], [ -94.571167462017925, 39.039366540854004 ], [ -94.570711962496489, 39.03949928279409 ], [ -94.570248177506841, 39.039613249678588 ], [ -94.569777378579516, 39.039708129035226 ], [ -94.569300856493356, 39.039783660722762 ], [ -94.568819917733677, 39.039839637644981 ], [ -94.56833588090727, 39.039875906319125 ], [ -94.567850073123878, 39.039892367297114 ], [ -94.567363826354423, 39.039888975438579 ], [ -94.566878473775589, 39.039865740034806 ], [ -94.566395346111307, 39.039822724783363 ], [ -94.565915767980812, 39.039760047613356 ], [ -94.565441054263601, 39.039677880361914 ], [ -94.564972506491202, 39.039576448302711 ], [ -94.56451140927561, 39.039456029527841 ], [ -94.564059026784363, 39.039316954184855 ], [ -94.563616599271981, 39.039159603570759 ], [ -94.563185339677034, 39.03898440908592 ], [ -94.562766430294715, 39.038791851050291 ], [ -94.562361019533427, 39.038582457385566 ], [ -94.561970218764884, 39.038356802166774 ], [ -94.561595099276104, 39.038115504047099 ], [ -94.561236689331622, 39.037859224560684 ], [ -94.5608959713541, 39.037588666307705 ], [ -94.560573879231114, 39.037304571026873 ], [ -94.560271295755413, 39.037007717560655 ], [ -94.559989050205644, 39.036698919718781 ], [ -94.559727916074252, 39.036379024046042 ], [ -94.559488608948769, 39.036048907500152 ], [ -94.559271784552209, 39.035709475046637 ], [ -94.55907803694798, 39.03536165717675 ], [ -94.558907896914249, 39.03500640735566 ], [ -94.55876183049196, 39.034644699407792 ], [ -94.558640237710875, 39.03427752484636 ], [ -94.558543451496689, 39.033905890154706 ], [ -94.558471736762314, 39.033530814026697 ], [ -94.558425289685871, 39.033153324573711 ], [ -94.558404237177214, 39.032774456506182 ] ] ] } },
{ "type": "Feature", "properties": { }, "geometry": { "type": "Polygon", "coordinates": [ [ [ -94.566880754852349, 38.98319499847652 ], [ -94.566885114773896, 38.98281578782786 ], [ -94.566914896340492, 38.982437274945873 ], [ -94.566970017517932, 38.982060497297141 ], [ -94.567050326824173, 38.9816864875758 ], [ -94.567155603749001, 38.981316270873293 ], [ -94.567285559362617, 38.980950861869069 ], [ -94.567439837111635, 38.980591262050119 ], [ -94.567618013800356, 38.980238456966809 ], [ -94.567819600754262, 38.97989341353243 ], [ -94.568044045162765, 38.979557077374089 ], [ -94.568290731597486, 38.979230370242142 ], [ -94.568558983701692, 38.978914187484939 ], [ -94.568848066046428, 38.97860939559633 ], [ -94.569157186148146, 38.978316829842129 ], [ -94.569485496642216, 38.978037291972385 ], [ -94.569832097606451, 38.977771548025451 ], [ -94.570196039028261, 38.977520326230056 ], [ -94.570576323408645, 38.977284315011012 ], [ -94.570971908495721, 38.977064161103982 ], [ -94.571381710140656, 38.976860467784554 ], [ -94.571804605267928, 38.976673793216314 ], [ -94.572239434951769, 38.976504648922543 ], [ -94.572685007590451, 38.976353498385791 ], [ -94.57314010216993, 38.976220755778733 ], [ -94.573603471607527, 38.976106784830499 ], [ -94.574073846166797, 38.976011897830759 ], [ -94.574549936934247, 38.975936354774831 ], [ -94.575030439348282, 38.975880362652035 ], [ -94.57551403677094, 38.975844074879035 ], [ -94.575999404092386, 38.975827590879973 ], [ -94.57648521135863, 38.975830955814345 ], [ -94.576970127412451, 38.975854160453459 ], [ -94.577452823537513, 38.975897141205806 ], [ -94.577931977095886, 38.975959780291234 ], [ -94.578406275148879, 38.976041906063479 ], [ -94.578874418051541, 38.976143293480185 ], [ -94.57933512301075, 38.976263664719049 ], [ -94.579787127597427, 38.976402689938546 ], [ -94.580229193203124, 38.976559988180988 ], [ -94.580660108431601, 38.976735128415683 ], [ -94.581078692416213, 38.97692763071904 ], [ -94.58148379805391, 38.977136967588699 ], [ -94.581874315147076, 38.977362565387914 ], [ -94.582249173444723, 38.977603805916296 ], [ -94.582607345574473, 38.977860028102683 ], [ -94.582947849857632, 38.978130529815331 ], [ -94.583269752999342, 38.978414569784846 ], [ -94.583572172646612, 38.978711369634041 ], [ -94.583854279807298, 38.979020116009927 ], [ -94.584115301123092, 38.979339962811174 ], [ -94.584354520990686, 38.979670033505649 ], [ -94.584571283524852, 38.980009423531293 ], [ -94.584764994358466, 38.980357202773995 ], [ -94.584935122274146, 38.980712418115502 ], [ -94.585081200663282, 38.981074096044551 ], [ -94.585202828808193, 38.981441245323957 ], [ -94.585299672984121, 38.981812859706508 ], [ -94.58537146737774, 38.982187920692084 ], [ -94.585418014819794, 38.982565400318542 ], [ -94.585439187329769, 38.982944263978716 ], [ -94.585434926470995, 38.983323473255723 ], [ -94.585405243515268, 38.98370198876902 ], [ -94.585350219416426, 38.984078773023171 ], [ -94.585270004592871, 38.984452793251656 ], [ -94.585164818519658, 38.984823024247945 ], [ -94.585034949131213, 38.985188451175951 ], [ -94.584880752036185, 38.98554807235233 ], [ -94.584702649546614, 38.985900901992707 ], [ -94.584501129524099, 38.986245972914752 ], [ -94.584276744045908, 38.986582339190186 ], [ -94.584030107894776, 38.986909078738691 ], [ -94.583761896876496, 38.987225295856732 ], [ -94.583472845969865, 38.987530123674027 ], [ -94.583163747314032, 38.9878227265311 ], [ -94.582835448038665, 38.9881023022714 ], [ -94.582488847942983, 38.988368084441674 ], [ -94.58212489703007, 38.98861934439438 ], [ -94.581744592902965, 38.988855393286663 ], [ -94.581348978029865, 38.989075583970099 ], [ -94.580939136885931, 38.989279312766158 ], [ -94.580516192979459, 38.989466021122588 ], [ -94.580081305770676, 38.989635197145901 ], [ -94.579635667491516, 38.989786377005949 ], [ -94.579180499875221, 38.989919146208706 ], [ -94.57871705080467, 38.990033140733736 ], [ -94.57824659088881, 38.990128048033021 ], [ -94.577770409976296, 38.99020360788883 ], [ -94.577289813616346, 38.990259613127783 ], [ -94.576806119476245, 38.990295910189531 ], [ -94.576320653725503, 38.990312399548131 ], [ -94.575834747396499, 38.990309035985405 ], [ -94.57534973273178, 38.990285828714988 ], [ -94.574866939528121, 38.990242841357237 ], [ -94.574387691487047, 38.990180191764665 ], [ -94.57391330258244, 38.990098051698638 ], [ -94.573445073454621, 38.989996646358136 ], [ -94.572984287841422, 38.989876253761835 ], [ -94.572532209055581, 38.989737203985271 ], [ -94.572090076518492, 38.989579878255164 ], [ -94.571659102359703, 38.989404707903375 ], [ -94.571240468091503, 38.989212173183475 ], [ -94.570835321367909, 38.989002801952964 ], [ -94.570444772836609, 38.988777168225063 ], [ -94.570069893093091, 38.988535890593795 ], [ -94.569711709744652, 38.988279630536859 ], [ -94.569371204592954, 38.988009090600883 ], [ -94.569049310942333, 38.987725012474066 ], [ -94.568746911041799, 38.987428174951617 ], [ -94.56846483366715, 38.987119391799325 ], [ -94.568203851850342, 38.986799509521447 ], [ -94.567964680761946, 38.986469405038783 ], [ -94.567747975752752, 38.986129983283597 ], [ -94.567554330559602, 38.985782174717627 ], [ -94.567384275680723, 38.985426932780385 ], [ -94.567238276924556, 38.985065231274561 ], [ -94.567116734136235, 38.984698061695603 ], [ -94.567019980105371, 38.984326430513185 ], [ -94.566948279657652, 38.983951356411438 ], [ -94.566901828933013, 38.983573867496226 ], [ -94.566880754852349, 38.98319499847652 ] ] ] } },
{ "type": "Feature", "properties": { }, "geometry": { "type": "Polygon", "coordinates": [ [ [ -94.34849359918816, 39.031007741825306 ], [ -94.348499121182073, 39.030628521085504 ], [ -94.348530081215642, 39.030250045439793 ], [ -94.348586394023954, 39.029873352250746 ], [ -94.348667904858587, 39.029499473979072 ], [ -94.348774389916201, 39.029129435354029 ], [ -94.348905556956126, 39.028764250565096 ], [ -94.349061046105462, 39.02840492048292 ], [ -94.349240430849406, 39.028052429916833 ], [ -94.349443219203849, 39.027707744916462 ], [ -94.349668855067179, 39.02737181012499 ], [ -94.349916719747569, 39.027045546191324 ], [ -94.350186133661296, 39.026729847247864 ], [ -94.350476358197795, 39.026425578461392 ], [ -94.350786597745781, 39.026133573663039 ], [ -94.351116001875482, 39.025854633064718 ], [ -94.351463667670501, 39.025589521067218 ], [ -94.351828642203103, 39.025338964166927 ], [ -94.352209925146028, 39.025103648966159 ], [ -94.352606471514065, 39.024884220292996 ], [ -94.353017194527169, 39.02468127943559 ], [ -94.35344096858789, 39.024495382495616 ], [ -94.353876632364816, 39.0243270388657 ], [ -94.354322991973447, 39.02417670983472 ], [ -94.354778824245884, 39.02404480732482 ], [ -94.355242880080468, 39.023931692763696 ], [ -94.355713887862194, 39.023837676095127 ], [ -94.356190556944512, 39.023763014930509 ], [ -94.356671581182979, 39.023707913843552 ], [ -94.357155642511273, 39.023672523810461 ], [ -94.35764141454969, 39.02365694179656 ], [ -94.358127566236249, 39.0236612104909 ], [ -94.358612765470639, 39.023685318189621 ], [ -94.359095682760923, 39.023729198827894 ], [ -94.359574994863195, 39.02379273216102 ], [ -94.360049388404022, 39.023875744093537 ], [ -94.360517563476179, 39.023978007156053 ], [ -94.3609782371975, 39.024099241127971 ], [ -94.361430147223217, 39.024239113804768 ], [ -94.361872055202483, 39.024397241907543 ], [ -94.362302750169178, 39.024573192132479 ], [ -94.362721051858131, 39.024766482337199 ], [ -94.363125813937515, 39.024976582860916 ], [ -94.363515927148654, 39.025202917974781 ], [ -94.363890322344531, 39.02544486745834 ], [ -94.364247973418969, 39.025701768297814 ], [ -94.364587900118067, 39.025972916501829 ], [ -94.364909170726662, 39.026257569029191 ], [ -94.365210904621961, 39.02655494582384 ], [ -94.365492274687824, 39.02686423195123 ], [ -94.365752509582705, 39.027184579830241 ], [ -94.365990895855276, 39.027515111554784 ], [ -94.366206779901688, 39.027854921298406 ], [ -94.366399569759324, 39.028203077795645 ], [ -94.366568736731921, 39.028558626893116 ], [ -94.366713816841752, 39.028920594163466 ], [ -94.366834412104524, 39.029287987575074 ], [ -94.36693019162405, 39.02965980021002 ], [ -94.367000892502816, 39.030035013023145 ], [ -94.367046320566885, 39.030412597634367 ], [ -94.367066350902235, 39.03079151914698 ], [ -94.367060928201482, 39.031170738983612 ], [ -94.367030066920037, 39.031549217732838 ], [ -94.366973851240843, 39.031925917998088 ], [ -94.36689243484814, 39.032299807241102 ], [ -94.366786040510561, 39.032669860612472 ], [ -94.366654959474843, 39.033035063761105 ], [ -94.366499550671577, 39.03339441561522 ], [ -94.366320239735273, 39.033746931126934 ], [ -94.366117517841431, 39.034091643973348 ], [ -94.365891940363468, 39.034427609206134 ], [ -94.365644125353541, 39.034753905842891 ], [ -94.365374751851164, 39.03506963939293 ], [ -94.365084558024179, 39.035373944310315 ], [ -94.364774339147388, 39.035665986368024 ], [ -94.364444945424054, 39.035944964945941 ], [ -94.364097279656605, 39.036210115227192 ], [ -94.363732294772475, 39.036460710295898 ], [ -94.3633509912123, 39.036696063131579 ], [ -94.3629544141872, 39.036915528493829 ], [ -94.362543650813123, 39.037118504692508 ], [ -94.362119827129703, 39.037304435238745 ], [ -94.361684105011989, 39.037472810371717 ], [ -94.361237678983741, 39.037623168457401 ], [ -94.36078177294057, 39.037755097255314 ], [ -94.360317636792317, 39.037868235049729 ], [ -94.359846543033953, 39.037962271642314 ], [ -94.359369783254039, 39.03803694920343 ], [ -94.358888664590665, 39.038092062979651 ], [ -94.358404506144723, 39.038127461855815 ], [ -94.357918635359951, 39.03814304876969 ], [ -94.357432384380218, 39.038138780978507 ], [ -94.356947086393703, 39.038114670176263 ], [ -94.356464071974301, 39.038070782461773 ], [ -94.3559846654301, 39.038007238157299 ], [ -94.355510181169237, 39.037924211478462 ], [ -94.355041920092873, 39.037821930056239 ], [ -94.354581166025497, 39.037700674312383 ], [ -94.354129182192111, 39.037560776689958 ], [ -94.353687207752245, 39.037402620741148 ], [ -94.353256454400181, 39.037226640074898 ], [ -94.352838103040767, 39.037033317167086 ], [ -94.352433300550018, 39.03682318203677 ], [ -94.352043156629406, 39.036596810791998 ], [ -94.351668740762349, 39.036354824049091 ], [ -94.35131107928153, 39.036097885230006 ], [ -94.350971152554848, 39.035826698742284 ], [ -94.350649892297795, 39.035542008046491 ], [ -94.350348179019761, 39.035244593616916 ], [ -94.35006683961096, 39.034935270800446 ], [ -94.349806645077052, 39.034614887580148 ], [ -94.349568308427195, 39.034284322249334 ], [ -94.349352482721557, 39.033944481002663 ], [ -94.349159759283538, 39.033596295450742 ], [ -94.348990666081676, 39.033240720065258 ], [ -94.348845666285527, 39.032878729561624 ], [ -94.348725156999365, 39.032511316225985 ], [ -94.34862946817745, 39.032139487194556 ], [ -94.348558861723575, 39.031764261692153 ], [ -94.34851353077714, 39.031386668237857 ], [ -94.34849359918816, 39.031007741825306 ] ] ] } },
{ "type": "Feature", "properties": { }, "geometry": { "type": "Polygon", "coordinates": [ [ [ -94.584230581825949, 38.98511638332959 ], [ -94.584234848894795, 38.984737174072983 ], [ -94.584264538340051, 38.984358658783599 ], [ -94.584319568379911, 38.98398187493477 ], [ -94.584399787782075, 38.983607855237786 ], [ -94.584504976282602, 38.983237624811565 ], [ -94.584634845193875, 38.982872198373308 ], [ -94.584789038200071, 38.982512577457925 ], [ -94.584967132337525, 38.982159747673713 ], [ -94.585168639157772, 38.981814676001761 ], [ -94.585393006069609, 38.981478308146698 ], [ -94.58563961785687, 38.981151565945801 ], [ -94.585907798367145, 38.980835344843641 ], [ -94.586196812367461, 38.980530511439198 ], [ -94.5865058675613, 38.980237901112112 ], [ -94.586834116761693, 38.979958315734642 ], [ -94.587180660214159, 38.979692521475336 ], [ -94.587544548063505, 38.97944124670083 ], [ -94.587924782957245, 38.979205179981115 ], [ -94.588320322778912, 38.978984968203953 ], [ -94.588730083503506, 38.978781214803455 ], [ -94.589152942167402, 38.978594478107844 ], [ -94.589587739944548, 38.978425269810593 ], [ -94.590033285320516, 38.978274053569557 ], [ -94.590488357355795, 38.978141243737454 ], [ -94.590951709029326, 38.97802720422748 ], [ -94.591422070653223, 38.977932247517138 ], [ -94.591898153349376, 38.977856633792648 ], [ -94.592378652578233, 38.977800570236944 ], [ -94.5928622517105, 38.977764210462276 ], [ -94.593347625631623, 38.977747654090024 ], [ -94.593833444369551, 38.977750946477869 ], [ -94.594318376735671, 38.977774078595836 ], [ -94.594801093969011, 38.977816987051021 ], [ -94.595280273373831, 38.977879554261307 ], [ -94.595754601940769, 38.977961608777299 ], [ -94.596222779941371, 38.978062925751786 ], [ -94.59668352448648, 38.978183227555441 ], [ -94.597135573038699, 38.978322184536928 ], [ -94.597577686869286, 38.978479415925499 ], [ -94.598008654450069, 38.978654490873602 ], [ -94.598427294771128, 38.978846929636511 ], [ -94.598832460575281, 38.979056204885978 ], [ -94.599223041500252, 38.979281743154075 ], [ -94.599597967120374, 38.979522926403568 ], [ -94.599956209879011, 38.979779093720254 ], [ -94.600296787904156, 38.98004954312281 ], [ -94.600618767699103, 38.980333533485201 ], [ -94.600921266701036, 38.98063028656626 ], [ -94.601203455700556, 38.980938989141215 ], [ -94.601464561115293, 38.981258795228854 ], [ -94.601703867111652, 38.981588828408697 ], [ -94.601920717568589, 38.981928184221609 ], [ -94.602114517878121, 38.982275932647383 ], [ -94.602284736577857, 38.982631120652293 ], [ -94.602430906810469, 38.982992774800131 ], [ -94.602552627606698, 38.983359903919059 ], [ -94.602649564987914, 38.983731501817239 ], [ -94.602721452885419, 38.984106550039883 ], [ -94.602768093873692, 38.984484020659977 ], [ -94.602789359715842, 38.984862879095175 ], [ -94.602785191719377, 38.985242086943096 ], [ -94.602755600901531, 38.98562060482724 ], [ -94.602700667963532, 38.985997395245832 ], [ -94.602620543073783, 38.986371425415619 ], [ -94.602515445460767, 38.986741670102958 ], [ -94.60238566281626, 38.987107114434352 ], [ -94.602231550510993, 38.987466756678884 ], [ -94.602053530624431, 38.987819610994578 ], [ -94.60185209079151, 38.988164710131549 ], [ -94.601627782869514, 38.988501108084265 ], [ -94.60138122142834, 38.98882788268569 ], [ -94.601113082068764, 38.989144138136275 ], [ -94.60082409957289, 38.989449007460721 ], [ -94.600515065892083, 38.989741654885783 ], [ -94.600186827977623, 38.990021278132815 ], [ -94.599840285460331, 38.990287110618354 ], [ -94.599476388185138, 38.990538423556906 ], [ -94.599096133607816, 38.990774527960397 ], [ -94.598700564060508, 38.990994776528161 ], [ -94.598290763893857, 38.991198565423005 ], [ -94.59786785650364, 38.991385335927838 ], [ -94.597433001249769, 38.991554575978746 ], [ -94.596987390276382, 38.991705821570001 ], [ -94.596532245241733, 38.991838658027305 ], [ -94.596068813966625, 38.991952721145729 ], [ -94.595598367011092, 38.992047698189147 ], [ -94.595122194188164, 38.992123328748512 ], [ -94.594641601024847, 38.992179405456532 ], [ -94.5941579051796, 38.992215774556776 ], [ -94.593672432826551, 38.992232336325735 ], [ -94.593186515016228, 38.992229045346576 ], [ -94.592701484022683, 38.992205910633849 ], [ -94.592218669687512, 38.992162995608886 ], [ -94.591739395770247, 38.992100417925784 ], [ -94.591264976315813, 38.992018349148708 ], [ -94.59079671204843, 38.991917014281064 ], [ -94.590335886802407, 38.991796691148252 ], [ -94.589883763999296, 38.991657709635298 ], [ -94.589441583181383, 38.991500450781693 ], [ -94.589010556610745, 38.991325345735937 ], [ -94.588591865943599, 38.9911328745725 ], [ -94.588186658988775, 38.990923564974615 ], [ -94.587796046559362, 38.990697990786529 ], [ -94.587421099426194, 38.990456770439032 ], [ -94.587062845381638, 38.990200565252785 ], [ -94.586722266421333, 38.98993007762401 ], [ -94.586400296052233, 38.98964604909758 ], [ -94.586097816733883, 38.989349258332737 ], [ -94.585815657460032, 38.98904051896718 ], [ -94.585554591487337, 38.988720677385196 ], [ -94.585315334217299, 38.988390610396124 ], [ -94.585098541237102, 38.988051222829533 ], [ -94.58490480652496, 38.987703445053569 ], [ -94.584734660824608, 38.987348230423457 ], [ -94.584588570193574, 38.986986552667169 ], [ -94.584466934728979, 38.98661940321518 ], [ -94.584370087474511, 38.986247788482096 ], [ -94.58429829351148, 38.98587272710715 ], [ -94.584251749236188, 38.985495247161495 ], [ -94.584230581825949, 38.98511638332959 ] ] ] } },
{ "type": "Feature", "properties": { }, "geometry": { "type": "Polygon", "coordinates": [ [ [ -94.573791033416796, 39.057765748553798 ], [ -94.573795347487049, 39.057386542992425 ], [ -94.573825109974052, 39.057008033130543 ], [ -94.573880238894375, 39.056631256426485 ], [ -94.573960582743254, 39.056257245571764 ], [ -94.574065920914336, 39.055887025660823 ], [ -94.574195964308501, 39.055521611381813 ], [ -94.574350356130452, 39.055162004236017 ], [ -94.574528672870514, 39.054809189793652 ], [ -94.574730425469099, 39.054464134993438 ], [ -94.5749550606605, 39.054127785493378 ], [ -94.575201962492471, 39.053801063080058 ], [ -94.575470454017022, 39.053484863143403 ], [ -94.575759799148273, 39.053180052223965 ], [ -94.576069204681829, 39.052887465639351 ], [ -94.57639782247027, 39.052607905196297 ], [ -94.576744751748905, 39.052342136994625 ], [ -94.577109041605141, 39.052090889329115 ], [ -94.57748969358498, 39.051854850695094 ], [ -94.577885664429218, 39.051634667902931 ], [ -94.578295868932045, 39.051430944306937 ], [ -94.578719182914227, 39.051244238153338 ], [ -94.57915444630261, 39.051075061051563 ], [ -94.579600466307568, 39.050923876573698 ], [ -94.580056020689739, 39.050791098985165 ], [ -94.58051986110722, 39.050677092110597 ], [ -94.580990716533805, 39.050582168337876 ], [ -94.581467296739234, 39.050506587762833 ], [ -94.581948295821746, 39.050450557477447 ], [ -94.582432395783428, 39.050414231002748 ], [ -94.582918270138464, 39.050397707868875 ], [ -94.583404587544635, 39.050401033342453 ], [ -94.583890015447963, 39.050424198302899 ], [ -94.584373223730694, 39.050467139267475 ], [ -94.584852888352586, 39.05052973856511 ], [ -94.585327694975646, 39.05061182465866 ], [ -94.585796342562389, 39.050713172614664 ], [ -94.58625754693773, 39.050833504719144 ], [ -94.586710044305036, 39.050972491238007 ], [ -94.587152594706339, 39.051129751319955 ], [ -94.587583985417723, 39.051304854039081 ], [ -94.588003034270244, 39.051497319574977 ], [ -94.588408592887518, 39.05170662052641 ], [ -94.588799549831066, 39.051932183355397 ], [ -94.589174833644861, 39.052173389957829 ], [ -94.589533415790655, 39.052429579355895 ], [ -94.589874313466154, 39.052700049508175 ], [ -94.590196592298369, 39.052984059232124 ], [ -94.590499368904517, 39.053280830233987 ], [ -94.590781813313811, 39.053589549240172 ], [ -94.591043151243255, 39.053909370224801 ], [ -94.591282666221176, 39.054239416726929 ], [ -94.591499701552806, 39.054578784251191 ], [ -94.591693662122495, 39.054926542745527 ], [ -94.591864016027429, 39.055281739148903 ], [ -94.592010296038509, 39.055643400002246 ], [ -94.592132100884314, 39.056010534115487 ], [ -94.592229096354444, 39.056382135283265 ], [ -94.592301016219594, 39.056757185041867 ], [ -94.592347662965167, 39.057134655460118 ], [ -94.592368908337036, 39.057513511956216 ], [ -94.592364693697306, 39.057892716133026 ], [ -94.592335030189574, 39.058271228624029 ], [ -94.592279998712897, 39.058648011942068 ], [ -94.592199749704363, 39.059022033323195 ], [ -94.592094502731257, 39.059392267557612 ], [ -94.591964545893532, 39.05975769980023 ], [ -94.591810235038139, 39.06011732835298 ], [ -94.591631992787669, 39.060470167411083 ], [ -94.591430307385593, 39.060815249766151 ], [ -94.59120573136137, 39.061151629458259 ], [ -94.590958880019045, 39.061478384370034 ], [ -94.590690429753394, 39.061794618755513 ], [ -94.590401116198265, 39.06209946569669 ], [ -94.590091732212116, 39.062392089481293 ], [ -94.58976312570627, 39.062671687895026 ], [ -94.58941619732181, 39.062937494422073 ], [ -94.589051897961539, 39.063188780347716 ], [ -94.58867122618355, 39.063424856757464 ], [ -94.588275225464017, 39.063645076427072 ], [ -94.58786498133604, 39.063848835598158 ], [ -94.587441618412953, 39.064035575634797 ], [ -94.587006297304185, 39.06420478455626 ], [ -94.586560211431731, 39.064355998441876 ], [ -94.586104583756594, 39.064488802704005 ], [ -94.585640663423717, 39.064602833225784 ], [ -94.585169722334854, 39.064697777360259 ], [ -94.584693051658832, 39.064773374788466 ], [ -94.584211958288591, 39.064829418233863 ], [ -94.583727761255105, 39.064865754031139 ], [ -94.583241788107699, 39.064882282548083 ], [ -94.582755371271006, 39.064878958459076 ], [ -94.582269844388392, 39.064855790869487 ], [ -94.581786538662016, 39.06481284329093 ], [ -94.581306779199778, 39.064750233466903 ], [ -94.580831881378728, 39.064668133049878 ], [ -94.580363147235545, 39.064566767130252 ], [ -94.579901861893632, 39.064446413618825 ], [ -94.579449290036749, 39.064307402484197 ], [ -94.57900667243895, 39.064150114847436 ], [ -94.57857522256036, 39.063974981936248 ], [ -94.578156123218221, 39.063782483901882 ], [ -94.577750523342047, 39.063573148501646 ], [ -94.577359534822364, 39.063347549650906 ], [ -94.576984229461175, 39.063106305848493 ], [ -94.576625636032787, 39.062850078479734 ], [ -94.576284737463112, 39.0625795700021 ], [ -94.575962468134961, 39.062295522017997 ], [ -94.575659711326949, 39.06199871324042 ], [ -94.575377296792965, 39.061689957356791 ], [ -94.575115998488684, 39.061370100797042 ], [ -94.574876532451654, 39.061040020411902 ], [ -94.574659554840437, 39.060700621067937 ], [ -94.57446566013823, 39.060352833165858 ], [ -94.574295379526262, 39.059997610088885 ], [ -94.574149179430563, 39.059635925588339 ], [ -94.574027460247024, 39.059268771113338 ], [ -94.5739305552475, 39.058897153092389 ], [ -94.573858729670079, 39.058522090173803 ], [ -94.573812179996295, 39.058144610432961 ], [ -94.573791033416796, 39.057765748553798 ] ] ] } },
{ "type": "Feature", "properties": { }, "geometry": { "type": "Polygon", "coordinates": [ [ [ -94.486364579837414, 38.951188514335563 ], [ -94.486369372885846, 38.950809296257482 ], [ -94.486399575896399, 38.950430793737432 ], [ -94.486455105680491, 38.950054044212912 ], [ -94.486535809637004, 38.949680080300368 ], [ -94.486641466175016, 38.949309926965014 ], [ -94.486771785325359, 38.948944598712082 ], [ -94.486926409539421, 38.948585096806724 ], [ -94.487104914673168, 38.948232406530444 ], [ -94.487306811153104, 38.947887494481449 ], [ -94.487531545321673, 38.947551305926432 ], [ -94.48777850095766, 38.94722476221088 ], [ -94.48804700096791, 38.946908758235068 ], [ -94.488336309245412, 38.946604160002686 ], [ -94.488645632688744, 38.946311802248715 ], [ -94.48897412337729, 38.946032486153115 ], [ -94.489320880896301, 38.945766977146484 ], [ -94.489684954805384, 38.94551600281379 ], [ -94.490065347243529, 38.945280250901831 ], [ -94.490461015663797, 38.94506036743585 ], [ -94.490870875689993, 38.944856954950552 ], [ -94.491293804087405, 38.944670570840259 ], [ -94.491728641839856, 38.944501725832623 ], [ -94.492174197324161, 38.944350882590413 ], [ -94.492629249573824, 38.944218454444695 ], [ -94.49309255162251, 38.94410480426329 ], [ -94.493562833918702, 38.944010243457335 ], [ -94.494038807801886, 38.943935031128809 ], [ -94.494519169030767, 38.943879373361248 ], [ -94.495002601354088, 38.943843422655576 ], [ -94.495487780114175, 38.943827277512781 ], [ -94.495973375873405, 38.943830982164314 ], [ -94.496458058053591, 38.943854526451055 ], [ -94.496940498578667, 38.94389784585119 ], [ -94.497419375510347, 38.943960821657022 ], [ -94.497893376667207, 38.944043281299983 ], [ -94.498361203216902, 38.94414499882317 ], [ -94.498821573232249, 38.944265695499965 ], [ -94.499273225200938, 38.944405040597331 ], [ -94.499714921479693, 38.944562652281206 ], [ -94.50014545168321, 38.944738098662114 ], [ -94.500563635998745, 38.944930898977582 ], [ -94.500968328417287, 38.945140524908638 ], [ -94.50135841987246, 38.945366402026345 ], [ -94.501732841278425, 38.945607911364768 ], [ -94.502090566459003, 38.945864391115904 ], [ -94.502430614959167, 38.946135138441946 ], [ -94.502752054732085, 38.946419411400072 ], [ -94.503054004693652, 38.94671643097432 ], [ -94.503335637137965, 38.947025383209031 ], [ -94.503596180006923, 38.947345421438257 ], [ -94.503834919007659, 38.947675668604731 ], [ -94.504051199572231, 38.948015219662196 ], [ -94.504244428653919, 38.948363144054575 ], [ -94.504414076355275, 38.9487184882652 ], [ -94.50455967738354, 38.949080278428873 ], [ -94.504680832329257, 38.949447523000195 ], [ -94.504777208764608, 38.949819215469979 ], [ -94.504848542158371, 38.950194337123413 ], [ -94.504894636605087, 38.950571859831292 ], [ -94.50491536536623, 38.950950748867669 ], [ -94.504910671221964, 38.951329965745408 ], [ -94.504880566632323, 38.951708471062382 ], [ -94.504825133707598, 38.952085227350445 ], [ -94.50474452398764, 38.952459201919098 ], [ -94.504638958030924, 38.952829369686327 ], [ -94.504508724814201, 38.953194715988779 ], [ -94.504354180944546, 38.953554239363598 ], [ -94.504175749685771, 38.95390695429402 ], [ -94.503973919801922, 38.954251893911717 ], [ -94.503749244220955, 38.954588112647961 ], [ -94.503502338522168, 38.954914688826598 ], [ -94.50323387925161, 38.955230727191662 ], [ -94.502944602069917, 38.955535361362685 ], [ -94.502635299737847, 38.955827756210986 ], [ -94.502306819944707, 38.956107110150107 ], [ -94.501960062985845, 38.95637265733491 ], [ -94.501595979295573, 38.956623669762081 ], [ -94.501215566842006, 38.956859459267484 ], [ -94.500819868391417, 38.957079379413983 ], [ -94.500409968649009, 38.957282827264997 ], [ -94.499986991284615, 38.957469245038745 ], [ -94.49955209585093, 38.957638121638695 ], [ -94.499106474603082, 38.957788994056003 ], [ -94.498651349228126, 38.957921448639929 ], [ -94.49818796749355, 38.958035122233007 ], [ -94.497717599823886, 38.958129703167579 ], [ -94.497241535815093, 38.958204932121149 ], [ -94.496761080695848, 38.95826060282802 ], [ -94.496277551746104, 38.958296562645508 ], [ -94.495792274682188, 38.95831271297277 ], [ -94.495306580018777, 38.958309009521585 ], [ -94.494821799417664, 38.958285462437949 ], [ -94.49433926203325, 38.958242136274258 ], [ -94.493860290864973, 38.958179149812317 ], [ -94.493386199126832, 38.95809667573748 ], [ -94.492918286643516, 38.957994940164781 ], [ -94.492457836283762, 38.957874222018511 ], [ -94.492006110440116, 38.957734852267023 ], [ -94.491564347565273, 38.957577213014424 ], [ -94.491133758774154, 38.957401736452297 ], [ -94.490715524521406, 38.957208903673745 ], [ -94.490310791363171, 38.956999243353437 ], [ -94.489920668812204, 38.956773330297075 ], [ -94.489546226294976, 38.956531783864349 ], [ -94.489188490219021, 38.956275266269671 ], [ -94.488848441158666, 38.956004480765458 ], [ -94.488527011166966, 38.955720169712833 ], [ -94.488225081220818, 38.955423112545169 ], [ -94.487943478806827, 38.95511412362994 ], [ -94.487682975654096, 38.954794050034998 ], [ -94.487444285620327, 38.954463769205077 ], [ -94.487228062736989, 38.954124186555291 ], [ -94.48703489941883, 38.953776232987799 ], [ -94.486865324842796, 38.953420862338973 ], [ -94.486719803500435, 38.953059048763613 ], [ -94.486598733928147, 38.952691784063703 ], [ -94.486502447618435, 38.952320074968874 ], [ -94.486431208115036, 38.951944940376144 ], [ -94.486385210294742, 38.951567408556421 ], [ -94.486364579837414, 38.951188514335563 ] ] ] } }
]
}
